year,title,authors,abstract,url
2024,Classification Metrics for Image Explanations: Towards Building Reliable XAI-Evaluations,"Benjamin Fresz; Lena L\""{o}rcher; Marco Huber","Decision processes of computer vision models—especially deep neural networks—are opaque in nature, meaning that these decisions cannot be understood by humans. Thus, over the last years, many methods to provide human-understandable explanations have been proposed. For image classification, the most common group are saliency methods, which provide (super-)pixelwise feature attribution scores for input images. But their evaluation still poses a problem, as their results cannot be simply compared to the unknown ground truth. To overcome this, a slew of different proxy metrics have been defined, which are—as the explainability methods themselves—often built on intuition and thus, are possibly unreliable. In this paper, new evaluation metrics for saliency methods are developed and common saliency methods are benchmarked on ImageNet. In addition, a scheme for reliability evaluation of such metrics is proposed that is based on concepts from psychometric testing.",https://doi-org.myaccess.library.utoronto.ca/10.1145/3630106.3658537
2024,Designing Long-term Group Fair Policies in Dynamical Systems,Miriam Rateike; Isabel Valera; Patrick Forr\'{e},"Neglecting the effect that decisions have on individuals (and thus, on the underlying data distribution) when designing algorithmic decision-making policies may increase inequalities and unfairness in the long term—even if fairness considerations were taken into account in the policy design process. In this paper, we propose a novel framework for studying long-term group fairness in dynamical systems, in which current decisions may affect an individual’s features in the next step, and thus, future decisions. Specifically, our framework allows us to identify a time-independent policy that converges, if deployed, to the targeted fair stationary state of the system in the long-term, independently of the initial data distribution. We model the system dynamics with a time-homogeneous Markov chain and optimize the policy leveraging the Markov Chain Convergence Theorem to ensure unique convergence. Our framework enables the utilization of historical temporal data to tackle challenges associated with delayed feedback when learning long-term fair policies in practice. Importantly, our framework shows that interventions on the data distribution (e.g., subsidies) can be used to achieve policy learning that is both short- and long-term fair. We provide examples of different targeted fair states of the system, encompassing a range of long-term goals for society and policymakers. In semi-synthetic simulations based on real-world datasets, we show how our approach facilitates identifying effective interventions for long-term fairness.",https://doi-org.myaccess.library.utoronto.ca/10.1145/3630106.3658538
2024,Learning Fairness from Demonstrations via Inverse Reinforcement Learning,Jack Blandin; Ian A. Kash,"Defining fairness in algorithmic contexts is challenging, particularly when adapting to new domains. Our research introduces a novel method for learning and applying group fairness preferences across different classification domains, without the need for manual fine-tuning. Utilizing concepts from inverse reinforcement learning (IRL), our approach enables the extraction and application of fairness preferences from human experts or established algorithms. We propose the first technique for using IRL to recover and adapt group fairness preferences to new domains, offering a low-touch solution for implementing fair classifiers in settings where expert-established fairness tradeoffs are not yet defined.",https://doi-org.myaccess.library.utoronto.ca/10.1145/3630106.3658539
2024,Using Property Elicitation to Understand the Impacts of Fairness Regularizers,Jessie Finocchiaro,"Predictive algorithms are often trained by optimizing some loss function, to which regularization functions are added to impose a penalty for violating constraints. As expected, the addition of such regularization functions can change the minimizer of the objective. It is not well-understood which regularizers change the minimizer of the loss, and, when the minimizer does change, how it changes. We use property elicitation to take first steps towards understanding the joint relationship between the loss and regularization functions and the optimal decision for a given problem instance. In particular, we give a necessary and sufficient condition on loss and regularizer pairs for when a property changes with the addition of the regularizer, and examine some regularizers satisfying this condition standard in the fair machine learning literature. We empirically demonstrate how algorithmic decision-making changes as a function of both data distribution changes and hardness of the constraints.",https://doi-org.myaccess.library.utoronto.ca/10.1145/3630106.3658540
2024,Beyond Individual Accountability: (Re-)Asserting Democratic Control of AI,Daniel James Bogiatzis-Gibbons,"AI control mechanisms like accountability procedures or technical standards are usually subpolitical: decisions are primarily debated and made within circumscribed subsystems of experts or interest groups, like the professional community of data scientists. However, AI systems are more deeply intertwined with a wider sense of politics than these mechanisms contemplate. In Winner’s dual senses, they are incidentally political as they settle disputes within political communities through their design, invention, and arrangement, and inherently political as they reciprocally contribute to and are sustained by patterning of economic, social, and political orders. This work, therefore, draws upon political theory to argue for democratically controlled AI beyond individual notions of accountability. In its weaker form, it demands substantive, rule-bound oversight of state actors’ use of AI systems, seeking to remedy historical tendencies toward extra-legal surveillance and strengthen accountability beyond individuals. Conversely, the stronger form advocates for comprehensive democratic control over all facets of AI, even by questioning the permissibility of AI within particular socio-economic spheres, as these systems are becoming fundamental parts of our collective life. I sketch the necessary institutional frameworks to operationalize these two forms of democratic control: first, for the ""weak"" form through the concept of a ""control"" power separate from the executive from Sun Yat-Sen’s political thought, and second, participatory institutions such as citizens’ assemblies. Finally, I discuss actions data scientists can take without legal frameworks for control: furthering new social imaginaries of AI that foreground the possibility of control and involving affected communities in decision-making around AI systems. The concept of democratic control is then both a measuring stick for existing standards and legislation and a clarion call for future advocacy.",https://doi-org.myaccess.library.utoronto.ca/10.1145/3630106.3658541
2024,Power Hungry Processing: Watts Driving the Cost of AI Deployment?,Sasha Luccioni; Yacine Jernite; Emma Strubell,"Recent years have seen a surge in the popularity of commercial AI products based on generative, multi-purpose AI systems promising a unified approach to building machine learning (ML) models into technology. However, this ambition of “generality” comes at a steep cost to the environment, given the amount of energy these systems require and the amount of carbon that they emit. In this work, we propose the first systematic comparison of the ongoing inference cost of various categories of ML systems, covering both task-specific (i.e. finetuned models that carry out a single task) and ‘general-purpose’ models, (i.e. those trained for multiple tasks). We measure deployment cost as the amount of energy and carbon required to perform 1,000 inferences on representative benchmark dataset using these models. We find that multi-purpose, generative architectures are orders of magnitude more expensive than task-specific systems for a variety of tasks, even when controlling for the number of model parameters. We conclude with a discussion around the current trend of deploying multi-purpose generative ML systems, and caution that their utility should be more intentionally weighed against increased costs in terms of energy and emissions. All the data from our study can be accessed via an interactive demo to carry out further exploration and analysis.",https://doi-org.myaccess.library.utoronto.ca/10.1145/3630106.3658542
2024,Data Feminism for AI,Lauren Klein; Catherine D'Ignazio,"This paper presents a set of intersectional feminist principles for conducting equitable, ethical, and sustainable AI research. In Data Feminism (2020), we offered seven principles for examining and challenging unequal power in data science. Here, we present a rationale for why feminism remains deeply relevant for AI research, rearticulate the original principles of data feminism with respect to AI, and introduce two potential new principles related to environmental impact and consent. Together, these principles help to 1) account for the unequal, undemocratic, extractive, and exclusionary forces at work in AI research, development, and deployment; 2) identify and mitigate predictable harms in advance of unsafe, discriminatory, or otherwise oppressive systems being released into the world; and 3) inspire creative, joyful, and collective ways to work towards a more equitable, sustainable world in which all of us can thrive.",https://doi-org.myaccess.library.utoronto.ca/10.1145/3630106.3658543
2024,Reliability Gaps Between Groups in COMPAS Dataset,"Tim R\""{a}z","This paper investigates the inter-rater reliability of risk assessment instruments (RAIs). The main question is whether different, socially salient groups are affected differently by a lack of inter-rater reliability of RAIs, that is, whether mistakes with respect to different groups affects them differently. The question is investigated with a simulation study of the COMPAS dataset. A controlled degree of noise is injected into the input data of a predictive model; the noise can be interpreted as a synthetic rater that makes mistakes. The main finding is that there are systematic differences in output reliability between groups in the COMPAS dataset. The sign of the difference depends on the kind of inter-rater statistic that is used (Cohen’s Kappa, Byrt’s PABAK, ICC), and in particular whether or not the statistic corrects for prediction prevalences of the groups.",https://doi-org.myaccess.library.utoronto.ca/10.1145/3630106.3658544
2024,Mapping AI ethics: a meso-scale analysis of its charters and manifestos,M\'{e}lanie Gornet; Simon Delarue; Maria Boritchev; Tiphaine Viard,"The recent years have seen a surge of initiatives with the goal of defining what “ethical” artificial intelligence would or should entail, resulting in the publication of various charters and manifestos discussing AI ethics; these documents originate from academia, AI industry companies, non-profits, regulatory institutions, and the civil society. The contents of such documents vary wildly, from short, vague position statements to verbatims of democratic debates or impact assessment studies. As such, they are a marker of the social world of artificial intelligence, outlining the tenets of different actors, the consensus and dissensus on important goals, and so on. Multiple meta-analyses have focused on qualitatively identifying recurring themes in these documents, highlighting the high polysemy of themes such as transparency or trust, among others. The broad term of “AI ethics” and its guiding principles hide multiple disparities, shaped by our collective imaginations, economic and regulatory incentives, and the pre-existing social and structural power asymmetries; through quantitative analyses, we validate and infirm previous qualitative results. In this paper, we create and present a corpus of charters and manifestos discussing AI ethics through the process of collection and its quantitative analysis using text analysis to shed light on common and distinct vocabularies. Through frequency analysis, hierarchical topic clustering and semantic graph modelling, we show that the charters and manifestos discuss AI ethics along three broad axes: technical documents, regulatory ones, and innovation and business ones. We use our quantitative analysis to back up and nuance previous qualitative results, showing how some themes remain specific while others have fully permeated the space of AI ethics. We document and release our corpus, comprising of 436 documents, charters and manifestos discussing AI ethics. We release the corpus, its datasheet and our analysis, to open the way to further studies and discussions around vocabulary, principles and their evolution, as well as interactions among actors of AI ethics, in order to foster further studies on the topic.",https://doi-org.myaccess.library.utoronto.ca/10.1145/3630106.3658545
2024,“I Searched for a Religious Song in Amharic and Got Sexual Content Instead’’: Investigating Online Harm in Low-Resourced Languages on YouTube.,Hellina Hailu Nigatu; Inioluwa Deborah Raji,"Online social media platforms such as YouTube have a wide, global reach. However, little is known about the experience of low-resourced language speakers on such platforms; especially in how they experience and navigate harmful content. To better understand this, we (1) conducted semi-structured interviews (n=15) and (2) analyzed search results (n=9313), recommendations (n=3336), channels (n=120) and comments (n=406) of policy-violating sexual content on YouTube focusing on the Amharic language. Our findings reveal that – although Amharic-speaking YouTube users find the platform crucial for several aspects of their lives – participants reported unplanned exposure to policy-violating sexual content when searching for benign, popular queries. Furthermore, malicious content creators seem to exploit under-performing language technologies and content moderation to further target vulnerable groups of speakers, including migrant domestic workers, diaspora, and local Ethiopians. Overall, our study sheds light on how failures in low-resourced language technology may lead to exposure to harmful content and suggests implications for stakeholders in minimizing harm. Content Warning: This paper includes discussions of NSFW topics and harmful content (hate, abuse, sexual harassment, self-harm, misinformation). The authors do not support the creation or distribution of harmful content.",https://doi-org.myaccess.library.utoronto.ca/10.1145/3630106.3658546
2024,"Why is ""Problems"" Predictive of Positive Sentiment? A Case Study of Explaining Unintuitive Features in Sentiment Classification",Jiaming Qu; Jaime Arguello; Yue Wang,"Explainable AI (XAI) algorithms aim to help users understand how a machine learning model makes predictions. To this end, many approaches explain which input features are most predictive of a target label. However, such explanations can still be puzzling to users (e.g., in product reviews, the word “problems” is predictive of positive sentiment). If left unexplained, puzzling explanations can have negative impacts. Explaining unintuitive associations between an input feature and a target label is an underexplored area in XAI research. We take an initial effort in this direction using unintuitive associations learned by sentiment classifiers as a case study. We propose approaches for (1) automatically detecting associations that can appear unintuitive to users and (2) generating explanations to help users understand why an unintuitive feature is predictive. Results from a crowdsourced study (N = 300) found that our proposed approaches can effectively detect and explain predictive but unintuitive features in sentiment classification.",https://doi-org.myaccess.library.utoronto.ca/10.1145/3630106.3658547
2024,"Regulating AI-Based Remote Biometric Identification. Investigating the Public Demand for Bans, Audits, and Public Database Registrations","Kimon Kieslich; Marco L\""{u}nich","AI is increasingly being used in the public sector, including public security. In this context, the use of AI-powered remote biometric identification (RBI) systems is a much-discussed technology. RBI systems are used to identify criminal activity in public spaces, but at the same time they are criticised for inheriting biases and violating fundamental human rights. As a result, the use of RBI poses risks to society. It is therefore important to ensure that such systems are developed in the public interest, which means that any technology that is deployed for public use needs to be scrutinised. While there is a broad consensus among business leaders, policymakers and scientists that AI must be developed in an ethical and trustworthy manner, scholars have argued that ethical guidelines do not guarantee ethical AI, but rather prevent stronger regulation of AI for the Common Good. As a possible counterweight, public opinion can have a decisive influence on policymakers (e.g. through voter demands) to establish boundaries and conditions under which AI systems should be used – if at all. However, we know little about the conditions that lead to regulatory demand for AI systems. In this study, we focus on the role of trust in AI as well as trust in law enforcement as potential factors that may lead to demands for regulation of AI technology. In addition, we explore the mediating effects of discrimination perceptions regarding RBI. We test the effects on four different use cases of RBI varying the temporal aspect (real-time vs. post hoc analysis) and purpose of use (persecution of criminals vs. safeguarding public events) in a survey among German citizens. We found that German citizens do not differentiate between the different modes of application in terms of their demand for RBI regulation. Furthermore, we show that perceptions of discrimination lead to a demand for stronger regulation, while trust in AI and trust in law enforcement lead to opposite effects in terms of demand for a ban on RBI systems.",https://doi-org.myaccess.library.utoronto.ca/10.1145/3630106.3658548
2024,"AI Art is Theft: Labour, Extraction, and Exploitation: Or, On the Dangers of Stochastic Pollocks",Trystan S. Goetze,"Since the launch of applications such as dall•e, Midjourney, and Stable Diffusion, generative artificial intelligence has been controversial as a tool for creating artwork. Some writers have presented worries about these technologies as harbingers of fully automated futures to come, but more pressing is the impact of generative AI on creative labour in the present. Already, business leaders have begun replacing human artistic labour with AI-generated images. In response, the artistic community has launched a protest movement, which argues that AI image generation is a kind of theft. This paper analyzes, substantiates, and critiques these arguments, concluding that AI image generators involve an unethical kind of labour theft. If correct, many other AI applications also rely upon theft.",https://doi-org.myaccess.library.utoronto.ca/10.1145/3630106.3658898
2024,Algorithmic Pluralism: A Structural Approach To Equal Opportunity,Shomik Jain; Vinith Suriyakumar; Kathleen Creel; Ashia Wilson,"We present a structural approach toward achieving equal opportunity in systems of algorithmic decision-making called algorithmic pluralism. Algorithmic pluralism describes a state of affairs in which no set of algorithms severely limits access to opportunity, allowing individuals the freedom to pursue a diverse range of life paths. To argue for algorithmic pluralism, we adopt Joseph Fishkin’s theory of bottlenecks, which focuses on the structure of decision-points that determine how opportunities are allocated. The theory contends that each decision-point or “bottleneck’’ limits access to opportunities with some degree of severity and legitimacy. We extend Fishkin’s structural viewpoint and use it to reframe existing systemic concerns about equal opportunity in algorithmic decision-making, such as patterned inequality and algorithmic monoculture. In proposing algorithmic pluralism, we argue for the urgent priority of alleviating severe bottlenecks in algorithmic-decision-making. We contend that there must be a pluralism of opportunity available to many different individuals in order to promote equal opportunity in a systemic way. We further show how this framework has several implications for system design and regulation through current debates about equal opportunity in algorithmic hiring.",https://doi-org.myaccess.library.utoronto.ca/10.1145/3630106.3658899
2024,A Framework for Exploring the Consequences of AI-Mediated Enterprise Knowledge Access and Identifying Risks to Workers,Anna Gausen; Bhaskar Mitra; Si\^{a}n Lindley,"Organisations generate vast amounts of information, which has resulted in a long-term research effort into knowledge access systems for enterprise settings. Recent developments in artificial intelligence, in relation to large language models, are poised to have significant impact on knowledge access. This has the potential to shape the workplace and knowledge in new and unanticipated ways. Many risks can arise from the deployment of these types of AI systems, due to interactions between the technical system and organisational power dynamics. This paper presents the Consequences-Mechanisms-Risks framework to identify risks to workers from AI-mediated enterprise knowledge access systems. We have drawn on wide-ranging literature detailing risks to workers, and categorised risks as being to worker value, power, and wellbeing. The contribution of our framework is to additionally consider (i) the consequences of these systems that are of moral import: commodification, appropriation, concentration of power, and marginalisation, and (ii) the mechanisms, which represent how these consequences may take effect in the system. The mechanisms are a means of contextualising risk within specific system processes, which is critical for mitigation. This framework is aimed at helping practitioners involved in the design and deployment of AI-mediated knowledge access systems to consider the risks introduced to workers, identify the precise system mechanisms that introduce those risks, and begin to approach mitigation. Future work could apply this framework to other technological systems to promote the protection of workers and other groups.",https://doi-org.myaccess.library.utoronto.ca/10.1145/3630106.3658900
2024,A Decision Theoretic Framework for Measuring AI Reliance,Ziyang Guo; Yifan Wu; Jason D. Hartline; Jessica Hullman,"Humans frequently make decisions with the aid of artificially intelligent (AI) systems. A common pattern is for the AI to recommend an action to the human who retains control over the final decision. Researchers have identified ensuring that a human has appropriate reliance on an AI as a critical component of achieving complementary performance. We argue that the current definition of appropriate reliance used in such research lacks formal statistical grounding and can lead to contradictions. We propose a formal definition of reliance, based on statistical decision theory, which separates the concepts of reliance as the probability the decision-maker follows the AI’s recommendation from challenges a human may face in differentiating the signals and forming accurate beliefs about the situation. Our definition gives rise to a framework that can be used to guide the design and interpretation of studies on human-AI complementarity and reliance. Using recent AI-advised decision making studies from literature, we demonstrate how our framework can be used to separate the loss due to mis-reliance from the loss due to not accurately differentiating the signals. We evaluate these losses by comparing to a baseline and a benchmark for complementary performance defined by the expected payoff achieved by a rational decision-maker facing the same decision task as the behavioral decision-makers.",https://doi-org.myaccess.library.utoronto.ca/10.1145/3630106.3658901
2024,"Ethnic Classifications in Algorithmic Fairness: Concepts, Measures and Implications in Practice",Sofia Jaime; Christoph Kern,"We address the challenges and implications of ensuring fairness in algorithmic decision-making (ADM) practices related to ethnicity. Expanding beyond the U.S.-centric approach to race, we provide an overview of ethnic classification schemes in European countries and emphasize how the distinct approaches to ethnicity in Europe can impact fairness assessments in ADM. Drawing on large-scale German survey data, we highlight differences in ethnic disadvantage across subpopulations defined by different measures of ethnicity. We build prediction models in the labor market, health, and finance domain and investigate the fairness implications of different ethnic classification schemes across multiple prediction tasks and fairness metrics. Our results show considerable variation in fairness scores across ethnic classifications, where error disparities for the same model can be twice as large when using different operationalizations of ethnicity. We argue that ethnic classifications differ in their ability to identify ethnic disadvantage across ADM domains and advocate for context-sensitive operationalizations of ethnicity and its transparent reporting in fair machine learning (ML) applications.",https://doi-org.myaccess.library.utoronto.ca/10.1145/3630106.3658902
2024,Algorithmic Reproductive Justice,Jasmine Fledderjohann; Bran Knowles; Esmorie Miller,"Reproductive justice is an intersectional feminist framework and movement which argues all people have the right to have a child, to not have a child, to parent in safe and healthy environments, and to own their bodies and control their futures. We identify increasing surveillance, assessing worth, datafication and monetisation, and decimating planetary health as forms of structural violence associated with emerging digital technologies. These trends are implicated in the (re)production of inequities, creating barriers to the realisation of reproductive justice. We call for algorithmic reproductive justice, and highlight the potential for both acts of resistance and industry reform to advance that aim.",https://doi-org.myaccess.library.utoronto.ca/10.1145/3630106.3658903
2024,"""Like rearranging deck chairs on the Titanic""? Feasibility, Fairness, and Ethical Concerns of a Citizen Carbon Budget for Reducing CO2 Emissions",Gisela Reyes-Cruz; Peter Craigon; Anna-Maria Piskopani; Liz Dowthwaite; Yang Lu; Justyna Lisinska; Elnaz Shafipour; Sebastian Stein; Joel Fischer,"Radical and disruptive interventions are needed to reach ""Net Zero"" by 2050 to avert the climate catastrophe. Although governments, companies, cities, and institutions have pledged to take action and reduce their carbon emissions, the idea of personal carbon allowances or budgets for individuals has also been proposed as a potential national policy in the UK. In this paper, we employ a Research through Design approach to explore the notion of a carbon budget. We present combined results from two studies: firstly a workshop with members of environmental organisations (industry, charity, and policymaking) discussing the concept of a Citizen Carbon Budget (CCB) and app, from the wide perspective of societal desirability drawn from Responsible Research and Innovation (RRI); and secondly, a one-month deployment of a CCB mobile app with twelve members of the public based in the UK. Key findings from the combination of these approaches showed that the CCB app was fruitful in supporting awareness of personal carbon emissions and reflections about people’s lifestyles. However, several concerns were raised, including the unfairness of treating all people equally in environmental policy, regardless of their background and context. We provide considerations for policymaking and design, including intertwined perspectives drawn from the differing approaches of individual and collective action.",https://doi-org.myaccess.library.utoronto.ca/10.1145/3630106.3658904
2024,A preprocessing Shapley value-based approach to detect relevant and disparity prone features in machine learning,Guilherme Dean Pelegrina; Miguel Couceiro; Leonardo Tomazeli Duarte,"Decision support systems became ubiquitous in every aspect of human lives. Their reliance on increasingly complex and opaque machine learning models raises transparency and fairness concerns with respect to unprivileged groups of people. This motivated several efforts to estimate importance of features towards the models’ performance and to detect unfair/disparate decisions. The latter is often dealt with by means of fairness metrics that rely on performance metrics with respect to predefined features that are considered protected (salient features such as age, gender, ethnicity, etc.) and/or sensitive (such as education, /occupation, banking information). However, such an approach is subjective (as fairness metrics depend on the choice features), there may be other features that lead to unfair (disparate) decisions and that may ask for suitable interpretations. In this paper we focus on the latter issues and propose a statistical preprocessing approach that is inspired by both the Hilbert-Schmidt independence criterion and Shapley values to estimate feature importance and to detect disparity prone features. Unlike traditional Shapley value-based approaches, we do not require trained models to measure feature importance or detect disparate results. Instead, it focuses on data and statistical criteria to measure the dependence of feature distributions. Our empirical results show that features with the highest dependence degrees with the label vector are also the ones with the highest impact on the model performance. Moreover, our empirical results indicate that this relation enables the detection of disparity prone features.",https://doi-org.myaccess.library.utoronto.ca/10.1145/3630106.3658905
2024,"Failing Our Youngest: On the Biases, Pitfalls, and Risks in a Decision Support Algorithm Used for Child Protection",Therese Moreau; Roberta Sinatra; Vedran Sekara,"In recent years, Danish child protective services have experienced increasing pressure, prompting the adoption of a decision-support algorithm to aid caseworkers in identifying children at heightened risk of maltreatment, named Decision Support. Despite its critical role, this algorithm has not undergone formal evaluation. Through a freedom of information request, we were able to partially access the algorithm and conduct an audit. We find that the algorithm has significant methodological flaws, suffers from information leakage, relies on inappropriate proxy values for maltreatment assessment, generates inconsistent risk scores, and exhibits age-based discrimination. Given these serious issues, we strongly advise against the use of this kind of algorithms in local government, municipal, and child protection settings, and we call for rigorous evaluation of such tools before implementation and for continual monitoring post-deployment by listing a series of specific recommendations.",https://doi-org.myaccess.library.utoronto.ca/10.1145/3630106.3658906
2024,Misgendered During Moderation: How Transgender Bodies Make Visible Cisnormative Content Moderation Policies and Enforcement in a Meta Oversight Board Case,Samuel Mayworm; Kendra Albert; Oliver L. Haimson,"Transgender and nonbinary social media users experience disproportionate content removals on social media platforms, even when content does not violate platforms’ guidelines. In 2022, the Oversight Board, which oversees Meta platforms’ content moderation decisions, invited public feedback on Instagram’s removal of two trans users’ posts featuring their bare chests, introducing a unique opportunity to hear trans users’ feedback on how nudity and sexual activity policies impacted them. We conducted a qualitative analysis of 83 comments made public during the Oversight Board’s public comment process. Commenters criticized Meta’s nudity policies as enforcing a cisnormative view of gender while making it unclear how images of trans users’ bodies are moderated, enabling the disproportionate removal of trans content and limiting trans users’ ability to use Meta’s platforms. Yet there was significant divergence among commenters about how to address cisnormative moderation. Some commenters suggested that Meta clarify nudity guidelines, while others suggested that Meta overhaul them entirely, removing gendered distinctions or fundamentally reconfiguring the platform’s relationship to sexual content. We then discuss how the Oversight Board’s public comment process demonstrates the value of incorporating trans people’s feedback while developing policies related to gender and nudity, while arguing that Meta must go beyond only revising policy language by reevaluating how cisnormative values are encoded in all aspects of its content moderation systems.",https://doi-org.myaccess.library.utoronto.ca/10.1145/3630106.3658907
2024,A structured regression approach for evaluating model performance across intersectional subgroups,Christine Herlihy; Kimberly Truong; Alexandra Chouldechova; Miroslav Dud\'{\i}k,"Disaggregated evaluation is a central task in AI fairness assessment, where the goal is to measure an AI system’s performance across different subgroups defined by combinations of demographic or other sensitive attributes. The standard approach is to stratify the evaluation data across subgroups and compute performance metrics separately for each group. However, even for moderately-sized evaluation datasets, sample sizes quickly get small once considering intersectional subgroups, which greatly limits the extent to which intersectional groups are included in analysis. In this work, we introduce a structured regression approach to disaggregated evaluation that we demonstrate can yield reliable system performance estimates even for very small subgroups. We provide corresponding inference strategies for constructing confidence intervals and explore how goodness-of-fit testing can yield insight into the structure of fairness-related harms experienced by intersectional groups. We evaluate our approach on two publicly available datasets, and several variants of semi-synthetic data. The results show that our method is considerably more accurate than the standard approach, especially for small subgroups, and demonstrate how goodness-of-fit testing helps identify the key factors that drive differences in performance.",https://doi-org.myaccess.library.utoronto.ca/10.1145/3630106.3658908
2024,Trans-centered moderation: Trans technology creators and centering transness in platform and community governance,Hibby Thach; Samuel Mayworm; Michaelanne Thomas; Oliver L. Haimson,"Mainstream platforms’ content moderation systems typically employ generalized “one-size-fits-all” approaches, intended to serve both general and marginalized users. Thus, transgender people must often create their own technologies and moderation systems to meet their specific needs. In our interview study of transgender technology creators (n=115), we found that creators face issues of transphobic abuse and disproportionate content moderation. Trans tech creators address these issues by carefully moderating and vetting their userbases, centering trans contexts in content moderation systems, and employing collective governance and community models. Based on these findings, we argue that trans tech creators’ approaches to moderation offer important insights into how to better design for trans users, and ultimately, marginalized users in the larger platform ecology. We introduce the concept of trans-centered moderation – content moderation that reviews and successfully vets transphobic users, appoints trans moderators to effectively moderate trans contexts, considers the limitations and constraints of technology for addressing social challenges, and employs collective governance and community models. Trans-centered moderation can help to improve platform design for trans users while reducing the harm faced by trans people and marginalized users more broadly.",https://doi-org.myaccess.library.utoronto.ca/10.1145/3630106.3658909
2024,The Fall of an Algorithm: Characterizing the Dynamics Toward Abandonment,Nari Johnson; Sanika Moharana; Christina Harrington; Nazanin Andalibi; Hoda Heidari; Motahhare Eslami,"As more algorithmic systems have come under scrutiny for their potential to inflict societal harms, an increasing number of organizations that hold power over harmful algorithms have chosen, or were required under the law, to abandon them. While social movements and calls to abandon harmful algorithms have emerged across application domains, little academic attention has been paid to studying abandonment as a means to mitigate algorithmic harms. In this paper, we take a first step towards conceptualizing “algorithm abandonment” as an organization’s decision to stop designing, developing, or using an algorithmic system due to its (potential) harms. We conduct a thematic analysis of real-world cases of algorithm abandonment to characterize the dynamics leading to this outcome. Our analysis of 40 cases reveals that campaigns to abandon an algorithm follow a common process of six iterative phases: discovery, diagnosis, dissemination, dialogue, decision, and death, which we term the 6 D’s of abandonment. In addition, we highlight key factors that facilitate (or prohibit) abandonment, which include characteristics of both the technical and social systems that the algorithm is embedded within. We discuss implications for several stakeholders, including proprietors and technologists who have the power to influence an algorithm’s (dis)continued use, FAccT researchers, and policymakers.",https://doi-org.myaccess.library.utoronto.ca/10.1145/3630106.3658910
2024,Not My Voice! A Taxonomy of Ethical and Safety Harms of Speech Generators,Wiebke Hutiri; Orestis Papakyriakopoulos; Alice Xiang,"The rapid and wide-scale adoption of AI to generate human speech poses a range of significant ethical and safety risks to society that need to be addressed. For example, a growing number of speech generation incidents are associated with swatting attacks in the United States, where anonymous perpetrators create synthetic voices that call police officers to close down schools and hospitals, or to violently gain access to innocent citizens’ homes. Incidents like this demonstrate that multimodal generative AI risks and harms do not exist in isolation, but arise from the interactions of multiple stakeholders and technical AI systems. In this paper we analyse speech generation incidents to study how patterns of specific harms arise. We find that specific harms can be categorised according to the exposure of affected individuals, that is to say whether they are a subject of, interact with, suffer due to, or are excluded from speech generation systems. Similarly, specific harms are also a consequence of the motives of the creators and deployers of the systems. Based on these insights we propose a conceptual framework for modelling pathways to ethical and safety harms of AI, which we use to develop a taxonomy of harms of speech generators. Our relational approach captures the complexity of risks and harms in sociotechnical AI systems, and yields a taxonomy that can support appropriate policy interventions and decision making for the responsible development and release of speech generation models.",https://doi-org.myaccess.library.utoronto.ca/10.1145/3630106.3658911
2024,Operationalizing the Search for Less Discriminatory Alternatives in Fair Lending,Talia B Gillis; Vitaly Meursault; Berk Ustun,"The Less Discriminatory Alternative is a key provision of the disparate impact doctrine in the United States. In fair lending, this provision mandates that lenders must adopt models that reduce discrimination when they do not compromise their business interests. In this paper, we develop practical methods to audit for less discriminatory alternatives. Our approach is designed to verify the existence of less discriminatory machine learning models – by returning an alternative model that can reduce discrimination without compromising performance (discovery) or by certifying that an alternative model does not exist (refutation). We develop a method to fit the least discriminatory linear classification model in a specific lending task – by minimizing an exact measure of disparity (e.g., the maximum gap in group FNR) and enforcing hard performance constraints for business necessity (e.g., on FNR and FPR). We apply our method to study the prevalence of less discriminatory alternatives on real-world datasets from consumer finance applications. Our results highlight how models may inadvertently lead to unnecessary discrimination across common deployment regimes, and demonstrate how our approach can support lenders, regulators, and plaintiffs by reliably detecting less discriminatory alternatives in such instances.",https://doi-org.myaccess.library.utoronto.ca/10.1145/3630106.3658912
2024,Adversarial Nibbler: An Open Red-Teaming Method for Identifying Diverse Harms in Text-to-Image Generation,Jessica Quaye; Alicia Parrish; Oana Inel; Charvi Rastogi; Hannah Rose Kirk; Minsuk Kahng; Erin Van Liemt; Max Bartolo; Jess Tsang; Justin White; Nathan Clement; Rafael Mosquera; Juan Ciro; Vijay Janapa Reddi; Lora Aroyo,"With text-to-image (T2I) generative AI models reaching wide audiences, it is critical to evaluate model robustness against non-obvious attacks to mitigate the generation of offensive images. By focusing on “implicitly adversarial” prompts (those that trigger T2I models to generate unsafe images for non-obvious reasons), we isolate a set of difficult safety issues that human creativity is well-suited to uncover. To this end, we built the Adversarial Nibbler Challenge, a red-teaming methodology for crowdsourcing a diverse set of implicitly adversarial prompts. We have assembled a suite of state-of-the-art T2I models, employed a simple user interface to identify and annotate harms, and engaged diverse populations to capture long-tail safety issues that may be overlooked in standard testing. We present an in-depth account of our methodology, a systematic study of novel attack strategies and safety failures, and a visualization tool for easy exploration of the dataset. The first challenge round resulted in over 10k prompt-image pairs with machine annotations for safety. A subset of 1.5k samples contains rich human annotations of harm types and attack styles. Our findings emphasize the necessity of continual auditing and adaptation as new vulnerabilities emerge. This work will enable proactive, iterative safety assessments and promote responsible development of T2I models.",https://doi-org.myaccess.library.utoronto.ca/10.1145/3630106.3658913
2024,Insights From Insurance for Fair Machine Learning,"Christian Fr\""{o}hlich; Robert C. Williamson","We argue that insurance can act as an analogon for the social situatedness of machine learning systems, hence allowing machine learning scholars to take insights from the rich and interdisciplinary insurance literature. Tracing the interaction of uncertainty, fairness and responsibility in insurance provides a fresh perspective on fairness in machine learning. We link insurance fairness conceptions to their machine learning relatives, and use this bridge to problematize fairness as calibration. In this process, we bring to the forefront two themes that have been largely overlooked in the machine learning literature: responsibility and aggregate-individual tensions.",https://doi-org.myaccess.library.utoronto.ca/10.1145/3630106.3658914
2024,No Simple Fix: How AI Harms Reflect Power and Jurisdiction in the Workplace,Nataliya Nedzhvetskaya; JS Tan,"The introduction of AI into working processes has resulted in workers increasingly being subject to AI-related harms. By analyzing incidents of worker-related AI harms between 2008 and 2023 in the AI Incident Database, we find that harms get addressed under considerably restricted scenarios. Results from a Qualitative Comparative Analysis (QCA) show that workers with more power resources, either in the form of expertise or labor market power, have a greater likelihood of seeing harms fixed, all else equal. By contrast, workers lacking expertise or labor market power, have lower success rates and must resort to legal or regulatory mechanisms to get fixes through. These findings suggest that the workplace is another arena in which AI has the potential to reproduce existing inequalities among workers and that stronger legal frameworks and regulations can empower more vulnerable worker populations.",https://doi-org.myaccess.library.utoronto.ca/10.1145/3630106.3658915
2024,Algorithmic Misjudgement in Google Search Results: Evidence from Auditing the US Online Electoral Information Environment,Brooke Perreault; Johanna Hoonsun Lee; Ropafadzo Shava; Eni Mustafaraj,"Google Search is an important way that people seek information about politics [8], and Google states that it is “committed to providing timely and authoritative information on Google Search to help voters understand, navigate, and participate in democratic processes.”1 This paper studies the extent to which government-maintained web domains are represented in the online electoral information environment, as captured through 3.45 Google Search result pages collected during the 2022 US midterm elections for 786 locations across the United States. Focusing on state, county, and local government domains that provide locality-specific information, we study not only the extent to which these sources appear in organic search results, but also the extent to which these sources are correctly targeted to their respective constituents. We label misalignment between the geographic area that non-federal domains serve and the locations for which they appear in search results as algorithmic mistargeting, a subtype of algorithmic misjudgement in which the search algorithm targets locality-specific information to users in different (incorrect) locations. In the context of the 2022 US midterm elections, we find that 71\% of all occurrences of state, county, and local government sources were mistargeted, with some domains appearing disproportionately often among organic results despite providing locality-specific information that may not be relevant to all voters. However, we also find that mistargeting often occurs in low ranks. We conclude by considering the potential consequences of extensive mistargeting of non-federal government sources and argue that ensuring the correct targeting of these sources to their respective constituents is a critical part of Google’s role in facilitating access to authoritative and locally-relevant electoral information.",https://doi-org.myaccess.library.utoronto.ca/10.1145/3630106.3658916
2024,To See or Not to See: Understanding the Tensions of Algorithmic Curation for Visual Arts,Ramya Srinivasan,"Algorithmic recommendation is one of the most popular applications of machine learning (ML) systems. While the implication of algorithmic recommendation has been studied in the context of high-stakes domains such as finance and healthcare, there has been very little focus in understanding its impacts with respect to the arts domain. Given that ML is increasingly finding place in the arts domain such as in generative arts and content analysis, in this paper, we examine the tensions of algorithmic curation in the context of visual arts. Through case studies, we describe how curatorial algorithms that are oblivious of broader socio-cultural contexts could potentially result in ethical concerns such as over-representation and misattribution, to name a few. Towards addressing some of these concerns, the paper offers design guidelines. Specifically, the paper outlines repair strategies that suggest ways 1) to engage with cultural stakeholders in building visual art curatorial algorithms, 2) to unlearn biases embedded in digital artworks and their meta-data, and 3) emphasize the need to establish regulatory norms specific to the use of ML in visual art curation. Taking cue from the process employed by artwork curators, the paper also describes how authenticity can be prioritized by re-calibrating visual art curatorial algorithms. The paper also suggest ways through which the potential of state-of-the-art ML curatorial algorithms can be re-imagined towards empowering the audience of artworks. We hope the insights presented in the paper spark interdisciplinary discussions and pave way for fostering reformation in algorithmic curation of visual arts.",https://doi-org.myaccess.library.utoronto.ca/10.1145/3630106.3658917
2024,In the Walled Garden: Challenges and Opportunities for Research on the Practices of the AI Tech Industry,Morgan Klaus Scheuerman,"Research on technology companies and their workers can externalize otherwise invisible and tacit workplace approaches, identify organizational constraints to creating more ethical AI systems, help ground interventions in real-world organizational realities, and result in the co-creation of better business practices for organizations. However, getting access to technology companies is difficult for external researchers. In this paper, I draw from insights gained by conducting research on and with industry professionals. I present four challenges when conducting industry-focused research on responsible AI. I also present methods I used to navigate each challenge. Finally, I highlight opportunities for the tech industry to lower the barriers to external research. This work aims to share ways of navigating methodological challenges and encourage better transparency in the tech industry.",https://doi-org.myaccess.library.utoronto.ca/10.1145/3630106.3658918
2024,Value is in the Eye of the Beholder: A Framework for an Equitable Graph Data Evaluation,Francesco Paolo Nerini; Paolo Bajardi; Andr\'{e} Panisson,"Proprietary data is a valuable asset used to develop predictive algorithms that benefit a wide range of users, including customers, business owners, and decision-makers. Consequently, there is a growing interest in developing safe and robust techniques for sharing, learning models, and distributing predictions across a wide spectrum of potential stakeholders. However, a structured process to assess the value of data assets, and thus enabling collaborations among stakeholders, remains largely unexplored. This is particularly challenging when the data to be shared has a networked structure, where increasing the shared data samples potentially connects information observed by different data owners, providing new knowledge that is unavailable to any data owner individually. Here, we propose E-GraDE, a framework that assists organizations in assessing the value of their networked data to better address graph machine learning tasks. This framework includes a step-by-step analysis of the requirements of different stakeholders, such as the accuracy or fairness requisites of the models, ensuring a fair evaluation process and stronger alignment in the development of a data federation consortium. Additionally, we propose an approach to estimate the value of networked data to be shared while disclosing only a small fraction of the original information. We support our approach with extensive computational experiments, analysing each part of it through simulated use cases.",https://doi-org.myaccess.library.utoronto.ca/10.1145/3630106.3658919
2024,Overriding (in)justice: pretrial risk assessment administration on the frontlines,Sarah Riley,"A small but growing number of empirical studies have attempted to measure the impacts of algorithmic pretrial risk assessments on discrete policy goals such as decarceration, racial equity, and public safety. A separate but related body of work explores frontline worker resistance and discretion related to sociotechnical systems in criminal legal contexts. I build on work that aims to bridge the gaps between these literatures by offering an ethnographic account of pretrial risk assessment administration across the United States. I draw on semi-structured interviews with 74 pretrial actors and site observations across 8 jurisdictions. I highlight the process of risk assessment administration and the frontline workers who perform that labor. Like judges, pretrial officers have the autonomy to override risk assessment recommendations, unlike judges however, their decisions are made outside the courtroom and far removed from public scrutiny. This paper makes three contributions. First, it provides a detailed account of the personal, professional, and organizational dynamics that lead pretrial officers to override risk assessment recommendations. Second, it presents a taxonomy of override behavior among pretrial officers in an effort to promote more effective policy decisions. Lastly, it provides further empirical evidence that pretrial risk assessments are unlikely to guarantee racial or economic equity or decarceration in the long term.",https://doi-org.myaccess.library.utoronto.ca/10.1145/3630106.3658920
2024,Benchmarking the Fairness of Image Upsampling Methods,Mike Laszkiewicz; Imant Daunhawer; Julia E. Vogt; Asja Fischer; Johannes Lederer,"Recent years have witnessed a rapid development of deep generative models for creating synthetic media, such as images and videos. While the practical applications of these models in everyday tasks are enticing, it is crucial to assess the inherent risks regarding their fairness. In this work, we introduce a comprehensive framework for benchmarking the performance and fairness of conditional generative models. We develop a set of metrics—inspired by their supervised fairness counterparts—to evaluate the models on their fairness and diversity. Focusing on the specific application of image upsampling, we create a benchmark covering a wide variety of modern upsampling methods. As part of the benchmark, we introduce UnfairFace, a subset of FairFace that replicates the racial distribution of common large-scale face datasets. Our empirical study highlights the importance of using an unbiased training set and reveals variations in how the algorithms respond to dataset imbalances. Alarmingly, we find that none of the considered methods produces statistically fair and diverse results. All experiments can be reproduced using our provided repository.1",https://doi-org.myaccess.library.utoronto.ca/10.1145/3630106.3658921
2024,Analyzing the Relationship Between Difference and Ratio-Based Fairness Metrics,Min-Hsuan Yeh; Blossom Metevier; Austin Hoag; Philip Thomas,"In research studying the fairness of machine learning algorithms and models, fairness often means that a metric is the same when computed for two different groups of people. For example, one might define fairness to mean that the false positive rate of a classifier is the same for people of different genders, ages, or races. However, it is usually not possible to make this metric identical for all groups. Instead, algorithms ensure that the metric is similar—for example, that the false positive rates are similar. Researchers usually measure this similarity or dissimilarity using either the difference or ratio between the metric values for different groups of people. Although these two approaches are known to be different, there has been little work analyzing their differences and respective benefits. In this paper we examine this relationship analytically and empirically, and conclude that unless there are application-specific reasons to prefer the difference approach, the ratio approach should be preferred.",https://doi-org.myaccess.library.utoronto.ca/10.1145/3630106.3658922
2024,Diversified Ensembling: An Experiment in Crowdsourced Machine Learning,Ira Globus-Harris; Declan Harrison; Michael Kearns; Pietro Perona; Aaron Roth,"Crowdsourced machine learning on competition platforms such as Kaggle is a popular and often effective method for generating accurate models. Typically, teams vie for the most accurate model, as measured by overall error on a holdout set, and it is common towards the end of such competitions for teams at the top of the leaderboard to ensemble or average their models outside the platform mechanism to get the final, best global model. In [12], the authors developed an alternative crowdsourcing framework in the context of fair machine learning, in order to integrate community feedback into models when subgroup unfairness is present and identifiable. There, unlike in classical crowdsourced ML, participants deliberately specialize their efforts by working on subproblems, such as demographic subgroups in the service of fairness. Here, we take a broader perspective on this work: we note that within this framework, participants may both specialize in the service of fairness and simply to cater to their particular expertise (e.g., focusing on identifying bird species in an image classification task). Unlike traditional crowdsourcing, this allows for the diversification of participants’ efforts and may provide a participation mechanism to a larger range of individuals (e.g. a machine learning novice who has insight into a specific fairness concern). We present the first medium-scale experimental evaluation of this framework, with 46 participating teams attempting to generate models to predict income from American Community Survey data. We provide an empirical analysis of teams’ approaches, and discuss the novel system architecture we developed. From here, we give concrete guidance for how best to deploy such a framework.",https://doi-org.myaccess.library.utoronto.ca/10.1145/3630106.3658923
2024,Trust Development and Repair in AI-Assisted Decision-Making during Complementary Expertise,Saumya Pareek; Eduardo Velloso; Jorge Goncalves,"Leveraging Artificial Intelligence to support human decision-makers requires harnessing the unique strengths of both entities, where human expertise often complements AI capabilities. However, human decision-makers must accurately discern when to trust the AI. In situations with complementary Human-AI expertise, identifying AI inaccuracies becomes challenging for humans, hindering their ability to rely on the AI only when warranted. Even when AI performance improves post-errors, this inability to assess accuracy can hinder trust recovery. Through two experimental tasks, we investigate trust development, erosion, and recovery during AI-assisted decision-making, examining explicit Trust Repair Strategies (TRSs) – Apology, Denial, Promise, and Model Update. Our participants classified familiar and unfamiliar stimuli with an AI with varying accuracy. We find that participants leveraged AI accuracy in familiar tasks as a heuristic to dynamically calibrate their trust during unfamiliar tasks. Further, once trust in the AI was eroded, trust restored through Model Update surpassed initial trust values, followed by Apology, Promise, and the baseline (no repair), with Denial being least effective. We empirically demonstrate how trust calibration occurs during complementary expertise, highlighting factors influencing the different effectiveness of TRSs despite identical AI accuracy, and offering implications for effectively restoring trust in Human-AI collaborations.",https://doi-org.myaccess.library.utoronto.ca/10.1145/3630106.3658924
2024,Tackling Language Modelling Bias in Support of Linguistic Diversity,G\'{a}bor Bella; Paula Helm; Gertraud Koch; Fausto Giunchiglia,"Current AI-based language technologies—language models, machine translation systems, multilingual dictionaries and corpora—are known to focus on the world’s 2–3\% most widely spoken languages. Research efforts of the past decade have attempted to expand this coverage to ‘under-resourced languages.’ The goal of our paper is to bring attention to a corollary phenomenon that we call language modelling bias: multilingual language processing systems often exhibit a hardwired, yet usually involuntary and hidden representational preference towards certain languages. We define language modelling bias as uneven per-language performance under similar test conditions. We show that bias stems not only from technology but also from ethically problematic research and development methodologies that disregard the needs of language communities. Moving towards diversity-aware alternatives, we present an initiative that aims at reducing language modelling bias within lexical resources through both technology design and methodology, based on an eye-level collaboration with local communities.",https://doi-org.myaccess.library.utoronto.ca/10.1145/3630106.3658925
2024,Diversity of What? On the Different Conceptualizations of Diversity in Recommender Systems,Sanne Vrijenhoek; Savvina Daniil; Jorden Sandel; Laura Hollink,"Diversity is a commonly known principle in the design of recommender systems, but also ambiguous in its conceptualization. Through semi-structured interviews we explore how practitioners at three different public service media organizations in the Netherlands conceptualize diversity within the scope of their recommender systems. We provide an overview of the goals that they have with diversity in their systems, which aspects are relevant, and how recommendations should be diversified. We show that even within this limited domain, conceptualization of diversity greatly varies, and argue that it is unlikely that a standardized conceptualization will be achieved. Instead, we should focus on effective communication of what diversity in this particular system means, thus allowing for operationalizations of diversity that are capable of expressing the nuances and requirements of that particular domain.",https://doi-org.myaccess.library.utoronto.ca/10.1145/3630106.3658926
2024,Towards Geographic Inclusion in the Evaluation of Text-to-Image Models,Melissa Hall; Samuel J. Bell; Candace Ross; Adina Williams; Michal Drozdzal; Adriana Romero Soriano,"Rapid progress in text-to-image generative models coupled with their deployment for visual content creation has magnified the importance of thoroughly evaluating their performance and identifying potential biases. In pursuit of models that generate images that are realistic, diverse, visually appealing, and consistent with the given prompt, researchers and practitioners often turn to automated metrics to facilitate scalable and cost-effective performance profiling. However, commonly-used metrics often fail to account for the full diversity of human preference; often even in-depth human evaluations face challenges with subjectivity, especially as interpretations of evaluation criteria vary across regions and cultures. In this work, we conduct a large, cross-cultural study to study how much annotators in Africa, Europe, and Southeast Asia vary in their perception of geographic representation, visual appeal, and consistency in real and generated images from state-of-the art public APIs. We collect over 65,000 image annotations and 20 survey responses. We contrast human annotations with common automated metrics, finding that human preferences vary notably across geographic location and that current metrics do not fully account for this diversity. For example, annotators in different locations often disagree on whether exaggerated, stereotypical depictions of a region are considered geographically representative. In addition, the utility of automatic evaluations is dependent on assumptions about their set-up, such as the alignment of feature extractors with human perception of object similarity or the definition of “appeal” captured in reference datasets used to ground evaluations. We recommend steps for improved automatic and human evaluations. This includes collecting annotations from people located inside and outside the region of interest, instructing annotators on whether they should follow specific definitions of evaluation criteria or utilize their own interpretation, and reporting assumptions underlying automatic evaluations.",https://doi-org.myaccess.library.utoronto.ca/10.1145/3630106.3658927
2024,D-hacking,Emily Black; Talia Gillis; Zara Yasmine Hall,"Recent regulatory efforts, including Executive Order 14110 and the AI Bill of Rights, have focused on mitigating discrimination in AI systems through novel and traditional application of anti-discrimination laws. While these initiatives rightly emphasize fairness testing and mitigation, we argue that they pay insufficient attention to robust bias measurement and mitigation—and that without doing so, the frameworks cannot effectively achieve the goal of reducing discrimination in deployed AI models. This oversight is particularly concerning given the instability and brittleness of current algorithmic bias mitigation and fairness optimization methods, as highlighted by growing evidence in the algorithmic fairness literature. This instability heightens the risk of what we term discrimination-hacking or d-hacking, a scenario where, inadvertently or deliberately, the selection of models based on favorable fairness metrics within specific samples could lead to misleading or non-generalizable fairness performance. We term this effect d-hacking because systematically selecting among numerous models to find the least discriminatory one parallels the concept of p-hacking in social science research of selectively reporting outcomes that appear statistically significant resulting in misleading conclusions. In light of these challenges, we argue that AI fairness regulation should not only call for fairness measurement and bias mitigation, but also specify methods to ensure robust solutions to discrimination in AI systems. Towards the goal of arguing for robust fairness assessment and bias mitigation in AI regulation, this paper (1) synthesizes evidence of d-hacking in the computer science literature and provides experimental demonstrations of d-hacking, (2) analyzes current legal frameworks to understand the treatment of robust fairness and non-discriminatory behavior, both in recent AI regulation proposals and traditional U.S. discrimination law, and (3) outlines policy recommendations for preventing d-hacking in high-stakes domains.",https://doi-org.myaccess.library.utoronto.ca/10.1145/3630106.3658928
2024,Algorithmic Fairness in Performative Policy Learning: Escaping the Impossibility of Group Fairness,Seamus Somerstep; Ya'acov Ritov; Yuekai Sun,"In many prediction problems, the predictive model affects the distribution of the prediction target. This phenomenon is known as performativity and is often caused by the behavior of individuals with vested interests in the outcome of the predictive model. Although performativity is generally problematic because it manifests as distribution shifts, we develop algorithmic fairness practices that leverage performativity to achieve stronger group fairness guarantees in social classification problems (compared to what is achievable in non-performative settings). In particular, we leverage the policymaker’s ability to steer the population to remedy inequities in the long term. A crucial benefit of this approach is that it is possible to resolve the incompatibilities between conflicting group fairness definitions.",https://doi-org.myaccess.library.utoronto.ca/10.1145/3630106.3658929
2024,Data Agency Theory: A Precise Theory of Justice for AI Applications,Leah Ajmani; Logan Stapleton; Mo Houtti; Stevie Chancellor,"Data collection methods for AI applications have been heavily scrutinized by researchers, policymakers, and the general public. In this paper, we propose data agency theory (DAT), a precise theory of justice to evaluate and improve current consent procedures used in AI applications. We argue that data agency is systematically defined by consent policies. Therefore, data agency is a matter of justice. DAT claims data agency ought to be afforded in a way that minimizes the oppression of data contributors by data collectors. We then apply DAT to two salient consent procedures in AI applications: Reddit’s Terms of Service agreement and the United States’s IRB protocols. Through these cases, we demonstrate how our theory helps evaluate justice and generate ideas for improvement. Finally, we discuss the implications of using justice as an evaluation metric, comparing consent procedures, and adopting DAT in future research.",https://doi-org.myaccess.library.utoronto.ca/10.1145/3630106.3658930
2024,Lazy Data Practices Harm Fairness Research,Jan Simson; Alessandro Fabris; Christoph Kern,"Data practices shape research and practice on fairness in machine learning (fair ML). Critical data studies offer important reflections and critiques for the responsible advancement of the field by highlighting shortcomings and proposing recommendations for improvement. In this work, we present a comprehensive analysis of fair ML datasets, demonstrating how unreflective yet common practices hinder the reach and reliability of algorithmic fairness findings. We systematically study protected information encoded in tabular datasets and their usage in 280 experiments across 142 publications. Our analyses identify three main areas of concern: (1) a lack of representation for certain protected attributes in both data and evaluations; (2) the widespread exclusion of minorities during data preprocessing; and (3) opaque data processing threatening the generalization of fairness research. By conducting exemplary analyses on the utilization of prominent datasets, we demonstrate how unreflective data decisions disproportionately affect minority groups, fairness metrics, and resultant model comparisons. Additionally, we identify supplementary factors such as limitations in publicly available data, privacy considerations, and a general lack of awareness, which exacerbate these challenges. To address these issues, we propose a set of recommendations for data usage in fairness research centered on transparency and responsible inclusion. This study underscores the need for a critical reevaluation of data practices in fair ML and offers directions to improve both the sourcing and usage of datasets.",https://doi-org.myaccess.library.utoronto.ca/10.1145/3630106.3658931
2024,Auditing GPT's Content Moderation Guardrails: Can ChatGPT Write Your Favorite TV Show?,"Yaaseen Mahomed; Charlie M. Crawford; Sanjana Gautam; Sorelle A. Friedler; Dana\""{e} Metaxa","Large language models (LLMs) are increasingly appearing in consumer-facing products. To prevent problematic use, the organizations behind these systems have put content moderation guardrails in place that prevent the models from generating content they consider harmful. However, most of these enforcement standards and processes are opaque. Although they play a major role in the user experience of these tools, automated content moderation tools have received relatively less attention than other aspects of the models. This study undertakes an algorithm audit of OpenAI’s ChatGPT with the goal of better understanding its content moderation guardrails and their potential biases. To evaluate performance on a broad cultural range of content, we generate a dataset of 100 popular United States television shows with one to three synopses for each episode in the first season of each show (3,309 total synopses). We probe GPT’s content moderation endpoint (ME) to identify violating content both in the synopses themselves, and in GPT’s own outputs when asked to generate a script based on each synopsis, also comparing with ME outputs on 81 real scripts from the same TV shows (269,578 total ME outputs). Our findings show that a large number of GPT-generated and real scripts flag as content violations (about 18\% of GPT scripts and 69\% of real ones). Using metadata, we find that TV maturity ratings, as well as certain genres (Animation, Crime, Fantasy, and others) are statistically significantly related to a script’s likelihood of flagging. We conclude by discussing the implications of LLM self-censorship and directions for future research on their moderation procedures.",https://doi-org.myaccess.library.utoronto.ca/10.1145/3630106.3658932
2024,Identifying and Improving Disability Bias in GPT-Based Resume Screening,Kate Glazko; Yusuf Mohammed; Ben Kosa; Venkatesh Potluri; Jennifer Mankoff,"As Generative AI rises in adoption, its use has expanded to include domains such as hiring and recruiting. However, without examining the potential of bias, this may negatively impact marginalized populations, including people with disabilities. To address this important concern, we present a resume audit study, in which we ask ChatGPT (specifically, GPT-4) to rank a resume against the same resume enhanced with an additional leadership award, scholarship, panel presentation, and membership that are disability-related. We find that GPT-4 exhibits prejudice towards these enhanced CVs. Further, we show that this prejudice can be quantifiably reduced by training a custom GPTs on principles of DEI and disability justice. Our study also includes a unique qualitative analysis of the types of direct and indirect ableism GPT-4 uses to justify its biased decisions and suggest directions for additional bias mitigation work. Additionally, since these justifications are presumably drawn from training data containing real-world biased statements made by humans, our analysis suggests additional avenues for understanding and addressing human bias.",https://doi-org.myaccess.library.utoronto.ca/10.1145/3630106.3658933
2024,The Digital Faces of Oppression and Domination: A Relational and Egalitarian Perspective on the Data-driven Society and its Regulation,Laurens Naudts,"Drawing from Iris Marion Young's politics of difference and democratic theory, this contribution formulates a relational and egalitarian account of digital justice to understand and help counter, the social and technical conditions under which data-driven decision-making systems are liable to reinforce and introduce social injustice. To do so, this contribution is structured alongside three axes. First, I present data-driven decision-making systems as socio-technical systems that both take meaning from and co-shape people's relationships and the social structures they are part of. Due to this relational push and pull, I argue, data-driven systems have the potential to restructure society and, consequently, the conditions that govern people's exposure to, and experience of, injustice therein. Second, I transpose Young's ideation of oppression and domination onto the digital ecosystem. Both notions are used to locate within complex, dynamic and automated environments, a series of social and technological conditions that unjustifiably limit people's actions and behaviours. Third, I build on Young's model for an inclusive democracy to propose a series of institutional and procedural practices to ensure that, within the digital ecosystem, each person has the effective opportunity to pursue the life projects they value and to communicate their needs, concerns and experiences in ways that are heard and recognized by others.",https://doi-org.myaccess.library.utoronto.ca/10.1145/3630106.3658934
2024,AI Failure Cards: Understanding and Supporting Grassroots Efforts to Mitigate AI Failures in Homeless Services,Ningjing Tang; Jiayin Zhi; Tzu-Sheng Kuo; Calla Kainaroi; Jeremy J. Northup; Kenneth Holstein; Haiyi Zhu; Hoda Heidari; Hong Shen,"AI-based decision support tools have been used in a wide range of high-stakes settings. However, many of them have failed. Past literature in FAccT contributes important insights into how to detect and mitigate AI failures from a technical perspective. Recently, there are growing calls to understand AI failures as socio-technical and to support community-centered, grassroots-based mitigations to AI failures, in addition to top-down approaches. In this paper, we present AI Failure Cards, a novel method for both improving communities’ understanding of AI failures and for eliciting their current practices and desired strategies for mitigation, with a goal to better support those efforts in the future. Through a series of workshops with unhoused individuals, frontline workers and service providers, as well as local policy advocates, we conducted an empirical investigation of our method in the context of a locally deployed predictive housing allocation algorithm. Our results suggest that the use of the method helped impacted communities better understand these AI failures. It also surfaced a wide range of existing grassroots practices and desired mitigation strategies. Finally, we discuss both the challenges and opportunities for supporting grassroots efforts in mitigating AI failures.",https://doi-org.myaccess.library.utoronto.ca/10.1145/3630106.3658935
2024,"Silencing the Risk, Not the Whistle: A Semi-automated Text Sanitization Tool for Mitigating the Risk of Whistleblower Re-Identification",Dimitri Staufer; Frank Pallas; Bettina Berendt,"Whistleblowing is essential for ensuring transparency and accountability in both public and private sectors. However, (potential) whistleblowers often fear or face retaliation, even when reporting anonymously. The specific content of their disclosures and their distinct writing style may re-identify them as the source. Legal measures, such as the EU Whistleblower Directive, are limited in their scope and effectiveness. Therefore, computational methods to prevent re-identification are important complementary tools for encouraging whistleblowers to come forward. However, current text sanitization tools follow a one-size-fits-all approach and take an overly limited view of anonymity. They aim to mitigate identification risk by replacing typical high-risk words (such as person names and other labels of named entities) and combinations thereof with placeholders. Such an approach, however, is inadequate for the whistleblowing scenario since it neglects further re-identification potential in textual features, including the whistleblower’s writing style. Therefore, we propose, implement, and evaluate a novel classification and mitigation strategy for rewriting texts that involves the whistleblower in the assessment of the risk and utility. Our prototypical tool semi-automatically evaluates risk at the word/term level and applies risk-adapted anonymization techniques to produce a grammatically disjointed yet appropriately sanitized text. We then use a Large Language Model (LLM) that we fine-tuned for paraphrasing to render this text coherent and style-neutral. We evaluate our tool’s effectiveness using court cases from the European Court of Human Rights (ECHR) and excerpts from a real-world whistleblower testimony and measure the protection against authorship attribution attacks and utility loss statistically using the popular IMDb62 movie reviews dataset, which consists of 62 individuals. Our method can significantly reduce authorship attribution accuracy from 98.81\% to 31.22\%, while preserving up to 73.1\% of the original content’s semantics, as measured by the established cosine similarity of sentence embeddings.",https://doi-org.myaccess.library.utoronto.ca/10.1145/3630106.3658936
2024,Gender Bias Detection in Court Decisions: A Brazilian Case Study,Raysa Benatti; Fabiana Severi; Sandra Avila; Esther Luna Colombini,"Data derived from the realm of the social sciences is often produced in digital text form, which motivates its use as a source for natural language processing methods. Researchers and practitioners have developed and relied on artificial intelligence techniques to collect, process, and analyze documents in the legal field, especially for tasks such as text summarization and classification. While increasing procedural efficiency is often the primary motivation behind natural language processing in the field, several works have proposed solutions for human rights-related issues, such as assessment of public policy and institutional social settings. One such issue is the presence of gender biases in court decisions, which has been largely studied in social sciences fields; biased institutional responses to gender-based violence are a violation of international human rights dispositions since they prevent gender minorities from accessing rights and hamper their dignity. Natural language processing-based approaches can help detect these biases on a larger scale. Still, the development and use of such tools require researchers and practitioners to be mindful of legal and ethical aspects concerning data sharing and use, reproducibility, domain expertise, and value-charged choices. In this work, we (a) present an experimental framework developed to automatically detect gender biases in court decisions issued in Brazilian Portuguese and (b) describe and elaborate on features we identify to be critical in such a technology, given its proposed use as a support tool for research and assessment of court&nbsp;activity.",https://doi-org.myaccess.library.utoronto.ca/10.1145/3630106.3658937
2024,The four-fifths rule is not disparate impact: A woeful tale of epistemic trespassing in algorithmic fairness,Elizabeth Anne Watkins; Jiahao Chen,"Computer scientists are trained in the art of creating abstractions that simplify and generalize. However, a premature abstraction that omits crucial contextual details creates the risk of epistemic trespassing, by falsely asserting its relevance into other contexts. We study how the field of responsible AI has created an imperfect synecdoche by abstracting the four-fifths rule (a.k.a. the &lt;Formula format=""inline""&gt;&lt;TexMath&gt;&lt;?TeX $nicefrac {4}{5}$?&gt;&lt;/TexMath&gt;&lt;AltText&gt;Math 1&lt;/AltText&gt;&lt;File name=""facct24-53-inline1"" type=""svg""/&gt;&lt;/Formula&gt; rule or 80\% rule), a single part of disparate impact discrimination law, into the disparate impact metric. This metric incorrectly introduces a new deontic nuance and new potentials for ethical harms that were absent in the original &lt;Formula format=""inline""&gt;&lt;TexMath&gt;&lt;?TeX $nicefrac {4}{5}$?&gt;&lt;/TexMath&gt;&lt;AltText&gt;Math 2&lt;/AltText&gt;&lt;File name=""facct24-53-inline2"" type=""svg""/&gt;&lt;/Formula&gt; rule. We also survey how the field has amplified the potential for harm in codifying the &lt;Formula format=""inline""&gt;&lt;TexMath&gt;&lt;?TeX $nicefrac {4}{5}$?&gt;&lt;/TexMath&gt;&lt;AltText&gt;Math 3&lt;/AltText&gt;&lt;File name=""facct24-53-inline3"" type=""svg""/&gt;&lt;/Formula&gt; rule into popular AI fairness software toolkits. The harmful erasure of legal nuances is a wake-up call for computer scientists to self-critically re-evaluate the abstractions they create and use, particularly in the interdisciplinary field of AI ethics.",https://doi-org.myaccess.library.utoronto.ca/10.1145/3630106.3658938
2024,"Mapping the individual, social and biospheric impacts of Foundation Models",Andr\'{e}s Dom\'{\i}nguez Hern\'{a}ndez; Shyam Krishna; Antonella Maia Perini; Michael Katell; SJ Bennett; Ann Borda; Youmna Hashem; Semeli Hadjiloizou; Sabeehah Mahomed; Smera Jayadeva; Mhairi Aitken; David Leslie,"Responding to the rapid roll-out and large-scale commercialization of foundation models, large language models, and generative AI, an emerging body of work is shedding light on the myriad impacts these technologies are having across society. Such research is expansive, ranging from the production of discriminatory, fake and toxic outputs, and privacy and copyright violations, to the unjust extraction of labor and natural resources. The same has not been the case in some of the most prominent AI governance initiatives in the global north like the UK’s AI Safety Summit and the G7’s Hiroshima process, which have influenced much of the international dialogue around AI governance. Despite the wealth of cautionary tales and evidence of algorithmic harm, there has been an ongoing over-emphasis within the AI governance discourse on technical matters of safety and global catastrophic or existential risks. This narrowed focus has tended to draw attention away from very pressing social and ethical challenges posed by the current brute-force industrialization of AI applications. To address such a visibility gap between real-world consequences and speculative risks, this paper offers a critical framework to account for the social, political, and environmental dimensions of foundation models and generative AI. Drawing on a review of the literature on the harms and risks of foundations models, and insights from critical data studies, science and technology studies, and environmental justice scholarship, we identify 14 categories of risks and harms and map them according to their individual, social, and biospheric impacts. We argue that this novel typology offers an integrative perspective to address the most urgent negative impacts of foundation models and their downstream applications. We conclude with recommendations on how this typology could be used to inform technical and normative interventions to advance responsible AI.",https://doi-org.myaccess.library.utoronto.ca/10.1145/3630106.3658939
2024,Generalized People Diversity: Learning a Human Perception-Aligned Diversity Representation for People Images,Hansa Srinivasan; Candice Schumann; Aradhana Sinha; David Madras; Gbolahan Oluwafemi Olanubi; Alex Beutel; Susanna Ricco; Jilin Chen,"Capturing the diversity of people in images is challenging: recent literature tends to focus on diversifying one or two attributes, requiring expensive attribute labels or building classifiers. We introduce a diverse people image ranking method which more flexibly aligns with human notions of people diversity in a less prescriptive, label-free manner. The Perception-Aligned Text-derived Human representation Space (PATHS) aims to capture all or many relevant features of people-related diversity, and, when used as the representation space in the standard Maximal Marginal Relevance (MMR) ranking algorithm [7], is better able to surface a range of types of people-related diversity (e.g. disability, cultural attire). PATHS is created in two stages. First, a text-guided approach is used to extract a person-diversity representation from a pre-trained image-text model. Then this representation is fine-tuned on perception judgments from human annotators so that it captures the aspects of people-related similarity that humans find most salient. Empirical results show that the PATHS method achieves diversity better than baseline methods, according to side-by-side ratings from human annotators.",https://doi-org.myaccess.library.utoronto.ca/10.1145/3630106.3658940
2024,"""I'm Not Sure, But..."": Examining the Impact of Large Language Models' Uncertainty Expression on User Reliance and Trust",Sunnie S. Y. Kim; Q. Vera Liao; Mihaela Vorvoreanu; Stephanie Ballard; Jennifer Wortman Vaughan,"Widely deployed large language models (LLMs) can produce convincing yet incorrect outputs, potentially misleading users who may rely on them as if they were correct. To reduce such overreliance, there have been calls for LLMs to communicate their uncertainty to end users. However, there has been little empirical work examining how users perceive and act upon LLMs’ expressions of uncertainty. We explore this question through a large-scale, pre-registered, human-subject experiment (N=404) in which participants answer medical questions with or without access to responses from a fictional LLM-infused search engine. Using both behavioral and self-reported measures, we examine how different natural language expressions of uncertainty impact participants’ reliance, trust, and overall task performance. We find that first-person expressions (e.g., “I’m not sure, but...”) decrease participants’ confidence in the system and tendency to agree with the system’s answers, while increasing participants’ accuracy. An exploratory analysis suggests that this increase can be attributed to reduced (but not fully eliminated) overreliance on incorrect answers. While we observe similar effects for uncertainty expressed from a general perspective (e.g., “It’s not clear, but...”), these effects are weaker and not statistically significant. Our findings suggest that using natural language expressions of uncertainty may be an effective approach for reducing overreliance on LLMs, but that the precise language used matters. This highlights the importance of user testing before deploying LLMs at scale.",https://doi-org.myaccess.library.utoronto.ca/10.1145/3630106.3658941
2024,Escalation Risks from Language Models in Military and Diplomatic Decision-Making,Juan-Pablo Rivera; Gabriel Mukobi; Anka Reuel; Max Lamparth; Chandler Smith; Jacquelyn Schneider,"Governments are increasingly considering integrating autonomous AI agents in high-stakes military and foreign-policy decision-making, especially with the emergence of advanced generative AI models like GPT-4. Our work aims to scrutinize the behavior of multiple AI agents in simulated wargames, specifically focusing on their predilection to take escalatory actions that may exacerbate multilateral conflicts. Drawing on political science and international relations literature about escalation dynamics, we design a novel wargame simulation and scoring framework to assess the escalation risks of actions taken by these agents in different scenarios. Contrary to prior studies, our research provides both qualitative and quantitative insights and focuses on large language models (LLMs). We find that all five studied off-the-shelf LLMs show forms of escalation and difficult-to-predict escalation patterns. We observe that models tend to develop arms-race dynamics, leading to greater conflict, and in rare cases, even to the deployment of nuclear weapons. Qualitatively, we also collect the models’ reported reasoning for chosen actions and observe worrying justifications based on deterrence and first-strike tactics. Given the high stakes of military and foreign-policy contexts, we recommend further examination and cautious consideration before deploying autonomous language model agents for strategic military or diplomatic decision-making.",https://doi-org.myaccess.library.utoronto.ca/10.1145/3630106.3658942
2024,The Harmful Fetishisation of Reductive Personal Tracking Metrics in Digital Systems,Aisha Sobey; Laura Carter,"Personal tracking and the quantified self have grown increasingly popular as technological capabilities for individual insights have grown. Incorporated into many of these systems is the capacity to monitor metrics over time to offer visualisations of attributes such as health, fitness and nutrition. However, many such systems rely on single, simplified measures to represent these complex phenomena, and due to tracking and visualisations, they add value judgements, such as success and failure, to the users' information. This paper, therefore, aims to shed light on the challenges of reductive measures through the case of the BMI (Body Mass Index). The BMI is a clear example of a reductive measure that is used to offer insight into health in both formal and informal healthcare, despite a substantial body of literature that demonstrates other more accurate factors of health that are easily measured. Through a historical consideration of the origin and narratives around the BMI, we demonstrate the fallacy of its use and offer a broader critique of reductive metrics. This understanding of the BMI allows us to highlight the potential harms arising from personalised ‘health’ tracking technologies and the values encoded into such systems: we use established frameworks of digital harm to demonstrate that using the BMI is harmful for not only well-documented health reasons, but that this harm is exacerbated when it is incorporated into digital technology. Our paper offers a challenge to traditional health thinking and, more broadly, the fetishisation of reductive metrics in data systems.",https://doi-org.myaccess.library.utoronto.ca/10.1145/3630106.3658943
2024,More than the Sum of its Parts: Susceptibility to Algorithmic Disadvantage as a Conceptual Framework,Paola Lopez,"Algorithmic systems are increasingly being applied in contexts of state action to, in some capacity, mediate the relations between state and individual. Disadvantageous effects, such as potential discriminatory outcomes brought forth by different kinds of biases, have been the locus of severe critique by academic scholarship and political activism. There has been scholarly work conceptualizing biases and types of biases, as well as types of harm. Drawing from Elizabeth Anderson’s conceptualization of relational equality, this paper emphasizes the relationality of the encounters between state and individual. This paper introduces ""susceptibility to algorithmic disadvantage"" as a conceptual framework to address the relational constellation at play. Susceptibility to algorithmic disadvantage has a vertical dimension that addresses the relation between a state actor and an individual and a horizontal dimension that is characterized by intersectional inequalities that prevail in societal contexts. Intersectional feminist scholarship has established that interlocking systems of oppression amount to more than the sum of their single-axis parts. Paralleling this argument, this paper argues that susceptibility to algorithmic disadvantage amounts to more than the sum of the vertical and the horizontal dimension: the dimensions co-constitute and reinforce each other. The proposed framework is applied to four international case studies situated in crucial areas of state action: facial recognition in law enforcement in the USA, biometric identification in social welfare in India, dialect recognition in the asylum system in Germany, and grade prediction in the education system in the UK. Viewed through the lens of the proposed framework, heterogeneous use cases in different locations and areas of state action emerge as similar considering the inquiry into questions of justice, rendering the proposed framework a useful tool for analysis.",https://doi-org.myaccess.library.utoronto.ca/10.1145/3630106.3658944
2024,"A Systematic Review of Biometric Monitoring in the Workplace: Analyzing Socio-technical Harms in Development, Deployment and Use",Ezra Awumey; Sauvik Das; Jodi Forlizzi,"Modern advances in AI have increased employer interest in tracking workers’ biometric signals — e.g., their brainwaves and facial expressions — to evaluate and make predictions about their performance and productivity. These technologies afford managers information about internal emotional and physiological states that were previously accessible only to individual workers, raising new concerns around worker privacy and autonomy. Yet, the research literature on the impact of AI-powered biometric work monitoring (AI-BWM) technologies on workers remains fragmented across disciplines and industry sectors, limiting our understanding of its impacts on workers at large. In this paper, we sytematically review 129 papers, spanning varied disciplines and industry sectors, that discuss and analyze the impact of AI-powered biometric monitoring technologies in occupational settings. We situate this literature across a process model that spans the development, deployment, and usage phases of these technologies. We further draw on Shelby et al.’s Taxonomy of Socio-technical Harms in AI systems to systematize the harms experienced by workers across the three phases of our process model. We find that the development, deployment, and sustained use of AI-powered biometric work monitoring technologies put workers at risk of a number of the socio-technical harms specified by Shelby et al.: e.g., by forcing workers to exert additional emotional labor to avoid flagging unreliable affect monitoring systems, or through the use of these data to make inferences about productivity. Our research contributes to the field of critical AI studies by highlighting the potential for a cascade of harms to occur when the impact of these technologies on workers is not considered at all phases of our process model.",https://doi-org.myaccess.library.utoronto.ca/10.1145/3630106.3658945
2024,Beyond Behaviorist Representational Harms: A Plan for Measurement and Mitigation,Jennifer Chien; David Danks,"Algorithmic harms are commonly categorized as either allocative or representational. This study specifically addresses the latter, examining current definitions of representational harms to discern what is included and what is not. This analysis motivates our expansion beyond behavioral definitions to encompass harms to cognitive and affective states. The paper outlines high-level requirements for measurement: identifying the necessary expertise to implement this approach and illustrating it through a case study. Our work highlights the unique vulnerabilities of large language models to perpetrating representational harms, particularly when these harms go unmeasured and unmitigated. The work concludes by presenting proposed mitigations and delineating when to employ them. The overarching aim of this research is to establish a framework for broadening the definition of representational harms and to translate insights from fairness research into practical measurement and mitigation praxis.",https://doi-org.myaccess.library.utoronto.ca/10.1145/3630106.3658946
2024,Gender Representation Across Online Retail Products,Dana Pessach; Barbara Poblete,"We present a broad characterization of gender representation in a large heterogeneous sample of retail products. In particular, we study online product textual information, such as titles and descriptions. Our goal is to understand from a semantic perspective, differences and similarities in how girls (women) and boys (men) are represented. We perform a comparative analysis of the language used in gendered products (i.e., products that mention exclusively either of these two genders), and additionally compare it to products that are explicitly gender neutral or inclusive. We found that the adjectives, skills, occupations, and values described in gendered products tended to reinforce stereotypes. Some of these stereotypes are aligned with historical findings from research on traditional off-line retail stores, and others are new owing to the up-to-date product dataset our research is based on. By leveraging additional existing resources we were able to gain insight into how certain product descriptions reflect stereotypes that are related to soft-skills and hierarchical occupational information. Conversely, we found that a large segment of products present explicitly as gender neutral or inclusive. We explore whether the language used by gender-inclusive products can be useful to improve stereotypes reflected in gendered product text. Specifically, we study its effect in word embedding fairness through debiasing techniques.",https://doi-org.myaccess.library.utoronto.ca/10.1145/3630106.3658947
2024,Visibility into AI Agents,Alan Chan; Carson Ezell; Max Kaufmann; Kevin Wei; Lewis Hammond; Herbie Bradley; Emma Bluemke; Nitarshan Rajkumar; David Krueger; Noam Kolt; Lennart Heim; Markus Anderljung,"Increased delegation of commercial, scientific, governmental, and personal activities to AI agents—systems capable of pursuing complex goals with limited supervision—may exacerbate existing societal risks and introduce new risks. Understanding and mitigating these risks involves critically evaluating existing governance structures, revising and adapting these structures where needed, and ensuring accountability of key stakeholders. Information about where, why, how, and by whom certain AI agents are used, which we refer to as visibility, is critical to these objectives. In this paper, we assess three categories of measures to increase visibility into AI agents: agent identifiers, real-time monitoring, and activity logging. For each, we outline potential implementations that vary in intrusiveness and informativeness. We analyze how the measures apply across a spectrum of centralized through decentralized deployment contexts, accounting for various actors in the supply chain including hardware and software service providers. Finally, we discuss the implications of our measures for privacy and concentration of power. Further work into understanding the measures and mitigating their negative impacts can help to build a foundation for the governance of AI agents.",https://doi-org.myaccess.library.utoronto.ca/10.1145/3630106.3658948
2024,The tensions of data sharing for human rights: A modern slavery case study,Jamie Hancock; Sarada Mahesh; Jennifer Cobbe; Jatinder Singh; Anjali Mazumder,"There are calls for greater data sharing to address human rights issues. Advocates claim this will provide an evidence-base to increase transparency, improve accountability, enhance decision-making, identify abuses, and offer remedies for rights violations. However, these well-intentioned efforts have been found to sometimes enable harms against the people they seek to protect. This paper shows issues relating to fairness, accountability, or transparency (FAccT) in and around data sharing can produce such ‘ironic’ consequences. It does so using an empirical case study: efforts to tackle modern slavery and human trafficking in the UK. We draw on a qualitative analysis of expert interviews, workshops, ecosystem mapping exercises, and a desk-based review. The findings show how, in the UK, a large ecosystem of data providers, hubs, and users emerged to process and exchange data from across the country. We identify how issues including legal uncertainties, non-transparent sharing procedures, and limited accountability regarding downstream uses of data may undermine efforts to tackle modern slavery and place victims of abuses at risk of further harms. Our findings help explain why data sharing activities can have negative consequences for human rights, even within human rights initiatives. Moreover, our analysis offers a window into how FAccT principles for technology relate to the human rights implications of data sharing. Finally, we discuss why these tensions may be echoed in other areas where data sharing is pursued for human rights concerns, identifying common features which may lead to similar results, especially where sensitive data is shared to achieve social goods or policy objectives.",https://doi-org.myaccess.library.utoronto.ca/10.1145/3630106.3658949
2024,Trouble at Sea: Data and digital technology challenges for maritime human rights concerns,Jamie Hancock; Ruoyun Hui; Jatinder Singh; Anjali Mazumder,"Recent years have revealed the severity and scale of human rights abuses at sea. Yet maritime human rights investigations remain challenging due to an array of difficulties, including physical inaccessibility and a complex legal environment. Improving the availability of data has been framed as a solution that will enhance transparency in marine-related activities and improve accountability for rights violations. Such enthusiasm has fuelled the development of technological solutions promising to identify abuses and safeguard vulnerable individuals. However, these efforts clash with concerns over the use of data and technology in human rights practice. In the context of such tensions, this paper studies how data and technology have been integrated within investigations into rights abuses at sea. We examine the challenges posed for transparency, accountability, and fairness regarding communities affected by rights violations. We ask: do data and digital technologies offer effective means for helping to expose rights abuses and hold malicious actors accountable? Or do they introduce new threats to autonomy, privacy, and dignity? We present empirical research based on qualitative engagements with expert practitioners. We find: 1) an increased availability of datasets did not necessarily prevent harm or improve safeguarding for vulnerable people; 2) many tech solutions were detached from affected individuals’ lived experiences and appeared not to meet communities’ needs; 3) uses of data and technology could introduce or aggravate risks to fairness and accountability within human rights investigations. We contribute a much-needed reflection on the actual implications of the use of data and technological tools for communities affected by human rights violations. Regarding maritime human rights, we argue that prioritising large-scale, top-down monitoring to collect larger datasets or market more tech solutions is not the best way for data and technology to contribute to transparency and accountability. Instead, we advocate for deeper engagement with affected communities.",https://doi-org.myaccess.library.utoronto.ca/10.1145/3630106.3658950
2024,From Model Performance to Claim: How a Change of Focus in Machine Learning Replicability Can Help Bridge the Responsibility Gap,Tianqi Kou,"Two goals – improving replicability and accountability of Machine Learning research respectively, have accrued much attention from the AI ethics and the Machine Learning community. Despite sharing the measures of improving transparency, the two goals are discussed in different registers - replicability registers with scientific reasoning whereas accountability registers with ethical reasoning. Given the existing challenge of the responsibility gap – holding Machine Learning scientists accountable for Machine Learning harms due to them being far from sites of application, this paper posits that reconceptualizing replicability can help bridge the gap. Through a shift from model performance replicability to claim replicability, Machine Learning scientists can be held accountable for producing non-replicable claims that are prone to eliciting harm due to misuse and misinterpretation. In this paper, I make the following contributions. First, I define and distinguish two forms of replicability for ML research that can aid constructive conversations around replicability. Second, I formulate an argument for claim-replicability’s advantage over model performance replicability in justifying assigning accountability to Machine Learning scientists for producing non-replicable claims and show how it enacts a sense of responsibility that is actionable. In addition, I characterize the implementation of claim replicability as more of a social project than a technical one by discussing its competing epistemological principles, practical implications on Circulating Reference, Interpretative Labor, and research communication.",https://doi-org.myaccess.library.utoronto.ca/10.1145/3630106.3658951
2024,Structural Interventions and the Dynamics of Inequality,Aurora Zhang; Anette Hosoi,"Recent conversations in the algorithmic fairness literature have raised several concerns with standard conceptions of fairness. First, constraining predictive algorithms to satisfy fairness benchmarks may sometimes lead to non-optimal outcomes for disadvantaged groups. Second, technical interventions are often ineffective by themselves, especially when divorced from an understanding of structural processes that generate social inequality. Inspired by both these critiques, we construct a common decision-making model, using mortgage loans as a running example. We show that under some conditions, any choice of decision threshold will inevitably perpetuate existing disparities in financial stability unless one deviates from the Pareto optimal policy. This confirms the intuition that technical interventions, such as fairness constraints, often do not sufficiently address persistent underlying inequities. Then, we model the effects of three different types of interventions: (1) policy changes in the algorithm’s decision threshold, and external changes to parameters that govern the downstream effects of late payment for (2) the whole population or (3) disadvantaged subgroups. We show how different interventions are recommended depending on the difficulty of enacting structural change upon external parameters and depending on the policymaker’s preferences for equity or efficiency. Counterintuitively, we demonstrate that preferences for efficiency over equity may sometimes lead to recommendations for interventions that target the under-resourced group alone. Finally, we simulate the effects of interventions on a dataset that combines HMDA and Fannie Mae loan data. This research highlights the ways that structural inequality can be perpetuated by seemingly unbiased decision mechanisms, and it shows that in many situations, technical solutions must be paired with external, context-aware interventions to enact social change.",https://doi-org.myaccess.library.utoronto.ca/10.1145/3630106.3658952
2024,Explainable Artificial Intelligence for Academic Performance Prediction. An Experimental Study on the Impact of Accuracy and Simplicity of Decision Trees on Causability and Fairness Perceptions,"Marco L\""{u}nich; Birte Keller","The rising adoption of learning analytics and academic performance prediction technologies in higher education highlights the urgent need for transparency and explainability. This demand, rooted in ethical concerns and fairness considerations, converges with Explainable Artificial Intelligence (XAI) principles. Despite the recognized importance of transparency and fairness in learning analytics, empirical studies examining student fairness perceptions, particularly within academic performance prediction, remain limited. We conducted a pre-registered factorial survey experiment involving 1,047 German students to investigate how decision tree features (simplicity and accuracy) influence perceived distributive and informational fairness, mediated by causability (i.e., the self-assessed understandability of a machine learning model’s cause-effect linkages). Additionally, we examined the moderating role of institutional trust in these relationships. Our results indicate that decision tree simplicity positively affects fairness perceptions, mediated by causability. In contrast, prediction accuracy neither directly nor indirectly influences these perceptions. Even if the hypothesized effects of interest are either minor or non-existent, results show that the medium positive effect of causability on the distributive fairness assessment depends on institutional trust. These findings substantially impact the crafting of transparent machine learning models in educational settings. We discuss important implications for fairness and transparency in implementing academic performance prediction systems.",https://doi-org.myaccess.library.utoronto.ca/10.1145/3630106.3658953
2024,Mitigating Group Bias in Federated Learning for Heterogeneous Devices,Khotso Selialia; Yasra Chandio; Fatima M. Anwar,"Federated learning is emerging as a privacy-preserving model training approach in distributed edge applications. As such, most edge deployments are heterogeneous in nature, i.e., their sensing capabilities and environments vary across deployments. This edge heterogeneity violates the independence and identical distribution (IID) property of local data across clients. It produces biased global models, i.e., models that contribute to unfair decision-making and discrimination against a particular community or a group. Existing bias mitigation techniques only focus on bias generated from label heterogeneity in non-IID data without accounting for domain variations due to feature heterogeneity. Our work proposes a group-fair FL framework that minimizes group-bias while preserving privacy. Our main idea is to leverage average conditional probabilities to compute a cross-domain group importance weights derived from heterogeneous training data to optimize the performance of the worst-performing group using a modified multiplicative weights update method. Additionally, we propose regularization techniques to minimize the difference between the worst and best-performing groups while ensuring through our thresholding mechanism to strike a balance between bias reduction and group performance degradation. Our evaluation of image classification benchmarks assesses the fair decision-making of our framework in real-world settings.",https://doi-org.myaccess.library.utoronto.ca/10.1145/3630106.3658954
2024,Machine learning data practices through a data curation lens: An evaluation framework,Eshta Bhardwaj; Harshit Gujral; Siyi Wu; Ciara Zogheib; Tegan Maharaj; Christoph Becker,"Studies of dataset development in machine learning call for greater attention to the data practices that make model development possible and shape its outcomes. Many argue that the adoption of theory and practices from archives and data curation fields can support greater fairness, accountability, transparency, and more ethical machine learning. In response, this paper examines data practices in machine learning dataset development through the lens of data curation. We evaluate data practices in machine learning as data curation practices. To do so, we develop a framework for evaluating machine learning datasets using data curation concepts and principles through a rubric. Through a mixed-methods analysis of evaluation results for 25 ML datasets, we study the feasibility of data curation principles to be adopted for machine learning data work in practice and explore how data curation is currently performed. We find that researchers in machine learning, which often emphasizes model development, struggle to apply standard data curation principles. Our findings illustrate difficulties at the intersection of these fields, such as evaluating dimensions that have shared terms in both fields but non-shared meanings, a high degree of interpretative flexibility in adapting concepts without prescriptive restrictions, obstacles in limiting the depth of data curation expertise needed to apply the rubric, and challenges in scoping the extent of documentation dataset creators are responsible for. We propose ways to address these challenges and develop an overall framework for evaluation that outlines how data curation concepts and methods can inform machine learning data practices.",https://doi-org.myaccess.library.utoronto.ca/10.1145/3630106.3658955
2024,When Human-AI Interactions Become Parasocial: Agency and Anthropomorphism in Affective Design,Takuya Maeda; Anabel Quan-Haase,"With the continuous improvement of large language models (LLMs), chatbots can produce coherent and continuous word sequences that mirror natural human language. While the use of natural language and human-like conversation styles enables the use of chatbots within a range of everyday settings, these usability-enhancing features can also have unintended consequences, such as making fallible information seem trustworthy by emphasizing friendliness and closeness. This can have serious implications for information retrieval tasks performed with chatbots. In this paper, we provide an overview of the literature on parasociality, social affordance, and trust to bridge these concepts within human-AI interactions. We critically examine how chatbot “roleplaying” and user role projection co-produce a pseudo-interactive, technologically-mediated space with imbalanced dynamics between users and chatbots. Based on the review of the literature, we develop a conceptual framework of parasociality in chatbots that describes interactions between humans and anthropomorphized chatbots. We dissect how chatbots use personal pronouns, conversational conventions, affirmations, and similar strategies to position the chatbots as users’ companions or assistants, and how these tactics induce trust-forming behaviors in users. Finally, based on the conceptual framework, we outline a set of ethical concerns that emerge from parasociality, including illusions of reciprocal engagement, task misalignment, and leaks of sensitive information. This paper argues that these possible consequences arise from a positive feedback cycle wherein anthropomorphized chatbot features encourage users to fill in the context around predictive outcomes.",https://doi-org.myaccess.library.utoronto.ca/10.1145/3630106.3658956
2024,A Framework for Assurance Audits of Algorithmic Systems,Khoa Lam; Benjamin Lange; Borhane Blili-Hamelin; Jovana Davidovic; Shea Brown; Ali Hasan,"An increasing number of regulations propose ‘AI audits’ as a mechanism for achieving transparency and accountability for artificial intelligence (AI) systems. Despite some converging norms around various forms of AI auditing, auditing for the purpose of compliance and assurance currently lacks agreed-upon practices, procedures, taxonomies, and standards. We propose the ‘criterion audit’ as an operationalizable compliance and assurance external audit framework. We model elements of this approach after financial auditing practices, and argue that AI audits should similarly provide assurance to their stakeholders about AI organizations’ ability to govern their algorithms in ways that mitigate harms and uphold human values. We discuss the necessary conditions for the criterion audit and provide a procedural blueprint for performing an audit engagement in practice. We illustrate how this framework can be adapted to current regulations by deriving the criteria on which ‘bias audits’ can be performed for in-scope hiring algorithms, as required by the recently effective New York City Local Law 144 of 2021. We conclude by offering a critical discussion on the benefits, inherent limitations, and implementation challenges of applying practices of the more mature financial auditing industry to AI auditing where robust guardrails against quality assurance issues are only starting to emerge. Our discussion—informed by experiences in performing these audits in practice—highlights the critical role that an audit ecosystem plays in ensuring the effectiveness of audits.",https://doi-org.myaccess.library.utoronto.ca/10.1145/3630106.3658957
2024,"Building, Shifting, \&amp; Employing Power: A Taxonomy of Responses From Below to Algorithmic Harm",Alicia DeVrio; Motahhare Eslami; Kenneth Holstein,"A large body of research has attempted to ensure that algorithmic systems adhere to notions of fairness and transparency. Increasingly, researchers have highlighted that mitigating algorithmic harms requires explicitly taking power structures into account. Those with power over algorithmic systems often fail to sufficiently address algorithmic harms and rarely consult those directly harmed by algorithmic systems. Left to their own devices, people respond to algorithmic harms they encounter in a wide variety of ways, but we lack broader, overarching understandings of these responses. In this work, we synthesize documented, historical cases into a taxonomy of responses “from below” to algorithmic harm. Our taxonomy connects different types of responses to existing theorizations of power from fields including anthropology, human-computer interaction, and communication, centering how people employ, shift, and build power in their responses to algorithmic harm. Based on our taxonomy, we highlight an opportunity space for the FAccT community to engage with and support such action from below.",https://doi-org.myaccess.library.utoronto.ca/10.1145/3630106.3658958
2024,Auditing Work: Exploring the New York City algorithmic bias audit regime,Lara Groves; Jacob Metcalf; Alayna Kennedy; Briana Vecchione; Andrew Strait,"In July 2023, New York City (NYC) implemented the first attempt to create an algorithm auditing regime for commercial machine-learning systems. Local Law 144 (LL 144), requires NYC-based employers using automated employment decision-making tools (AEDTs) in hiring to be subject to annual bias audits by an independent auditor. In this paper, we analyse what lessons can be learned from LL 144 for other national attempts to create algorithm auditing regimes. Using qualitative interviews with 17 experts and practitioners working within the regime, we find LL 144 has failed to create an effective auditing regime: the law fails to clearly define key aspects like AEDTs and what constitutes an independent auditor, leaving auditors, vendors who create AEDTs, and companies using AEDTs to define the law’s practical implementation in ways that failed to protect job applicants. Several factors contribute to this: first, the law was premised on a faulty transparency-driven theory of change that fails to stop biased AEDTs from being used by employers. Second, industry lobbying led to the definition of what constitutes an AEDT being narrowed to the point where most companies considered their tools exempt. Third, we find auditors face enormous practical and cultural challenges gaining access to data from employers and vendors building these tools. Fourth, we find wide disagreement over what constitutes a legitimate auditor and identify four different kinds of ‘auditor roles’ that serve different functions and offer different kinds of services. We conclude with four recommendations for policymakers seeking to create similar bias auditing regimes that use clearer definitions and metrics and more accountability. By exploring LL 144 through the lens of auditors, our paper advances the evidence base around audit as an accountability mechanism, and can provide guidance for policymakers seeking to create similar regimes.",https://doi-org.myaccess.library.utoronto.ca/10.1145/3630106.3658959
2024,Automated Transparency: A Legal and Empirical Analysis of the Digital Services Act Transparency Database,Rishabh Kaushal; Jacob Van De Kerkhof; Catalina Goanta; Gerasimos Spanakis; Adriana Iamnitchi,"The Digital Services Act (DSA) is a much awaited platforms liability reform in the European Union that was adopted on 1 November 2022 with the ambition to set a global example in terms of accountability and transparency. Among other obligations, the DSA emphasizes the need for online platforms to report on their content moderation decisions (‘statements of reasons’ - SoRs), which is a novel transparency mechanism we refer to as automated transparency in this study. SoRs are currently made available in the DSA Transparency Database, launched by the European Commission in September 2023. The DSA Transparency Database marks a historical achievement in platform governance, and allows investigations about the actual transparency gains, both at structure level as well as at the level of platform compliance. This study aims to understand whether the Transparency Database helps the DSA to live up to its transparency promises. We use legal and empirical arguments to show that while there are some transparency gains, compliance remains problematic, as the current database structure allows for a lot of discretion from platforms in terms of transparency practices. In our empirical study, we analyze a representative sample of the Transparency Database (131m SoRs) submitted in November 2023, to characterise and evaluate platform content moderation practices.",https://doi-org.myaccess.library.utoronto.ca/10.1145/3630106.3658960
2024,PreFAIR: Combining Partial Preferences for Fair Consensus Decision-making,Kathleen Cachel; Elke Rundensteiner,"Preference aggregation mechanisms help decision-makers combine diverse preference rankings produced by multiple voters into a single consensus ranking. Prior work has developed methods for aggregating multiple rankings into a fair consensus over the same set of candidates. Yet few real-world problems present themselves as such precisely formulated aggregation tasks with each voter fully ranking all candidates. Instead, preferences are often expressed as rankings over partial and even disjoint subsets of candidates. For instance, hiring committee members typically opt to rank their top choices instead of exhaustively ordering every single job applicant. However, the existing literature does not offer a framework for characterizing nor ensuring group fairness in such partial preference aggregation tasks. Unlike fully ranked settings, partial preferences imply both a selection decision of whom to rank plus an ordering decision of how to rank the selected candidates. Our work fills this gap by conceptualizing the open problem of fair partial preference aggregation. We introduce an impossibility result for fair selection from partial preferences and design a computational framework showing how we can navigate this obstacle. Inspired by Single Transferable Voting, our proposed solution PreFair produces consensus rankings that are fair in the selection of candidates and also in their relative ordering. Our experimental study demonstrates that PreFair achieves the best performance in this dual fairness objective compared to state-of-the-art alternatives adapted to this new problem while still satisfying voter preferences.",https://doi-org.myaccess.library.utoronto.ca/10.1145/3630106.3658961
2024,Algorithmic Transparency and Participation through the Handoff Lens: Lessons Learned from the U.S. Census Bureau’s Adoption of Differential Privacy,Amina A. Abdu; Lauren M. Chambers; Deirdre K. Mulligan; Abigail Z. Jacobs,"Emerging discussions on the responsible government use of algorithmic technologies propose transparency and public participation as key mechanisms for preserving accountability and trust. But in practice, the adoption and use of any technology shifts the social, organizational, and political context in which it is embedded. Therefore translating transparency and participation efforts into meaningful, effective accountability must take into account these shifts. We adopt two theoretical frames, Mulligan and Nissenbaum’s handoff model and Star and Griesemer’s boundary objects, to reveal such shifts during the U.S. Census Bureau’s adoption of differential privacy (DP) in its updated disclosure avoidance system (DAS) for the 2020 census. This update preserved (and arguably strengthened) the confidentiality protections that the Bureau is mandated to uphold, and the Bureau engaged in a range of activities to facilitate public understanding of and participation in the system design process. Using publicly available documents concerning the Census’ implementation of DP, this case study seeks to expand our understanding of how technical shifts implicate values, how such shifts can afford (or fail to afford) greater transparency and participation in system design, and the importance of localized expertise throughout. We present three lessons from this case study toward grounding understandings of algorithmic transparency and participation: (1) efforts towards transparency and participation in algorithmic governance must center values and policy decisions, not just technical design decisions; (2) the handoff model is a useful tool for revealing how such values may be cloaked beneath technical decisions; and (3) boundary objects alone cannot bridge distant communities without trusted experts traveling alongside to broker their adoption.",https://doi-org.myaccess.library.utoronto.ca/10.1145/3630106.3658962
2024,Auditing Image-based NSFW Classifiers for Content Filtering,Warren Leu; Yuta Nakashima; Noa Garcia,"This paper examines NSFW (Not Safe For Work) image classifiers for content filtering. Through an audit of three prevalent NSFW classifiers, we analyze the relationship between NSFW predictions and three demographic factors: gender, skin-tone, and age. Our study reveals that women are disproportionately more frequently misclassified as NSFW compared to men, even when they appear conducting common daily-life activities. Additionally, we find that NSFW classifiers tend to mispredict images of people with lighter skin-tones and images depicting younger people. We explore the causes of such mispredictions by analyzing the explanatory pixel maps, which reveal some of the reasons behind the misclassifications. Overall, the implications of our findings become particularly salient when considering the application of filters based on NSFW classifiers, which we identified to have a direct impact on image datasets, computer vision models, generative AI, user experience, and artistic creativity. In summary, we hope our study brings attention to the inherent biases within NSFW classifiers and underscores the importance of addressing these issues to ensure fair and equitable outcomes in content filtering.",https://doi-org.myaccess.library.utoronto.ca/10.1145/3630106.3658963
2024,Should Users Trust Advanced AI Assistants? Justified Trust As a Function of Competence and Alignment,Arianna Manzini; Geoff Keeling; Nahema Marchal; Kevin R. McKee; Verena Rieser; Iason Gabriel,"As AI assistants become increasingly sophisticated and deeply integrated into our lives, questions of trust rise to the forefront. In this paper, we build on philosophical studies of trust to investigate when user trust in AI assistants is justified. By moving beyond a focus on the technical artefact in isolation, we consider the broader societal system in which AI assistants are developed and deployed. We conceptualise user trust in AI assistants as encompassing two main targets, namely AI assistants and their developers. We argue that – as AI assistants become more human like and exhibit increased agency – discerning when user trust is justified requires consideration not only of competence, on the part of AI assistants and their developers, but also alignment between the competing interests, values or incentives of AI assistants, developers and users. To help users understand if and when their trust in the competence and alignment of AI assistants and developers is justified, we propose a sociotechnical approach that requires evidence to be collected at three levels: AI assistant design, organisational practices and third-party governance. Taken together, these measures can help harness the transformative potential of AI assistants while also ensuring their operation is ethical and value aligned.",https://doi-org.myaccess.library.utoronto.ca/10.1145/3630106.3658964
2024,Impact Charts: A Tool for Identifying Systematic Bias in Social Systems and Data,Darren Erik Vengroff,"We introduce impact charts and apply them to problems of systematic bias encoded in three different data sets. Impact charts are highly visual, making the effects they find easy to understand by both domain experts and non-experts. Impact charts are nonlinear and non-parametric, so they are able to identify structural biases whose functional forms are not a priori well understood. Impact charts are based on SHAP, an interpretability method initially designed to interpret predictions made by Machine Learning (ML) models, which is in turn based on Shapley values, an approach to assigning responsibility for economic outcomes to different factors. Although impact charts use techniques from the ML community, they are intended for use in general settings, whether ML is present or not. Impact charts provide valuable insights even when generated from aggregate data sets. Aggregate data sets typically provide the individuals whose data they are derived from an additional level of privacy as compared to the original unaggregated data. In this work, we relied predominantly on aggregate data from the U.S. Census Bureau, which is known to have a robust privacy program. We introduce and evaluate impact charts using three examples of their use. Our first example uses impact charts to identify racial and ethnic bias in eviction rates. Our second example uses U.S. Census data to identify racial and ethnic bias in housing prices. Our third example assesses the impact of several factors on local access to supermarkets. All three examples not only correct for the effects of income, but also clearly demonstrate the relative impact of income as compared to racial and ethnic features. For example, we demonstrate that in some areas like DeKalb County, GA, the fraction of the population that is Black impacts eviction rates three times more than income does. In addition to the impact charts specifically discussed herein, we have produced thousands of geographically localized impact charts for the data sets mentioned above. There is wide variation in the shape and structure of impact plots built using data from different local areas. We hypothesize that in the future work we will be able to categorize these and identify local policy decisions, whether de jure or de facto that cause the differences from one area to the next.",https://doi-org.myaccess.library.utoronto.ca/10.1145/3630106.3658965
2024,Laboratory-Scale AI: Open-Weight Models are Competitive with ChatGPT Even in Low-Resource Settings,Robert Wolfe; Isaac Slaughter; Bin Han; Bingbing Wen; Yiwei Yang; Lucas Rosenblatt; Bernease Herman; Eva Brown; Zening Qu; Nic Weber; Bill Howe,"The rapid proliferation of generative AI has raised questions about the competitiveness of lower-parameter, locally tunable, open-weight models relative to high-parameter, API-guarded, closed-weight models in terms of performance, domain adaptation, cost, and generalization. Centering under-resourced yet risk-intolerant settings in government, research, and healthcare, we see for-profit closed-weight models as incompatible with requirements for transparency, privacy, adaptability, and standards of evidence. Yet the performance penalty in using open-weight models, especially in low-data and low-resource settings, is unclear. We assess the feasibility of using smaller, open-weight models to replace GPT-4-Turbo in zero-shot, few-shot, and fine-tuned regimes, assuming access to only a single, low-cost GPU. We assess value-sensitive issues around bias, privacy, and abstention on three additional tasks relevant to those topics. We find that with relatively low effort, very low absolute monetary cost, and relatively little data for fine-tuning, small open-weight models can achieve competitive performance in domain-adapted tasks without sacrificing generality. We then run experiments considering practical issues in bias, privacy, and hallucination risk, finding that open models offer several benefits over closed models. We intend this work as a case study in understanding the opportunity cost of reproducibility and transparency over for-profit state-of-the-art zero shot performance, finding this cost to be marginal under realistic settings.",https://doi-org.myaccess.library.utoronto.ca/10.1145/3630106.3658966
2024,WorldBench: Quantifying Geographic Disparities in LLM Factual Recall,Mazda Moayeri; Elham Tabassi; Soheil Feizi,"As large language models (LLMs) continue to improve and gain popularity, some may use the models to recall facts, despite well documented limitations with LLM factuality. Towards ensuring that models work reliably for all, we seek to uncover if geographic disparities emerge when asking an LLM the same question about different countries. To this end, we present WorldBench, a dynamic and flexible benchmark composed of per-country data from the World Bank. In extensive experiments on state of the art open and closed source models, including GPT-4, Gemini, Llama-2, and Vicuna, to name a few, we find significant biases based on region and income level. For example, error rates are 1.5 times higher for countries from Sub-Saharan Africa compared to North American countries. We observe these disparities to be consistent over 20 LLMs and 11 individual World Bank indicators (i.e. specific statistics, such as population or CO2 emissions). WorldBench also enables automatic detection of citation hallucination, where models cite the World Bank itself while providing false statistics, and a manner to assess when an LLM’s stored facts begin to go out of date. We hope our benchmark will draw attention to geographic disparities in existing LLMs and facilitate the remedying of these biases.",https://doi-org.myaccess.library.utoronto.ca/10.1145/3630106.3658967
2024,The Dark Side of Dataset Scaling: Evaluating Racial Classification in Multimodal Models,Abeba Birhane; Sepehr Dehdashtian; Vinay Prabhu; Vishnu Boddeti,"‘Scale the model, scale the data, scale the GPU farms’ is the reigning sentiment in the world of generative AI today. While model scaling has been extensively studied, data scaling and its downstream impacts on model performance remain under-explored. This is particularly important in the context of multimodal datasets whose main source is the World Wide Web, condensed and packaged as the Common Crawl dump, which is known to exhibit numerous drawbacks. In this paper, we evaluate the downstream impact of dataset scaling on 14 visio-linguistic models (VLMs) trained on the LAION400-M and LAION-2B datasets by measuring racial and gender bias using the Chicago Face Dataset (CFD) as the probe. Our results show that as the training data increased, the probability of a pre-trained CLIP model misclassifying human images as offensive non-human classes such as chimpanzee, gorilla, and orangutan decreased, but misclassifying the same images as human offensive classes such as criminal increased. Furthermore, of the 14 Vision Transformer-based VLMs we evaluated, the probability of predicting an image of a Black man and a Latino man as criminal increases by 65\% and 69\%, respectively, when the dataset is scaled from 400M to 2B samples for the larger ViT-L models. Conversely, for the smaller base ViT-B models, the probability of predicting an image of a Black man and a Latino man as criminal decreases by 20\% and 47\%, respectively, when the dataset is scaled from 400M to 2B samples. We ground the model audit results in a qualitative and historical analysis, reflect on our findings and their implications for dataset curation practice, and close with a summary of mitigation mechanisms and ways forward. All the meta-datasets curated in this endeavor and the code used are shared at: https://github.com/SepehrDehdashtian/the-dark-side-of-dataset-scaling. Content warning: This article contains racially dehumanising and offensive descriptions.",https://doi-org.myaccess.library.utoronto.ca/10.1145/3630106.3658968
2024,Speaking of accent: A content analysis of accent misconceptions in ASR research,Kerri Prinos; Neal Patwari; Cathleen A. Power,"Automatic speech recognition (ASR) researchers are working to address the differing transcription performance of ASR by accent or dialect. However, research often has a limited view of accent in ways that reproduce discrimination and limit the scope of potential solutions. In this paper we present a content analysis of 22 papers published in 2022 in top conferences and journals on the topic of accent and ASR. We report on how accent is sometimes mistakenly viewed as something some people don’t have; as having a default; and being an attribute only of the speaker, and not of the listener. We discuss the implications on research and provide recommendations to researchers who hope to reduce ASR biases by accent.",https://doi-org.myaccess.library.utoronto.ca/10.1145/3630106.3658969
2024,Law and the Emerging Political Economy of Algorithmic Audits,"Petros Terzis; Michael Veale; No\""{e}lle Gaumann","For almost a decade now, scholarship in and beyond the ACM FAccT community has been focusing on novel and innovative ways and methodologies to audit the functioning of algorithmic systems. Over the years, this research idea and technical project has matured enough to become a regulatory mandate. Today, the Digital Services Act (DSA) and the Online Safety Act (OSA) have established the framework within which technology corporations and (traditional) auditors will develop the ‘practice’ of algorithmic auditing thereby presaging how this ‘ecosystem’ will develop. In this paper, we systematically review the auditing provisions in the DSA and the OSA in light of observations from the emerging industry of algorithmic auditing. Who is likely to occupy this space? What are some political and ethical tensions that are likely to arise? How are the mandates of ‘independent auditing’ or ‘the evaluation of the societal context of an algorithmic function’ likely to play out in practice? By shaping the picture of the emerging political economy of algorithmic auditing, we draw attention to strategies and cultures of traditional auditors that risk eroding important regulatory pillars of the DSA and the OSA. Importantly, we warn that ambitious research ideas and technical projects of/for algorithmic auditing may end up crashed by the standardising grip of traditional auditors and/or diluted within a complex web of (sub-)contractual arrangements, diverse portfolios, and tight timelines.",https://doi-org.myaccess.library.utoronto.ca/10.1145/3630106.3658970
2024,Meaningful Transparency for Clinicians: Operationalising HCXAI Research with Gynaecologists,Bianca Giulia Sarah Schor; Emma Kallina; Jatinder Singh; Alan Blackwell,"AI systems can bring great benefits to our healthcare systems, e.g. by improving patient outcomes. Yet implementing them into clinical practice remains challenging. To bridge the gap between academic research and design implementation, we argue clinicians need transparency about such systems that is meaningful—i.e. contextually appropriate—to them. Towards this, we explore recent HCXAI recommendations for building transparent AI systems for users in a specific domain: gynaecology. By better understanding clinicians’ perspectives on meaningful transparency, our aim is to complement and help operationalise such recommendations. We conduct a co-design workshop and interviews with n=15 gynaecologists in the UK and the Netherlands. We show that HCXAI must better account for clinical teams with different types of gynaecologist users, and that the timeliness and relevance of the information provided about the AI-based tool throughout its design lifecycle—in particular before a tool is implemented into clinical practice—is crucial for transparency to become meaningful. Our contributions include: i) testing recommendations from the latest HCXAI literature with a prospective, real-life AI application in a relatively less-studied clinical domain; ii) describing and visualising gynaecologists’ understanding of meaningful transparency for clinicians; iii) outlining four design recommendations towards realising meaningful transparency for clinicians and opportunities for research; and iv) expanding HCI and AI research in women’s health by directly engaging with gynaecologists as users and co-designers. Exploring such issues is key to facilitate the implementation of AI systems that meet clinicians’ information needs and that they can trust.",https://doi-org.myaccess.library.utoronto.ca/10.1145/3630106.3658971
2024,A Causal Perspective on Label Bias,Vishwali Mhasawade; Alexander D'Amour; Stephen R Pfohl,"Predictive models developed with machine learning techniques are commonly used to inform decision making and resource allocation in high-stakes contexts, such as healthcare and public health. One means through which this practice may propagate equity-related harms is when the data used for model development or evaluation exhibits label bias. In such cases, the target of prediction is a proxy label of a construct of interest that may be difficult or impossible to measure, while the relationship between the proxy and the construct of interest differs systematically across subgroups. Label bias can be especially challenging to identify and mitigate in practice because consequential fairness violations are masked when the model is evaluated with respect to the proxy label. In this work, we aim to develop further formal understanding of label bias to inform the development of approaches for the identification and mitigation of it. To do so, we present desiderata for unbiased and biased proxy labels, introduce candidate causal graphical criteria for label bias, and consider the extent to which proxy labels can be used to reason about fairness with respect to a true construct of interest. We validate our findings with a simulation study and experiments with synthetic health insurance data used in the context of a care management system.",https://doi-org.myaccess.library.utoronto.ca/10.1145/3630106.3658972
2024,Epistemic Power in AI Ethics Labor: Legitimizing Located Complaints,David Gray Widder,"What counts as legitimate AI ethics labor, and consequently, what are the epistemic terms on which AI ethics claims are rendered legitimate? Based on 75 interviews with technologists including researchers, developers, open source contributors, and activists, this paper explores the various epistemic bases from which AI ethics is discussed and practiced. In the context of outside attacks on AI ethics as an impediment to “progress,” I show how some AI ethics practices have reached toward authority from automation and quantification, and achieved some legitimacy as a result, while those based on richly embodied and situated lived experience have not. This paper draws together the work of feminist Anthropology and Science and Technology Studies scholars Diana Forsythe and Lucy Suchman with the works of postcolonial feminist theorist Sara Ahmed and Black feminist theorist Kristie Dotson to examine the implications of dominant AI ethics practices. By entrenching the epistemic power of quantification, dominant AI ethics practices—employing Model Cards and similar interventions—risk legitimizing AI ethics as a project in equal and opposite measure to which they marginalize lived experience as a legitimate part of the same project. In response, I propose humble technical practices: quantified or technical practices which specifically seek to make their epistemic limits clear in order to flatten hierarchies of epistemic power.",https://doi-org.myaccess.library.utoronto.ca/10.1145/3630106.3658973
2024,One Model Many Scores: Using Multiverse Analysis to Prevent Fairness Hacking and Evaluate the Influence of Model Design Decisions,Jan Simson; Florian Pfisterer; Christoph Kern,"A vast number of systems across the world use algorithmic decision making (ADM) to (partially) automate decisions that have previously been made by humans. The downstream effects of ADM systems critically depend on the decisions made during a systems’ design, implementation, and evaluation, as biases in data can be mitigated or reinforced along the modeling pipeline. Many of these decisions are made implicitly, without knowing exactly how they will influence the final system. To study this issue, we draw on insights from the field of psychology and introduce the method of multiverse analysis for algorithmic fairness. In our proposed method, we turn implicit decisions during design and evaluation into explicit ones and demonstrate their fairness implications. By combining decisions, we create a grid of all possible “universes” of decision combinations. For each of these universes, we compute metrics of fairness and performance. Using the resulting dataset, one can investigate the variability and robustness of fairness scores and see how and which decisions impact fairness. We demonstrate how multiverse analyses can be used to better understand fairness implications of design and evaluation decisions using an exemplary case study of predicting public health care coverage for vulnerable populations. Our results highlight how decisions regarding the evaluation of a system can lead to vastly different fairness metrics for the same model. This is problematic, as a nefarious actor could optimise or “hack” a fairness metric to portray a discriminating model as fair merely by changing how it is evaluated. We illustrate how a multiverse analysis can help to address this issue.",https://doi-org.myaccess.library.utoronto.ca/10.1145/3630106.3658974
2024,"Large Language Models Portray Socially Subordinate Groups as More Homogeneous, Consistent with a Bias Observed in Humans",Messi H.J. Lee; Jacob M. Montgomery; Calvin K. Lai,"Large language models (LLMs) are becoming pervasive in everyday life, yet their propensity to reproduce biases inherited from training data remains a pressing concern. Prior investigations into bias in LLMs have focused on the association of social groups with stereotypical attributes. However, this is only one form of human bias such systems may reproduce. We investigate a new form of bias in LLMs that resembles a social psychological phenomenon where socially subordinate groups are perceived as more homogeneous than socially dominant groups. We had ChatGPT, a state-of-the-art LLM, generate texts about intersectional group identities and compared those texts on measures of homogeneity. We consistently found that ChatGPT portrayed African, Asian, and Hispanic Americans as more homogeneous than White Americans, indicating that the model described racial minority groups with a narrower range of human experience. ChatGPT also portrayed women as more homogeneous than men, but these differences were small. Finally, we found that the effect of gender differed across racial/ethnic groups such that the effect of gender was consistent within African and Hispanic Americans but not within Asian and White Americans. We argue that the tendency of LLMs to describe groups as less diverse risks perpetuating stereotypes and discriminatory behavior.",https://doi-org.myaccess.library.utoronto.ca/10.1145/3630106.3658975
2024,Perceptive Visual Urban Analytics is Not (Yet) Suitable for Municipalities,Tim Alpherts; Sennay Ghebreab; Yen-Chia Hsu; Nanne Van Noord,"The use of Computer Vision, through a Perceptive Visual Urban Analytics (VUA) paradigm, has been proposed as a way for municipalities to more easily monitor their cities. However, prior studies fall short of actually investigating whether Perceptive VUA is ready for municipal use. In this paper we take a critical look at this paradigm by comparing key methods and evaluating them on usability and trustworthiness with municipal experts as well as Responsible AI and Computer Vision researchers. Based on on this evaluation we find that Perceptive VUA is not (yet) ready for municipal use as they do not incorporate domain knowledge and overly rely on spurious correlations. We conclude by providing recommendations for how to progress Perceptive VUA such that it may actually contribute to improving the liveability and quality of urban environments.",https://doi-org.myaccess.library.utoronto.ca/10.1145/3630106.3658976
2024,The Impact of Differential Feature Under-reporting on Algorithmic Fairness,Nil-Jana Akpinar; Zachary Lipton; Alexandra Chouldechova,"Predictive risk models in the public sector are commonly developed using administrative data that is more complete for subpopulations that more greatly rely on public services. In the United States, for instance, information on health care utilization is routinely available to government agencies for individuals supported by Medicaid and Medicare, but not for the privately insured. Critiques of public sector algorithms have identified such “differential feature under-reporting” as a driver of disparities in algorithmic decision-making. Yet this form of data bias remains understudied from a technical viewpoint. While prior work has examined the fairness impacts of additive feature noise and features that are clearly marked as missing, little is known about the setting of data missingness absent indicators (i.e. differential feature under-reporting). In this work, we study an analytically tractable model of differential feature under-reporting to characterizethe impact of under-report on algorithmic fairness. We demonstrate how standard missing data methods typically fail to mitigate bias in this setting, and propose a new set of augmented loss and imputation methods. Our results show that, in real world data settings, under-reporting typically exacerbates disparities. The proposed solution methods show some success in mitigating disparities attributable to feature under-reporting.",https://doi-org.myaccess.library.utoronto.ca/10.1145/3630106.3658977
2024,Beyond Eviction Prediction: Leveraging Local Spatiotemporal Public Records to Inform Action,Tasfia Mashiat; Alex DiChristofano; Patrick J. Fowler; Sanmay Das,"There has been considerable recent interest in scoring properties on the basis of eviction risk. The success of methods for eviction prediction is typically evaluated using different measures of predictive accuracy. However, the underlying goal of such prediction is to direct appropriate assistance to households that may be at greater risk so they remain stably housed. Thus, we must ask the question of how useful such predictions are in targeting outreach efforts – informing action. In this paper, we investigate this question using a novel dataset that matches information on properties, evictions, and owners. We perform an eviction prediction task to produce risk scores and then use these risk scores to plan targeted outreach policies. We show that the risk scores are, in fact, useful, enabling a theoretical team of caseworkers to reach more eviction-prone properties in the same amount of time, compared to outreach policies that are either neighborhood-based or focus on buildings with a recent history of evictions. We also discuss the importance of neighborhood and ownership features in both risk prediction and targeted outreach.",https://doi-org.myaccess.library.utoronto.ca/10.1145/3630106.3658978
2024,Collective Constitutional AI: Aligning a Language Model with Public Input,Saffron Huang; Divya Siddarth; Liane Lovitt; Thomas I. Liao; Esin Durmus; Alex Tamkin; Deep Ganguli,"There is growing consensus that language model (LM) developers should not be the sole deciders of LM behavior, creating a need for methods that enable the broader public to collectively shape the behavior of LM systems that affect them. To address this need, we present Collective Constitutional AI (CCAI): a multi-stage process for sourcing and integrating public input into LMs—from identifying a target population to sourcing principles to training and evaluating a model. We demonstrate the real-world practicality of this approach by creating what is, to our knowledge, the first LM fine-tuned with collectively sourced public input and evaluating this model against a baseline model trained with established principles from a LM developer. Our quantitative evaluations demonstrate several benefits of our approach: the CCAI-trained model shows lower bias across nine social dimensions compared to the baseline model, while maintaining equivalent performance on language, math, and helpful-harmless evaluations. Qualitative comparisons of the models suggest that the models differ on the basis of their respective constitutions, e.g., when prompted with contentious topics, the CCAI-trained model tends to generate responses that reframe the matter positively instead of a refusal. These results demonstrate a promising, tractable pathway toward publicly informed development of language models.",https://doi-org.myaccess.library.utoronto.ca/10.1145/3630106.3658979
2024,Fairness in Online Ad Delivery,Joachim Baumann; Piotr Sapiezynski; Christoph Heitz; Aniko Hannak,"Advertising funds a number of services that play a major role in our everyday online experiences, from social networking, to maps, search, and news. As the power and reach of advertising platforms grow, so do the concerns about the potential for discrimination associated with targeted advertising. However, despite our ever-improving ability to measure and describe instances of unfair distribution of high-stakes ads—such as employment, housing, or credit—we lack the tools to model and predict the extent to which alternative systems could address such problems. In this paper, we simulate an ad distribution system to model the effects that enforcing popularly proposed fairness approaches would have on the utility of the advertising platforms and their users. We show that in many realistic scenarios, achieving statistical parity would come at a much higher utility cost to platforms than enforcing predictive parity or equality of opportunity. Additionally, we identify a tradeoff between different notions of fairness, i.e., enforcing one criterion leads to worse outcomes with respect to other criteria. We further describe how pursuing fairness in situations where one group of users is more expensive to advertise to is likely to result in “leveling down” effects, i.e., not benefiting any group of users. We show that these negative effects can be prevented by ensuring that it is the platforms that carry the cost of fairness rather than passing it on to their users or advertisers. Overall, our findings contribute to ongoing discussions on fair ad delivery. We show that fairness is not satisfied by default, that limiting targeting options is not sufficient to address potential discrimination and bias in online ad delivery, and that choices made by regulators and platforms may backfire if potential side-effects are not properly considered.",https://doi-org.myaccess.library.utoronto.ca/10.1145/3630106.3658980
2024,Knowledge-Enhanced Language Models Are Not Bias-Proof: Situated Knowledge and Epistemic Injustice in AI,"Angelie Kraft; Elo\""{\i}se Soulier","The factual inaccuracies (""hallucinations"") of large language models have recently inspired more research on knowledge-enhanced language modeling approaches. These are often assumed to enhance the overall trustworthiness and objectivity of language models. Meanwhile, the issue of bias is usually only mentioned as a limitation of statistical representations. This dissociation of knowledge-enhancement and bias is in line with previous research on AI engineers’ assumptions about knowledge, which indicate that knowledge is commonly understood as objective and value-neutral by this community. We argue that claims and practices by actors of the field still reflect this underlying conception of knowledge. We contrast this assumption with literature from social and, in particular, feminist epistemology, which argues that the idea of a universal disembodied knower is blind to the reality of knowledge practices and seriously challenges claims of ""objective"" or ""neutral"" knowledge. Knowledge enhancement techniques commonly use Wikidata and Wikipedia as their sources for knowledge, due to their large scales, public accessibility, and assumed trustworthiness. In this work, they serve as a case study for the influence of the social setting and the identity of knowers on epistemic processes. Indeed, the communities behind Wikidata and Wikipedia are known to be male-dominated and many instances of hostile behavior have been reported in the past decade. In effect, the contents of these knowledge bases are highly biased. It is therefore doubtful that these knowledge bases would contribute to bias reduction. In fact, our empirical evaluations of RoBERTa, KEPLER, and CoLAKE, demonstrate that knowledge enhancement may not live up to the hopes of increased objectivity. In our study, the average probability for stereotypical associations was preserved on two out of three metrics and performance-related gender gaps on knowledge-driven task were also preserved. We build on these results and critical literature to argue that the label of ""knowledge"" and the commonly held beliefs about it can obscure the harm that is still done to marginalized groups. Knowledge enhancement is at risk of perpetuating epistemic injustice, and AI engineers’ understanding of knowledge as objective per se conceals this injustice. Finally, to get closer to trustworthy language models, we need to rethink knowledge in AI and aim for an agenda of diversification and scrutiny from outgroup members.",https://doi-org.myaccess.library.utoronto.ca/10.1145/3630106.3658981
2024,NLP for Maternal Healthcare: Perspectives and Guiding Principles in the Age of LLMs,Maria Antoniak; Aakanksha Naik; Carla S. Alvarado; Lucy Lu Wang; Irene Y. Chen,"Ethical frameworks for the use of natural language processing (NLP) are urgently needed to shape how large language models (LLMs) and similar tools are used for healthcare applications. Healthcare faces existing challenges including the balance of power in clinician-patient relationships, systemic health disparities, historical injustices, and economic constraints. Drawing directly from the voices of those most affected, and focusing on a case study of a specific healthcare setting, we propose a set of guiding principles for the use of NLP in maternal healthcare. We led an interactive session centered on an LLM-based chatbot demonstration during a full-day workshop with 39 participants, and additionally surveyed 30 healthcare workers and 30 birthing people about their values, needs, and perceptions of NLP tools in the context of maternal health. We conducted quantitative and qualitative analyses of the survey results and interactive discussions to consolidate our findings into a set of guiding principles. We propose nine principles for ethical use of NLP for maternal healthcare, grouped into three themes: (i) recognizing contextual significance (ii) holistic measurements, and (iii) who/what is valued. For each principle, we describe its underlying rationale and provide practical advice. This set of principles can provide a methodological pattern for other researchers and serve as a resource to practitioners working on maternal health and other healthcare fields to emphasize the importance of technical nuance, historical context, and inclusive design when developing NLP technologies for clinical use.",https://doi-org.myaccess.library.utoronto.ca/10.1145/3630106.3658982
2024,Achieving Reproducibility in EEG-Based Machine Learning,Sean Kinahan; Pouria Saidi; Ayoub Daliri; Julie Liss; Visar Berisha,"Despite the inherent complexity of electroencephalogram (EEG) data characterized by its high dimensionality, artifactual noise, and biological variability, many machine learning (ML) studies claim impressive performance in decoding or classifying EEG signals. Recently, several studies have highlighted that flawed data analysis is a prevalent issue in the literature, leading to irreproducible results and exaggerated claims. To address this issue, we propose a framework that addresses three primary obstacles in EEG ML research: data leakage, data scarcity, and flawed model selection. We introduce the EEG ML Model Card, a standardized and transparent EEG ML model documentation tool that aims to directly address these pitfalls and enhance reproducibility and trustworthiness in EEG ML research.",https://doi-org.myaccess.library.utoronto.ca/10.1145/3630106.3658983
2024,Investigating and Designing for Trust in AI-powered Code Generation Tools,Ruotong Wang; Ruijia Cheng; Denae Ford; Thomas Zimmermann,"Trust is a crucial factor for the adoption and responsible usage of generative AI tools in complex tasks such as software engineering. However, we have a limited understanding of how software developers evaluate the trustworthiness of AI-powered code generation tools in real-world settings. To address this gap, we conducted Study 1, an interview study with 17 developers who use AI-powered code generation tools in professional or personal settings. We found that developers’ trust is rooted in the AI tool’s perceived ability, integrity, and benevolence, and is situational, varying according to the context of usage. Existing AI code generation tools lack the affordances for developers to efficiently and effectively evaluate the trustworthiness of AI-powered code generation tools. To explore designs that can augment the existing interface of AI-powered code generation tools, we explored three sets of design concepts (suggestion quality indicators, usage stats, and control mechanisms) that derived from Study 1 findings. In Study 2, a design probe study with 12 developers, we investigated the potential of these design concepts to help developers make effective trust judgments. We discuss the implication of our findings on the design of AI-powered code generation tools and future research on trust in AI.",https://doi-org.myaccess.library.utoronto.ca/10.1145/3630106.3658984
2024,Transparency in the Wild: Navigating Transparency in a Deployed AI System to Broaden Need-Finding Approaches,Violet Turri; Katelyn Morrison; Katherine-Marie Robinson; Collin Abidi; Adam Perer; Jodi Forlizzi; Rachel Dzombak,"Transparency is a critical component when building artificial intelligence (AI) decision-support tools, especially for contexts in which AI outputs impact people or policy. Effectively identifying and addressing user transparency needs in practice remains a challenge. While a number of guidelines and processes for identifying transparency needs have emerged, existing methods tend to approach need-finding with a limited focus that centers around a narrow set of stakeholders and transparency techniques. To broaden this perspective, we employ numerous need-finding methods to investigate transparency mechanisms in a widely deployed AI-decision support tool developed by a wildlife conservation non-profit. Throughout our 5-month case study, we conducted need-finding through semi-structured interviews with end-users, analysis of the tool’s community forum, experiments with their ML model, and analysis of training documents created by end-users. We also held regular meetings with the tool’s product and machine learning teams. By approaching transparency need-finding from a broad lens, we uncover insights into end-users’ transparency needs as well as unexpected uses and challenges with current transparency mechanisms. Our study is one of the first to incorporate such diverse perspectives to reveal an unbiased and rich view of transparency needs. Lastly, we offer the FAccT community recommendations on broadening transparency need-finding approaches, contributing to the evolving field of transparency research.",https://doi-org.myaccess.library.utoronto.ca/10.1145/3630106.3658985
2024,How the Types of Consequences in Social Scoring Systems Shape People's Perceptions and Behavioral Reactions,Carmen Loefflad; Jens Grossklags,"In the context of the rise of algorithmic decision-making (ADM) systems, social scoring systems are particularly controversial. They aim to encourage socially desirable behaviors by rewarding people with a good score in various decision-making contexts. In this paper, we report the results of a survey following a social scoring experiment, to predominantly understand the impact of the scoring outcome and the decision importance on people’s perceptions and behavioral intentions within an abstract social scoring system. We find that the outcome was pivotal for creating opinion differences regarding people’s perceptions, and behavioral reactions. In contrast, the decision importance did not exert a systematic impact on people’s perceptions and behavioral reactions, but exacerbated existing opinion differences in terms of perceived effectiveness. Specifically, the outcome strongly shaped the structural relationship between people’s experiences, perceptions, and behavioral reactions, creating a substantial outcome favorability bias for people with a bad outcome. Although people with a bad outcome reported an intention to adapt their behaviors, their intention to engage in desired behaviors could not be attributed to a perceived legitimacy of the system. For those with a good outcome, perceptions of procedural justice and legitimacy were weakened by the privacy-invading character of the social scoring system. Our work shows that the outcome people receive might create a pivotal disparate impact on people’s overall attitudes towards social scoring, shape their behavioral reactions, and create divergent behavioral motives, suggesting that very distinct societal dynamics may arise.",https://doi-org.myaccess.library.utoronto.ca/10.1145/3630106.3658986
2024,The Impact and Opportunities of Generative AI in Fact-Checking,Robert Wolfe; Tanushree Mitra,"Generative AI appears poised to transform white collar professions, with more than 90\% of Fortune 500 companies using OpenAI’s flagship GPT models, which have been characterized as “general purpose technologies” capable of effecting epochal changes in the economy. But how will such technologies impact organizations whose job is to verify and report factual information, and to ensure the health of the information ecosystem? To investigate this question, we conducted 30 interviews with N=38 participants working at 29 fact-checking organizations across six continents, asking about how they use generative AI and the opportunities and challenges they see in the technology. We found that uses of generative AI envisioned by fact-checkers differ based on organizational infrastructure, with applications for quality assurance in Editing, for trend analysis in Investigation, and for information literacy in Advocacy. We used the TOE framework to describe participant concerns ranging from the Technological (lack of transparency), to the Organizational (resource constraints), to the Environmental (uncertain and evolving policy). Building on the insights of our participants, we describe value tensions between fact-checking and generative AI, and propose a novel Verification dimension to the design space of generative models for information verification work. Finally, we outline an agenda for fairness, accountability, and transparency research to support the responsible use of generative AI in fact-checking. Throughout, we highlight the importance of human infrastructure and labor in producing verified information in collaboration with AI. We expect that this work will inform not only the scientific literature on fact-checking, but also contribute to understanding of organizational adaptation to a powerful but unreliable new technology.",https://doi-org.myaccess.library.utoronto.ca/10.1145/3630106.3658987
2024,"Learning about Responsible AI On-The-Job: Learning Pathways, Orientations, and Aspirations",Michael Madaio; Shivani Kapania; Rida Qadri; Ding Wang; Andrew Zaldivar; Remi Denton; Lauren Wilcox,"Prior work has developed responsible AI (RAI) toolkits and studied how AI practitioners use such resources when practicing RAI. However, AI practitioners may not have the relevant skills or knowledge to effectively use RAI resources—particularly as pre-trained AI models have enabled more people to develop AI-based applications. In this paper, we explore current practices and aspirations for learning about RAI on-the-job, by interviewing 16 AI practitioners and 24 RAI educators across 16 organizations. We identify AI practitioners’ learning pathways for RAI, including information foraging and interpersonal learning; the orientations of RAI learning resources towards computational and procedural approaches to RAI; and aspirations for RAI learning, including desires for more sociotechnical approaches to understand potential harms of AI systems—aspirations that can be in tension with organizational priorities. We contribute empirical evidence of what and how AI practitioners are learning about RAI, and we suggest opportunities for the field to better support sociotechnical approaches to learning about RAI on-the-job.",https://doi-org.myaccess.library.utoronto.ca/10.1145/3630106.3658988
2024,Equalised Odds is not Equal Individual Odds: Post-processing for Group and Individual Fairness,Edward Small; Kacper Sokol; Daniel Manning; Flora D. Salim; Jeffrey Chan,"Group fairness is achieved by equalising prediction distributions between protected sub-populations; individual fairness requires treating similar individuals alike. These two objectives, however, are incompatible when a scoring model is calibrated through discontinuous probability functions, where individuals can be randomly assigned an outcome determined by a fixed probability. This procedure may provide two similar individuals from the same protected group with classification odds that are disparately different – a clear violation of individual fairness. Assigning unique odds to each protected sub-population may also prevent members of one sub-population from ever receiving the chances of a positive outcome available to individuals from another sub-population, which we argue is another type of unfairness called individual odds. We reconcile all this by constructing continuous probability functions between group thresholds that are constrained by their Lipschitz constant. Our solution preserves the model’s predictive power, individual fairness and robustness while ensuring group fairness.",https://doi-org.myaccess.library.utoronto.ca/10.1145/3630106.3658989
2024,A Critical Survey on Fairness Benefits of Explainable AI,"Luca Deck; Jakob Schoeffer; Maria De-Arteaga; Niklas K\""{u}hl","In this critical survey, we analyze typical claims on the relationship between explainable AI (XAI) and fairness to disentangle the multidimensional relationship between these two concepts. Based on a systematic literature review and a subsequent qualitative content analysis, we identify seven archetypal claims from 175 scientific articles on the alleged fairness benefits of XAI. We present crucial caveats with respect to these claims and provide an entry point for future discussions around the potentials and limitations of XAI for specific fairness desiderata. Importantly, we notice that claims are often (i) vague and simplistic, (ii) lacking normative grounding, or (iii) poorly aligned with the actual capabilities of XAI. We suggest to conceive XAI not as an ethical panacea but as one of many tools to approach the multidimensional, sociotechnical challenge of algorithmic fairness. Moreover, when making a claim about XAI and fairness, we emphasize the need to be more specific about what kind of XAI method is used, which fairness desideratum it refers to, how exactly it enables fairness, and who is the stakeholder that benefits from XAI.",https://doi-org.myaccess.library.utoronto.ca/10.1145/3630106.3658990
2024,"Evidence of What, for Whom? The Socially Contested Role of Algorithmic Bias in a Predictive Policing Tool",Marta Ziosi; Dasha Pruss,"This paper presents a critical, qualitative study of the social role of algorithmic bias in the context of the Chicago crime prediction algorithm, a predictive policing tool that forecasts when and where in the city crime is most likely to occur. Through interviews with 18 Chicago-area community organizations, academic researchers, and public sector actors, we show that stakeholders from different groups articulate diverse problem diagnoses of the tool’s algorithmic bias, strategically using it as evidence to advance criminal justice interventions that align with stakeholders’ positionality and political ends. Drawing inspiration from Catherine D’Ignazio’s taxonomy of “refusing and using” data, we find that stakeholders use evidence of algorithmic bias to reform the policies around police patrol allocation; reject algorithm-based policing interventions; reframe crime as a structural rather than interpersonal problem; reveal data on authority figures in an effort to subvert their power; repair and heal families and communities; and, in the case of more powerful actors, to reaffirm their own authority or existing power structures. We identify the implicit assumptions and scope of these varied uses of algorithmic bias as evidence, showing that they require different (and sometimes conflicting) values about policing and AI. This divergence reflects long-standing tensions in the criminal justice reform landscape between the values of liberation and healing often centered by system-impacted communities and the values of surveillance and deterrence often instantiated in data-driven reform measures. We advocate for centering the interests and experiential knowledge of communities impacted by incarceration to ensure that evidence of algorithmic bias can serve as a device to challenge the status quo.",https://doi-org.myaccess.library.utoronto.ca/10.1145/3630106.3658991
2024,Participation in the age of foundation models,Harini Suresh; Emily Tseng; Meg Young; Mary Gray; Emma Pierson; Karen Levy,"Growing interest and investment in the capabilities of foundation models has positioned such systems to impact a wide array of services, from banking to healthcare. Alongside these opportunities is the risk that these systems reify existing power imbalances and cause disproportionate harm to historically marginalized groups. The larger scale and domain-agnostic manner in which these models operate further heightens the stakes: any errors or harms are liable to reoccur across use cases. In AI \&amp; ML more broadly, participatory approaches hold promise to lend agency and decision-making power to marginalized stakeholders, leading to systems that better benefit justice through equitable and distributed governance. But existing approaches in participatory AI/ML are typically grounded in a specific application and set of relevant stakeholders, and it is not straightforward how to apply these lessons to the context of foundation models. Our paper aims to fill this gap. First, we examine existing attempts at incorporating participation into foundation models. We highlight the tension between participation and scale, demonstrating that it is intractable for impacted communities to meaningfully shape a foundation model that is intended to be universally applicable. In response, we develop a blueprint for participatory foundation models that identifies more local, application-oriented opportunities for meaningful participation. In addition to the “foundation” layer, our framework proposes the “subfloor” layer, in which stakeholders develop shared technical infrastructure, norms and governance for a grounded domain such as clinical care, journalism, or finance, and the “surface” (or application) layer, in which affected communities shape the use of a foundation model for a specific downstream task. The intermediate “subfloor” layer scopes the range of potential harms to consider, and affords communities more concrete avenues for deliberation and intervention. At the same time, it avoids duplicative effort by scaling input across relevant use cases. Through three case studies in clinical care, financial services, and journalism, we illustrate how this multi-layer model can create more meaningful opportunities for participation than solely intervening at the foundation layer.",https://doi-org.myaccess.library.utoronto.ca/10.1145/3630106.3658992
2024,A Robot Walks into a Bar: Can Language Models Serve as Creativity SupportTools for Comedy? An Evaluation of LLMs’ Humour Alignment with Comedians,Piotr Mirowski; Juliette Love; Kory Mathewson; Shakir Mohamed,"We interviewed twenty professional comedians who perform live shows in front of audiences and who use artificial intelligence in their artistic process as part of 3-hour workshops on “AI x Comedy” conducted at the Edinburgh Festival Fringe in August 2023 and online. The workshop consisted of a comedy writing session with large language models (LLMs), a human-computer interaction questionnaire to assess the Creativity Support Index of AI as a writing tool, and a focus group interrogating the comedians’ motivations for and processes of using AI, as well as their ethical concerns about bias, censorship and copyright. Participants noted that existing moderation strategies used in safety filtering and instruction-tuned LLMs reinforced hegemonic viewpoints by erasing minority groups and their perspectives, and qualified this as a form of censorship. At the same time, most participants felt the LLMs did not succeed as a creativity support tool, by producing bland and biased comedy tropes, akin to “cruise ship comedy material from the 1950s, but a bit less racist”. Our work extends scholarship about the subtle difference between, one the one hand, harmful speech, and on the other hand, “offensive” language as a practice of resistance, satire and “punching up”. We also interrogate the global value alignment behind such language models, and discuss the importance of community-based value alignment and data ownership to build AI tools that better suit artists’ needs. Warning: this study may contain offensive language and discusses self-harm.",https://doi-org.myaccess.library.utoronto.ca/10.1145/3630106.3658993
2024,Participatory Objective Design via Preference Elicitation,Ali Shirali; Jessie Finocchiaro; Rediet Abebe,"In standard resource allocation problems, the designer sets the objective function, which captures the central allocation goal, in a top-down manner. The agents primarily participate in the allocation mechanism by reporting their preferences over the items; they cannot influence the objective once the designer sets it. Implicitly, this approach presumes that standard ways of eliciting the agents’ preferences adequately represent their true preferences—an assumption which does not hold if agents have preferences not just over the items they receive but also over the objective being optimized. For instance, agents may also have social preferences, such as inequality-aversion, altruism, or similar other-regarding behavior. We cannot express such preferences through standard cardinal utilities or ordinal rankings over the items the designer would typically elicit from the agents. This work examines how we can use this bottom-up preference elicitation stage to enable participants to express preferences over the objectives. We present a versatile framework that elicits agents’ preferences over a possible set of objectives and then minimally alters the underlying optimization problem to solve for a new objective that combines both the standard benchmark objective and the agents’ preferences for other objectives. We show how to evaluate this new participatory approach against the standard approach, using our notions of loss and gain in social welfare as well as individual tradeoffs. We illustrate the potency of this framework using a well-studied fair division problem where the designer aims to allocate m divisible items to n agents. In the standard setting, the designer optimizes for utilitarian social welfare, i.e., the sum of the agents’ cardinal utilities. We assume that some agents are also inequality-averse and may, therefore, have preferences for objectives that minimize inequality. Using the popular Fehr and Schmidt [31] model, we demonstrate how to map this fair division question to our framework, where the participatory approach optimizes both the standard utilitarian social welfare objective and the agents’ heterogeneous preferences over the level of inequality. We examine this problem theoretically to show that there can be large gains in social welfare if the designer uses this participatory approach. Further, we show that the loss in social welfare is linear in the level of inequality aversion and independent of the number of agents. We present a tighter bound in both cases under further natural assumptions on the preferences. We also examine the worst-case cost an individual agent might incur. Our results indicate that the loss in social welfare (measured by the standard objective) and gain in social welfare (measured by the participatory one) can favor the participatory approach in several natural settings. Throughout the work, we highlight various promising avenues for examining this participatory approach in the specific case study tackled in this paper and a broader range of resource allocation problems.",https://doi-org.myaccess.library.utoronto.ca/10.1145/3630106.3658994
2024,Animation and Artificial Intelligence,Luke Stark,"Animation as genre is broadly used across many forms of digital media. In this paper, I argue ChatGPT and similar chatbots powered by Large Language Models (LLMs) can be best understood as animated characters. More than just cartooning, puppetry, or CGI, animation is a paradigm involving the projection of qualities perceived as human such as power, agency, will, and personality outside of the self and onto objects in the environment. Characteristics of animation—including reliance on stereotypes, obfuscation of human labor, and manipulation of an audience's emotions—can help us both analyze and respond appropriately to interactive AI technologies and the hyperbolic claims of their promoters.",https://doi-org.myaccess.library.utoronto.ca/10.1145/3630106.3658995
2024,Careless Whisper: Speech-to-Text Hallucination Harms,Allison Koenecke; Anna Seo Gyeong Choi; Katelyn X. Mei; Hilke Schellmann; Mona Sloane,"Speech-to-text services aim to transcribe input audio as accurately as possible. They increasingly play a role in everyday life, for example in personal voice assistants or in customer-company interactions. We evaluate Open AI’s Whisper, a state-of-the-art automated speech recognition service outperforming industry competitors, as of 2023. While many of Whisper’s transcriptions were highly accurate, we find that roughly 1\% of audio transcriptions contained entire hallucinated phrases or sentences which did not exist in any form in the underlying audio. We thematically analyze the Whisper-hallucinated content, finding that 38\% of hallucinations include explicit harms such as perpetuating violence, making up inaccurate associations, or implying false authority. We then study why hallucinations occur by observing the disparities in hallucination rates between speakers with aphasia (who have a lowered ability to express themselves using speech and voice) and a control group. We find that hallucinations disproportionately occur for individuals who speak with longer shares of non-vocal durations—a common symptom of aphasia. We call on industry practitioners to ameliorate these language-model-based hallucinations in Whisper, and to raise awareness of potential biases amplified by hallucinations in downstream applications of speech-to-text models.",https://doi-org.myaccess.library.utoronto.ca/10.1145/3630106.3658996
2024,Actionable Recourse for Automated Decisions: Examining the Effects of Counterfactual Explanation Type and Presentation on Lay User Understanding,Peter M. VanNostrand; Dennis M. Hofmann; Lei Ma; Elke A. Rundensteiner,"Automated decision-making systems are increasingly deployed in domains such as hiring and credit approval where negative outcomes can have substantial ramifications for decision subjects. Thus, recent research has focused on providing explanations that help decision subjects understand the decision system and enable them to take actionable recourse to change their outcome. Popular counterfactual explanation techniques aim to achieve this by describing alterations to an instance that would transform a negative outcome to a positive one. Unfortunately, little user evaluation has been performed to assess which of the many counterfactual approaches best achieve this goal. In this work, we conduct a crowd-sourced between-subjects user study (N = 252) to examine the effects of counterfactual explanation type and presentation on lay decision subjects’ understandings of automated decision systems. We find that the region-based counterfactual type significantly increases objective understanding, subjective understanding, and response confidence as compared to the point-based type. We also find that counterfactual presentation significantly effects response time and moderates the effect of counterfactual type for response confidence, but not understanding. A qualitative analysis reveals how decision subjects interact with different explanation configurations and highlights unmet needs for explanation justification. Our results provide valuable insights and recommendations for the development of counterfactual explanation techniques towards achieving practical actionable recourse and empowering lay users to seek justice and opportunity in automated decision workflows.",https://doi-org.myaccess.library.utoronto.ca/10.1145/3630106.3658997
2024,Null Compliance: NYC Local Law 144 and the challenges of algorithm accountability,Lucas Wright; Roxana Mika Muenster; Briana Vecchione; Tianyao Qu; Pika (Senhuang) Cai; Alan Smith; Comm 2450 Student Investigators; Jacob Metcalf; J. Nathan Matias,"In July 2023, New York City became the first jurisdiction globally to mandate bias audits for commercial algorithmic systems, specifically for automated employment decisions systems (AEDTs) used in hiring and promotion. Local Law 144 (LL 144) requires AEDTs to be independently audited annually for race and gender bias, and the audit report must be publicly posted. Additionally, employers are obligated to post a transparency notice with the job listing. In this study, 155 student investigators recorded 391 employers’ compliance with LL 144 and the user experience for prospective job applicants. Among these employers, 18 posted audit reports and 13 posted transparency notices. These rates could potentially be explained by a significant limitation in the accountability mechanisms enacted by LL 144. Since the law grants employers substantial discretion over whether their system is in scope of the law, a null result cannot be said to indicate non-compliance, a condition we call ""null compliance."" Employer discretion may also explain our finding that nearly all audits reported an impact factor over 0.8, a rule of thumb often used in employment discrimination cases. We also find that the benefit of LL 144 to ordinary job seekers is limited due to shortcomings in accessibility and usability. Our findings offer important lessons for policy-makers as they consider regulating algorithmic systems, particularly the degree of discretion to grant to regulated parties and the limitations of relying on transparency and end-user accountability.",https://doi-org.myaccess.library.utoronto.ca/10.1145/3630106.3658998
2024,SIDEs: Separating Idealization from Deceptive 'Explanations' in xAI,Emily Sullivan,"Explainable AI (xAI) methods are important for establishing trust in using black-box models. However, recent criticism has mounted against current xAI methods that they disagree, are necessarily false, and can be manipulated, which has started to undermine the deployment of black-box models. Rudin (2019) goes so far as to say that we should stop using black-box models altogether in high-stakes cases because xAI explanations ‘must be wrong’. However, strict fidelity to the truth is historically not a desideratum in science. Idealizations–the intentional distortions introduced to scientific theories and models–are commonplace in the natural sciences and are seen as a successful scientific tool. Thus, it is not falsehood qua falsehood that is the issue. In this paper, I outline the need for xAI research to engage in idealization evaluation. Drawing on the use of idealizations in the natural sciences and philosophy of science, I introduce a novel framework for evaluating whether xAI methods engage in successful idealizations or deceptive explanations (SIDEs). SIDEs evaluates whether the limitations of xAI methods, and the distortions that they introduce, can be part of a successful idealization or are indeed deceptive distortions as critics suggest. I discuss the role that existing research can play in idealization evaluation and where innovation is necessary. Through a qualitative analysis we find that leading feature importance methods and counterfactual explanations are subject to idealization failure and suggest remedies for ameliorating idealization failure.",https://doi-org.myaccess.library.utoronto.ca/10.1145/3630106.3658999
2024,Algorithmic Harms and Algorithmic Wrongs,Nathalie Diberardino; Clair Baleshta; Luke Stark,"New artificial intelligence (AI) systems grounded in machine learning are being integrated into our lives at a rapid rate, but not without consequence: scholars across domains have increasingly pointed out issues related to privacy, transparency, bias, discrimination, exploitation, and exclusion associated with algorithmic systems in both public and private sector contexts. Concerns surrounding the adverse impacts of these technologies have spurred discussion on the topics of algorithmic harm. However, the overwhelming majority of articles on said harms offer no definition as to what constitutes ‘harm’ in these contexts. This paper aims to address this omission by introducing one criterion for a suitable account of algorithmic harm. More specifically, we follow Joel Feinberg in understanding harms as distinct from wrongs, where only the latter necessarily carry a normative dimension. This distinction highlights issues in the current scholarship surrounding the conflation of algorithmic harms and wrongs. In response to these issues, we put forth two requirements for upholding the harms/wrongs distinction when analyzing the increasingly far-reaching impacts of these technologies and suggest how this distinction can be useful in design, engineering, and policymaking.",https://doi-org.myaccess.library.utoronto.ca/10.1145/3630106.3659001
2024,"Real Risks of Fake Data: Synthetic Data, Diversity-Washing and Consent Circumvention",Cedric Deslandes Whitney; Justin Norman,"Machine learning systems require representations of the real world for training and testing - they require data, and lots of it. Collecting data at scale has logistical and ethical challenges, and synthetic data promises a solution to these challenges. Instead of needing to collect photos of real people’s faces to train a facial recognition system, a model creator could create and use photo-realistic, synthetic faces. The comparative ease of generating this synthetic data rather than relying on collecting data has made it a common practice. We present two key risks of using synthetic data in model development. First, we detail the high risk of false confidence when using synthetic data to increase dataset diversity and representation. We base this in the examination of a real world use-case of synthetic data, where synthetic datasets were generated for an evaluation of facial recognition technology. Second, we examine how using synthetic data risks circumventing consent for data usage. We illustrate this by considering the importance of consent to the U.S. Federal Trade Commission’s regulation of data collection and affected models. Finally, we discuss how these two risks exemplify how synthetic data complicates existing governance and ethical practice; by decoupling data from those it impacts, synthetic data is prone to consolidating power away those most impacted by algorithmically-mediated harm.",https://doi-org.myaccess.library.utoronto.ca/10.1145/3630106.3659002
2024,CARMA: A practical framework to generate recommendations for causal algorithmic recourse at scale,Ayan Majumdar; Isabel Valera,"Algorithms are increasingly used to automate large-scale decision-making processes, e.g., online platforms that make instant decisions in lending, hiring, and education. When such automated systems yield unfavorable decisions, it is imperative to allow for recourse by accompanying the instantaneous negative decisions with recommendations that can help affected individuals to overturn them. However, the practical challenges of providing algorithmic recourse in large-scale settings are not negligible: giving recourse recommendations that are actionable requires not only causal knowledge of the relationships between applicant features but also solving a complex combinatorial optimization problem for each rejected applicant. In this work, we introduce CARMA, a novel framework to generate causal recourse recommendations at scale. For practical settings with limited causal information, CARMA leverages pre-trained state-of-the-art causal generative models to find recourse recommendations. More importantly, CARMA addresses the scalability of finding these recommendations by casting the complex recourse optimization problem as a prediction task. By training a novel neural-network-based framework, CARMA efficiently solves the prediction task without requiring supervision for optimal recourse actions. Our extensive evaluations show that post-training, running inference on CARMA reliably amortizes causal recourse, generating optimal and instantaneous recommendations. CARMA exhibits flexibility, as its optimization is versatile with respect to the algorithmic decision-making and pre-trained causal generative models, provided their differentiability is ensured. Furthermore, we showcase CARMA in a case study, illustrating its ability to tailor causal recourse recommendations by readily incorporating population-level feature preferences based on factors such as difficulty or time needed.",https://doi-org.myaccess.library.utoronto.ca/10.1145/3630106.3659003
2024,System-2 Recommenders: Disentangling Utility and Engagement in Recommendation Systems via Temporal Point-Processes,Arpit Agarwal; Nicolas Usunier; Alessandro Lazaric; Maximilian Nickel,"Recommender systems are an important part of the modern human experience whose influence ranges from the food we eat to the news we read. Yet, there is still debate as to what extent online recommendation platforms are aligned with the goals of their users. A core issue fueling this debate is the challenge of inferring a user’s utility based on their engagement signals such as likes, shares, watch time etc., which are often the primary metric used by platforms to optimize content. This is because users’ utility-driven decision-processes (which we refer to as System-2), e.g., reading news that are accurate and relevant for them, are often confounded by their impulsive or unconscious decision-processes (which we refer to as System-1), e.g., spend time on click-bait news articles. As a result, it is difficult to infer whether an observed engagement is utility-driven or impulse-driven. In this paper we explore a new approach to recommender systems where we infer user’s utility based on their return probability to the platform rather than engagement signals. This approach is based on the intuition that users tend to return to a platform in the long run if it creates utility for them, while pure engagement-driven interactions, i.e., interactions that do not add meaningful utility, may affect user return in the short term but will not have a lasting effect. For this purpose, we propose a generative model in which past content interactions impact the arrival rates of users based on a self-exciting Hawkes process. These arrival rates to the platform are a combination of both System-1 and System-2 decision processes. The System-2 arrival intensity depends on the utility drawn from past content interactions and has a long lasting effect on return probability. In contrast, System-1 arrival intensity depends on the instantaneous gratification or moreishness and tends to vanish rapidly in time. We show analytically that given samples from this model it is provably possible to disentangle the System-1 and System-2 decision-processes and thus infer user’s utility, thereby allowing us to optimize content based on it. We conduct experiments on synthetic data to demonstrate the effectiveness of our approach over engagement optimization.",https://doi-org.myaccess.library.utoronto.ca/10.1145/3630106.3659004
2024,Rethinking open source generative AI: open-washing and the EU AI Act,Andreas Liesenfeld; Mark Dingemanse,"The past year has seen a steep rise in generative AI systems that claim to be open. But how open are they really? The question of what counts as open source in generative AI is poised to take on particular importance in light of the upcoming EU AI Act that regulates open source systems differently, creating an urgent need for practical openness assessment. Here we use an evidence-based framework that distinguishes 14 dimensions of openness, from training datasets to scientific and technical documentation and from licensing to access methods. Surveying over 45 generative AI systems (both text and text-to-image), we find that while the term open source is widely used, many models are ‘open weight’ at best and many providers seek to evade scientific, legal and regulatory scrutiny by withholding information on training and fine-tuning data. We argue that openness in generative AI is necessarily composite (consisting of multiple elements) and gradient (coming in degrees), and point out the risk of relying on single features like access or licensing to declare models open or not. Evidence-based openness assessment can help foster a generative AI landscape in which models can be effectively regulated, model providers can be held accountable, scientists can scrutinise generative AI, and end users can make informed decisions.",https://doi-org.myaccess.library.utoronto.ca/10.1145/3630106.3659005
2024,Group Fairness via Group Consensus,Eunice Chan; Zhining Liu; Ruizhong Qiu; Yuheng Zhang; Ross Maciejewski; Hanghang Tong,"Ensuring equitable impact of machine learning models across different societal groups is of utmost importance for real-world machine learning applications. Prior research in fairness has predominantly focused on adjusting model outputs through pre-processing, in-processing, or post-processing techniques. These techniques focus on correcting bias in either the data or the model. However, we argue that the bias in the data and model should be addressed in conjunction. To achieve this, we propose an algorithm called GroupDebias to reduce unfairness in the data in a model-guided fashion, thereby enabling models to exhibit more equitable behavior. Even though it is model-aware, the core idea of GroupDebias is independent of the model architecture, making it a versatile and effective approach that can be broadly applied across various domains and model types. Our method focuses on systematically addressing biases present in the training data itself by adaptively dropping samples that increase the biases in the model. Theoretically, the proposed approach enjoys a guaranteed improvement in demographic parity at the expense of a bounded reduction in balanced accuracy. A comprehensive evaluation of the GroupDebias algorithm through extensive experiments on diverse datasets and machine learning models demonstrates that GroupDebias consistently and significantly outperforms existing fairness enhancement techniques, achieving a more substantial reduction in unfairness with minimal impact on model performance.",https://doi-org.myaccess.library.utoronto.ca/10.1145/3630106.3659006
2024,Beyond Use-Cases: A Participatory Approach to Envisioning Data Science in Law Enforcement,Caitlin Kearney; Jiri Hron; Helen Kosc; Miri Zilka,"With a rising number of law enforcement agencies facing budgetary cuts, many turn to data science in an attempt to maintain service quality with fewer resources. A number of thus adopted solutions–including facial recognition, predictive policing, and risk assessments–have been contested by researchers and journalists alike. Yet comparatively little research is done at the strategy level, which determines where data science will be deployed in the first place. In this study, we interview 40 practitioners from Police Scotland, investigating what they believe to be crucial to successfully incorporate data science in their ways of working. Bucking the external trend, the participants distanced themselves from tools like facial recognition and risk assessment. Instead of focusing on individual use-cases, their primary concerns for the future were around (i)&nbsp;systemic issues around data is collection and use, (ii)&nbsp;goal misalignment between leadership and operational levels, (iii)&nbsp;the fear that datafication may undervalue important aspects of policing, and (iv)&nbsp;appropriate ways of interaction between data science teams and operational officers. Alongside the insights particular to Police Scotland, our work reaffirms how participatory approaches can go beyond the technical, and uncover structural and political barriers to success.",https://doi-org.myaccess.library.utoronto.ca/10.1145/3630106.3659007
2024,Intervening to Increase Community Trust for Fair Network Outcomes,Naina Balepur; Hari Sundaram,"Refugees or immigrants who arrive in new countries often feel isolated. In this work, we examine how a resource-bounded public entity can make recommendations to increase integration of these new arrivals into a community. The community is made up of agents who engage in a strategic network formation process; agents join periodically — new arrivals are the refugees. The public entity meanwhile makes a limited number of edge-formation recommendations (according to its resource constraint) per iteration in order to increase integration of refugees. This work investigates the relationship between community trust and network fairness. First, we show that increasing the public entity’s resource allocation will not compensate for low trust in the community. Then, we introduce two trust-increasing interventions by the public entity: a targeted advertising campaign, and an announcement to increase transparency. We find that diverting a fraction (20\%) of the public entity’s resources to a targeted advertising campaign can increase trust and fairness in the community, especially in low trust scenarios. We find that personalized, local announcements are more effective at increasing fairness than global announcements in low trust scenarios; they almost double our fairness metric in some cases. Importantly, the transparent announcement requires no extra resource expenditure on the part of the public entity. Our work underscores the importance of community trust — low trust cannot be compensated for with resources. This work provides theoretical support for these trust-increasing interventions, which we show can lead to increased integration of refugees in communities.",https://doi-org.myaccess.library.utoronto.ca/10.1145/3630106.3659008
2024,Constructing Capabilities: The Politics of Testing Infrastructures for Generative AI,Gabriel Grill,"The advertised and perceived capabilities of generative AI products like ChatGPT have recently stimulated considerable investments and discourse surrounding their potential to aid and replace work. The prominence of these systems, and their promise to be general-purpose, has resulted in an avalanche of tests to discover and certify their capabilities. This new testing regime is concerned with creating ever-more tasks for generative AI products instead of testing a model for one specialized task. Beyond efforts to understand products’ capabilities, the construction of tasks and corresponding tests are also performative enactments meant to convince others and thus to gain attention, scientific legitimacy, and investment. The current market concentration of a few big AI companies points to a concerning conflict of interest: those with a vested interest in the success of the technology also have control over globalized testing infrastructures and thereby the exclusive means to create extensive knowledge claims about these systems. In this paper, I theorize capabilities as contested constructions and situated accomplishments shaped by power imbalances. I further unpack the globalized testing infrastructures involved in the construction and stabilization of generative AI products’ capabilities. Furthermore, I discuss how the testing of these AI models and products is externalized, extracting value from the unpaid or under-paid labor of researcher and developer communities, content creators, subcontractors, and users. Lastly, I discuss a reflexive and critical approach to testing that challenges depoliticization and seeks to produce lasting critiques that serve more emancipatory goals.",https://doi-org.myaccess.library.utoronto.ca/10.1145/3630106.3659009
2024,Unlawful Proxy Discrimination: A Framework for Challenging Inherently Discriminatory Algorithms,Hilde Weerts; Aislinn Kelly-Lyth; Reuben Binns; Jeremias Adams-Prassl,"Emerging scholarship suggests that the EU legal concept of direct discrimination - where a person is given different treatment on grounds of a protected characteristic - may apply to various algorithmic decision-making contexts. This has important implications: unlike indirect discrimination, there is generally no ‘objective justification’ stage in the direct discrimination framework, which means that the deployment of directly discriminatory algorithms will usually be unlawful per se. In this paper, we focus on the most likely candidate for direct discrimination in the algorithmic context, termed inherent direct discrimination, where a proxy is inextricably linked to a protected characteristic. We draw on computer science literature to suggest that, in the algorithmic context, ‘treatment on the grounds of’ needs to be understood in terms of two steps: proxy capacity and proxy use. Only where both elements can be made out can direct discrimination be said to be ‘on grounds of’ a protected characteristic. We analyse the legal conditions of our proposed proxy capacity and proxy use tests. Based on this analysis, we discuss technical approaches and metrics that could be developed or applied to identify inherent direct discrimination in algorithmic decision-making.",https://doi-org.myaccess.library.utoronto.ca/10.1145/3630106.3659010
2024,MiMICRI: Towards Domain-centered Counterfactual Explanations of Cardiovascular Image Classification Models,Grace Guo; Lifu Deng; Animesh Tandon; Alex Endert; Bum Chul Kwon,"The recent prevalence of publicly accessible, large medical imaging datasets has led to a proliferation of artificial intelligence (AI) models for cardiovascular image classification and analysis. At the same time, the potentially significant impacts of these models have motivated the development of a range of explainable AI (XAI) methods that aim to explain model predictions given certain image inputs. However, many of these methods are not developed or evaluated with domain experts, and explanations are not contextualized in terms of medical expertise or domain knowledge. In this paper, we propose a novel framework and python library, MiMICRI, that provides domain-centered counterfactual explanations of cardiovascular image classification models. MiMICRI helps users interactively select and replace segments of medical images that correspond to morphological structures. From the counterfactuals generated, users can then assess the influence of each segment on model predictions, and validate the model against known medical facts. We evaluate this library with two medical experts. Our evaluation demonstrates that a domain-centered XAI approach can enhance the interpretability of model explanations, and help experts reason about models in terms of relevant domain knowledge. However, concerns were also surfaced about the clinical plausibility of the counterfactuals generated. We conclude with a discussion on the generalizability and trustworthiness of the MiMICRI framework, as well as the implications of our findings on the development of domain-centered XAI methods for model interpretability in healthcare contexts.",https://doi-org.myaccess.library.utoronto.ca/10.1145/3630106.3659011
2024,AI as a Sport: On the Competitive Epistemologies of Benchmarking,Will Orr; Edward B. Kang,"Artificial Intelligence (AI) systems are evaluated using competitive methods that rely on benchmark datasets to determine performance. These benchmark datasets, however, are often constructed through arbitrary processes that fall short in encapsulating the depth and breadth of the tasks they are intended to measure. In this paper, we interrogate the naturalization of benchmark datasets as veracious metrics by examining the historical development of benchmarking as an epistemic practice in AI research. Specifically, we highlight three key case studies that were crucial in establishing the existing reliance on benchmark datasets for evaluating the capabilities of AI systems: (1) the sharing of Highleyman’s OCR dataset in the 1960s, which solidified a community of knowledge production around a shared benchmark dataset, (2) the Common Task Framework (CTF) of the 1980s, a state-led project to standardize benchmark datasets as legitimate indicators of technical progress; and (3) the Netflix Prize which further solidified benchmarking as a competitive goal within the ML research community. This genealogy highlights how contemporary dynamics and limitations of benchmarking developed from a longer history of collaboration, standardization, and competition. We end with reflections on how this history informs our understanding of benchmarking in the current era of generative artificial intelligence.",https://doi-org.myaccess.library.utoronto.ca/10.1145/3630106.3659012
2024,Talking past each other? Navigating discourse on ethical AI: Comparing the discourse on ethical AI policy by Big Tech companies and the European Commission,Cornelia Evers,"This study examines the convergence of the European Commission (EC) and Big Tech companies’ (Google and Microsoft) discourse on ‘ethical’ AI through critical discourse analysis and the concept of hegemonic discourse. The paper answers the question to what extent there is a hegemonic discourse on ethical AI between EU policymakers and Big Tech companies and whether this is impacted by the prospect of legally binding legislation, considering the possible impact of the 2021 AI Act Proposal of the European Commission. This analysis is relevant at an inflection point where previous literature notes superficial convergence between the approaches of public and private actors, indicating policy consensus. The scope of analysis however is limited to non-legally binding regulation and lacks regional focus. In the EU, the advent of legally binding AI regulation with the 2021 AI Act (AIA) Proposal marks a critical juncture: with agreement on the AIA in December 2023, ethics standards become part of market entry requirements to the EU Single Market and the underlying differences in approaching Ethical AI will have important ramifications on policy preferences, compliance, enforcement and thought leadership in the domain more broadly. I find that the European discourse on ‘ethical’ AI by the EC and Big Tech companies such as Google and Microsoft is largely hegemonic and depoliticised in non-legally binding settings from 2018-2021 due to shared assumptions on ‘ethical’ AI and absence of significant underlying social and political conflict. It evolves to non-hegemonic and repoliticised discourse through dislocation by the prospect of legally binding regulation, which pushes actors to reveal their genuine policy preferences that bear political and social conflictuality whilst both actor types take an instrumental approach to ethics.",https://doi-org.myaccess.library.utoronto.ca/10.1145/3630106.3659013
2024,Fairness without Sensitive Attributes via Knowledge Sharing,Hongliang Ni; Lei Han; Tong Chen; Shazia Sadiq; Gianluca Demartini,"While model fairness improvement has been explored previously, existing methods invariably rely on adjusting explicit sensitive attribute values in order to improve model fairness in downstream tasks. However, we observe a trend in which sensitive demographic information becomes inaccessible as public concerns around data privacy grow. In this paper, we propose a confidence-based hierarchical classifier structure called “Reckoner” for reliable fair model learning under the assumption of missing sensitive attributes. We first present results showing that if the dataset contains biased labels or other hidden biases, classifiers significantly increase the bias gap across different demographic groups in the subset with higher prediction confidence. Inspired by these findings, we devised a dual-model system in which a version of the model initialised with a high-confidence data subset learns from a version of the model initialised with a low-confidence data subset, enabling it to avoid biased predictions. Our experimental results show that Reckoner consistently outperforms state-of-the-art baselines in COMPAS dataset and New Adult dataset, considering both accuracy and fairness metrics.",https://doi-org.myaccess.library.utoronto.ca/10.1145/3630106.3659014
2024,The Conflict Between Algorithmic Fairness and Non-Discrimination: An Analysis of Fair Automated Hiring,Robert Lee Poe; Soumia Zohra El Mestari,"AI-based automated hiring systems cover a wide range of tools of varying complexity, from resume parsing tools to candidate selection models. Their close interference in economic and social life faces raising demands and investigations aiming to reduce the potential discrimination they may cause. This article covers the intersection of EU non-discrimination law and algorithmic fairness in the context of automated hiring systems. The paper analyzes the balance between equality of opportunity (formal and substantive) and equality of outcome, critiques the focus on non-conservative group fairness in machine learning, and discusses the legal implications of automated hiring systems under EU law. Additionally, it highlights often committed fallacies in relation to the process of de-biasing and advocates for a broader understanding of fairness in machine learning that aligns with EU legal standards and societal values.",https://doi-org.myaccess.library.utoronto.ca/10.1145/3630106.3659015
2024,BaBE: Enhancing Fairness via Estimation of Explaining Variables,Ruta Binkyte; Daniele Gorla; Catuscia Palamidessi,"We consider the problem of unfair discrimination between two groups and propose a pre-processing method to achieve fairness. Corrective methods like statistical parity usually lead to bad accuracy and do not really achieve fairness in situations where there is a correlation between the sensitive attribute S and the legitimate attribute E (explanatory variable) that should determine the decision. To overcome these drawbacks, other notions of fairness have been proposed, in particular, conditional statistical parity and equal opportunity. However, E is often not directly observable in the data. We may observe some other variable Z representing E, but the problem is that Z may also be affected by S, hence Z itself can be biased. To deal with this problem, we propose BaBE (Bayesian Bias Elimination), an approach based on a combination of Bayes inference and the Expectation-Maximization method, to estimate the most likely value of E for a given Z for each group. The decision can then be based directly on the estimated E. We show, by experiments on synthetic and real data sets, that our approach provides a good level of fairness as well as high accuracy.",https://doi-org.myaccess.library.utoronto.ca/10.1145/3630106.3659016
2024,Akal Badi ya Bias: An Exploratory Study of Gender Bias in Hindi Language Technology,Rishav Hada; Safiya Husain; Varun Gumma; Harshita Diddee; Aditya Yadavalli; Agrima Seth; Nidhi Kulkarni; Ujwal Gadiraju; Aditya Vashistha; Vivek Seshadri; Kalika Bali,"Existing research in measuring and mitigating gender bias predominantly centers on English, overlooking the intricate challenges posed by non-English languages and the Global South. This paper presents the first comprehensive study delving into the nuanced landscape of gender bias in Hindi, the third most spoken language globally. Our study employs diverse mining techniques, computational models, field studies and sheds light on the limitations of current methodologies. Given the challenges faced with mining gender biased statements in Hindi using existing methods, we conducted field studies to bootstrap the collection of such sentences. Through field studies involving rural and low-income community women, we uncover diverse perceptions of gender bias, underscoring the necessity for context-specific approaches. This paper advocates for a community-centric research design, amplifying voices often marginalized in previous studies. Our findings not only contribute to the understanding of gender bias in Hindi but also establish a foundation for further exploration of Indic languages. By exploring the intricacies of this understudied context, we call for thoughtful engagement with gender bias, promoting inclusivity and equity in linguistic and cultural contexts beyond the Global North.",https://doi-org.myaccess.library.utoronto.ca/10.1145/3630106.3659017
2024,Balancing Act: Evaluating People’s Perceptions of Fair Ranking Metrics,Mallak Alkhathlan; Kathleen Cachel; Hilson Shrestha; Lane Harrison; Elke Rundensteiner,"Algorithmic decision-making using rankings— prevalent in areas from hiring and bail to university admissions— raises concerns of potential bias. In this paper, we explore the alignment between people’s perceptions of fairness and two popular fairness metrics designed for rankings. In a crowdsourced experiment with 480 participants, people rated the perceived fairness of a hypothetical scholarship distribution scenario. Results suggest a strong inclination towards relying on explicit score values. There is also evidence of people’s preference for one fairness metric, NDKL, over the other metric, ARP. Qualitative results paint a more complex picture: some participants endorse meritocratic award schemes and express concerns about fairness metrics being used to modify rankings; while other participants acknowledge socio-economic factors in score-based rankings as justification for adjusting rankings. In summary, we find that operationalizing algorithmic fairness in practice is a balancing act between mitigating harms towards marginalized groups and societal conventions of leveraging traditional performance scores such as grades in decision-making contexts.",https://doi-org.myaccess.library.utoronto.ca/10.1145/3630106.3659018
2024,The Emerging Artifacts of Centralized Open-Code,Madiha Zahrah Choksi; Ilan Mandel; David Widder; Yan Shvartzshnaider,"In 2022, generative model based coding assistants became widely available with the public release of GitHub Copilot. Approaches to generative coding are often critiqued within the context of advances in machine learning. We argue that tools such as Copilot are better understood when contextualized against technologies derived from the same communities and datasets. Our work traces the historical and ideological origins of free and open source code and characterizes the process of centralization. We examine three case studies —Dependabot, Crater, and Copilot— to compare the engineering, social, and legal qualities of technical artifacts derived from shared community-based labor. Our analysis focuses on the implications these artifacts create for infrastructural dependencies, community adoption, and intellectual property. Reframing generative coding assistants through a set of peer technologies broadens considerations for academics and policymakers beyond machine learning, to include the ways technical artifacts are derived from communities.",https://doi-org.myaccess.library.utoronto.ca/10.1145/3630106.3659019
2024,From the Fair Distribution of Predictions to the Fair Distribution of Social Goods: Evaluating the Impact of Fair Machine Learning on Long-Term Unemployment,Sebastian Zezulka; Konstantin Genin,"Deploying an algorithmically informed policy is a significant intervention in society. Prominent methods for algorithmic fairness focus on the distribution of predictions at the time of training, rather than the distribution of social goods that arises after deploying the algorithm in a specific social context. However, requiring a ‘fair’ distribution of predictions may undermine efforts at establishing a fair distribution of social goods. First, we argue that addressing this problem requires a notion of prospective fairness that anticipates the change in the distribution of social goods after deployment. Second, we provide formal conditions under which this change is identified from pre-deployment data. That requires accounting for different kinds of performative effects. Here, we focus on the way predictions change policy decisions and, consequently, the causally downstream distribution of social goods. Throughout, we are guided by an application from public administration: the use of algorithms to predict who among the recently unemployed will remain unemployed in the long term and to target them with labor market programs. Third, using administrative data from the Swiss public employment service, we simulate how such algorithmically informed policies would affect gender inequalities in long-term unemployment. When risk predictions are required to be ‘fair’ according to statistical parity and equality of opportunity, targeting decisions are less effective, undermining efforts to both lower overall levels of long-term unemployment and to close the gender gap in long-term unemployment.",https://doi-org.myaccess.library.utoronto.ca/10.1145/3630106.3659020
2024,Disentangling Perceptions of Offensiveness: Cultural and Moral Correlates,Aida Davani; Mark D\'{\i}az; Dylan Baker; Vinodkumar Prabhakaran,"Recent years have seen substantial investments in AI-based tools designed to detect offensive language at scale, aiming to moderate social media platforms, and ensure safety of conversational AI technologies such as ChatGPT and Bard. These efforts largely treat this task as a technical endeavor, relying on data annotated for offensiveness by a global crowd workforce, without considering crowd workers’ socio-cultural backgrounds or the values their perceptions reflect. Existing research that examines systematic variations in annotators’ judgments often reduces these differences to socio-demographic categories along racial, or gender dimensions, overlooking the diversity of perspectives within such groups. On the other hand, social psychology literature highlights the crucial role that both cultural and psychological factors play in human perceptions and judgments. Through a large-scale cross-cultural study of 4309 participants from 21 countries across eight cultural regions, we demonstrate substantial cross-cultural and individual moral value-based differences in interpretations of offensiveness. Our study reveals specific regions that are significantly more sensitive to offensive language. Furthermore, using the Moral Foundations Theory, we study the underlying moral values that contribute to these cross-cultural differences. Notably, we find that participants’ moral values play a far more important role in shaping their perceptions of offensiveness than geo-cultural distinctions. Our investigation, using a non-monolithic framework to understand cross-cultural moral concerns, reveals crucial insights that can be extrapolated to building AI models for the pluralistic world. Our results call for more extensive consideration of diverse human moral values when deploying AI models across diverse geo-cultural contexts.",https://doi-org.myaccess.library.utoronto.ca/10.1145/3630106.3659021
2024,"Perceptions of Policing Surveillance Technologies in Detroit: Moving Beyond ""Better than Nothing""",Alex Jiahong Lu; Cameron Moy; Mark S. Ackerman; Jeffrey Morenoff; Tawanna R. Dillahunt,"In Detroit, the largest Black-majority city in the United States, municipal authorities have deployed an array of surveillance technologies with the promise of containing crime and improving community safety. This article draws from a cross-sectional survey of over two thousand Detroit residents and multi-year community-based fieldwork in Detroit’s Eastside to examine local perceptions of policing surveillance technologies. Our survey reveals that respondents, notably those in more vulnerable positions, report higher perceived safety levels with policing surveillance cameras in their neighborhoods. However, when triangulating these results with insights from our fieldwork, we argue that these survey findings should not be taken as public support for surveillance. Alongside this seeming buy-in is a widely shared “better than nothing” imaginary among residents from impacted communities. “Better than nothing,” for the residents, is a pragmatic compromise and maneuver between being aware of the inherent flaws of surveillance technologies and settling for any available resource or hope. This notion of “better than nothing” unveils residents’ prolonged wait for digital justice and institutional accountability, which we show is where racialized infrastructural harm and exploitation are enacted along the temporal dimension. Our findings offer practical insights for counter-surveillance advocacy efforts.",https://doi-org.myaccess.library.utoronto.ca/10.1145/3630106.3659022
2024,Responsible Adoption of Generative AI in Higher Education: Developing a “Points to Consider” Approach Based on Faculty Perspectives,Ravit Dotan; Lisa S. Parker; John Radzilowicz,"This paper proposes an approach to the responsible adoption of generative AI in higher education, employing a “points to consider” approach that is sensitive to the goals, values, and structural features of higher education. Higher education's ethos of collaborative faculty governance, pedagogical and research goals, and embrace of academic freedom conflict, the paper argues, with centralized top-down approaches to governing AI that are common in the private sector. The paper is based on a semester-long effort at the University of Pittsburgh which gathered and organized perspectives on generative AI in higher education through a collaborative, iterative, interdisciplinary process that included recurring group discussions, three standalone focus groups, and an informal survey. The paper presents insights drawn from this effort—that give rise to the “points to consider” approach the paper develops. These insights include the benefits and risks of potential uses of generative AI In higher education, as well as barriers to its adoption, and culminate in the six normative points to consider when adopting and governing generative AI in institutions of higher education.",https://doi-org.myaccess.library.utoronto.ca/10.1145/3630106.3659023
2024,The unfair side of Privacy Enhancing Technologies: addressing the trade-offs between PETs and fairness,Alessandra Calvi; Gianclaudio Malgieri; Dimitris Kotzinos,"Data sharing in the European Union (EU) has gained new momentum, among others for machine learning (ML) and artificial intelligence (AI) training purposes. By enabling models’ training whilst preserving the privacy of data, Privacy Enhancing Technologies (PETs) have therefore gained popularity, especially among policymakers. So far, computer science research has focused on advancing state-of-the-art privacy engineering and exploring trade-offs between privacy and accuracy. Meanwhile, legal scholarship began investigating the challenges arising therefrom. Yet, few works have delved into the fairness implications of PETs. Further research is essential to both prevent the propagation of bias and discrimination and to limit the accumulation of market power within very few economic entities suitable to undermine fair competition and consumer rights. In our work, we will address this knowledge gap by adopting a legal and computer science point of view. After scoping our understanding of possible unfair sides of PETs based on technical and socio-legal understandings of fairness (Section 2), we provide an overview of PETs mostly relevant for ML and AI training (Section 3). We then discuss fairness-related challenges arising from their use (Section 4) and we suggest possible technical and regulatory (e.g., impact assessment, new rights) solutions to address the shortcomings identified (Section 5). We finally provide conclusions and ideas for future research (Section 6).",https://doi-org.myaccess.library.utoronto.ca/10.1145/3630106.3659024
2024,The Neutrality Fallacy: When Algorithmic Fairness Interventions are (Not) Positive Action,"Hilde Weerts; Rapha\""{e}le Xenidis; Fabien Tarissan; Henrik Palmer Olsen; Mykola Pechenizkiy","Various metrics and interventions have been developed to identify and mitigate unfair outputs of machine learning systems. While individuals and organizations have an obligation to avoid discrimination, the use of fairness-aware machine learning interventions has also been described as amounting to ‘algorithmic positive action’ under European Union (EU) non-discrimination law. As the Court of Justice of the European Union has been strict when it comes to assessing the lawfulness of positive action, this would impose a significant legal burden on those wishing to implement fair-ml interventions. In this paper, we propose that algorithmic fairness interventions often should be interpreted as a means to prevent discrimination, rather than a measure of positive action. Specifically, we suggest that this category mistake can often be attributed to neutrality fallacies: faulty assumptions regarding the neutrality of (fairness-aware) algorithmic decision-making. Our findings raise the question of whether a negative obligation to refrain from discrimination is sufficient in the context of algorithmic decision-making. Consequently, we suggest moving away from a duty to ‘not do harm’ towards a positive obligation to actively ‘do no harm’ as a more adequate framework for algorithmic decision-making and fair ml-interventions.",https://doi-org.myaccess.library.utoronto.ca/10.1145/3630106.3659025
2024,"My Future with My Chatbot: A Scenario-Driven, User-Centric Approach to Anticipating AI Impacts",Kimon Kieslich; Natali Helberger; Nicholas Diakopoulos,"As a general purpose technology without a concrete pre-defined purpose, personal chatbots can be used for a whole range of objectives, depending on the personal needs, contexts, and tasks of an individual, and so potentially impact a variety of values, people, and social contexts. Traditional methods of risk assessment are confronted with several challenges: the lack of a clearly defined technology purpose, the lack of clearly defined values to orient on, the heterogeneity of uses, and the difficulty of actively engaging citizens themselves in anticipating impacts from the perspective of their individual lived realities. In this article, we leverage scenario writing at scale as a method for anticipating AI impact that is responsive to these challenges. The advantages of the scenario method are its ability to engage individual users and stimulate them to consider how chatbots are likely to affect their reality and so collect different impact scenarios depending on the cultural and societal embedding of a heterogeneous citizenship. Empirically, we tasked 106 US-based participants to write short fictional stories about the future impact (whether desirable or undesirable) of AI-based personal chatbots on individuals and society and, in addition, ask respondents to explain why these impacts are important and how they relate to their values. In the analysis process, we map those impacts and analyze them in relation to socio-demographic as well as AI-related attitudes of the scenario writers. We show that our method is effective in (1) identifying and mapping desirable and undesirable impacts of AI-based personal chatbots, (2) setting these impacts in relation to values that are important for individuals, and (3) detecting socio-demographic and AI-attitude related differences of impact anticipation.",https://doi-org.myaccess.library.utoronto.ca/10.1145/3630106.3659026
2024,"The Impact of iBuying is About More Than Just Racial Disparities: Evidence from Mecklenburg County, NC",Isaac Slaughter; Eva Maxfield Brown; Nic Weber,"Instant buyers (iBuyers)—companies that buy and sell homes based on automated valuation models (AVMs)—now hold more than 5\% market share in some USA cities. In this work, we investigate the fairness of iBuyers by constructing a dataset that links racial demographics from voter records with detailed property information on over 50,000 real estate transactions. Using Bayesian hierarchical modeling we find that: 1. iBuyers Decrease the Racial Sales Price Gap Between Black and White Home Sellers. Controlling for over 50 property features we find that iBuyers reduce the racial price gap that otherwise exists between homes sold by Black and White homeowners. This is not, however, a result of equity achieved through proprietary AVMs, but rather a result of both Black and White homeowners being similarly disadvantaged by iBuyers’ low purchase prices; and, 2. iBuyers Increase Property Conversion Rates from Individual to Institutional Ownership. We trace iBuyers’ purchases as well as their follow-on sales of homes in Mecklenburg County. In doing so, we show that iBuyers increase the rate at which properties are converted from being individually owned to institutionally owned. The eventual purchasers of iBuyer homes include national and international rental companies that have been tied to high eviction rates and poor property management. As with sale prices, we find that rather than reapportioning this social harm more equitably, iBuyers are simply increasing the rate at which homes bought from White homeowners are converted to institutional ownership. Ultimately, our analysis suggests that iBuyers are Equalizing Housing Outcomes by Extending Real Estate Harms Typically Isolated to Black Homeowners to White homeowners as Well.",https://doi-org.myaccess.library.utoronto.ca/10.1145/3630106.3659027
2024,Regulating Explainability in Machine Learning Applications -- Observations from a Policy Design Experiment,"Nadia Nahar; Jenny Rowlett; Matthew Bray; Zahra Abba Omar; Xenophon Papademetris; Alka Menon; Christian K\""{a}stner","With the rise of artificial intelligence (AI), concerns about AI applications causing unforeseen harms to safety, privacy, security, and fairness are intensifying. While attempts to create regulations are underway, with initiatives such as the EU AI Act and the 2023 White House executive order, skepticism abounds as to the efficacy of such regulations. This paper explores an interdisciplinary approach to designing policy for the explainability of AI applications, as the widely discussed ""right to explanation"" associated with the EU General Data Protection Regulation is ambiguous. To develop practical guidance for explainability, we conducted an experimental study that involved continuous collaboration among a team of researchers with AI and policy backgrounds over the course of ten weeks. The objective was to determine whether, through interdisciplinary effort, we can reach consensus on a policy for explainability in AI–one that is clearer, and more actionable and enforceable than current guidelines. We share nine observations, derived from an iterative policy design process, which included drafting the policy, attempting to comply with it (or circumvent it), and collectively evaluating its effectiveness on a weekly basis. Key observations include: iterative and continuous feedback was useful to improve policy drafts over time, discussing evidence of compliance was necessary during policy design, and human-subject studies were found to be an important form of evidence. We conclude with a note of optimism, arguing that meaningful policies can be achieved within a moderate time frame and with limited experience in policy design, as demonstrated by our student researchers on the team. This holds promising implications for policymakers, signaling that practical and effective regulation for AI applications is attainable.",https://doi-org.myaccess.library.utoronto.ca/10.1145/3630106.3659028
2024,Fairness Feedback Loops: Training on Synthetic Data Amplifies Bias,Sierra Wyllie; Ilia Shumailov; Nicolas Papernot,"Model-induced distribution shifts (MIDS) occur as previous model outputs pollute new model training sets over generations of models. This is known as model collapse in the case of generative models, and performative prediction or unfairness feedback loops for supervised models. When a model induces a distribution shift, it also encodes its mistakes, biases, and unfairnesses into the ground truth of its data ecosystem. We introduce a framework that allows us to track multiple MIDS over many generations, finding that they can lead to loss in performance, fairness, and minoritized group representation, even in initially unbiased datasets. Despite these negative consequences, we identify how models might be used for positive, intentional, interventions in their data ecosystems, providing redress for historical discrimination through a framework called algorithmic reparation (AR). We simulate AR interventions by curating representative training batches for stochastic gradient descent to demonstrate how AR can improve upon the unfairnesses of models and data ecosystems subject to other MIDS. Our work takes an important step towards identifying, mitigating, and taking accountability for the unfair feedback loops enabled by the idea that ML systems are inherently neutral and objective.",https://doi-org.myaccess.library.utoronto.ca/10.1145/3630106.3659029
2024,"Data, Annotation, and Meaning-Making: The Politics of Categorization in Annotating a Dataset of Faith-based Communal Violence",Mohammad Rashidujjaman Rifat; Abdullah Hasan Safir; Sourav Saha; Jahedul Alam Junaed; Maryam Saleki; Mohammad Ruhul Amin; Syed Ishtiaque Ahmed,"Data annotation is a process of meaning-making and is inherently political. The literature on ethics in data-driven technologies explores these political aspects, primarily focusing on questions of bias and power. This paper argues that the politics of annotation often overemphasize secular and modern values and overlooks faith-based, religious, and spiritual aspects (FRS) in data annotation. This oversight particularly affects the postcolonial regions of the Global South, where FRS are intertwined with people’s everyday experiences and ethics. We conducted a focus group discussion and contextual inquiries with six annotators who annotated a faith-related “violence” dataset from South Asian YouTube content. Our analysis reveals that FRS blindness in data annotation manifests through the politics of achieving objectivity and the “scientific” process of meaning-making. Due to these goals, which are predominantly shaped by Western values, FRS sensitivities are overlooked from the initial stages of data curation through annotation, ultimately leading to a context collapse within the annotation process. Finally, we advocate for the adaptation of FRS sensitivities into the annotation process and data infrastructure, particularly when the dataset clearly pertains to FRS, to promote greater cultural and contextual inclusivity in annotation practices.",https://doi-org.myaccess.library.utoronto.ca/10.1145/3630106.3659030
2024,The Role of Explainability in Collaborative Human-AI Disinformation Detection,"Vera Schmitt; Luis-Felipe Villa-Arenas; Nils Feldhus; Joachim Meyer; Robert P. Spang; Sebastian M\""{o}ller","Manual verification has become very challenging based on the increasing volume of information shared online and the role of generative Artificial Intelligence (AI). Thus, AI systems are used to identify disinformation and deep fakes online. Previous research has shown that superior performance can be observed when combining AI and human expertise. Moreover, according to the EU AI Act, human oversight is inevitable when using AI systems in a domain where fundamental human rights, such as the right to free expression, might be affected. Thus, AI systems need to be transparent and offer sufficient explanations to be comprehensible. Much research has been done on integrating eXplainability (XAI) features to increase the transparency of AI systems; however, they lack human-centered evaluation. Additionally, the meaningfulness of explanations varies depending on users’ background knowledge and individual factors. Thus, this research implements a human-centered evaluation schema to evaluate different XAI features for the collaborative human-AI disinformation detection task. Hereby, objective and subjective evaluation dimensions, such as performance, perceived usefulness, understandability, and trust in the AI system, are used to evaluate different XAI features. A user study was conducted with an overall total of 433 participants, whereas 406 crowdworkers and 27 journalists participated as experts in detecting disinformation. The results show that free-text explanations contribute to improving non-expert performance but do not influence the performance of experts. The XAI features increase the perceived usefulness, understandability, and trust in the AI system, but they can also lead crowdworkers to blindly trust the AI system when its predictions are wrong.",https://doi-org.myaccess.library.utoronto.ca/10.1145/3630106.3659031
2024,An Information Bottleneck Characterization of the Understanding-Workload Tradeoff in Human-Centered Explainable AI,Lindsay Sanneman; Mycal Tucker; Julie A. Shah,"Recent advances in artificial intelligence (AI) have underscored the need for explainable AI (XAI) to support human understanding of AI systems. Consideration of human factors that impact explanation efficacy, such as mental workload and human understanding, is central to effective XAI design. Existing work in XAI has demonstrated a tradeoff between understanding and workload induced by different types of explanations. Explaining complex concepts through abstractions (hand-crafted groupings of related problem features) has been shown to effectively address and balance this workload-understanding tradeoff. In this work, we characterize the workload-understanding balance via the Information Bottleneck method: an information-theoretic approach which automatically generates abstractions that maximize informativeness and minimize complexity. In particular, we establish empirical connections between workload and complexity and between understanding and informativeness through human-subject experiments. This empirical link between human factors and information-theoretic concepts provides an important mathematical characterization of the workload-understanding tradeoff which enables user-tailored XAI design.",https://doi-org.myaccess.library.utoronto.ca/10.1145/3630106.3659032
2024,A Critical Analysis of the Largest Source for Generative AI Training Data: Common Crawl,Stefan Baack,"Common Crawl is the largest freely available collection of web crawl data and one of the most important sources of pre-training data for large language models (LLMs). It is used so frequently and makes up such large proportions of the overall pre-training data in many cases that it arguably has become a foundational building block for LLM development, and subsequently generative AI products built on top of LLMs. Despite its pivotal role, Common Crawl itself is not widely understood, nor is there much reflection evident among LLM builders about the implications of using Common Crawl's data. This paper discusses what Common Crawl's popularity for LLM development means for fairness, accountability, and transparency in generative AI by highlighting the organization's values and practices, as well as how it views its own role within the AI ecosystem. Our qualitative analysis is based on in-depth interviews with Common Crawl staffers and relevant online documents.After discussing Common Crawl's role in generative AI and how LLM builders have typically used its data for pre-training LLMs, we review Common Crawl's self-defined values and priorities and highlight the limitations and biases of its crawling process. We find that Common Crawl's popularity has contributed to making generative AI more transparent to scrutiny in many ways, and that it has enabled more LLM research and development to take place beyond well-resourced leading AI companies. At the same time, many LLM builders have used Common Crawl as a source for training data in ways that are problematic: for instance, with lack of care and transparency for how Common Crawl's massive crawl data was filtered for harmful content before the pre-training, often by relying on rudimentary automated filtering techniques. We offer recommendations for Common Crawl and LLM builders on how to improve fairness, accountability, and transparency in LLM research and development.",https://doi-org.myaccess.library.utoronto.ca/10.1145/3630106.3659033
2024,Seeing through opacity: The limitations of digital ad transparency in Brazil,Rose Marie Santini; D\'{e}bora Salles; Bruno Maur\'{\i}cio Martins; Al\'{e}kis Moreira; Jo\~{a}o Gabriel Haddad,"Digital platforms provide a deregulated and opaque environment suited to the maintenance of their business model, in which ads are efficiently served by opaque algorithms to meticulously profiled users based on their behavioral data. The advertising infrastructure provided by these platforms made advertising more segmented and scalable, creating new opportunities and allowing for a profit-oriented influence industry to develop worldwide. Some platforms have invested in transparency measures for digital advertising, but there is still a gap between what is applied in the Global South and the Global North. In Brazil, despite evidence of an online ecosystem of suspicious, inauthentic, scam, and other types of fraudulent ads, regulatory proposals have faced a hard opposition from tech companies. Against this backdrop, there is a need to evaluate advertising transparency archives currently offered by online platforms in Brazil as a means to measure the quality of libraries and the available data.Thus, the main objective of this work is to account for transparency measures and means of accessing data of some of the largest online platforms and search engines in the country, in order to establish a general comparative diagnosis of ad transparency in Brazil. Based on the platforms’ public documentation, policies and terms of use for the Brazilian market, we perform a comparative analysis of six companies: Meta, Google, Twitter/X, Telegram, TikTok, and Spotify. Particular consideration is given to whether these companies do or do not have ads repositories, or a means to assess the disseminated advertisements. In an environment of low transparency and difficulty in accessing data, we found that the Meta Ad Library, although providing very limited data, is the most reliable source for systematic investigations of the digital advertising ecosystem. Even though Google offers an advertisement repository in Brazil, it lags considerably behind that offered by Meta and imposes greater difficulty in carrying out systematic analyses. On the other hand, Telegram, TikTok, Twitter/X and Spotify do not present any advertising repository or transparency center in order to analyse the Brazilian scenario. Although the scenario in the Global South can be characterized by a lack of transparency from platforms and by difficulties in accessing data, recent measures implemented elsewhere have demonstrated that this condition is reversible.",https://doi-org.myaccess.library.utoronto.ca/10.1145/3630106.3659034
2024,Trust Issues: Discrepancies in Trustworthy AI Keywords Use in Policy and Research,Autumn Toney; Kathleen Curlee; Emelia Probasco,"How governments, practitioners, and researchers define artificial intelligence (AI) ethics significantly impacts the AI models and systems designed and deployed. Thus, the convergence of policy goals and technical approaches is necessary for international norms and standards on trustworthy AI. Defining, much less achieving trustworthy AI characteristics, however, entails clear communication through consensus on the meaning of field-specific terms. This paper presents an analysis of over 322,000 scientific research papers and the national documents from five countries (Australia, Canada, Japan, the United Kingdom, and the United States) on trustworthy AI in order to provide an in-depth review and comprehensive understanding of the similarities and differences between governments’ and researchers’ definitions and frameworks. While we identified substantive and relevant differences among policy documents and scientific research, the differences do not represent substantial disagreements among the common principles for trustworthy AI terms. Overall we found broad agreement across documents’ trustworthy AI term use, suggesting that nuanced differences could be overcome in an effort to create more global policies and aligned research.",https://doi-org.myaccess.library.utoronto.ca/10.1145/3630106.3659035
2024,Algorithmic Arbitrariness in Content Moderation,Juan Felipe Gomez; Caio Machado; Lucas Monteiro Paes; Flavio Calmon,"Machine learning (ML) is widely used to moderate online content. Despite its scalability relative to human moderation, the use of ML introduces unique challenges to content moderation. One such challenge is predictive multiplicity: multiple competing models for content classification may perform equally well on average, yet assign conflicting predictions to the same content. This multiplicity can result from seemingly innocuous choices made during training, which do not meaningfully change the accuracy of the ML model, but can nevertheless change what the model gets wrong. We experimentally demonstrate how content moderation tools can arbitrarily classify samples as “toxic,” leading to arbitrary restrictions on speech. We use the principles set by the International Covenant on Civil and Political Rights (ICCPR), namely freedom of expression, non-discrimination, and procedural justice to interpret the effects of these findings in terms of Human Rights. We analyze (i) the extent of predictive multiplicity among popular state-of-the-art LLMs used for detecting “toxic” content; (ii) the disparate impact of this arbitrariness across social groups; and (iii) the magnitude of model multiplicity on content that is unanimously recognized as toxic by human annotators. Our findings indicate that the up-scaled algorithmic moderation risks legitimizing an “algorithmic leviathan”, where an algorithm disproportionately manages human rights. To mitigate such risks, our study underscores the need to identify and increase the transparency of arbitrariness in content moderation applications. Our findings have implications to content moderation and intermediary liability laws being discussed and passed in many countries, such as the Digital Services Act in the European Union, the Online Safety Act in the United Kingdom, and the recent TSE resolutions in Brazil.",https://doi-org.myaccess.library.utoronto.ca/10.1145/3630106.3659036
2024,Black-Box Access is Insufficient for Rigorous AI Audits,Stephen Casper; Carson Ezell; Charlotte Siegmann; Noam Kolt; Taylor Lynn Curtis; Benjamin Bucknall; Andreas Haupt; Kevin Wei; J\'{e}r\'{e}my Scheurer; Marius Hobbhahn; Lee Sharkey; Satyapriya Krishna; Marvin Von Hagen; Silas Alberti; Alan Chan; Qinyi Sun; Michael Gerovitch; David Bau; Max Tegmark; David Krueger; Dylan Hadfield-Menell,"External audits of AI systems are increasingly recognized as a key mechanism for AI governance. The effectiveness of an audit, however, depends on the degree of access granted to auditors. Recent audits of state-of-the-art AI systems have primarily relied on black-box access, in which auditors can only query the system and observe its outputs. However, white-box access to the system’s inner workings (e.g., weights, activations, gradients) allows an auditor to perform stronger attacks, more thoroughly interpret models, and conduct fine-tuning. Meanwhile, outside-the-box access to training and deployment information (e.g., methodology, code, documentation, data, deployment details, findings from internal evaluations) allows auditors to scrutinize the development process and design more targeted evaluations. In this paper, we examine the limitations of black-box audits and the advantages of white- and outside-the-box audits. We also discuss technical, physical, and legal safeguards for performing these audits with minimal security risks. Given that different forms of access can lead to very different levels of evaluation, we conclude that (1) transparency regarding the access and methods used by auditors is necessary to properly interpret audit results, and (2) white- and outside-the-box access allow for substantially more scrutiny than black-box access alone.",https://doi-org.myaccess.library.utoronto.ca/10.1145/3630106.3659037
2024,"Attitudes Toward Facial Analysis AI: A Cross-National Study Comparing Argentina, Kenya, Japan, and the USA",Chiara Ullstein; Severin Engelmann; Orestis Papakyriakopoulos; Yuko Ikkatai; Naira Paola Arnez-Jordan; Rose Caleno; Brian Mboya; Shuichiro Higuma; Tilman Hartwig; Hiromi Yokoyama; Jens Grossklags,"Computer vision AI systems present one of the most radical technical transformations of our time. Such systems are given unparalleled epistemic power to impose meaning on visual data, despite their inherent semantic ambiguity. This epistemic power is particularly evident in computer vision AI that interprets the meaning of human faces. The goal of this work is to empirically document laypeople’s perceptions of the epistemic and ethical complexity of computer vision AI through a large-scale qualitative study with participants in Argentina, Japan, Kenya, and the USA (N=4,468). We developed a vignette scenario about a fictitious company that analyzes people’s portraits using computer vision AI to make a variety of inferences about people based on their faces. For each inference that the fictitious company draws (e.g., age, skin color, intelligence), we ask participants from all countries to reason about how they evaluate computer vision AI inference-making. In a series of workshops, we collaborated as a multinational research team to develop a codebook that captures people’s different justifications of facial analysis AI inferences to create a comprehensive justification portfolio. Our study reveals similarities in justification patterns, but also significant intra-country and inter-country diversity in response to different facial inferences. For example, participants from Argentina, Japan, Kenya, and the USA vastly disagree over the reasonableness of AI classifications such as beautiful or skin color. They tend to agree in their opposition to AI-drawn inferences intelligence and trustworthiness. Adding much-needed non-Western perspectives to debates on computer vision ethics, our results suggest that, contrary to popular justifications for facial classification technologies, there is no such thing as a “common sense” facial classification that accords simply with a general, homogeneous “human intuition.”",https://doi-org.myaccess.library.utoronto.ca/10.1145/3630106.3659038
2024,Embracing Diversity: Interpretable Zero-shot Classification Beyond One Vector Per Class,Mazda Moayeri; Michael Rabbat; Mark Ibrahim; Diane Bouchacourt,"Vision-language models enable open-world classification of objects without the need for any retraining. While this zero-shot paradigm marks a significant advance, even today’s best models exhibit skewed performance when objects are dissimilar from their typical depiction. Real world objects such as pears appear in a variety of forms — from diced to whole, on a table or in a bowl — yet standard VLM classifiers map all instances of a class to a single vector based on the class label. We argue that to represent this rich diversity within a class, zero-shot classification should move beyond a single vector. We propose a method to encode and account for diversity within a class using inferred attributes, still in the zero-shot setting without retraining. We find our method consistently outperforms standard zero-shot classification over a large suite of datasets encompassing hierarchies, diverse object states, and real-world geographic diversity, as well finer-grained datasets where intra-class diversity may be less prevalent. Importantly, our method is inherently interpretable, offering faithful explanations for each inference to facilitate model debugging and enhance transparency. We also find our method scales efficiently to a large number of attributes to account for diversity—leading to more accurate predictions for atypical instances. Finally, we characterize a principled trade-off between overall and worst class accuracy, which can be tuned via a hyperparameter of our method. We hope this work spurs further research into the promise of zero-shot classification beyond a single class vector for capturing diversity in the world, and building transparent AI systems without compromising performance.",https://doi-org.myaccess.library.utoronto.ca/10.1145/3630106.3659039
2024,"From ""AI"" to Probabilistic Automation: How Does Anthropomorphization of Technical Systems Descriptions Influence Trust?",Nanna Inie; Stefania Druga; Peter Zukerman; Emily M. Bender,"In this paper we investigate how people’s level of trust (as reported through self-assessment) in so-called “AI” (artificial intelligence) is influenced by anthropomorphizing language in system descriptions. Building on prior work, we define four categories of anthropomorphization (1. Properties of a cognizer, 2. Agency, 3. Biological metaphors, and 4. Properties of a communicator). We use a survey-based approach (n=954) to investigate whether participants are likely to trust one of two (fictitious) “AI” systems by randomly assigning people to see either an anthropomorphized or a de-anthropomorphized description of the systems. We find that participants are no more likely to trust anthropomorphized over de-anthropmorphized product descriptions overall. The type of product or system in combination with different anthropomorphic categories appears to exert greater influence on trust than anthropomorphizing language alone, and age is the only demographic factor that significantly correlates with people’s preference for anthropomorphized or de-anthropomorphized descriptions. When elaborating on their choices, participants highlight factors such as lesser of two evils, lower or higher stakes contexts, and human favoritism as driving motivations when choosing between product A and B, irrespective of whether they saw an anthropomorphized or a de-anthropomorphized description of the product. Our results suggest that “anthropomorphism” in “AI” descriptions is an aggregate concept that may influence different groups differently, and provide nuance to the discussion of whether anthropomorphization leads to higher trust and over-reliance by the general public in systems sold as “AI”.",https://doi-org.myaccess.library.utoronto.ca/10.1145/3630106.3659040
2024,Auditing for Racial Discrimination in the Delivery of Education Ads,Basileal Imana; Aleksandra Korolova; John Heidemann,"Digital ads on social-media platforms play an important role in shaping access to economic opportunities. Our work proposes and implements a new third-party auditing method that can evaluate racial bias in the delivery of ads for education opportunities. Third-party auditing is important because it allows external parties to demonstrate presence or absence of bias in social-media algorithms. Education is a domain with legal protections against discrimination and concerns of racial-targeting, but bias induced by ad delivery algorithms has not been previously explored in this domain. Prior audits demonstrated discrimination in platforms’ delivery of ads to users for housing and employment ads. These audit findings supported legal action that prompted Meta to change their ad-delivery algorithms to reduce bias, but only in the domains of housing, employment, and credit. In this work, we propose a new methodology that allows us to measure racial discrimination in a platform’s ad delivery algorithms for education ads. We apply our method to Meta using ads for real schools and observe the results of delivery. We find evidence of racial discrimination in Meta’s algorithmic delivery of ads for education opportunities, posing legal and ethical concerns. Our results extend evidence of algorithmic discrimination to the education domain, showing that current bias mitigation mechanisms are narrow in scope, and suggesting a broader role for third-party auditing of social media in areas where ensuring non-discrimination is important.",https://doi-org.myaccess.library.utoronto.ca/10.1145/3630106.3659041
2024,Analyzing And Editing Inner Mechanisms of Backdoored Language Models,Max Lamparth; Anka Reuel,"Poisoning of data sets is a potential security threat to large language models that can lead to backdoored models. A description of the internal mechanisms of backdoored language models and how they process trigger inputs, e.g., when switching to toxic language, has yet to be found. In this work, we study the internal representations of transformer-based backdoored language models and determine early-layer MLP modules as most important for the backdoor mechanism in combination with the initial embedding projection. We use this knowledge to remove, insert, and modify backdoor mechanisms with engineered replacements that reduce the MLP module outputs to essentials for the backdoor mechanism. To this end, we introduce PCP ablation, where we replace transformer modules with low-rank matrices based on the principal components of their activations. We demonstrate our results on backdoored toy, backdoored large, and non-backdoored open-source models. We show that we can improve the backdoor robustness of large language models by locally constraining individual modules during fine-tuning on potentially poisonous data sets. Trigger warning: Offensive language.",https://doi-org.myaccess.library.utoronto.ca/10.1145/3630106.3659042
2024,Understanding Disparities in Post Hoc Machine Learning Explanation,Vishwali Mhasawade; Salman Rahman; Zo\'{e} Haskell-Craig; Rumi Chunara,"Previous work has highlighted that existing post-hoc explanation methods exhibit disparities in explanation fidelity (across “race” and “gender” as sensitive attributes), and while a large body of work focuses on mitigating these issues at the explanation metric level, the role of the data generating process and black box model in relation to explanation disparities remains largely unexplored. Accordingly, through both simulations as well as experiments on a real-world dataset, we specifically assess challenges to explanation disparities that originate from properties of the data: limited sample size, covariate shift, concept shift, omitted variable bias, and challenges based on model properties: inclusion of the sensitive attribute and appropriate functional form. Through controlled simulation analyses, our study demonstrates that increased covariate shift, concept shift, and omission of covariates increase explanation disparities, with the effect pronounced higher for neural network models that are better able to capture the underlying functional form in comparison to linear models. We also observe consistent findings regarding the effect of concept shift and omitted variable bias on explanation disparities in the Adult income dataset. Overall, results indicate that disparities in model explanations can also depend on data and model properties. Based on this systematic investigation, we provide recommendations for the design of explanation methods that mitigate undesirable disparities.",https://doi-org.myaccess.library.utoronto.ca/10.1145/3630106.3659043
2024,Recommend Me? Designing Fairness Metrics with Providers,Jessie J. Smith; Aishwarya Satwani; Robin Burke; Casey Fiesler,"Fairness metrics have become a useful tool to measure how fair or unfair a machine learning system may be for its stakeholders. In the context of recommender systems, previous research has explored how various stakeholders experience algorithmic fairness or unfairness, but it is also important to capture these experiences in the design of fairness metrics. Therefore, we conducted four focus groups with providers (those whose items, content, or profiles are being recommended) of two different domains: content creators and dating app users. We explored how our participants experience unfairness on their associated platforms, and worked with them to co-design fairness goals, definitions, and metrics that might capture these experiences. This work represents an important step towards designing fairness metrics with the stakeholders who will be impacted by their operationalizations. We analyze the efficacy and challenges of enacting these metrics in practice and explore how future work might benefit from this methodology.",https://doi-org.myaccess.library.utoronto.ca/10.1145/3630106.3659044
2024,Visions of a Discipline: Analyzing Introductory AI Courses on YouTube,Severin Engelmann; Madiha Zahrah Choksi; Angelina Wang; Casey Fiesler,"Education plays an indispensable role in fostering societal well-being and is widely regarded as one of the most influential factors in shaping the future of generations to come. As artificial intelligence (AI) becomes more deeply integrated into our daily lives and the workforce, educational institutions at all levels are directing their focus on resources that cater to AI education. Yet, informal education, including online learning on social media platforms like YouTube, plays an increasingly significant role for both students and the general public. Offering greater accessibility compared to formal education, millions of individuals use YouTube for educational resources on AI today. Due to the substantial societal impact of AI, it is crucial for introductory AI courses to meaningfully address the ethical implications associated with AI. Our work investigates the current landscape of introductory AI courses on YouTube, and the potential for introducing ethics in this context. We qualitatively analyze the 20 most watched introductory AI courses on YouTube, coding a total of 92.2 hours of educational content viewed by close to 50 million people. We find that these introductory AI courses do not meaningfully engage with ethical or societal challenges of AI (RQ1). When defining and framing AI, introductory AI courses foreground excitement around AI’s transformative role in society, over-exaggerate AI’s current and future abilities, and anthropomorphize AI (RQ2). In teaching AI, we see a widespread reliance on corporate AI tools and frameworks as well as a prioritization on a hands-on approach to learning rather than on conceptual foundations (RQ3). In promoting key AI practices, introductory AI courses abstract away entirely the socio-technical nature of AI classification and prediction, for example by favoring data quantity over data quality (RQ4). Given the power of openly available introductory courses to shape enduring beliefs around AI and its field at the onset of a learning journey, we extend our analysis with recommendations that aim to integrate ethical reflections into introductory AI courses. We recommend that introductory AI courses should (1) highlight ethical challenges of AI to present a more balanced perspective, (2) raise ethical issues explicitly relevant to the technical concepts discussed and (3) nurture a sense of accountability in future AI developers.",https://doi-org.myaccess.library.utoronto.ca/10.1145/3630106.3659045
2024,Drivers and persuasive strategies to influence user intention to learn about manipulative design,Pooria Babaei; Julita Vassileva,"The proliferation of e-commerce, game, and social networking sites, has brought to light the use of ""dark patterns"" or, more generally, manipulative designs (MDs), which exploit psychological effects and cognitive biases of users to channel their behavior toward outcomes that benefit the company or owner of the site, against the users’ best interests. Previous research has categorized MDs, assessed their impact on users, gauged their prevalence, and attempted automated detection using computer vision and natural language processing techniques. However, limited attention has been given to understanding how to warn and educate users about MDs, guiding them to recognize and resist such manipulative tactics. To address this gap, we carried out a controlled study with n=134 participants, using a survey based on the Protection Motivation Theory (PMT) to better understand the motivations of people to learn about MDs. We also explored the effectiveness of two persuasive strategies, based on Cialdini’s principles of influence (social influence and authority), to trigger attention towards MDs and intention to learn more about MDs and to avoid them. For this, we created a simulated application in a mobile app distribution platform modeled like Google Play Store containing a visual signal, a warning based on one of the two strategies, and simulated reviews from other users. The results indicate that two of the five PMT constructs - a higher Perceived Severity of MDs and a lower Perceived Response Cost of learning about MDs - have the most significant influence on the Intention to learn more about MDs. The participants in the experimental group, exposed to the two persuasive strategies exhibited a larger increase in their intention to seek information about MDs than the participants in the control group. Our study showcases the potential of a persuasive intervention, illustrating how mobile app distribution platforms can enhance user protection against MD exploitation. By implementing such interventions, these platforms can boost accountability and transparency of applications existing on their platform, and MD awareness among their users.",https://doi-org.myaccess.library.utoronto.ca/10.1145/3630106.3659046
2024,Model ChangeLists: Characterizing Updates to ML Models,Sabri Eyuboglu; Karan Goel; Arjun Desai; Lingjiao Chen; Mathew Monfort; Chris R\'{e}; James Zou,"Updates to Machine Learning as a Service (MLaaS) APIs may affect downstream systems that depend on their predictions. However, performance changes introduced by these updates are poorly documented by providers and seldom studied in the literature. As a result, API producers and consumers are left wondering: do model updates introduce performance changes that could adversely affect users’ system? Ideally, producers and consumers would have access to a detailed ChangeList specifying the slices of data where model performance has improved and degraded since the update. But, producing a ChangeList is challenging because it requires (1) discovering slices in the absence of detailed annotations or metadata, (2) accurately attributing coherent concepts to the discovered slices, and (3) communicating them to the user in a digestable manner. In this work, we demonstrate, discuss, and critique one approach for building, verifying, and releasing ChangeLists that aims to address these challenges. Using this approach, we analyze six real-world MLaaS API updates including GPT-3 and Google Cloud Vision. We produce a prototype ChangeList for each, identifying over 100 coherent data slices on which the model’s performance changed significantly. Notably, we find 63 instances where an update improves performance globally, but hurts performance on a coherent slice – a phenomenon not previously documented at scale in the literature. Finally, with diverse participants from industry, we conduct a think-aloud user study that explores the importance of releasing ChangeLists and highlights the strengths and weaknesses of our approach. This serves to validate some parts of our approach and uncover important areas for future work.",https://doi-org.myaccess.library.utoronto.ca/10.1145/3630106.3659047
2024,"(A)I Am Not a Lawyer, But...: Engaging Legal Experts towards Responsible LLM Policies for Legal Advice",Inyoung Cheong; King Xia; K. J. Kevin Feng; Quan Ze Chen; Amy X. Zhang,"Large language models (LLMs) are increasingly capable of providing users with advice in a wide range of professional domains, including legal advice. However, relying on LLMs for legal queries raises concerns due to the significant expertise required and the potential real-world consequences of the advice. To explore when and why LLMs should or should not provide advice to users, we conducted workshops with 20 legal experts using methods inspired by case-based reasoning. The provided realistic queries (“cases”) allowed experts to examine granular, situation-specific concerns and overarching technical and legal constraints, producing a concrete set of contextual considerations for LLM developers. By synthesizing the factors that impacted LLM response appropriateness, we present a 4-dimension framework: (1) User attributes and behaviors, (2) Nature of queries, (3) AI capabilities, and (4) Social impacts. We share experts’ recommendations for LLM response strategies, which center around helping users identify ‘right questions to ask’ and relevant information rather than providing definitive legal judgments. Our findings reveal novel legal considerations, such as unauthorized practice of law, confidentiality, and liability for inaccurate advice, that have been overlooked in the literature. The case-based deliberation method enabled us to elicit fine-grained, practice-informed insights that surpass those from de-contextualized surveys or speculative principles. These findings underscore the applicability of our method for translating domain-specific professional knowledge and practices into policies that can guide LLM behavior in a more responsible direction.",https://doi-org.myaccess.library.utoronto.ca/10.1145/3630106.3659048
2024,Transforming Dutch: Debiasing Dutch Coreference Resolution Systems for Non-binary Pronouns,Goya van Boven; Yupei Du; Dong Nguyen,"Gender-neutral pronouns are increasingly being introduced across Western languages. Recent evaluations have however demonstrated that English NLP systems are unable to correctly process gender-neutral pronouns, with the risk of erasing and misgendering non-binary individuals. This paper examines a Dutch coreference resolution system’s performance on gender-neutral pronouns, specifically hen and die. In Dutch, these pronouns were only introduced in 2016, compared to the longstanding existence of singular they in English. We additionally compare two debiasing techniques for coreference resolution systems in non-binary contexts: Counterfactual Data Augmentation (CDA) and delexicalisation. Moreover, because pronoun performance can be hard to interpret from a general evaluation metric like lea, we introduce an innovative evaluation metric, the pronoun score, which directly represents the portion of correctly processed pronouns. Our results reveal diminished performance on gender-neutral pronouns compared to gendered counterparts. Nevertheless, although delexicalisation fails to yield improvements, CDA substantially reduces the performance gap between gendered and gender-neutral pronouns. We further show that CDA remains effective in low-resource settings, in which a limited set of debiasing documents is used. This efficacy extends to previously unseen neopronouns, which are currently infrequently used but may gain popularity in the future, underscoring the viability of effective debiasing with minimal resources and low computational costs.",https://doi-org.myaccess.library.utoronto.ca/10.1145/3630106.3659049
2024,Racial/Ethnic Categories in AI and Algorithmic Fairness: Why They Matter and What They Represent,Jennifer Mickel,"Racial diversity has become increasingly discussed within the AI and algorithmic fairness literature, yet little attention is focused on justifying the choices of racial categories and understanding how people are racialized into these chosen racial categories. Even less attention is given to how racial categories shift and how the racialization process changes depending on the context of a dataset or model. An unclear understanding of who comprises the racial categories chosen and how people are racialized into these categories can lead to varying interpretations of these categories. These varying interpretations can lead to harm when the understanding of racial categories and the racialization process is misaligned from the actual racialization process and racial categories used. Harm can also arise if the racialization process and racial categories used are irrelevant or do not exist in the context they are applied. In this paper, we make two contributions. First, we demonstrate how racial categories with unclear assumptions and little justification can lead to varying datasets that poorly represent groups obfuscated or unrepresented by the given racial categories and models that perform poorly on these groups. Second, we develop a framework, CIRCSheets, for documenting the choices and assumptions in choosing racial categories and the process of racialization into these categories to facilitate transparency in understanding the processes and assumptions made by dataset or model developers when selecting or using these racial categories.",https://doi-org.myaccess.library.utoronto.ca/10.1145/3630106.3659050
2024,On the Quest for Effectiveness in Human Oversight: Interdisciplinary Perspectives,"Sarah Sterz; Kevin Baum; Sebastian Biewer; Holger Hermanns; Anne Lauber-R\""{o}nsberg; Philip Meinel; Markus Langer","Human oversight is currently discussed as a potential safeguard to counter some of the negative aspects of high-risk AI applications. This prompts a critical examination of the role and conditions necessary for what is prominently termed effective or meaningful human oversight of these systems. This paper investigates effective human oversight by synthesizing insights from psychological, legal, philosophical, and technical domains. Based on the claim that the main objective of human oversight is risk mitigation, we propose a viable understanding of effectiveness in human oversight: for human oversight to be effective, the oversight person has to have (a) sufficient causal power with regard to the system and its effects, (b) suitable epistemic access to relevant aspects of the situation, (c) self-control, and (d) fitting intentions for their role. Furthermore, we argue that this is equivalent to saying that an oversight person is effective if and only if they are morally responsible and have fitting intentions. Against this backdrop, we suggest facilitators and inhibitors of effectiveness in human oversight when striving for practical applicability. We discuss factors in three domains, namely, the technical design of the system, individual factors of oversight persons, and the environmental circumstances in which they operate. Finally, this paper scrutinizes the upcoming AI Act of the European Union – in particular Article 14 on Human Oversight – as an exemplary regulatory framework in which we study the practicality of our understanding of effective human oversight. By analyzing the provisions and implications of the European AI Act proposal, we pinpoint how far that proposal aligns with our analyses regarding effective human oversight as well as how it might get enriched by our conceptual understanding of effectiveness in human oversight.",https://doi-org.myaccess.library.utoronto.ca/10.1145/3630106.3659051
2024,Learning Fair Ranking Policies via Differentiable Optimization of Ordered Weighted Averages,My H Dinh; James Kotary; Ferdinando Fioretto,"Learning to Rank (LTR) is one of the most widely used machine learning applications. It is a key component in platforms with profound societal impacts, including job search, healthcare information retrieval, and social media content feeds. Conventional LTR models have been shown to produce biases results, stimulating a discourse on how to address the disparities introduced by ranking systems that solely prioritize user relevance. However, while several models of fair learning to rank have been proposed, they suffer from deficiencies either in accuracy or efficiency, thus limiting their applicability to real-world ranking platforms. This paper shows how efficiently-solvable fair ranking models, based on the optimization of Ordered Weighted Average (OWA) functions, can be integrated into the training loop of an LTR model to achieve favorable balances between fairness, user utility, and runtime efficiency. In particular, this paper is the first to show how to backpropagate through constrained optimizations of OWA objectives, enabling their use in integrated prediction and decision models.",https://doi-org.myaccess.library.utoronto.ca/10.1145/3630106.3661932
2024,One vs. Many: Comprehending Accurate Information from Multiple Erroneous and Inconsistent AI Generations,Yoonjoo Lee; Kihoon Son; Tae Soo Kim; Jisu Kim; John Joon Young Chung; Eytan Adar; Juho Kim,"As Large Language Models (LLMs) are nondeterministic, the same input can generate different outputs, some of which may be incorrect or hallucinated. If run again, the LLM may correct itself and produce the correct answer. Unfortunately, most LLM-powered systems resort to single results which, correct or not, users accept. Having the LLM produce multiple outputs may help identify disagreements or alternatives. However, it is not obvious how the user will interpret conflicts or inconsistencies. To this end, we investigate how users perceive the AI model and comprehend the generated information when they receive multiple, potentially inconsistent, outputs. Through a preliminary study, we identified five types of output inconsistencies. Based on these categories, we conducted a study (N = 252) in which participants were given one or more LLM-generated passages to an information-seeking question. We found that inconsistency within multiple LLM-generated outputs lowered the participants’ perceived AI capacity, while also increasing their comprehension of the given information. Specifically, we observed that this positive effect of inconsistencies was most significant for participants who read two passages, compared to those who read three. Based on these findings, we present design implications that, instead of regarding LLM output inconsistencies as a drawback, we can reveal the potential inconsistencies to transparently indicate the limitations of these models and promote critical LLM usage.",https://doi-org.myaccess.library.utoronto.ca/10.1145/3630106.3662681
