ID,title,year,source_file
10.1145/3415161,PACMHCI V4 CSCW2 Oct 2020 Editorial,2020,cscw_2020b.bib
10.1145/3415162,Can you Turn it Off? The Spatial and Social Context of Mobile Disturbance,2020,cscw_2020b.bib
10.1145/3415163,Hate begets Hate: A Temporal Study of Hate Speech,2020,cscw_2020b.bib
10.1145/3415165,From Virtual Strangers to IRL Friends: Relationship Development in Livestreaming Communities on Twitch,2020,cscw_2020b.bib
10.1145/3415166,Exploring Design Principles for Sharing of Personal Informatics Data on Ephemeral Social Media,2020,cscw_2020b.bib
10.1145/3415169,Life Review Using a Life Metaphoric Game to Promote Intergenerational Communication,2020,cscw_2020b.bib
10.1145/3415170,Understanding the Homepreneurship Opportunities Afforded by Social Networking and Personal Fabrication Technologies,2020,cscw_2020b.bib
10.1145/3415171,Wikipedia Edit-a-thons as Sites of Public Pedagogy,2020,cscw_2020b.bib
10.1145/3415172,Informational Friction as a Lens for Studying Algorithmic Aspects of Privacy,2020,cscw_2020b.bib
10.1145/3415173,Mediating Community-AI Interaction through Situated Explanation: The Case of AI-Led Moderation,2020,cscw_2020b.bib
10.1145/3415174,"Spontaneous, Yet Studious: Esports Commentators' Live Performance and Self-Presentation Practices",2020,cscw_2020b.bib
10.1145/3415175,"Party Politics, Values and the Design of Social Media Services: Implications of political elites' values and ideologies to mitigating of political polarisation through design",2020,cscw_2020b.bib
10.1145/3415177,Leveraging Peer Support for Mature Immigrants Learning to Write in Informal Contexts,2020,cscw_2020b.bib
10.1145/3415178,Reconsidering Self-Moderation: the Role of Research in Supporting Community-Based Models for Online Content Moderation,2020,cscw_2020b.bib
10.1145/3415179,Exploring Antecedents and Consequences of Toxicity in Online Discussions: A Case Study on Reddit,2020,cscw_2020b.bib
10.1145/3415180,Supporting Youth Activists? Strategic Use of Social Media: A Qualitative Investigation of Design Opportunities,2020,cscw_2020b.bib
10.1145/3415183,The Patient Advice System: A Technology Probe Study to Enable Peer Support in the Hospital,2020,cscw_2020b.bib
10.1145/3415184,Gender Differences in Graphic Design Q&amp;As: How Community and Site Characteristics Contribute to Gender Gaps in Answering Questions,2020,cscw_2020b.bib
10.1145/3415185,Understanding the Role of Intermediaries in Online Social E-commerce: An Exploratory Study of Beidian,2020,cscw_2020b.bib
10.1145/3415187,Tangible Privacy: Towards User-Centric Sensor Designs for Bystander Privacy,2020,cscw_2020b.bib
10.1145/3415188,A Seat at the Table: Black Feminist Thought as a Critical Framework for Inclusive Game Design,2020,cscw_2020b.bib
10.1145/3415189,Chatbot-based Emotion Management for Distributed Teams: A Participatory Design Study,2020,cscw_2020b.bib
10.1145/3415192,Middle-Aged Video Consumers' Beliefs About Algorithmic Recommendations on YouTube,2020,cscw_2020b.bib
10.1145/3415193,A Dramaturgical Approach to Online Activism within Youth Empowerment Organizations,2020,cscw_2020b.bib
10.1145/3415195,"Trans Time: Safety, Privacy, and Content Warnings on a Transgender-Specific Social Media Site",2020,cscw_2020b.bib
10.1145/3415196,Social App Accessibility for Deaf Signers,2020,cscw_2020b.bib
10.1145/3415197,On the Desiderata for Online Altruism: Nudging for Equitable Donations,2020,cscw_2020b.bib
10.1145/3415198,Roles in the Discussion: An Analysis of Social Support in an Online Forum for People with Dementia,2020,cscw_2020b.bib
10.1145/3415199,Religion and Sustainability: Lessons of Sustainable Computing from Islamic Religious Communities,2020,cscw_2020b.bib
10.1145/3415200,Sociocultural Dimensions of Tracking Health and Taking Care,2020,cscw_2020b.bib
10.1145/3415201,"Combating Misinformation in Bangladesh: Roles and Responsibilities as Perceived by Journalists, Fact-checkers, and Users",2020,cscw_2020b.bib
10.1145/3415202,Quantifying the Causal Effects of Conversational Tendencies,2020,cscw_2020b.bib
10.1145/3415204,On the Misinformation Beat: Understanding the Work of Investigative Journalists Reporting on Problematic Information Online,2020,cscw_2020b.bib
10.1145/3415206,Collecting the Public Perception of AI and Robot Rights,2020,cscw_2020b.bib
10.1145/3415208,Supporting Women in Online Dating with a Messaging Interface that Improves their Face-to-Face Meeting Decisions,2020,cscw_2020b.bib
10.1145/3415209,"""Am I doing this all wrong?"": Challenges and Opportunities in Family Information Management",2020,cscw_2020b.bib
10.1145/3415211,Countering Fake News: A Comparison of Possible Solutions Regarding User Acceptance and Effectiveness,2020,cscw_2020b.bib
10.1145/3415212," 'Yes, I comply!': Motivations and Practices around Research Data Management and Reuse across Scientific Fields",2020,cscw_2020b.bib
10.1145/3415213,Mobile Collocated Gaming: Collaborative Play and Meaning-Making on a University Campus,2020,cscw_2020b.bib
10.1145/3415214,Are You One of Us? Current Hiring Practices Suggest the Potential for Class Biases in Large Tech Companies,2020,cscw_2020b.bib
10.1145/3415216,What Happens to All These Hackathon Projects? Identifying Factors to Promote Hackathon Project Continuation,2020,cscw_2020b.bib
10.1145/3415217,Designing Digital Safe Spaces for Peer Support and Connectivity in Patriarchal Contexts,2020,cscw_2020b.bib
10.1145/3415218,Intersectional AI: A Study of How Information Science Students Think about Ethics and Their Impact,2020,cscw_2020b.bib
10.1145/3415221,"""The Personal is Political"": Hackathons as Feminist Consciousness Raising",2020,cscw_2020b.bib
10.1145/3415222,Go&amp;Grow: An Evaluation of a Pervasive Social Exergame for Caregivers of Loved Ones with Dementia,2020,cscw_2020b.bib
10.1145/3415223,Simple and Steady Interactions Win the Healthy Mentality: Designing a Chatbot Service for the Elderly,2020,cscw_2020b.bib
10.1145/3415226,Social Norm Vulnerability and its Consequences for Privacy and Safety in an Online Community,2020,cscw_2020b.bib
10.1145/3415228,Raising the Responsible Child: Collaborative Work in the Use of Activity Trackers for Children,2020,cscw_2020b.bib
10.1145/3415229,Emotion Regulation in eSports Gaming: A Qualitative Study of League of Legends,2020,cscw_2020b.bib
10.1145/3415230,Holy Tweets: Exploring the Sharing of the Quran on Twitter,2020,cscw_2020b.bib
10.1145/3415231,How Experts Detect Phishing Scam Emails,2020,cscw_2020b.bib
10.1145/3415232,Critique Me: Exploring How Creators Publicly Request Feedback in an Online Critique Community,2020,cscw_2020b.bib
10.1145/3415235,The Illusion of Choice in Discussing Cybersecurity Safeguards Between Older Adults with Mild Cognitive Impairment and Their Caregivers,2020,cscw_2020b.bib
10.1145/3415238,"""At the End of the Day Facebook Does What ItWants"": How Users Experience Contesting Algorithmic Content Moderation",2020,cscw_2020b.bib
10.1145/3415239,Good for the Many or Best for the Few? A Dilemma in the Design of Algorithmic Advice,2020,cscw_2020b.bib
10.1145/3415240,"MixTAPE: Mixed-initiative Team Action Plan Creation Through Semi-structured Notes, Automatic Task Generation, and Task Classification",2020,cscw_2020b.bib
10.1145/3415241, 'I Can't Even Buy Apples If I Don't Use Mobile Pay?': When Mobile Payments Become Infrastructural in China,2020,cscw_2020b.bib
10.1145/3415244,"Trust, Identity, Privacy, and Security Considerations for Designing a Peer Data Sharing Platform Between People Living With HIV",2020,cscw_2020b.bib
10.1145/3415245,"Rare, but Valuable: Understanding Data-centered Talk in News Website Comment Sections",2020,cscw_2020b.bib
10.1145/3415246,"""Talking without a Voice"": Understanding Non-verbal Communication in Social Virtual Reality",2020,cscw_2020b.bib
10.1145/3415247,Robots in Groups and Teams: A Literature Review,2020,cscw_2020b.bib
10.1145/3415249,Image Wishlist: Context and Images in Commons-Based Peer Production Communities,2020,cscw_2020b.bib
10.1145/3415250,"Building Community Knowledge In Online Competitions: Motivation, Practices and Challenges",2020,cscw_2020b.bib
10.1145/3415251,Hidden Figures: Roles and Pathways of Successful OSS Contributors,2020,cscw_2020b.bib
10.1145/3415252,A Taxonomy of Team-Assembly Systems: Understanding How People Use Technologies to Form Teams,2020,cscw_2020b.bib
10.1145/3392824,Improving Social Awareness Through DANTE: Deep Affinity Network for Clustering Conversational Interactants,2020,cscw_2020a.bib
10.1145/3392825,Real Differences between OT and CRDT in Correctness and Complexity for Consistency Maintenance in Co-Editors,2020,cscw_2020a.bib
10.1145/3392827,"""It's easier than causing confrontation"": Sanctioning Strategies to Maintain Social Norms and Privacy on Social Media",2020,cscw_2020a.bib
10.1145/3392828,"""They Just Don't Get It"": Towards Social Technologies for Coping with Interpersonal Racism",2020,cscw_2020a.bib
10.1145/3392830,How to Support Newcomers in Scientific Hackathons - An Action Research Study on Expert Mentoring,2020,cscw_2020a.bib
10.1145/3392831,Evaluating News Media Reports on the 'Blue Whale Challenge' for Adherence to Suicide Prevention Safe Messaging Guidelines,2020,cscw_2020a.bib
10.1145/3392832,Methods for Generating Typologies of Non/use,2020,cscw_2020a.bib
10.1145/3392833,From Paper Flight Strips to Digital Strip Systems: Changes and Similarities in Air Traffic Control Work Practices,2020,cscw_2020a.bib
10.1145/3392835,"""Learning for the Rise of China"": Exploring Uses and Gratifications of State-Owned Online Platform",2020,cscw_2020a.bib
10.1145/3392836,Designing a Chatbot as a Mediator for Promoting Deep Self-Disclosure to a Real Mental Health Professional,2020,cscw_2020a.bib
10.1145/3392838,The Role of Conversational Grounding in Supporting Symbiosis Between People and Digital Assistants,2020,cscw_2020a.bib
10.1145/3392839,"I Share, You Care: Private Status Sharing and Sender-Controlled Notifications in Mobile Instant Messaging",2020,cscw_2020a.bib
10.1145/3392842,Stuck in the middle with you: The Transaction Costs of Corporate Employees Hiring Freelancers,2020,cscw_2020a.bib
10.1145/3392843,Parallel Journeys of Patients with Cancer and Depression: Challenges and Opportunities for Technology-Enabled Collaborative Care,2020,cscw_2020a.bib
10.1145/3392845,Conformity of Eating Disorders through Content Moderation,2020,cscw_2020a.bib
10.1145/3392847,Moving Across Lands: Online Platform Migration in Fandom Communities,2020,cscw_2020a.bib
10.1145/3392848,"Changing Roles and Contexts: Symbolic Interactionism in the Sharing of Food and Eating Practices between Remote, Intergenerational Family Members",2020,cscw_2020a.bib
10.1145/3392849,Trustworthiness Perceptions of Social Media Resources Named after a Crisis Event,2020,cscw_2020a.bib
10.1145/3392852,"Exploring Photography in Rural Kenyan Households: Considering ""Relational Objects"" in CSCW and HCI",2020,cscw_2020a.bib
10.1145/3392855,"""(We) Can Talk It Out..."": Designing for Promoting Conflict-Resolution Skills in Youth on a Moderated Minecraft Server",2020,cscw_2020a.bib
10.1145/3392857,Successful Online Socialization: Lessons from the Wikipedia Education Program,2020,cscw_2020a.bib
10.1145/3392859,Data Analysts and Their Software Practices: A Profile of the Sabermetrics Community and Beyond,2020,cscw_2020a.bib
10.1145/3392860,Topical Focus of Political Campaigns and its Impact: Findings from Politicians' Hashtag Use during the 2019 Indian Elections,2020,cscw_2020a.bib
10.1145/3392862,Toward a Grassroots Culture of Technology Practice,2020,cscw_2020a.bib
10.1145/3392863,Quantifying the Effect of Social Presence on Online Social Conformity,2020,cscw_2020a.bib
10.1145/3392864,Mitigating Exploitation: Indie Game Developers' Reconfigurations of Labor in Technology,2020,cscw_2020a.bib
10.1145/3392865,Unpacking Sharing in the Peer-to-Peer Economy: The Impact of Shared Needs and Backgrounds on Ride-Sharing,2020,cscw_2020a.bib
10.1145/3392868,"It's the Wild, Wild West: Lessons Learned From IRB Members' Risk Perceptions Toward Digital Research Data",2020,cscw_2020a.bib
10.1145/3392869,Privacy-Preserving Script Sharing in GUI-based Programming-by-Demonstration Systems,2020,cscw_2020a.bib
10.1145/3392870,Supporting Storytelling With Evidence in Holistic Review Processes: A Participatory Design Approach,2020,cscw_2020a.bib
10.1145/3392871,Configuring Audiences: A Case Study of Email Communication,2020,cscw_2020a.bib
10.1145/3392873,"Using Cultural Probes in HCI4D/ICTD: A Design Case Study from Bungoma, Kenya",2020,cscw_2020a.bib
10.1145/3392876,MAMAS: Supporting Parent--Child Mealtime Interactions Using Automated Tracking and Speech Recognition,2020,cscw_2020a.bib
10.1145/3392877,Parallel Worlds: Repeated Initializations of the Same Team to Improve Team Viability,2020,cscw_2020a.bib
10.1145/3392878,"Human Factors in Model Interpretability: Industry Practices, Challenges, and Needs",2020,cscw_2020a.bib
10.1145/3392881,Decolonizing Tactics as Collective Resilience: Identity Work of AAPI Communities on Reddit,2020,cscw_2020a.bib
10.1145/3392882,DreamCatcher: Exploring How Parents and School-Age Children can Track and Review Sleep Information Together,2020,cscw_2020a.bib
10.1145/3449254,PACMHCI V5 CSCW1 April 2021 Editorial,2021,cscw_2021a.bib
10.1145/3449076,Youth Trust in Social Media Companies and Expectations of Justice: Accountability and Repair After Online Harassment,2021,cscw_2021a.bib
10.1145/3449077,"""Time to Take a Break"": How Heavy Adult Gamers React to a Built-In Gaming Gradual Intervention System",2021,cscw_2021a.bib
10.1145/3449078,A Deeper Investigation of the Importance of Wikipedia Links to Search Engine Results,2021,cscw_2021a.bib
10.1145/3449079,A Composite Framework of Co-located Asymmetric Virtual Reality,2021,cscw_2021a.bib
10.1145/3449080,Fakey: A Game Intervention to Improve News Literacy on Social Media,2021,cscw_2021a.bib
10.1145/3449081,Where Responsible AI meets Reality: Practitioner Perspectives on Enablers for Shifting Organizational Practices,2021,cscw_2021a.bib
10.1145/3449082,"Nobody Puts Redditor in a Binary: Digital Demography, Collective Identities, and Gender in a Subreddit Network",2021,cscw_2021a.bib
10.1145/3449086,Characterizing Student Engagement Moods for Dropout Prediction in Question Pool Websites,2021,cscw_2021a.bib
10.1145/3449087,The Language of Situational Empathy,2021,cscw_2021a.bib
10.1145/3449088,Using the Lenses of Emotion and Support to Understand Unemployment Discourse on Reddit,2021,cscw_2021a.bib
10.1145/3449089,The Unique Challenges for Creative Small Businesses Seeking Feedback on Social Media,2021,cscw_2021a.bib
10.1145/3449090,Modular Politics: Toward a Governance Layer for Online Communities,2021,cscw_2021a.bib
10.1145/3449093,Code of Conduct Conversations in Open Source Software Projects on Github,2021,cscw_2021a.bib
10.1145/3449095,Shared Understanding in Care Coordination for Children's Behavioral Health,2021,cscw_2021a.bib
10.1145/3449098,"Plan Early, Revise More: Effects of Goal Setting and Perceived Role of the Feedback Provider on Feedback Seeking Behavior",2021,cscw_2021a.bib
10.1145/3449099,Towards Supporting Data-Driven Practices in Stroke Telerehabilitation Technology,2021,cscw_2021a.bib
10.1145/3449100,An Image of Society: Gender and Racial Representation and Impact in Image Search Results for Occupations,2021,cscw_2021a.bib
10.1145/3449102,Joint Action Storyboards: A Framework for Visualizing Communication Grounding Costs,2021,cscw_2021a.bib
10.1145/3449104,Understanding the Telework Experience of People with Disabilities,2021,cscw_2021a.bib
10.1145/3449105,"Misfires, Missed Data, Misaligned Treatment: Disconnects in Collaborative Treatment of Eating Disorders",2021,cscw_2021a.bib
10.1145/3449106,The Effects of User Comments on Science News Engagement,2021,cscw_2021a.bib
10.1145/3449107,Understanding the Technological Practices and Needs of Music Therapists,2021,cscw_2021a.bib
10.1145/3449108,"Understanding Wikipedia Practices Through Hindi, Urdu, and English Takes on an Evolving Regional Conflict",2021,cscw_2021a.bib
10.1145/3449110,"Evaluating MIDST, A System to Support Stigmergic Team Coordination",2021,cscw_2021a.bib
10.1145/3449112,Nowcasting Gentrification Using Airbnb Data,2021,cscw_2021a.bib
10.1145/3449113,You Keep Using That Word: Ways of Thinking about Gender in Computing Research,2021,cscw_2021a.bib
10.1145/3449115,"""We Even Borrowed Money From Our Neighbor"": Understanding Mobile-based Frauds Through Victims' Experiences",2021,cscw_2021a.bib
10.1145/3449116,Safe Sexting: The Advice and Support Adolescents Receive from Peers regarding Online Sexual Risks,2021,cscw_2021a.bib
10.1145/3449117,What is Spiritual Support and How Might It Impact the Design of Online Communities?,2021,cscw_2021a.bib
10.1145/3449118,Dakter Bari: Introducing Intermediary to Ensure Healthcare Services to Extremely Impoverished People,2021,cscw_2021a.bib
10.1145/3449119,Owning and Sharing: Privacy Perceptions of Smart Speaker Users,2021,cscw_2021a.bib
10.1145/3449257,Jane Jacobs in the Sky: Predicting Urban Vitality with Open Satellite Data,2021,cscw_2021a.bib
10.1145/3449123,Leveling Up Teamwork in Esports: Understanding Team Cognition in a Dynamic Virtual Environment,2021,cscw_2021a.bib
10.1145/3449124,Networked Authoritarianism at the Edge: The Digital and Political Transitions of Cambodian Village Officials,2021,cscw_2021a.bib
10.1145/3449125,Practice-Based Teacher Questioning Strategy Training with ELK: A Role-Playing Simulation for Eliciting Learner Knowledge,2021,cscw_2021a.bib
10.1145/3449126,"Remote, but Connected: How #TidyTuesday Provides an Online Community of Practice for Data Scientists.",2021,cscw_2021a.bib
10.1145/3449127,When Forcing Collaboration is the Most Sensible Choice: Desirability of Precautionary and Dissuasive Mechanisms to Manage Multiparty Privacy Conflicts,2021,cscw_2021a.bib
10.1145/3449130,Effects of Algorithmic Flagging on Fairness: Quasi-experimental Evidence from Wikipedia,2021,cscw_2021a.bib
10.1145/3449131,"Dis""Like"": How Race and Education May Influence the Perceived Costs of Internet Use in the U.S.",2021,cscw_2021a.bib
10.1145/3449132,StreamSketch: Exploring Multi-Modal Interactions in Creative Live Streams,2021,cscw_2021a.bib
10.1145/3449134,Understanding the Education of Children with Autism in Bangladesh: Parents' Perspective,2021,cscw_2021a.bib
10.1145/3449135,Network Capacity as Common Pool Resource: Community-Based Congestion Management in a Community Network,2021,cscw_2021a.bib
10.1145/3449137,Lost in Co-curation: Uncomfortable Interactions and the Role of Communication in Collaborative Music Playlists,2021,cscw_2021a.bib
10.1145/3449138,Delivery Work and the Experience of Social Isolation,2021,cscw_2021a.bib
10.1145/3449140,StarryThoughts: Facilitating Diverse Opinion Exploration on Social Issues,2021,cscw_2021a.bib
10.1145/3449141,"You Recommend, I Buy: How and Why People Engage in Instant Messaging Based Social Commerce",2021,cscw_2021a.bib
10.1145/3449143,Interdependence in Action: People with Visual Impairments and their Guides Co-constituting Common Spaces,2021,cscw_2021a.bib
10.1145/3449144,"""That's dastardly ingenious"": Ethical Argumentation Strategies on Reddit",2021,cscw_2021a.bib
10.1145/3449147,The Work of Workplace Disclosure: Invisible Chronic Conditions and Opportunities for Design,2021,cscw_2021a.bib
10.1145/3449149,Prior and Prejudice: The Novice Reviewers' Bias against Resubmissions in Conference Peer Review,2021,cscw_2021a.bib
10.1145/3449150,A Tale of Creativity and Struggles: Team Practices for Bottom-Up Innovation in Virtual Game Jams,2021,cscw_2021a.bib
10.1145/3449151,Social-Emotional-Sensory Design Map for Affective Computing Informed by Neurodivergent Experiences,2021,cscw_2021a.bib
10.1145/3449152,"More Accounts, Fewer Links: How Algorithmic Curation Impacts Media Exposure in Twitter Timelines",2021,cscw_2021a.bib
10.1145/3449153,Anyone else have this experience: Sharing the Emotional Labor of Tracking Data About Me,2021,cscw_2021a.bib
10.1145/3449154,Learning to Ignore: A Case Study of Organization-Wide Bulk Email Effectiveness,2021,cscw_2021a.bib
10.1145/3449157,Auditing the Information Quality of News-Related Queries on the Alexa Voice Assistant,2021,cscw_2021a.bib
10.1145/3449158,Self-tracking in Parkinson's The Lived Efforts of Self-management,2021,cscw_2021a.bib
10.1145/3449159,A Design Exploration of Health-Related Community Displays,2021,cscw_2021a.bib
10.1145/3449160,The Complementary Nature of Perceived and Actual Time Spent Online in Measuring Digital Well-being,2021,cscw_2021a.bib
10.1145/3449162,Values (Mis)alignment: Exploring Tensions Between Platform and LGBTQ+ Community Design Values,2021,cscw_2021a.bib
10.1145/3449164,Analyzing Twitter Users' Behavior Before and After Contact by the Russia's Internet Research Agency,2021,cscw_2021a.bib
10.1145/3449166,Errors in Geotargeted Display Advertising: Good News for Local Journalism?,2021,cscw_2021a.bib
10.1145/3449167,Exploring Feelings of Student Community across a Geographically Distributed University,2021,cscw_2021a.bib
10.1145/3449169,"Logging On, Reaching Out, and Getting By: A Review of Self-reported Psychosocial Impacts of Online Peer Support for People Impacted by Cancer",2021,cscw_2021a.bib
10.1145/3449171,Let's Talk It Out: A Chatbot for Effective Study Habit Behavioral Change,2021,cscw_2021a.bib
10.1145/3449172,Participatory Design for Intergenerational Culture Exchange in Immigrant Families: How Collaborative Narration and Creation Fosters Democratic Engagement,2021,cscw_2021a.bib
10.1145/3449173,Automated vs. Human Health Coaching: Exploring Participant and Practitioner Experiences,2021,cscw_2021a.bib
10.1145/3449174,Declarative Variables in Online Dating: A Mixed-Method Analysis of a Mimetic-Distinctive Mechanism,2021,cscw_2021a.bib
10.1145/3449175,Beyond the Command: Feminist STS Research and Critical Issues for the Design of Social Machines,2021,cscw_2021a.bib
10.1145/3449177,"Can ""Conscious Data Contribution"" Help Users to Exert ""Data Leverage"" Against Technology Companies?",2021,cscw_2021a.bib
10.1145/3449178,"Dignity, Autonomy, and Style of Company: Dimensions Older Adults Consider for Robot Companions",2021,cscw_2021a.bib
10.1145/3449179,Jarvis in Motion: A Research Artifact for Circulating Lifestyle Values in Public,2021,cscw_2021a.bib
10.1145/3449180,Conceptualising Contestability: Perspectives on Contesting Algorithmic Decisions,2021,cscw_2021a.bib
10.1145/3449181,Demographic Representation and Collective Storytelling in the Me Too Twitter Hashtag Activism Movement,2021,cscw_2021a.bib
10.1145/3449184,Challenges in the Parent-Child Communication of Health-related Information in Pediatric Cancer Care,2021,cscw_2021a.bib
10.1145/3449185,"Parsing the 'Me' in #MeToo: Sexual Harassment, Social Media, and Justice Infrastructures",2021,cscw_2021a.bib
10.1145/3449186,User-Centered Design of a Mobile App to Support Peer Recovery in a Clinical Setting,2021,cscw_2021a.bib
10.1145/3449187,Just In Time: Challenges and Opportunities of First Aid Care Information Sharing for Supporting Epileptic Seizure Response,2021,cscw_2021a.bib
10.1145/3449188,Promoting Self-Efficacy Through an Effective Human-Powered Nonvisual Smartphone Task Assistant,2021,cscw_2021a.bib
10.1145/3449189,A Multi-platform Study of Crowd Signals Associated with Successful Online Fundraising,2021,cscw_2021a.bib
10.1145/3449190,Personalization Paradox in Behavior Change Apps: Lessons from a Social Comparison-Based Personalized App for Physical Activity,2021,cscw_2021a.bib
10.1145/3449191,Social Music Curation That Works: Insights from Successful Collaborative Playlists,2021,cscw_2021a.bib
10.1145/3449194,Bridging the Socio-Technical Gaps in Body-worn Interpersonal Live-Streaming Telepresence through a Critical Review of the Literature,2021,cscw_2021a.bib
10.1145/3449195,Speculation and the Design of Development,2021,cscw_2021a.bib
10.1145/3449196,Exploring the Effects of Incorporating Human Experts to Deliver Journaling Guidance through a Chatbot,2021,cscw_2021a.bib
10.1145/3449198,Working Together in a PhamilySpace: Facilitating Collaboration on Healthy Behaviors Over Distance,2021,cscw_2021a.bib
10.1145/3449199,Computer-Supported Knotworking: Design Guidelines Based on Two Case Studies from the Healthcare Domain in Europe,2021,cscw_2021a.bib
10.1145/3449200,Caring and Commoning as Cooperative Work: A Case Study in Europe,2021,cscw_2021a.bib
10.1145/3449201,Sensemaking and Coping After Pregnancy Loss: The Seeking and Disruption of Emotional Validation Online,2021,cscw_2021a.bib
10.1145/3449204,Design Ethics in Practice - Points of Departure,2021,cscw_2021a.bib
10.1145/3449205,How AI Developers Overcome Communication Challenges in a Multidisciplinary Team: A Case Study,2021,cscw_2021a.bib
10.1145/3449206,Speaking from Experience: Trans/Non-Binary Requirements for Voice-Activated AI,2021,cscw_2021a.bib
10.1145/3449208,Learners Learn More and Instructors Track Better with Real-time Gaze Sharing,2021,cscw_2021a.bib
10.1145/3449209,Hello? Is There Anybody in There? Analysis of Factors Promoting Response From Authoritative Sources in Crisis,2021,cscw_2021a.bib
10.1145/3449210,Actionable UI Design Guidelines for Smartphone Applications Inclusive of Low-Literate Users,2021,cscw_2021a.bib
10.1145/3449211,Open Collaborative Writing: Investigation of the Fork-and-Pull Model,2021,cscw_2021a.bib
10.1145/3449212,"Individually Vulnerable, Collectively Safe: The Security and Privacy Practices of Households with Older Adults",2021,cscw_2021a.bib
10.1145/3449214,"Surgical Video Summarization: Multifarious Uses, Summarization Process and Ad-Hoc Coordination",2021,cscw_2021a.bib
10.1145/3449215,"Anonymity, User Engagement, Quality, and Trolling on Q&amp;A Sites",2021,cscw_2021a.bib
10.1145/3449216,Exploring Entrepreneurial Activities in Marginalized Widows: A Case from Rural Sri Lanka,2021,cscw_2021a.bib
10.1145/3449217,Adjacent Display of Relevant Discussion Helps Resolve Confusion,2021,cscw_2021a.bib
10.1145/3449219,Design and Appropriation of Computer-supported Self-scheduling Practices in Healthcare Shift Work,2021,cscw_2021a.bib
10.1145/3449220,Characterizing the Online Learning Landscape: What and How People Learn Online,2021,cscw_2021a.bib
10.1145/3449221,Anshimi: Women's Perceptions of Safety Data and the Efficacy of a Safety Application in Seoul,2021,cscw_2021a.bib
10.1145/3449222,How Accessibility Practitioners Promote the Creation of Accessible Products in Large Companies,2021,cscw_2021a.bib
10.1145/3449223,Designing for Independence for People with Visual Impairments,2021,cscw_2021a.bib
10.1145/3449225,Reaction or Speculation: Building Computational Support for Users in Catching-Up Series Based on an Emerging Media Consumption Phenomenon,2021,cscw_2021a.bib
10.1145/3449226, 'A Library of People': Online Resource-Seeking in Low-Income Communities,2021,cscw_2021a.bib
10.1145/3449227,FITNet: Identifying Fashion Influencers on Twitter,2021,cscw_2021a.bib
10.1145/3449228,Being Regulated: Licence to Imagine New Technology for Community Radio,2021,cscw_2021a.bib
10.1145/3449229,A Social Media Study on Mental Health Status Transitions Surrounding Psychiatric Hospitalizations,2021,cscw_2021a.bib
10.1145/3449231,"""Facebook Promotes More Harassment"": Social Media Ecosystem, Skill and Marginalized Hijra Identity in Bangladesh",2021,cscw_2021a.bib
10.1145/3449232,"""They Can Only Ever Guide"": How an Open Source Software Community Uses Roadmaps to Coordinate Effort",2021,cscw_2021a.bib
10.1145/3449233,"Protect and Project: Names, Privacy, and the Boundary Negotiations of Online Video Game Players",2021,cscw_2021a.bib
10.1145/3449235,Social Media through Voice: Synthesized Voice Qualities and Self-presentation,2021,cscw_2021a.bib
10.1145/3449236,How do People Train a Machine? Strategies and (Mis)Understandings,2021,cscw_2021a.bib
10.1145/3449237,IRF: A Framework for Enabling Users to Interact with Recommenders through Dialogue,2021,cscw_2021a.bib
10.1145/3449238,Supporting Goal-Based Collaboration for Hospitalized Children,2021,cscw_2021a.bib
10.1145/3449239,Integrating Cultural Relevance into a Behavioral mHealth Intervention for Native American Youth,2021,cscw_2021a.bib
10.1145/3449243,A Survey of Needs and Features for Augmented Reality Collaborations in Collocated Spaces,2021,cscw_2021a.bib
10.1145/3449244,Exploring the Tensions between the Owners and the Drivers of Uber Cars in Urban Bangladesh,2021,cscw_2021a.bib
10.1145/3449245,"Join, Stay or Go? A Closer Look at Members' Life Cycles in Online Health Communities",2021,cscw_2021a.bib
10.1145/3449246,Finding Place in a Design Space: Challenges for Supporting Community Design Efforts at Scale,2021,cscw_2021a.bib
10.1145/3449247,Meeting Effectiveness and Inclusiveness in Remote Collaboration,2021,cscw_2021a.bib
10.1145/3449248,Getting Your Facebook Affairs in Order: User Expectations in Post-mortem Profile Management,2021,cscw_2021a.bib
10.1145/3449249,The Labor of Maintaining and Scaling Free and Open-Source Software Projects,2021,cscw_2021a.bib
10.1145/3449250,Supporting Collaborative Sequencing of Small Groups through Visual Awareness,2021,cscw_2021a.bib
10.1145/3449251,"""Positive Energy"": Perceptions and Attitudes Towards COVID-19 Information on Social Media in China",2021,cscw_2021a.bib
10.1145/3449253,Critical Affects: Tech Work Emotions Amidst the Techlash,2021,cscw_2021a.bib
10.1145/3449281,"""I can show what I really like."": Eliciting Preferences via Quadratic Voting",2021,cscw_2021a.bib
10.1145/3449282,Towards Accessible Remote Work: Understanding Work-from-Home Practices of Neurodivergent Professionals,2021,cscw_2021a.bib
10.1145/3449297,Formation of Social Ties Influences Food Choice: A Campus-wide Longitudinal Study,2021,cscw_2021a.bib
10.1145/3449284,What Can Analytics for Teamwork Proxemics Reveal About Positioning Dynamics In Clinical Simulations?,2021,cscw_2021a.bib
10.1145/3449285,Cat and Mouse Game: Patching Bureaucratic Work Relations by Patching Technologies,2021,cscw_2021a.bib
10.1145/3449286,Political Ecologies of Participation: Reflecting on the Long-term Impact of Civic Projects,2021,cscw_2021a.bib
10.1145/3449288,Computer-Mediated Consent to Sex: The Context of Tinder,2021,cscw_2021a.bib
10.1145/3449289,Two Cases for Traces: A Theoretical Framing of Mediated Joint Activity,2021,cscw_2021a.bib
10.1145/3449291,Resisting Racism in Tech Design: Centering the Experiences of Black Youth,2021,cscw_2021a.bib
10.1145/3432907,PACMHCI V4 CSCW3 December 2020 Continued Editorial,2021,cscw_2021c.bib
10.1145/3432908,Urban Accessibility as a Socio-Political Problem: A Multi-Stakeholder Analysis,2021,cscw_2021c.bib
10.1145/3432910,Saudi Arabian Parents' Perception of Online Marital Matchmaking Technologies,2021,cscw_2021c.bib
10.1145/3432911,Birds of a Caste - How Caste Hierarchies Manifest in Retweet Behavior of Indian Politicians,2021,cscw_2021c.bib
10.1145/3432912,CommunityClick: Capturing and Reporting Community Feedback from Town Halls to Improve Inclusivity,2021,cscw_2021c.bib
10.1145/3432913,Seeing in Context: Traditional Visual Communication Practices in Rural Bangladesh,2021,cscw_2021c.bib
10.1145/3432914,Tensions between Access and Control in Makerspaces,2021,cscw_2021c.bib
10.1145/3432915,"""It's all about conversation"": Challenges and Concerns of Faculty and Students in the Arts, Humanities, and the Social Sciences about Education at Scale",2021,cscw_2021c.bib
10.1145/3432916,"The Situated, Relational, and Evolving Nature of Epilepsy Diagnosis",2021,cscw_2021c.bib
10.1145/3432917,"""Pick Someone Who Can Kick Your Ass"" - Moneywork in Financial Third Party Access",2021,cscw_2021c.bib
10.1145/3432918,Personalised Services in Social Situations: Principal-Agent Relationships in Account Sharing,2021,cscw_2021c.bib
10.1145/3432919,How Developers Talk About Personal Data and What It Means for User Privacy: A Case Study of a Developer Forum on Reddit,2021,cscw_2021c.bib
10.1145/3432920,Learning from Family Mysteries: Accounting for Untold Stories in Family Memory Practices,2021,cscw_2021c.bib
10.1145/3432922,What Makes People Join Conspiracy Communities? Role of Social Factors in Conspiracy Engagement,2021,cscw_2021c.bib
10.1145/3432923,Daughters of Men: Saudi Women's Sociotechnical Agency Practices in Addressing Domestic Abuse,2021,cscw_2021c.bib
10.1145/3432925,"Making it Work, or Not: A Longitudinal Study of Career Trajectories Among Online Freelancers",2021,cscw_2021c.bib
10.1145/3432926,Using Data to Approach the Unknown: Patients' and Healthcare Providers? Data Practices in Fertility Challenges,2021,cscw_2021c.bib
10.1145/3432927,Narrative Maps: An Algorithmic Approach to Represent and Extract Information Narratives,2021,cscw_2021c.bib
10.1145/3432930,Conducting Risky Research with Teens: Co-designing for the Ethical Treatment and Protection of Adolescents,2021,cscw_2021c.bib
10.1145/3432932,Agency and Extraction in Emerging Industrial Drone Applications: Imaginaries of Rwandan Farm Workers and Community Members,2021,cscw_2021c.bib
10.1145/3432933,I Can't Breathe: Reflections from Black Women in CSCW and HCI,2021,cscw_2021c.bib
10.1145/3432935,Better Feedback from Nicer People: Narrative Empathy and Ingroup Framing Improve Feedback Exchange,2021,cscw_2021c.bib
10.1145/3432937,Socio-Spatial Comfort: Using Vision-based Analysis to Inform User-Centred Human-Building Interactions,2021,cscw_2021c.bib
10.1145/3432938,"Body, Avatar, and Me: The Presentation and Perception of Self in Social Virtual Reality",2021,cscw_2021c.bib
10.1145/3432939,A Dozen Stickers on a Mailbox: Physical Encounters and Digital Interactions in a Local Sharing Community,2021,cscw_2021c.bib
10.1145/3432940,A System for Interleaving Discussion and Summarization in Online Collaboration,2021,cscw_2021c.bib
10.1145/3432941,"Piracy and the Impaired Cyborg: Assistive Technologies, Accessibility, and Access",2021,cscw_2021c.bib
10.1145/3432943,Probing User Perceptions of On-Skin Notification Displays,2021,cscw_2021c.bib
10.1145/3432944,Unequal Impacts of Augmented Reality on Learning and Collaboration During Robot Programming with Peers,2021,cscw_2021c.bib
10.1145/3432946,"Un Grano de Arena: Infrastructural Care, Social Media Platforms, and the Venezuelan Humanitarian Crisis",2021,cscw_2021c.bib
10.1145/3432947,"""I can't get round"": Recruiting Assistance in Mobile Robotic Telepresence",2021,cscw_2021c.bib
10.1145/3432948,Misinformation as a Window into Prejudice: COVID-19 and the Information Environment in India,2021,cscw_2021c.bib
10.1145/3432950,ShiSha: Enabling Shared Perspective With Face-to-Face Collaboration Using Redirected Avatars in Virtual Reality,2021,cscw_2021c.bib
10.1145/3432951,"For You, or For""You""? Everyday LGBTQ+ Encounters with TikTok",2021,cscw_2021c.bib
10.1145/3432952,Understanding Women's Remote Collaborative Programming Experiences: The Relationship between Dialogue Features and Reported Perceptions,2021,cscw_2021c.bib
10.1145/3432953,"3 Stars on Yelp, 4 Stars on Google Maps: A Cross-Platform Examination of Restaurant Ratings",2021,cscw_2021c.bib
10.1145/3432954,Towards Building Community Collective Efficacy for Managing Digital Privacy and Security within Older Adult Communities,2021,cscw_2021c.bib
10.1145/3434166,Content Creation in Later Life: Reconsidering Older Adults' Digital Participation and Inclusion,2021,cscw_2021c.bib
10.1145/3434167,Online Community-based Design of Free and Open Source Software for Transgender Voice Training,2021,cscw_2021c.bib
10.1145/3434168,Towards Supporting Programming Education at Scale via Live Streaming,2021,cscw_2021c.bib
10.1145/3434171,Not Another Medication Adherence App: Critical Reflections on Addressing Public HIV-related Stigma Through Design,2021,cscw_2021c.bib
10.1145/3434176,School's Back: Scaffolding Reminiscence in Social Virtual Reality with Older Adults,2021,cscw_2021c.bib
10.1145/3434178,Opportunistic Collective Experiences: Identifying Shared Situations and Structuring Shared Activities at Distance,2021,cscw_2021c.bib
10.1145/3434179,Country Differences in Social Comparison on Social Media,2021,cscw_2021c.bib
10.1145/3434181,"Entering Doors, Evading Traps: Benefits and Risks of Visibility During Transgender Coming Outs",2021,cscw_2021c.bib
10.1145/3434182,ProtoTeams: Supporting Team Dating in Co-Located Settings,2021,cscw_2021c.bib
10.1145/3434184,Patterns of Patient and Caregiver Mutual Support Connections in an Online Health Community,2021,cscw_2021c.bib
10.1145/3476022,PACMHCI V5 CSCW2 October 2021 Editorial,2021,cscw_2021b.bib
10.1145/3476023,Social Catalysts: Characterizing People Who Spark Conversations Among Others,2021,cscw_2021b.bib
10.1145/3476034,Co-Designing AI Literacy Exhibits for Informal Learning Spaces,2021,cscw_2021b.bib
10.1145/3476035,"An Archive of Interfaces: Exploring the Potential of Emulation for Software Research, Pedagogy, and Design",2021,cscw_2021b.bib
10.1145/3476036,Understanding Families' Non-/Use Practices and Choices: The Case of Smart Speakers and Smart Interactive Toys,2021,cscw_2021b.bib
10.1145/3476038,Exploring the Experiences of Streamers with Visual Impairments,2021,cscw_2021b.bib
10.1145/3476040,Supporting Collaborative Reflection on Personal Values and Health,2021,cscw_2021b.bib
10.1145/3476041,Cocode: Providing Social Presence with Co-learner Screen Sharing in Online Programming Classes,2021,cscw_2021b.bib
10.1145/3476043,Tedious Versus Taxing: The Nature of Work in a Behavioral Health Context,2021,cscw_2021b.bib
10.1145/3476045,Stronger Together: How Neighborhood Groups Build up a Virtual Network during the COVID-19 Pandemic,2021,cscw_2021b.bib
10.1145/3476046,Algorithmic Folk Theories and Identity: How TikTok Users Co-Produce Knowledge of Identity and Engage in Algorithmic Resistance,2021,cscw_2021b.bib
10.1145/3476047,PrivacyPrimer: Towards Privacy-Preserving Episodic Memory Support For Older Adults,2021,cscw_2021b.bib
10.1145/3476048,Parental Facilitation of Young Children's Technology-based Learning Experiences from Nondominant Groups During the COVID-19 Pandemic,2021,cscw_2021b.bib
10.1145/3476049,Data Subjects' Conceptualizations of and Attitudes Toward Automatic Emotion Recognition-Enabled Wellbeing Interventions on Social Media,2021,cscw_2021b.bib
10.1145/3476050,"""What is the Topic of the Group, Please?"" On Migration, Care and the Challenges of Participation in Design",2021,cscw_2021b.bib
10.1145/3476051,"Educators, Solicitors, Flamers, Motivators, Sympathizers: Characterizing Roles in Online Extremist Movements",2021,cscw_2021b.bib
10.1145/3476055,The Pandemic Shift to Remote Learning under Resource Constraints,2021,cscw_2021b.bib
10.1145/3476056,Seeing Like an Infrastructure: Low-resolution Citizens and the Aadhaar Identification Project,2021,cscw_2021b.bib
10.1145/3476057,Do Platform Migrations Compromise Content Moderation? Evidence from r/The_Donald and r/Incels,2021,cscw_2021b.bib
10.1145/3476059,Contestability For Content Moderation,2021,cscw_2021b.bib
10.1145/3476061,Aging in Place Together: The Journey Towards Adoption and Acceptance of Stairlifts in Multi-Resident Homes,2021,cscw_2021b.bib
10.1145/3476062,With Help from Afar: Cross-Local Communication in an Online COVID-19 Pandemic Community,2021,cscw_2021b.bib
10.1145/3476064,Infrastructuring Telehealth in (In)Formal Patient-Doctor Contexts,2021,cscw_2021b.bib
10.1145/3476067,Collaboration around Multi-touch Spherical Displays: A Field Study at a Science Museum,2021,cscw_2021b.bib
10.1145/3476068,How to Evaluate Trust in AI-Assisted Decision Making? A Survey of Empirical Methodologies,2021,cscw_2021b.bib
10.1145/3476070,"""There Should Be More Than One Voice in A Healthy Society"": Infrastructural Violence and Totalitarian Computing in China",2021,cscw_2021b.bib
10.1145/3476071,Tensions and Mitigations: Understanding Concerns and Values around Smartphone Data Collection for Public Health Emergencies,2021,cscw_2021b.bib
10.1145/3476072,"Growing Together, Remaining Apart: The Role of Digital Technology in Former Guerrilla Fighters' Social Capital",2021,cscw_2021b.bib
10.1145/3476074,Reporting the Community Beat: Practices for Moderating Online Discussion at a News Website,2021,cscw_2021b.bib
10.1145/3476075,Punishment and Its Discontents: An Analysis of Permanent Ban in an Online Game Community,2021,cscw_2021b.bib
10.1145/3476078,Shared Realities: Avatar Identification and Privacy Concerns in Reconstructed Experiences,2021,cscw_2021b.bib
10.1145/3476079,A Case Study of Phishing Incident Response in an Educational Organization,2021,cscw_2021b.bib
10.1145/3476080,Adaptive Folk Theorization as a Path to Algorithmic Literacy on Changing Platforms,2021,cscw_2021b.bib
10.1145/3476081,Investigating Technostress Among Teachers in Low-Income Indian Schools,2021,cscw_2021b.bib
10.1145/3476082,"""I'm a Professor, which isn't usually a dangerous job"": Internet-facilitated Harassment and Its Impact on Researchers",2021,cscw_2021b.bib
10.1145/3476084,Protection or Punishment? Relating the Design Space of Parental Control Apps and Perceptions about Them to Support Parenting for Online Safety,2021,cscw_2021b.bib
10.1145/3476085,Trkic G00gle: Why and How Users Game Translation Algorithms,2021,cscw_2021b.bib
10.1145/3476086,Cross-platform Information Operations: Mobilizing Narratives \&amp; Building Resilience through both 'Big' \&amp; 'Alt' Tech,2021,cscw_2021b.bib
10.1145/3476087,This Website Uses Nudging: MTurk Workers' Behaviour on Cookie Consent Notices,2021,cscw_2021b.bib
10.1145/3476088,Charting the Path: Requirements and Constraints for Technology-Supported Walking Meetings,2021,cscw_2021b.bib
10.1145/3476089,A Framework of High-Stakes Algorithmic Decision-Making for the Public Sector Developed through a Case Study of Child-Welfare,2021,cscw_2021b.bib
10.1145/3476091,Black or White but Never Neutral: How Readers Perceive Identity from Yellow or Skin-toned Emoji,2021,cscw_2021b.bib
10.1145/3479495,"""Learn, Use, and (Intermittently) Abandon"": Exploring the Practices of Early Smart Speaker Adopters in Urban India",2021,cscw_2021b.bib
10.1145/3479496,IdeateRelate: An Examples Gallery That Helps Creators Explore Ideas in Relation to Their Own,2021,cscw_2021b.bib
10.1145/3479497,"The ""Shut the f**k up"" Phenomenon: Characterizing Incivility in Open Source Code Review Discussions",2021,cscw_2021b.bib
10.1145/3479498,Investigating Self-injury Support Solicitations and Responses on a Mobile Peer Support Application,2021,cscw_2021b.bib
10.1145/3479499,Tactics of Soft Resistance in User Experience Professionals' Values Work,2021,cscw_2021b.bib
10.1145/3479501,Open Data Settings: A Conceptual Framework Explored Through the Map Room Project,2021,cscw_2021b.bib
10.1145/3479502,A Method to Analyze Multiple Social Identities in Twitter Bios,2021,cscw_2021b.bib
10.1145/3479504,Collective Privacy Management Practices: A Study of Privacy Strategies and Risks in a Private Facebook Group,2021,cscw_2021b.bib
10.1145/3479506,Co-Design with Older Adults: Examining and Reflecting on Collaboration with Aging Communities,2021,cscw_2021b.bib
10.1145/3479507,Guilty Artificial Minds: Folk Attributions of Mens Rea and Culpability to Artificially Intelligent Agents,2021,cscw_2021b.bib
10.1145/3479508,From Therapy to Teletherapy: Relocating Mental Health Services Online,2021,cscw_2021b.bib
10.1145/3479509,Conceptualizing Hyperlocal Information Systems for Developing Countries,2021,cscw_2021b.bib
10.1145/3479510,Scaffolding the Online Peer-support Experience: Novice Supporters' Strategies and Challenges,2021,cscw_2021b.bib
10.1145/3479511,On the Congruence Between Online Social Content and Future IT Skill Demand,2021,cscw_2021b.bib
10.1145/3479512,A Framework of Severity for Harmful Content Online,2021,cscw_2021b.bib
10.1145/3479513,"""Its Changes so Often"": Parental Non-/Use of Mobile Devices While Caring for Infants and Toddlers at Home",2021,cscw_2021b.bib
10.1145/3479514,"Reflexivity of Account, Professional Vision, and Computer-Supported Cooperative Work: Working in the Maritime Domain",2021,cscw_2021b.bib
10.1145/3479515,"Exploring Interactions Between Trust, Anthropomorphism, and Relationship Development in Voice Assistants",2021,cscw_2021b.bib
10.1145/3479516,End User Accounts of Dark Patterns as Felt Manipulation,2021,cscw_2021b.bib
10.1145/3479517,Family Communication: Examining the Differing Perceptions of Parents and Teens Regarding Online Safety Communication,2021,cscw_2021b.bib
10.1145/3479518,Meeting with Media: Comparing Synchronous Media Sharing and Icebreaker Questions in Initial Interactions via Video Chat,2021,cscw_2021b.bib
10.1145/3479520,"""Be Gay, Do Crimes"": The Co-Production and Activist Potential of Contemporary Fanzines",2021,cscw_2021b.bib
10.1145/3479521,A Comparative Study of Dark Patterns Across Web and Mobile Modalities,2021,cscw_2021b.bib
10.1145/3479522,Difficulties of Measuring Culture in Privacy Studies,2021,cscw_2021b.bib
10.1145/3479523,Trend Alert: A Cross-Platform Organization Manipulated Twitter Trends in the Indian General Election,2021,cscw_2021b.bib
10.1145/3479524,Digital Social Interaction in Older Adults During the COVID-19 Pandemic,2021,cscw_2021b.bib
10.1145/3479525,Evaluating the Effectiveness of Deplatforming as a Moderation Strategy on Twitter,2021,cscw_2021b.bib
10.1145/3479526,Digital Privacy Perceptions of Asylum Seekers in Germany: An Empirical Study about Smartphone Usage during the Flight,2021,cscw_2021b.bib
10.1145/3479530,Developers Who Vlog: Dismantling Stereotypes through Community and Identity,2021,cscw_2021b.bib
10.1145/3479533,The Narrative Tapestry Design Process: Weaving Online Social Support from Stories of Stigma,2021,cscw_2021b.bib
10.1145/3479535,Together But Alone: Atomization and Peer Support among Gig Workers,2021,cscw_2021b.bib
10.1145/3479536,Playing the Hiring Game: Class-Based Emotional Experiences and Tactics in Elite Hiring,2021,cscw_2021b.bib
10.1145/3479538,Curiosity Notebook: The Design of a Research Platform for Learning by Teaching,2021,cscw_2021b.bib
10.1145/3479539,Designing Transparency Cues in Online News Platforms to Promote Trust: Journalists' \&amp; Consumers' Perspectives,2021,cscw_2021b.bib
10.1145/3479541,Examining the Design and Development of a Social Justice Makerspace,2021,cscw_2021b.bib
10.1145/3479542,How Content Authored by People with Dementia Affects Attitudes towards Dementia,2021,cscw_2021b.bib
10.1145/3479543,Teacher-Guardian Collaboration for Emergency Remote Learning in the COVID-19 Crisis,2021,cscw_2021b.bib
10.1145/3479545,Reflections on Assets-Based Design: A Journey Towards A Collective of Assets-Based Thinkers,2021,cscw_2021b.bib
10.1145/3479546,Parenting in a Pandemic: Juggling Multiple Roles and Managing Technology Use in Family Life During COVID-19 in the United States,2021,cscw_2021b.bib
10.1145/3479547,Latexify Math: Mathematical Formula Markup Revision to Assist Collaborative Editing in Math Q&amp;A Sites,2021,cscw_2021b.bib
10.1145/3479548,Asymmetries in Online Job-Seeking: A Case Study of Muslim-American Women,2021,cscw_2021b.bib
10.1145/3479549,The Differential Effect of Privacy-Related Trust on Groupware Application Adoption and Use during the COVID-19 pandemic,2021,cscw_2021b.bib
10.1145/3479551,The Long Road Ahead: Ongoing Challenges in Contributing to Large OSS Organizations and What to Do,2021,cscw_2021b.bib
10.1145/3479554,After Violation But Before Sanction: Understanding Volunteer Moderators' Profiling Processes Toward Violators in Live Streaming Communities,2021,cscw_2021b.bib
10.1145/3479556,"""How over is it?"" Understanding the Incel Community on YouTube",2021,cscw_2021b.bib
10.1145/3479557,Alternatives to Agrilogistics: Designing for Ecological Thinking,2021,cscw_2021b.bib
10.1145/3479558,Understanding Tensions and Resilient Practices that Emerge from Technology Use in Asian India Families in the U.S.: The Case of COVID-19,2021,cscw_2021b.bib
10.1145/3479559,PuzzleMe: Leveraging Peer Assessment for In-Class Programming Exercises,2021,cscw_2021b.bib
10.1145/3479560,Every Cloud Has a Silver Lining: Exploring Experiential Knowledge and Assets of Family Caregivers,2021,cscw_2021b.bib
10.1145/3479564,Understanding Delivery of Collectively Built Protocols in an Online Health Community for Discontinuation of Psychiatric Drugs,2021,cscw_2021b.bib
10.1145/3479565,Powerful Privacy Norms in Social Network Discourse,2021,cscw_2021b.bib
10.1145/3479566,What Makes Tweetorials Tick: How Experts Communicate Complex Topics on Twitter,2021,cscw_2021b.bib
10.1145/3479567,"The Online Authenticity Paradox: What Being ""Authentic"" on Social Media Means, and Barriers to Achieving It",2021,cscw_2021b.bib
10.1145/3479568,The Everyday HCI of Uber Drivers in India: A Developing Country Perspective,2021,cscw_2021b.bib
10.1145/3479570,"The Flaky Accretions of Infrastructure: Sociotechnical Systems, Citizenship, and the Water Supply",2021,cscw_2021b.bib
10.1145/3479571,NudgeCred: Supporting News Credibility Assessment on Social Media Through Nudges,2021,cscw_2021b.bib
10.1145/3479573,"""How advertiser-friendly is my video?"": YouTuber's Socioeconomic Interactions with Algorithmic Content Moderation",2021,cscw_2021b.bib
10.1145/3479574,"Constructing Authenticity on TikTok: Social Norms and Social Support on the ""Fun"" Platform",2021,cscw_2021b.bib
10.1145/3479575,Enabling Collaborative Data Science Development with the Ballet Framework,2021,cscw_2021b.bib
10.1145/3479576,Challenges and Opportunities for Data-Centric Peer Evaluation Tools for Teamwork,2021,cscw_2021b.bib
10.1145/3479577,Everyday Algorithm Auditing: Understanding the Power of Everyday Users in Surfacing Harmful Algorithmic Behaviors,2021,cscw_2021b.bib
10.1145/3479578,"Social, Environmental, and Technical: Factors at Play in the Current Use and Future Design of Small-Group Captioning",2021,cscw_2021b.bib
10.1145/3479579,Bridging Fluency Disparity between Native and Nonnative Speakers in Multilingual Multiparty Collaboration Using a Clarification Agent,2021,cscw_2021b.bib
10.1145/3479580,"Dissemination, Situated Fact-checking, and Social Effects of Misinformation among Rural Bangladeshi Villagers During the COVID-19 Pandemic",2021,cscw_2021b.bib
10.1145/3479581,Won't You Think of Others?: Interdependent Privacy in Smartphone App Permissions,2021,cscw_2021b.bib
10.1145/3479584,"Parenting, Studying and Working at Home in a Foreign Country: How International Student Mothers in the US Use Screen Media For and With Their Young Children: Parenting, Studying and Working at Home in a Foreign Country",2021,cscw_2021b.bib
10.1145/3479585,Designing Technologies to Support Parent-Child Relationships: A Review of Current Findings and Suggestions for Future Directions,2021,cscw_2021b.bib
10.1145/3479588,Narratives + Diagrams: An Integrated Approach for Externalizing and Sharing People's Causal Beliefs,2021,cscw_2021b.bib
10.1145/3479589,"""PocketBot Is Like a Knock-On-the-Door!"": Designing a Chatbot to Support Long-Distance Relationships",2021,cscw_2021b.bib
10.1145/3479590,KinVoices: Using Voices of Friends and Family in Voice Interfaces,2021,cscw_2021b.bib
10.1145/3479591,Moving with the Times: Investigating the Alt-Right Network Gab with Temporal Interaction Graphs,2021,cscw_2021b.bib
10.1145/3479595,A Model of Socially Sustained Self-Tracking for Food and Diet,2021,cscw_2021b.bib
10.1145/3479597,Videoconference and Embodied VR: Communication Patterns Across Task and Medium,2021,cscw_2021b.bib
10.1145/3479598,Sensemaking and the Chemtrail Conspiracy on the Internet: Insights from Believers and Ex-believers,2021,cscw_2021b.bib
10.1145/3479599,Exploring the Experiences of Student Volunteer and Student Volunteer Chair Communities at Academic Conferences,2021,cscw_2021b.bib
10.1145/3479600,"Reflect, not Regret: Understanding Regretful Smartphone Use with App Feature-Level Analysis",2021,cscw_2021b.bib
10.1145/3479602,More than a Modern Day Green Book: Exploring the Online Community of Black Twitter,2021,cscw_2021b.bib
10.1145/3479603,Time for Historicism in CSCW: An Invitation,2021,cscw_2021b.bib
10.1145/3479605,Approaches for Designing Handheld Augmented Reality Learning Experiences for Mathematics Classrooms,2021,cscw_2021b.bib
10.1145/3479606,Why do People Participate in Small Online Communities?,2021,cscw_2021b.bib
10.1145/3479607,Hugging with a Shower Curtain: Older Adults' Social Support Realities During the COVID-19 Pandemic,2021,cscw_2021b.bib
10.1145/3479608,"""The Network Is an Excuse"": Hardware Maintenance Supporting Community",2021,cscw_2021b.bib
10.1145/3479611,Efficiency and Care in Community-led Initiatives,2021,cscw_2021b.bib
10.1145/3479855,Characterizing Social Imaginaries and Self-Disclosures of Dissonance in Online Conspiracy Discussion Communities,2021,cscw_2021b.bib
10.1145/3479857,Physicality As an Anchor for Coordination: Examining Collocated Collaboration in Physical and Mobile Augmented Reality Settings,2021,cscw_2021b.bib
10.1145/3479858,"Child Safety in the Smart Home: Parents' Perceptions, Needs, and Mitigation Strategies",2021,cscw_2021b.bib
10.1145/3479860,"""Jol"" or ""Pani""?: How Does Governance Shape a Platform's Identity?",2021,cscw_2021b.bib
10.1145/3479861,Exploring Email-Prompted Information Needs,2021,cscw_2021b.bib
10.1145/3479862,Dilemmas in Mutual Aid: Lessons for Crisis Informatics from an Emergent Community Response to the Pandemic,2021,cscw_2021b.bib
10.1145/3479864,Who is the Expert? Reconciling Algorithm Aversion and Algorithm Appreciation in AI-Supported Decision Making,2021,cscw_2021b.bib
10.1145/3479865,The Impact of Organizational Structure and Technology Use on Collaborative Practices in Computer Emergency Response Teams: An Empirical Study,2021,cscw_2021b.bib
10.1145/3479866,Thing Constellation Visualizer: Exploring Emergent Relationships of Everyday Objects,2021,cscw_2021b.bib
10.1145/3479867,Legibility and the Legacy of Racialized Dispossession in Digital Agriculture,2021,cscw_2021b.bib
10.1145/3479868,Deciding If and How to Use a COVID-19 Contact Tracing App: Influences of Social Factors on Individual Use in Japan,2021,cscw_2021b.bib
10.1145/3637287,"PACMHCI V8, CSCW1, April 2024 Editorial",2024,cscw_2024a.bib
10.1145/3637289,A Design Vocabulary for Scaffolding Group Interaction Archetypes through Synchronous Telephony,2024,cscw_2024a.bib
10.1145/3637290,A Step Toward Better Care: Understanding What Caregivers and Residents in Assisted Living Facilities Value in Health Monitoring Systems,2024,cscw_2024a.bib
10.1145/3637291,"A Turn to Assets in Community-Based Computing Research: Tradeoffs, Deficits, and Neoliberalism in Technological Development",2024,cscw_2024a.bib
10.1145/3637292,Abusive Partner Perspectives on Technology Abuse: Implications for Community-based Violence Prevention,2024,cscw_2024a.bib
10.1145/3637293,Advocating Values through Meaningful Participation: Introducing a Method to Elicit and Analyze Values for Enriching Data Donation Practices in Healthcare,2024,cscw_2024a.bib
10.1145/3637294,"Aftermath: Infrastructure, Resources, and Organizational Adaptation in the Wake of Disaster",2024,cscw_2024a.bib
10.1145/3637295,An Intersectional Lifecourse Lens and Participatory Methods as the Foundations for Co-Designing with and for Minoritised Older Adults,2024,cscw_2024a.bib
10.1145/3637297,"""Because Some Sighted People, They Don't Know What the Heck You're Talking About:"" A Study of Blind Tokers' Infrastructuring Work to Build Independence",2024,cscw_2024a.bib
10.1145/3637299,Better Living Through Creepy Technology? Exploring Tensions Between a Novel Class of Well-Being Apps and Affective Discomfort in App Culture,2024,cscw_2024a.bib
10.1145/3637301,Beyond Just Money Transactions: How Digital P2P Payments (Re)shape Existing Offline Interpersonal Relationships,2024,cscw_2024a.bib
10.1145/3637302,"A Token Gesture: Non-Transferable NFTs, Digital Possessions and Ownership Design",2024,cscw_2024a.bib
10.1145/3637303,BPCoach: Exploring Hero Drafting in Professional MOBA Tournaments via Visual Analytics,2024,cscw_2024a.bib
10.1145/3637305,"""Centralized or Decentralized?"": Concerns and Value Judgments of Stakeholders in the Non-Fungible Tokens (NFTs) Market",2024,cscw_2024a.bib
10.1145/3637306,Characterizing Developers' Linguistic Behaviors in Open Source Development across Their Social Statuses,2024,cscw_2024a.bib
10.1145/3637307,Characterizing Usability Issue Discussions in Open Source Software Projects,2024,cscw_2024a.bib
10.1145/3637309,Communicating the Privacy-Utility Trade-off: Supporting Informed Data Donation with Privacy Decision Interfaces for Differential Privacy,2024,cscw_2024a.bib
10.1145/3637310,Community Archetypes: An Empirical Framework for Guiding Research Methodologies to Reflect User Experiences of Sense of Virtual Community on Reddit,2024,cscw_2024a.bib
10.1145/3637311,Concept of Operations as Epistemic Object: The Sociotechnical Design Roles of a Systems Engineering Document,2024,cscw_2024a.bib
10.1145/3637313,Construction and Analysis of Collaborative Educational Networks based on Student Concept Maps,2024,cscw_2024a.bib
10.1145/3637315,"Creative ML Assemblages: The Interactive Politics of People, Processes, and Products",2024,cscw_2024a.bib
10.1145/3637316,Data Stewardship in Clinical Computer Security: Balancing Benefit and Burden in Participatory Systems,2024,cscw_2024a.bib
10.1145/3637319,Designing Shared Information Displays for Agents of Varying Strategic Sophistication,2024,cscw_2024a.bib
10.1145/3637320,Designing the Conversational Agent: Asking Follow-up Questions for Information Elicitation,2024,cscw_2024a.bib
10.1145/3637321,DesignQuizzer: A Community-Powered Conversational Agent for Learning Visual Design,2024,cscw_2024a.bib
10.1145/3637322,Diving into a Heritage Metaverse: Learning from End User-driven Experiences and Perspectives to Enhance Virtual Heritage Interpretation,2024,cscw_2024a.bib
10.1145/3637323,eHealth Data Security and Privacy: Perspectives from Diverse Stakeholders in Malawi,2024,cscw_2024a.bib
10.1145/3637324,Emotion AI Use in U.S. Mental Healthcare: Potentially Unjust and Techno-Solutionist,2024,cscw_2024a.bib
10.1145/3637327,Engage Wider Audience or Facilitate Quality Answers? a Mixed-methods Analysis of Questioning Strategies for Research Sensemaking on a Community Q&amp;A Site,2024,cscw_2024a.bib
10.1145/3637328,Examining the Social Aspects of Pregnancy Tracking Applications,2024,cscw_2024a.bib
10.1145/3637329,Exploring Effects of Chatbot's Interpretation and Self-disclosure on Mental Illness Stigma,2024,cscw_2024a.bib
10.1145/3652867,Exploring the Perspectives of Social VR-Aware Non-Parent Adults and Parents on Children's Use of Social Virtual Reality,2024,cscw_2024a.bib
10.1145/3637332,Exploring the Role of Chatbots in Tackling COVID-19 Vaccine Hesitancy among Pregnant and Breastfeeding Women in Rural Northern India,2024,cscw_2024a.bib
10.1145/3637333,"""Fact-checks are for the Top 0.1\%"": Examining Reach, Awareness, and Relevance of Fact-Checking in Rural India",2024,cscw_2024a.bib
10.1145/3637334,FamilyScope: Visualizing Affective Aspects of Family Social Interactions using Passive Sensor Data,2024,cscw_2024a.bib
10.1145/3637336,From Awareness to Action: Exploring End-User Empowerment Interventions for Dark Patterns in UX,2024,cscw_2024a.bib
10.1145/3637337,Gender Biases in Error Mitigation by Voice Assistants,2024,cscw_2024a.bib
10.1145/3637338,"Governance Capture in a Self-Governing Community: A Qualitative Comparison of the Croatian, Serbian, Bosnian, and Serbo-Croatian Wikipedias",2024,cscw_2024a.bib
10.1145/3637339,Healthcare Voice AI Assistants: Factors Influencing Trust and Intention to Use,2024,cscw_2024a.bib
10.1145/3637340,HearHere: Mitigating Echo Chambers in News Consumption through an AI-based Web System,2024,cscw_2024a.bib
10.1145/3637341,How Personal Value Orientations Influence Behaviors in Digital Citizen Science,2024,cscw_2024a.bib
10.1145/3637342,"""I'm Constantly in This Dilemma"": How Migrant Technology Professionals Perceive Social Media Recommendation Algorithms",2024,cscw_2024a.bib
10.1145/3637343,"I'm Working on Erasing You, Just Don't Have the Proper Tools: Supporting Online Identity Management After the End of Romantic Relationships",2024,cscw_2024a.bib
10.1145/3637344,"""I Felt Everyone Was a Streamer"": An Empirical Study on What Makes Avatar Collective Streaming Engaging",2024,cscw_2024a.bib
10.1145/3637345,"""I felt like I was doing grown-up things"": Young Adult Reflections on their Childhood Experiences of Online Searching and Brokering in Immigrant Families",2024,cscw_2024a.bib
10.1145/3637346,"""I hate you. I love you. I'm sorry. I miss you."" Understanding Online Grief Expression Through Suicide Bereavement Letter-Writing Practices",2024,cscw_2024a.bib
10.1145/3637347,I Just Don't Quite Fit In: How People of Colour Participate in Online and Offline Climate Activism,2024,cscw_2024a.bib
10.1145/3637348,"""If it is easy to understand then it will have value"": Examining Perceptions of Explainable AI with Community Health Workers in Rural India",2024,cscw_2024a.bib
10.1145/3637349,Images Connect Us Together: Navigating a COVID-19 Local Outbreak in China Through Social Media Images,2024,cscw_2024a.bib
10.1145/3637350,Improving Grading Fairness and Transparency with Decentralized Collaborative Peer Assessment,2024,cscw_2024a.bib
10.1145/3637351,Improving Work-Nonwork Balance with Data-Driven Implementation Intention and Mental Contrasting,2024,cscw_2024a.bib
10.1145/3637352,Infrastructuring Community Fridges for Food Commoning,2024,cscw_2024a.bib
10.1145/3637353,"""Innovative Technologies or Invasive Technologies?"": Exploring Design Challenges of Privacy Protection With Smart Home in Jordan",2024,cscw_2024a.bib
10.1145/3637354,Interpretability Gone Bad: The Role of Bounded Rationality in How Practitioners Understand Machine Learning,2024,cscw_2024a.bib
10.1145/3637355,Investigating the Possibility of Using an AR Mask to Support Online Psychological Counseling,2024,cscw_2024a.bib
10.1145/3637356,Investigating Influential Users' Responses to Permanent Suspension on Social Media,2024,cscw_2024a.bib
10.1145/3637357,"Investigating VTubing as a Reconstruction of Streamer Self-Presentation: Identity, Performance, and Gender",2024,cscw_2024a.bib
10.1145/3637359,"""It's hard for him to make choices sometimes and he needs guidance"": Re-orienting Parental Control for Children",2024,cscw_2024a.bib
10.1145/3637363,Knowledge Spillover: Between Serendipity and Strategic Planning - Lessons for Practice-oriented Interventions into Regional Innovation Systems,2024,cscw_2024a.bib
10.1145/3637364,Leveraging Large Language Models to Power Chatbots for Collecting User Self-Reported Data,2024,cscw_2024a.bib
10.1145/3637368,Making The Future School: An Analysis of Teens' Collaborative Digital Fabrication Project,2024,cscw_2024a.bib
10.1145/3637369,Mapping the Landscape of Independent Food Delivery Platforms in the United States,2024,cscw_2024a.bib
10.1145/3637370,"Meeting Effectiveness and Inclusiveness: Large-scale Measurement, Identification of Key Features, and Prediction in Real-world Remote Meetings",2024,cscw_2024a.bib
10.1145/3637373,Moving Towards Mobility Justice: Challenges and Considerations for Supporting Advocacy,2024,cscw_2024a.bib
10.1145/3637374,Navigating the Gray: Design Practitioners' Perceptions Toward the Implementation of Privacy Dark Patterns,2024,cscw_2024a.bib
10.1145/3637375,Navigating the Job-Seeking Journey: Challenges and Opportunities for Digital Employment Support in Kashmir,2024,cscw_2024a.bib
10.1145/3637376,NewsGuesser: Using Curiosity to Reduce Selective Exposure,2024,cscw_2024a.bib
10.1145/3637377,Not Quite Filling the Void: Comparing the Perceptions of Local Online Groups and Local Media Pages on Facebook,2024,cscw_2024a.bib
10.1145/3637378,Older Adults' Collaborative Learning Dynamics When Exploring Feature-Rich Software,2024,cscw_2024a.bib
10.1145/3637379,On Being an Expert: Habitus as a Lens for Understanding Privacy Expertise,2024,cscw_2024a.bib
10.1145/3637380,"Opportunities and Challenges in Using Tangible, Teleoperated Voice Agents in Kid-Driven Moments in Play Among Families with Neurodivergent Children",2024,cscw_2024a.bib
10.1145/3637381,Opportunities in Mental Health Support for Informal Dementia Caregivers Suffering from Verbal Agitation,2024,cscw_2024a.bib
10.1145/3637383,Patent Applications as Glimpses into the Sociotechnical Imaginary: Ethical Speculation on the Imagined Futures of Emotion AI for Mental Health Monitoring and Detection,2024,cscw_2024a.bib
10.1145/3637384,Peerdea: Co-Designing a Peer Support Platform with Creative Entrepreneurs,2024,cscw_2024a.bib
10.1145/3637385,Platformization of Inequality: Gender and Race in Digital Labor Platforms,2024,cscw_2024a.bib
10.1145/3637386,Preferences for AI Explanations Based on Cognitive Style and Socio-Cultural Factors,2024,cscw_2024a.bib
10.1145/3637387,Priming through Persuasion: Towards Secure Password Behavior,2024,cscw_2024a.bib
10.1145/3637388,Privacy Norms of Transformative Fandom: A Case Study of an Activity-Defined Community,2024,cscw_2024a.bib
10.1145/3637389,ProcessGallery: Contrasting Early and Late Iterations for Design Principle Learning,2024,cscw_2024a.bib
10.1145/3637391,Profiling the Offline and Online Risk Experiences of Youth to Develop Targeted Interventions for Online Safety,2024,cscw_2024a.bib
10.1145/3637392,Promoting Family Play through Asymmetric Game Design,2024,cscw_2024a.bib
10.1145/3637393,Redistrict: Online Public Deliberation Support that Connects and Rebuilds Inclusive Communities,2024,cscw_2024a.bib
10.1145/3637394,ReSPect: Enabling Active and Scalable Responses to Networked Online Harassment,2024,cscw_2024a.bib
10.1145/3637395,SealMates: Improving Communication in Video Conferencing using a Collective Behavior-Driven Avatar,2024,cscw_2024a.bib
10.1145/3637396,Seamful XAI: Operationalizing Seamful Design in Explainable AI,2024,cscw_2024a.bib
10.1145/3637399,Social Media Breaks: An Opportunity for Recovery and Procrastination,2024,cscw_2024a.bib
10.1145/3637400,Socio-digital Rural Resilience: An Exploration of Information Infrastructures Within and Across Rural Villages During Covid-19,2024,cscw_2024a.bib
10.1145/3637401,Sustaining the Usefulness and Appeal of an Older Adult-led Makerspace through Developing and Adapting Resources,2024,cscw_2024a.bib
10.1145/3637402,"Swapping 5G for 3G: Motivations, Experiences, and Implications of Contemporary Dumbphone Adoption",2024,cscw_2024a.bib
10.1145/3637403,Targets of Weaponized Islamophobia: The Impact of Misinformation on the Online Practices of Muslims in the United States,2024,cscw_2024a.bib
10.1145/3637404,"Ten Seconds Can Last Longer: Prevalence, Impact, and User Perceptions of Food Cues on Snapchat",2024,cscw_2024a.bib
10.1145/3637405,"""The Headline Was So Wild That I Had To Check"": An Exploration of Women's Encounters With Health Misinformation on Social Media",2024,cscw_2024a.bib
10.1145/3637406,The Online Identity Help Center: Designing and Developing a Content Moderation Policy Resource for Marginalized Social Media Users,2024,cscw_2024a.bib
10.1145/3637408,The Subtleties of Self-Presentation: A study of sensitive disclosure among sexual minority adolescents,2024,cscw_2024a.bib
10.1145/3637409,"""They Don't Come With a Handbook"": Exploring Design Opportunities for Supporting Parent-Child Interaction around Emotions in the Family Context",2024,cscw_2024a.bib
10.1145/3637410,"""This Chatbot Would Never..."": Perceived Moral Agency of Mental Health Chatbots",2024,cscw_2024a.bib
10.1145/3637413,Towards Enforcing Good Digital Citizenship: Identifying Opportunities for Adolescent Online Safety Nudges,2024,cscw_2024a.bib
10.1145/3637415,"Understanding Chinese Internet Users' Perceptions of, and Online Platforms' Compliance with, the Personal Information Protection Law (PIPL)",2024,cscw_2024a.bib
10.1145/3637416,Understanding Farmers' Data Collection Practices on Small-to-Medium Farms for the Design of Future Farm Management Information Systems,2024,cscw_2024a.bib
10.1145/3637417,"Meditating in Live Stream: An Autoethnographic and Interview Study to Investigate Motivations, Interactions and Challenges",2024,cscw_2024a.bib
10.1145/3637418,Understanding Phantom Tactile Sensation on Commercially Available Social Virtual Reality Platforms,2024,cscw_2024a.bib
10.1145/3637420,Understanding The Needs of Mentoring in Surgery to Guide the Design of Surgical Telementoring Systems,2024,cscw_2024a.bib
10.1145/3637421,Understanding the Technology-Mediated Home Phlebotomy Ecosystem in India,2024,cscw_2024a.bib
10.1145/3637422,Unfulfilled Promises of Child Safety and Privacy: Portrayals and Use of Children in Smart Home Marketing,2024,cscw_2024a.bib
10.1145/3637423,User Attitudes to Content Moderation in Web Search,2024,cscw_2024a.bib
10.1145/3637424,Users' Perceptions of Online Child Abuse Detection Mechanisms,2024,cscw_2024a.bib
10.1145/3637425,Using Co-Design with Streamers and Viewers to Identify Values and Resolve Tensions in the Design of Interpersonal Wearable Telepresence Systems,2024,cscw_2024a.bib
10.1145/3637426,Using Sensor-Captured Patient-Generated Data to Support Clinical Decision-making in PTSD Therapy,2024,cscw_2024a.bib
10.1145/3637429,"""We're Not in That Circle of Misinformation"": Understanding Community-Based Trusted Messengers Through Cultural Code-Switching",2024,cscw_2024a.bib
10.1145/3637430,"""We are no Luddites!"" - CSCW, Co-Determination and Digital Transformation in Germany",2024,cscw_2024a.bib
10.1145/3637431,"""What are you doing, TikTok?"" : How Marginalized Social Media Users Perceive, Theorize, and ""Prove"" Shadowbanning",2024,cscw_2024a.bib
10.1145/3637432,Understanding Perceived Utility and Comfort of In-Home General-Purpose Sensing through Progressive Exposure,2024,cscw_2024a.bib
10.1145/3637434,Who Should Act? Distancing and Vulnerability in Technology Practitioners' Accounts of Ethical Responsibility,2024,cscw_2024a.bib
10.1145/3637435,"Who2chat: A Social Networking System for Academic Researchers in Virtual Social Hours Enabling Coordinating, Overcoming Barriers and Social Signaling",2024,cscw_2024a.bib
10.1145/3640998,A Computational Linguistic Approach to Study Border Theory at Scale,2024,cscw_2024a.bib
10.1145/3641000,Collective Privacy Sensemaking on Social Media about Period and Fertility Tracking post Roe v. Wade,2024,cscw_2024a.bib
10.1145/3641003,Enhancing Epilepsy Awareness and Cooperative Care in Elementary and Middle Schools,2024,cscw_2024a.bib
10.1145/3641004,Evaluating the Use of Hypothetical 'Would You Rather' Scenarios to Discuss Privacy and Security Concepts with Children,2024,cscw_2024a.bib
10.1145/3641005,Fighting for Their Voice: Understanding Indian Muslim Women's Responses to Networked Harassment,2024,cscw_2024a.bib
10.1145/3641006,Form-From: A Design Space of Social Media Systems,2024,cscw_2024a.bib
10.1145/3641007,Friendship Formation in an Enforced Online Regime: Findings from a U.S. University Under COVID,2024,cscw_2024a.bib
10.1145/3641008,Is the Same Performance Really the Same?: Understanding How Listeners Perceive ASR Results Differently According to the Speaker's Accent,2024,cscw_2024a.bib
10.1145/3641009,Mindful Explanations: Prevalence and Impact of Mind Attribution in XAI Research,2024,cscw_2024a.bib
10.1145/3641010,Misinformation as a Harm: Structured Approaches for Fact-Checking Prioritization,2024,cscw_2024a.bib
10.1145/3641013,"""Not my Priority:"" Ethics and the Boundaries of Computer Science Identities in Undergraduate CS Education",2024,cscw_2024a.bib
10.1145/3641014,Party Face Congratulations! Exploring Design Ideas to Help Sighted Users with Emoji Accessibility when Messaging with Screen Reader Users,2024,cscw_2024a.bib
10.1145/3641015,Stoking the Flames: Understanding Escalation in an Online Harassment Community,2024,cscw_2024a.bib
10.1145/3641016,Stories as Boundary Objects: Digital Storytelling with Migrant Communities for Heritage Discourses,2024,cscw_2024a.bib
10.1145/3641017,Sustaining Community-Based Research in Computing: Lessons from Two Tech Capacity Building Initiatives for Local Businesses,2024,cscw_2024a.bib
10.1145/3641018,"""That comes with a huge career cost:"" Understanding Collaborative Ideation Experiences of Disabled Professionals",2024,cscw_2024a.bib
10.1145/3641019,The Contemporary Art of Image Search: Iterative User Intent Expansion via Vision-Language Model,2024,cscw_2024a.bib
10.1145/3641020,The Effect of Individual Traits on Emerging Roles in Synchronous Computer-Mediated Groups,2024,cscw_2024a.bib
10.1145/3641021,The Hidden Burden: Encountering and Managing (Unintended) Stigma in Children with Serious Illnesses,2024,cscw_2024a.bib
10.1145/3641024,"The Subversive AI Acceptance Scale (SAIA-8): A Scale to Measure User Acceptance of AI-Generated, Privacy-Enhancing Image Modifications",2024,cscw_2024a.bib
10.1145/3641025,The Virality of Hate Speech on Social Media,2024,cscw_2024a.bib
10.1145/3641026,Understanding is a Two-Way Street: User-Initiated Repair on Agent Responses and Hearing in Conversational Interfaces,2024,cscw_2024a.bib
10.1145/3641027,Understanding the Role of Technology in Older Adults' Changing Social Support Networks,2024,cscw_2024a.bib
10.1145/3641028,Using Speculative Design to Understand Preferred Futures for the Design and Use of Tracking Data in U.S. College Sport Teams,2024,cscw_2024a.bib
10.1145/3641029,What Makes Digital Support Effective? How Therapeutic Skills Affect Clinical Well-Being,2024,cscw_2024a.bib
10.1145/3641030,Which Linguistic Cues Make People Fall for Fake News? A Comparison of Cognitive and Affective Processing,2024,cscw_2024a.bib
10.1145/3653684,CRAYON: Exploration on Community-based Relayed Online Education Approach for Rural Children in South Korean EFL Context,2024,cscw_2024a.bib
10.1145/3653685,Experiences from Running a Participatory Media Platform for Women and Led by Women in Rural North India,2024,cscw_2024a.bib
10.1145/3653686,Dismantling Gender Blindness in Online Discussion of a Crime/Gender Dichotomy,2024,cscw_2024a.bib
10.1145/3653687,Delivering the Future: Understanding User Perceptions of Delivery Robots,2024,cscw_2024a.bib
10.1145/3653688,"Understanding Multi-user, Handheld Mixed Reality for Group-based MR Games",2024,cscw_2024a.bib
10.1145/3653689,"Adaptive, Sociable and Ready for Anything: Undergraduate Students Are Resilient When Faced with Technological Change",2024,cscw_2024a.bib
10.1145/3653690,Understanding Online Parental Help-Seeking and Help-Giving in Early Childhood: The Design Challenges of Supporting Complex Parenting Questions,2024,cscw_2024a.bib
10.1145/3653691,Dialoging Resonance in Human-Chatbot Conversation: How Users Perceive and Reciprocate Recommendation Chatbot's Self-Disclosure Strategy,2024,cscw_2024a.bib
10.1145/3653692,What Does a Downvote Do? Performing Complementary and Competing Knowledge Practices on an Online Platform,2024,cscw_2024a.bib
10.1145/3653693,Computers as Bad Social Actors: Dark Patterns and Anti-Patterns in Interfaces that Act Socially,2024,cscw_2024a.bib
10.1145/3653694,Safety and Community Context: Exploring a Transfeminist Approach to Sapphic Relationship Platforms,2024,cscw_2024a.bib
10.1145/3653695,How Platform Exchange and Safeguards Matter: The Case of Sexual Risk in Airbnb and Couchsurfing,2024,cscw_2024a.bib
10.1145/3653696,Field Trial of a Tablet-based AR System for Intergenerational Connections through Remote Reading,2024,cscw_2024a.bib
10.1145/3653698,Material Mediation in Collaborative Activity,2024,cscw_2024a.bib
10.1145/3653699,"Modeling Health Video Consumption Behaviors on Social Media: Activities, Challenges, and Characteristics",2024,cscw_2024a.bib
10.1145/3653702,"""Pinocchio had a Nose, You have a Network!"": On Characterizing Fake News Spreaders on Arabic Social Media",2024,cscw_2024a.bib
10.1145/3653704,It's About the Journey - Capturing Stories of the Fluctuating Experiences of Youth Kidney Transplant Patients,2024,cscw_2024a.bib
10.1145/3653705,"Tinker, Tailor, Configure, Customize: The Articulation Work of Contextualizing an AI Fairness Checklist",2024,cscw_2024a.bib
10.1145/3653707,Adopting Third-party Bots for Managing Online Communities,2024,cscw_2024a.bib
10.1145/3653709,Networks and Influencers in Online Propaganda Events: A Comparative Study of Three Cases in India,2024,cscw_2024a.bib
10.1145/3653710,A Roadmap for Applying the Contextual Integrity Framework in Qualitative Privacy Research,2024,cscw_2024a.bib
10.1145/3686891,"PACMHCI V8, CSCW2, November 2024 Editorial",2024,cscw_2024b.bib
10.1145/3686892,Transhuman Communication: Human Augmentation Technologies through Co-Speculation Workshops,2024,cscw_2024b.bib
10.1145/3686893,The Mundane Art of Cybersecurity: Living with Insecure IT in Danish Small- and Medium-Sized Enterprises,2024,cscw_2024b.bib
10.1145/3686896,Entangled Amid Misaligned Seams: Limitations to Technology-Mediated Care for Repairing Infrastructural Breakdowns in a Youth Empowerment Program,2024,cscw_2024b.bib
10.1145/3686897,"The Denizen Designer Project: Practices, Relationships, and Principles of Activist-Led Design",2024,cscw_2024b.bib
10.1145/3686898,Exploring Activity-Sharing Response Differences Between Broad-Purpose and Dedicated Online Social Platforms,2024,cscw_2024b.bib
10.1145/3686900,Reimagining Communities through Transnational Bengali Decolonial Discourse with YouTube Content Creators,2024,cscw_2024b.bib
10.1145/3686901,A Comparative Analysis of Legislative Protections for Online Safety in the Global South: A Case Study of the Caribbean,2024,cscw_2024b.bib
10.1145/3686903,The Algorithm and the Org Chart: How Algorithms Can Conflict with Organizational Structures,2024,cscw_2024b.bib
10.1145/3686905,Integrating Equity in Public Sector Data-Driven Decision Making: Exploring the Desired Futures of Underserved Stakeholders,2024,cscw_2024b.bib
10.1145/3686906,"""Just Like, Risking Your Life Here"": Participatory Design of User Interactions with Risk Detection AI to Prevent Online-to-Offline Harm Through Dating Apps",2024,cscw_2024b.bib
10.1145/3686907,Security and Privacy Perspectives of People Living in Shared Home Environments,2024,cscw_2024b.bib
10.1145/3686909,"""Sharing, Not Showing Off"": How BeReal Approaches Authentic Self-Presentation on Social Media Through Its Design",2024,cscw_2024b.bib
10.1145/3686911,Supporting Organizations in Improving Employee Bulk E-mail --- A Tool Design and Evaluation Study,2024,cscw_2024b.bib
10.1145/3686913,Characterizing the Structure of Online Conversations Across Reddit,2024,cscw_2024b.bib
10.1145/3686914,The Sociotechnical Stack: Opportunities for Social Computing Research in Non-Consensual Intimate Media,2024,cscw_2024b.bib
10.1145/3686917,On the Use of Proxies in Political Ad Targeting,2024,cscw_2024b.bib
10.1145/3686918,Supporting Hard Conversations in Close Relationships Through Design,2024,cscw_2024b.bib
10.1145/3686920,Governance of the Black Experience on Reddit: r/BlackPeopleTwitter as a Case Study in Supporting Sense of Virtual Community for Black Users,2024,cscw_2024b.bib
10.1145/3686923,Does Who You Are or Appear to Be Matter?: Understanding Identity-Based Harassment in Social VR Through the Lens of (Mis)Perceived Identity Revelation,2024,cscw_2024b.bib
10.1145/3686925,Advice from a Doctor or AI? Understanding Willingness to Disclose Information Through Remote Patient Monitoring to Receive Health Advice,2024,cscw_2024b.bib
10.1145/3686926,The Politics of Fear and the Experience of Bangladeshi Religious Minority Communities Using Social Media Platforms,2024,cscw_2024b.bib
10.1145/3686927,RAI Guidelines: Method for Generating Responsible AI Guidelines Grounded in Regulations and Usable by (Non-)Technical Roles,2024,cscw_2024b.bib
10.1145/3686928,From Viral Content to Real-Life Cuisine and Beyond: Examining Teenagers' Interactions with TikTok Food Videos and the Influence on their Food Practices,2024,cscw_2024b.bib
10.1145/3686929,"""Positive reinforcement helps breed positive behavior"": Moderator Perspectives on Encouraging Desirable Behavior",2024,cscw_2024b.bib
10.1145/3686931,"""Mirror, mirror in the call"": Exploring the Ambivalent Nature of the Self-view in Video Meeting Systems with Self-Reported \&amp; Eye-Tracking Data",2024,cscw_2024b.bib
10.1145/3686932,Envisioning the Future of Burnout Support: Understanding Frontline Workers' Experiences in Nonprofit Gender-Based Violence Organizations,2024,cscw_2024b.bib
10.1145/3686933,How We See Changes How We Feel: Investigating the Effect of Visual Point-of-View on Decision-Making in VR Environments,2024,cscw_2024b.bib
10.1145/3686934,Avatar Appearance and Behavior of Potential Harassers Affect Users' Perceptions and Response Strategies in Social Virtual Reality (VR): A Mixed-Methods Study,2024,cscw_2024b.bib
10.1145/3686935,Simple Scores are Messy Signals: How Users Interpret Scores on Real Estate Platforms,2024,cscw_2024b.bib
10.1145/3686937,Code-ifying the Law: How Disciplinary Divides Afflict the Development of Legal Software,2024,cscw_2024b.bib
10.1145/3686938,"Power and Play: Investigating ""License to Critique"" in Teams' AI Ethics Discussions",2024,cscw_2024b.bib
10.1145/3686941,Chillbot: Content Moderation in the Backchannel,2024,cscw_2024b.bib
10.1145/3686943,Understanding Online Discussion Across Difference: Insights from Gun Discourse on Reddit,2024,cscw_2024b.bib
10.1145/3686944,"""Let's embark on a joint health journey"" - How Boundary Negotiating Artifacts Influence Patients' Psychological Ownership in Chronic Care",2024,cscw_2024b.bib
10.1145/3686945,Privacy for Groups Online: Context Matters,2024,cscw_2024b.bib
10.1145/3686946,Please Understand My Disability: An Analysis of YouTubers' Discourse on Disability Challenges,2024,cscw_2024b.bib
10.1145/3686947,Stuck in Isabel's Garden: Anthropomorphic Metaphors and the Oversimplification of Digital Privacy,2024,cscw_2024b.bib
10.1145/3686948,Safer Algorithmically-Mediated Offline Introductions: Harms and Protective Behaviors,2024,cscw_2024b.bib
10.1145/3686950,Nudging with Narrative Visualization: Communicating to a Young Adult Audience in the Pandemic,2024,cscw_2024b.bib
10.1145/3686951,Intermediation: Algorithmic Prioritization in Practice in Homeless Services,2024,cscw_2024b.bib
10.1145/3686952,CommSense: A Wearable Sensing Computational Framework for Evaluating Patient-Clinician Interactions,2024,cscw_2024b.bib
10.1145/3686953,"Classifying Technologies during the Assessment, Treatment Planning, Documentation and Evaluation Phases of Music Therapy: A Survey of Board-Certified Practitioners",2024,cscw_2024b.bib
10.1145/3686954,Challenges in Restructuring Community-based Moderation,2024,cscw_2024b.bib
10.1145/3686955,Attention is All They Need: Exploring the Media Archaeology of the Computer Vision Research Paper,2024,cscw_2024b.bib
10.1145/3686957,Therapy for Therapists: Design Opportunities to Support the Psychological Well-being of Mental Health Workers,2024,cscw_2024b.bib
10.1145/3686959,Reconfiguring Data Relations: Institutional Dynamics around Data in Local Governance,2024,cscw_2024b.bib
10.1145/3686961,"Teen Talk: The Good, the Bad, and the Neutral of Adolescent Social Media Use",2024,cscw_2024b.bib
10.1145/3686963,"""Something Fast and Cheap"" or ""A Core Element of Building Trust""? - AI Auditing Professionals' Perspectives on Trust in AI",2024,cscw_2024b.bib
10.1145/3686964,Sounds Good? Fast and Secure Contact Exchange in Groups,2024,cscw_2024b.bib
10.1145/3686965,The Search for Paxlovid: Medication Acquisition as Anticipation Work After China's Zero-COVID Policy,2024,cscw_2024b.bib
10.1145/3686966,Chirp: The Impact of Private Online Self-Disclosure on Perceived Social Support,2024,cscw_2024b.bib
10.1145/3686968,Format Matters: Comparing the Inclusiveness and Effectiveness of Hybrid and Remote Meetings,2024,cscw_2024b.bib
10.1145/3686969,Mitigating Gender Stereotypes Toward AI Agents Through an eXplainable AI (XAI) Approach,2024,cscw_2024b.bib
10.1145/3686971,Hear Me Out: Supporting Citizens to Create Comprehensible Contributions on Urban Participation Platforms,2024,cscw_2024b.bib
10.1145/3686972,Extended Reality Trans Technologies: Bridging Digital and Physical Worlds to Support Transgender People,2024,cscw_2024b.bib
10.1145/3686973,Articulation Work and Tinkering for Fairness in Machine Learning,2024,cscw_2024b.bib
10.1145/3686974,Together in the Mikrokosmos: Exploring Disabled Embodied Experiences in Designed Sociotechnical Worlds,2024,cscw_2024b.bib
10.1145/3686975,Menopause Legacies: Designing to Record and Share Experiences of Menopause Across Generations,2024,cscw_2024b.bib
10.1145/3686977,An Empirical Study on Social Anxiety in a Virtual Environment through Mediating Variables and Multiple Sensor Data,2024,cscw_2024b.bib
10.1145/3686979,Whose Participation Counts? Towards Technology-Mediated Equitable Futures of Development Work,2024,cscw_2024b.bib
10.1145/3686980,Gaining Technological Autonomy and Soci-emotional Support: A Case Study of How and Why Chinese Older Adults Engage with a Semi-acquaintance Online Community,2024,cscw_2024b.bib
10.1145/3686981,Application of Prompt Learning Models in Identifying the Collaborative Problem Solving Skills in an Online Task,2024,cscw_2024b.bib
10.1145/3686983,"The Quest for ""How to do Hybrid right"": Moving Beyond Compensating Asymmetries to Experience-Driven Cooperation",2024,cscw_2024b.bib
10.1145/3686984,"Forming Shared Interest Pods: Barriers to Self-Assembly of Interest-Based Small Groups, and Dynamics of Retaining and Giving up Control to Find Collective Fit",2024,cscw_2024b.bib
10.1145/3686985,Citizen-Led Personalization of User Interfaces: Investigating How People Customize Interfaces for Themselves and Others,2024,cscw_2024b.bib
10.1145/3686986,Analyzing Collaborative Challenges and Needs of UX Practitioners when Designing with AI/ML,2024,cscw_2024b.bib
10.1145/3686988,"Providing Context to the ""Unknown"": Patient and Provider Reflections on Connecting Personal Tracking, Patient-Reported Insights, and EHR Data within a Post-COVID Clinic",2024,cscw_2024b.bib
10.1145/3686989,Studying Up Public Sector AI: How Networks of Power Relations Shape Agency Decisions Around AI Design and Use,2024,cscw_2024b.bib
10.1145/3686990,"""Math is a pain!"": Understanding challenges and needs of the Machine Learning community on Stack Overflow",2024,cscw_2024b.bib
10.1145/3686991, 'Better than Google': Information Activism for LGBTQ+ Young Adults in a Rural Community,2024,cscw_2024b.bib
10.1145/3686992,Casual Competition by Design: A Study of the All Random All Mid (ARAM) Mode in League of Legends,2024,cscw_2024b.bib
10.1145/3686993,U.S. Job-Seekers' Organizational Justice Perceptions of Emotion AI-Enabled Interviews,2024,cscw_2024b.bib
10.1145/3686994,Investigating Nudges toward Related Sellers on E-commerce Marketplaces: A Case Study on Amazon,2024,cscw_2024b.bib
10.1145/3686995,Spirits in the Material World: Older Adults' Personal Curation of Memory Artifacts,2024,cscw_2024b.bib
10.1145/3686996,"""You Can either Blame Technology or Blame a Person..."" --- A Conceptual Model of Users' AI-Risk Perception as a Tool for HCI",2024,cscw_2024b.bib
10.1145/3686998,Family Resilience in Care Coordination Technologies: Designing for Families as Adaptive Systems,2024,cscw_2024b.bib
10.1145/3686999,El costo de la independencia: Latino house-cleaners in Technology-Mediated Labour Markets,2024,cscw_2024b.bib
10.1145/3687000,Improving Collaborative Management of Multiple Mental and Physical Health Conditions: A Qualitative Inquiry into Designing Technology-Enabled Services for Eliciting Patients' Values,2024,cscw_2024b.bib
10.1145/3687001,"Measuring Epistemic Trust: Towards a New Lens for Democratic Legitimacy, Misinformation, and Echo Chambers",2024,cscw_2024b.bib
10.1145/3687002,"Union Makes Us Strong: Space, Technology, and On-Demand Ridesourcing Digital Labour Platforms",2024,cscw_2024b.bib
10.1145/3687007,"""More Than Just Holding the iPad"": Family Members' Perspectives on the Work of Video Calling in Aged Care",2024,cscw_2024b.bib
10.1145/3687010,"""Here's Your Evidence"": False Consensus in Public Twitter Discussions of COVID-19 Science",2024,cscw_2024b.bib
10.1145/3687011,"""I inherently just trust that it works"": Investigating Mental Models of Open-Source Libraries for Differential Privacy",2024,cscw_2024b.bib
10.1145/3687012,"""I see it as a wellspring for my positive and upward journey in life."": Understanding Current Practices of Assistive Technology's Customized Modification in China",2024,cscw_2024b.bib
10.1145/3687015,"""Like I was There:"" A User Evaluation of an Interpersonal Telepresence System Developed through Value Sensitive Design",2024,cscw_2024b.bib
10.1145/3687016,"""The struggle is a part of the experience"": Engaging Discontents in the Design of Family Meal Technologies",2024,cscw_2024b.bib
10.1145/3687017,"""They Make Us Old Before We're Old"": Designing Ethical Health Technology with and for Older Adults",2024,cscw_2024b.bib
10.1145/3687018,"""Ultimately We're Together"": Understanding New Parents' Experiences of Co-parenting",2024,cscw_2024b.bib
10.1145/3687019,"""We're not all construction workers"": Algorithmic Compression of Latinidad on TikTok",2024,cscw_2024b.bib
10.1145/3689710,"When the ""Matchmaker"" Does Not Have Your Interest at Heart: Perceived Algorithmic Harms, Folk Theories, and Users' Counter-Strategies on Tinder",2024,cscw_2024b.bib
10.1145/3687021,"Anonymization of Voices in Spaces for Civic Dialogue: Measuring Impact on Empathy, Trust, and Feeling Heard",2024,cscw_2024b.bib
10.1145/3687022,Behaviors and Perceptions of Human-Chatbot Interactions Based on Top Active Users of a Commercial Social Chatbot,2024,cscw_2024b.bib
10.1145/3687023,Beyond Meditation: Understanding Everyday Mindfulness Practices and Technology Use Among Experienced Practitioners,2024,cscw_2024b.bib
10.1145/3687025,"Beyond Swipes and Scores: Investigating Practices, Challenges and User-Centered Values in Online Dating Algorithms",2024,cscw_2024b.bib
10.1145/3687026,Blow Your Mind: Exploring the Effects of Scene-Switching and Visualization of Time Constraints on Brainstorming in Virtual Reality,2024,cscw_2024b.bib
10.1145/3687027,Commit: Online Groups with Participation Commitments,2024,cscw_2024b.bib
10.1145/3687030,Conversational Agents to Facilitate Deliberation on Harmful Content in WhatsApp Groups,2024,cscw_2024b.bib
10.1145/3687031,Designing Collaborative Technology for Intergenerational Social Play over Distance,2024,cscw_2024b.bib
10.1145/3687032,Designing for Researcher Access in the U.S. Mortality Data Ecosystem,2024,cscw_2024b.bib
10.1145/3687035,Exploring Parent's Needs for Children-Centered AI to Support Preschoolers' Interactive Storytelling and Reading Activities,2024,cscw_2024b.bib
10.1145/3687036,Facing LLMs: Robot Communication Styles in Mediating Health Information between Parents and Young Adults,2024,cscw_2024b.bib
10.1145/3687037,"Gendered, Collectivist Journeys: Exploring Sociotechnical Adaptation Among Afghan Refugees in the USA",2024,cscw_2024b.bib
10.1145/3687039,Healing Structures: Sociotechnical Mechanisms for Centering Survivors of Domestic Violence within US-Based Marginalized Communities,2024,cscw_2024b.bib
10.1145/3687040,Hybridge: Bridging Spatiality for Inclusive and Equitable Hybrid Meetings,2024,cscw_2024b.bib
10.1145/3687042,Journeying Through Sense of Place with Mental Maps: Characterizing Changing Spatial Understanding and Sense of Place During Migration for Work,2024,cscw_2024b.bib
10.1145/3687043,Leveraging the Power of Storytelling to Encourage and Empower Children towards Strong Passwords,2024,cscw_2024b.bib
10.1145/3687045,Limitations of Using Mobile Phones for Managing Type 1 Diabetes (T1D) Among Youth in Low and Middle-Income Countries: Implications for mHealth,2024,cscw_2024b.bib
10.1145/3687046,"Lower Quantity, Higher Quality: Auditing News Content and User Perceptions on Twitter/X Algorithmic versus Chronological Timelines",2024,cscw_2024b.bib
10.1145/3687047,Paradoxes of Openness: Trans Experiences in Open Source Software,2024,cscw_2024b.bib
10.1145/3687048,PressProtect: Helping Journalists Navigate Social Media in the Face of Online Harassment,2024,cscw_2024b.bib
10.1145/3687050,Research-Education Partnerships: A Co-Design Classroom for College Students with Intellectual and Developmental Disabilities,2024,cscw_2024b.bib
10.1145/3687051,"Simplify, Consolidate, Intervene: Facilitating Institutional Support with Mental Models of Learning Management System Use",2024,cscw_2024b.bib
10.1145/3687052,Situating Empathy in HCI/CSCW: A Scoping Review,2024,cscw_2024b.bib
10.1145/3687053,Social Media as a Lens into Careers During a Changing World of Work,2024,cscw_2024b.bib
10.1145/3687055,Technology's Role in Fostering Therapist-Client Collaboration and Engagement with Goals,2024,cscw_2024b.bib
10.1145/3687057,The Private Life of QAnon: A Mixed Methods Investigation of Americans' Exposure to QAnon Content on the Web,2024,cscw_2024b.bib
10.1145/3687058,Definitions of Fairness Differ Across Socioeconomic Groups \&amp; Shape Perceptions of Algorithmic Decisions,2024,cscw_2024b.bib
10.1145/3687059,"Trouble in Paradise? Understanding Mastodon Admin's Motivations, Experiences, and Challenges Running Decentralised Social Media",2024,cscw_2024b.bib
10.1145/3687061,"Unveiling the ""Toxic"" World of #Meanspo: Understanding Users' Emerging Online Eating Disorder Practices in X/Twitter",2024,cscw_2024b.bib
10.1145/3687063,Why I Choose This Sticker When Chatting with You: Exploring Design Considerations for Sticker Recommendation Services in Mobile Instant Messengers,2024,cscw_2024b.bib
10.1145/3746167,"PACMHCI, V9, N7, November 2025 CSCW Editorial",2025,cscw_2025b.bib
10.1145/3746168,Corrigendum for 'Exploring the Perspectives of Social VR-Aware Non-Parent Adults and Parents on Children's Use of Social Virtual Reality',2025,cscw_2025b.bib
10.1145/3757396,Reimagining Digital Well-being: A Theoretical Framework Based on the Psychology of Felt Structure and Illustrated through Creative Storytelling,2025,cscw_2025b.bib
10.1145/3757398,Anonymity in Online Recovery: Measuring the Effects of Verbal-Person Centeredness and Identity Disclosures in Recovery Support,2025,cscw_2025b.bib
10.1145/3757399,Are External Contributions Important to Project Productivity in Open Source Software? A Deep Insight based on Issue Entropy,2025,cscw_2025b.bib
10.1145/3757400,Becoming Infrastructure: A Critical Realist Account of the Evolution of DHIS2 as Digital Public Health Infrastructure in Sierra Leone,2025,cscw_2025b.bib
10.1145/3757401,Channel Switching and Adaptive Behaviors in Multichannel Communication,2025,cscw_2025b.bib
10.1145/3757402,Charismatic Data and Material Traces: Monitoring Bird-Building Collisions through Citizen Science,2025,cscw_2025b.bib
10.1145/3757403,Current and Future Use of Large Language Models for Knowledge Work,2025,cscw_2025b.bib
10.1145/3757404,Designing For Microaggressions,2025,cscw_2025b.bib
10.1145/3757405,Dissecting User Experience of Social Virtual Reality: A Tale of Five Platforms,2025,cscw_2025b.bib
10.1145/3757406,Encountering Deepfakes: A Thematic Analysis of Comments on a Music Video featuring Deepfake Content,2025,cscw_2025b.bib
10.1145/3757407, 'Fatherhood is a Unique Experience': Visibilizing and Contextualizing Paternal Care Work,2025,cscw_2025b.bib
10.1145/3757408,From User Surveys to Telemetry-Driven AI Agents: Exploring the Potential of Personalized Productivity Solutions,2025,cscw_2025b.bib
10.1145/3757411, 'How Do You Know That Stuff?': Barriers to Expertise Sharing Among Spreadsheet Users,2025,cscw_2025b.bib
10.1145/3757412, 'I'm so sick and tired of this': Understanding the Roles and Scenarios in Self-Disclosure of Everyday Experiences of Racism on Social Media,2025,cscw_2025b.bib
10.1145/3757413, 'I get hives when I come on here': Persisting Through Platform-Delivered Microaggressions on LinkedIn,2025,cscw_2025b.bib
10.1145/3757414, 'I Know You Are Discriminatory!': Automated Substantiating for Individual Fairness Auditing of AI Systems,2025,cscw_2025b.bib
10.1145/3757415,Identifying Algorithmic Decision Subjects' Needs for Meaningful Contestability,2025,cscw_2025b.bib
10.1145/3757417,Invisible Labor in Open Source Software Ecosystems,2025,cscw_2025b.bib
10.1145/3757419,Mapping a Movement: Exploring a Proposed Police Training Facility in Atlanta and its Opposition Movement through Online Maps,2025,cscw_2025b.bib
10.1145/3757420,Online Game Players on Peer-to-Peer Trading Platform: An Infrastructure Perspective,2025,cscw_2025b.bib
10.1145/3757422,Rooted Realities: Exploring Community-Based Participatory Approaches to Addressing Misinformation with Rural and BIPOC Individuals,2025,cscw_2025b.bib
10.1145/3757423,Should AI Mimic People? Understanding AI-Supported Writing Technology Among Black Users,2025,cscw_2025b.bib
10.1145/3757424,Should ChatGPT Write Your Breakup Text? Exploring the Role of AI in Relationship Dissolution,2025,cscw_2025b.bib
10.1145/3757425,SnuggleSense: Empowering Online Harm Survivors Through a Structured Sensemaking Process,2025,cscw_2025b.bib
10.1145/3757427,SpeechCap: Leveraging Playful Impact Captions to Facilitate Interpersonal Communication in Social Virtual Reality,2025,cscw_2025b.bib
10.1145/3757429,The Role of Partisan Culture in Mental Health Language Online,2025,cscw_2025b.bib
10.1145/3757431,The Virtual Concert-goer: Audience Perspectives on Remote Music Performances,2025,cscw_2025b.bib
10.1145/3757432,Towards Designing Social Interventions for Online Climate Change Denialism Discussions,2025,cscw_2025b.bib
10.1145/3757434,Understanding Community 'Likes' and Clinical Perspective in Mental Health Discourse: Insights from YouTube Comments on College Students' Mental Health,2025,cscw_2025b.bib
10.1145/3757435,Understanding How Personal Activities Are Shared In Short-form Videos,2025,cscw_2025b.bib
10.1145/3757437,What Do People Want to Know about Artificial Intelligence (AI)? The Importance of Answering End-user Questions to Explain Autonomous Vehicle (AV) Decisions,2025,cscw_2025b.bib
10.1145/3757438,"What Remotely Matters? Understanding Individual, Team, and Organizational Factors in Remote Work at Scale",2025,cscw_2025b.bib
10.1145/3757439,"""When I Lost It, They Dragged Me Out"": How Care Encounters Empower Marginalized Young Adults' Mental Health Aspiration and Care-Seeking",2025,cscw_2025b.bib
10.1145/3757441, 'It's like another world': Intra-Rural Digital Divides and Public Libraries as Rural Assets,2025,cscw_2025b.bib
10.1145/3757442,"""Mango Mango, How to Let The Lettuce Dry Without A Spinner?"": Exploring User Perceptions of Using An LLM-Based Conversational Assistant Toward Cooking Partner",2025,cscw_2025b.bib
10.1145/3757443," 'Ohhh, he's the boss!': Unpacking Power Dynamics Among Developers, Designers, and End-Users in FLOSS Usability",2025,cscw_2025b.bib
10.1145/3757444, 'That Would Have Been Bad': How Radiologists Interact with Voice User Interface systems When Authoring Reports,2025,cscw_2025b.bib
10.1145/3757445, 'There Has To Be a Lot That We're Missing': Moderating AI-Generated Content on Reddit,2025,cscw_2025b.bib
10.1145/3757446, 'We're losing our neighborhoods. We're losing our community': A Comparative Analysis of Community Discourse in Online and Offline Public Spheres across Disaster Phases,2025,cscw_2025b.bib
10.1145/3757447," 'Whoever needs to see it, will see it': Motivations and Labor of Creating Algorithmic Conspirituality Content on TikTok",2025,cscw_2025b.bib
10.1145/3757448, 'You just wanna sign on the dotted line and hope for the best': Navigating the Cloudscapes of Higher Education,2025,cscw_2025b.bib
10.1145/3757454,"Accessibility Work in Academia: Balancing Needs, Bridging Gaps, and Breaking Down Barriers",2025,cscw_2025b.bib
10.1145/3757455,AI-Based Speaking Assistant: Supporting Non-Native Speakers' Speaking in Real-Time Multilingual Communication,2025,cscw_2025b.bib
10.1145/3757458,Bridging the Technical Gap: A Unified Representation Framework for Voice-based Community Engagement Platforms,2025,cscw_2025b.bib
10.1145/3757459,Building a Village: A Multi-stakeholder Approach to Open Innovation and Shared Governance to Promote Youth Online Safety,2025,cscw_2025b.bib
10.1145/3757460,Building Proactive and Instant-Reactive Safety Designs to Address Harassment in Social Virtual Reality,2025,cscw_2025b.bib
10.1145/3757461,Cartographers in Cubicles: How Training and Preferences of Mapmakers Interplay with Structures and Norms in Not-for-Profit Organizations,2025,cscw_2025b.bib
10.1145/3757462,Collaboration Challenges and Opportunities in Developing Scientific Open-Source Software Ecosystem: A Case Study on Astropy,2025,cscw_2025b.bib
10.1145/3757463,Creating and Evaluating Privacy and Security Micro-Lessons for Elementary School Children,2025,cscw_2025b.bib
10.1145/3757467,Detecting Interaction Patterns in Educational Collaborative Writing,2025,cscw_2025b.bib
10.1145/3757468,Diametrically Opposed Attributes? Review Process Preferences and Priorities When Contesting Algorithmic Decisions,2025,cscw_2025b.bib
10.1145/3757469,"Dissent, Distance, Dilemmas: ICTs and the Belarusian Diasporic Social Movement Community",2025,cscw_2025b.bib
10.1145/3757470,Distance Matters in Citizen-Based Water Quality Monitoring,2025,cscw_2025b.bib
10.1145/3757471,EchoAid: Enhancing Livestream Shopping Accessibility for the DHH Community,2025,cscw_2025b.bib
10.1145/3757472,Emotionally Aware Moderation: The Potential of Emotion Monitoring in Shaping Healthier Social Media Conversations,2025,cscw_2025b.bib
10.1145/3757474,Exploring the Evolvement of User Engagement in Online Creative Community under the Surge of Generative AI: A Case Study of DeviantArt,2025,cscw_2025b.bib
10.1145/3757475,Exploring the Potential of ChatGPT for Supporting Family Planning Needs of Postpartum Women in Resource-constrained Areas of India,2025,cscw_2025b.bib
10.1145/3757476,Exploring the Usage of Generative AI for Group Project-Based Offline Art Courses in Elementary Schools,2025,cscw_2025b.bib
10.1145/3757477,Data and Technology for Equitable Public Administration: Understanding City Government Employees' Challenges and Needs,2025,cscw_2025b.bib
10.1145/3757479,From News Source Sharers to Post Viewers: How Topic Diversity and Conspiracy Theories Shape Engagement With Misinformation During a Health Crisis,2025,cscw_2025b.bib
10.1145/3757482,Impact Assessment Card: Communicating Risks and Benefits of AI Uses,2025,cscw_2025b.bib
10.1145/3757483,Improving Online Communities for Stigmatized Healthcare: Countering In-Group Microaggressions and Fostering Supportive Connections,2025,cscw_2025b.bib
10.1145/3757485,Insights in Adaptation: Examining Self-reflection Strategies of Job Seekers with Visual Impairments in India,2025,cscw_2025b.bib
10.1145/3757487,Investigating the Role of Situational Disruptors in Engagement with Digital Mental Health Tools,2025,cscw_2025b.bib
10.1145/3757491,LTJ: A Capability-based Digital Journaling Tool to Support Well-being of Newcomers in Life Transition,2025,cscw_2025b.bib
10.1145/3757492,Meeting Patients Where They're At: Toward the Expansion of Chaplaincy Care into Online Spiritual Care Communities,2025,cscw_2025b.bib
10.1145/3757494,Navigating Non-binary Experiences: Insights and Design Implications in Mandarin-Speaking Taiwanese Online Spaces,2025,cscw_2025b.bib
10.1145/3757495,Navigating Value Elicitation: Insights from Palliative Care Providers,2025,cscw_2025b.bib
10.1145/3757496,Playing 'Google's Game': How Educational YouTubers Manage Tensions Between Education and Monetization,2025,cscw_2025b.bib
10.1145/3757499,Redesign of Online Design Communities: Facilitating Personalized Visual Design Learning with Structured Comments,2025,cscw_2025b.bib
10.1145/3757500,Relational Logistics and Alternative Supply Chains of Last Resort,2025,cscw_2025b.bib
10.1145/3757501,Rethinking Teaching Evaluation Reports: Designing AI-transformed Student Feedback for Instructor Engagement,2025,cscw_2025b.bib
10.1145/3757502,ReviseMate: Exploring Contextual Support for Digesting STEM Paper Reviews,2025,cscw_2025b.bib
10.1145/3757504,Silencing the Voiceless: Social Media Content Moderation for At Risk Marginalized Populations in High-Stakes Violence and Human Rights Contexts in Nigeria,2025,cscw_2025b.bib
10.1145/3757505,Speculating Migrant Possible Worlds through Magic Machines,2025,cscw_2025b.bib
10.1145/3757506,Stories and Voice Agents to Support Social Roleplay for Preschool Children,2025,cscw_2025b.bib
10.1145/3757507,Kintsugi-Inspired Design: Communicatively Reconstructing Identities Online After Trauma,2025,cscw_2025b.bib
10.1145/3757508,Technocultures of Consent: Understandings and Practices of Consent Among U.S. Arab/SWANA Women and Non-Binary People Who Use Dating Apps,2025,cscw_2025b.bib
10.1145/3757509,The Emergence of Technology Adaptations During a Collaborative Problem-Solving Task in Immersive Virtual Reality,2025,cscw_2025b.bib
10.1145/3757510,The Unwanted Dissemination of Science: The Usage of Academic Articles as Ammunition in Contested Discursive Arenas on Twitter,2025,cscw_2025b.bib
10.1145/3757512,To Recommend or Not to Recommend: Designing and Evaluating AI-Enabled Decision Support for Time-Critical Medical Events,2025,cscw_2025b.bib
10.1145/3757513,Togedule: Scheduling Meetings with Large Language Models and Adaptive Representations of Group Availability,2025,cscw_2025b.bib
10.1145/3757514,Towards a Responsible AI Organizational Maturity Model,2025,cscw_2025b.bib
10.1145/3757515,Towards Culturally Competent Design: A Mulitistakeholder Study of the Adoption and Use of Teletherapy within the Hispanic Community,2025,cscw_2025b.bib
10.1145/3757516,Trust and Friction: Negotiating How Information Flows through Decentralized Social Media,2025,cscw_2025b.bib
10.1145/3757517,Understanding How Chatbot Phrasing Styles and Care Demonstration Influence Overweight Users' Adherence Intention Towards Chatbots Supporting Weight Management,2025,cscw_2025b.bib
10.1145/3757518,Understanding the Prevalence of Caste: A Critical Discourse Analysis of Caste-based Marginalization on X,2025,cscw_2025b.bib
10.1145/3757519,Understanding the Temporality of Informal Caregivers' Sense-Making on Conflicts and Life-Changing Events through Online Health Communities,2025,cscw_2025b.bib
10.1145/3757520,"Users' Strategies for Ensuring Trust, Privacy, and Safety on Facebook Marketplace: Challenges and Recommendations",2025,cscw_2025b.bib
10.1145/3757522,What is going on? An evidence-frame framework for analyzing online rumors about election integrity,2025,cscw_2025b.bib
10.1145/3757526, 'Being Hopeful is Mandatory': Characterizing Gaps Between the Imaginaries and Realities of AI-enabled Healthcare in Nepal,2025,cscw_2025b.bib
10.1145/3757527, 'Can I Decorate My Teeth With Diamonds?': Exploring Multi-Stakeholder Perspectives on Using VR to Reduce Children's Dental Anxiety,2025,cscw_2025b.bib
10.1145/3757528," 'I'm Petting the Laptop, Which Has You Inside It': Reflecting on Lived Experiences of Online Friendship",2025,cscw_2025b.bib
10.1145/3757529, 'Shopping Around': An Experiment in Preferences and Incentives for Placing Long-term Patients,2025,cscw_2025b.bib
10.1145/3757533, 'In That Small Space with Just the Two of Us': User Experiences with Cumpa in a Robotic Counseling Center,2025,cscw_2025b.bib
10.1145/3757534, 'HistoChat': Leveraging AI-Driven Historical Personas for Personalized and Engaging Middle School History Education,2025,cscw_2025b.bib
10.1145/3757535,I Feel Like All of This Is Already Happening Anyways?: Context Import and Young Adults' Perspectives on Researcher Access to TikTok Data,2025,cscw_2025b.bib
10.1145/3757536, 'I Want My Chart to Be Just for Me': Community-Engaged Design to Support Outpatient Healthcare for Resettled Communities,2025,cscw_2025b.bib
10.1145/3757537, 'I've talked to ChatGPT about my issues last night.': Examining Mental Health Conversations with Large Language Models through Reddit Analysis,2025,cscw_2025b.bib
10.1145/3757538,"""Society Encourages the Killing of Girls Like Me"": Layers of Victimization in Online Dating Romance Scams in Iran That Target Sexual Access Over Financial Gain",2025,cscw_2025b.bib
10.1145/3757539,17 Years of Fintech for Financial Inclusion: A Systematic Review and Critical Value Analysis,2025,cscw_2025b.bib
10.1145/3757540,A Comparative Study of News Exposure and Consumption On and Off Facebook,2025,cscw_2025b.bib
10.1145/3757543,A Node on the Constellation: The Role of Feminist Makerspaces in Building and Sustaining Alternative Cultures of Technology Production,2025,cscw_2025b.bib
10.1145/3757545,A Systematic Literature Review of Infrastructure Studies in SIGCHI,2025,cscw_2025b.bib
10.1145/3757546,Affordances and Design Principles of The Political Left and Right,2025,cscw_2025b.bib
10.1145/3757547,African Immigrants User Experience with USCIS.gov: A Critical Analysis of a Government-Issued Website Related to Immigration,2025,cscw_2025b.bib
10.1145/3757550,Algorithmic College Admissions in the U.S.: Distances Between Vendors' Claims and Applicants' Perceptions,2025,cscw_2025b.bib
10.1145/3757551,AMQuestioner: Training Critical Thinking with Question-Driven Interactive Argument Maps in Online Discussion,2025,cscw_2025b.bib
10.1145/3757552,"Are We in This Together? Investigating the Relationship of Avatar Customisation, Social Presence, and Communication Outcomes in Collaborative Embodied Virtual Reality",2025,cscw_2025b.bib
10.1145/3757553,Assessing Disparities in Hybrid and Online-Only Local Support Communities,2025,cscw_2025b.bib
10.1145/3757554,Attorneys and AI: How Lawyers Use Artificial Intelligence and Analyze Its Impacts,2025,cscw_2025b.bib
10.1145/3757555,Balancing Caregiving and Self-Care: Exploring Mental Health Needs of Alzheimer's and Dementia Caregivers,2025,cscw_2025b.bib
10.1145/3757556,"Be Driven, Work Together: The Emergence of Autonomous Vehicles as Collaborative Workspaces",2025,cscw_2025b.bib
10.1145/3757557,Between Autonomy and Algorithms: The Informal IT Tactics of Hyderabad's Cab Drivers,2025,cscw_2025b.bib
10.1145/3757558,Beyond Affirmative Consent: Creating Alternative Models for Consent to Computer-Mediated Sexual Activity Through Social VR for Online Dating,2025,cscw_2025b.bib
10.1145/3757560,Beyond the Individual: A Community-Engaged Framework for Ethical Online Community Research,2025,cscw_2025b.bib
10.1145/3757562,Bridging Ontologies of Neurological Conditions: Towards Patient-Centered Data Practices in Digital Phenotyping Research and Design,2025,cscw_2025b.bib
10.1145/3757563,Burst: Collaborative Curation in Connected Social Media Communities,2025,cscw_2025b.bib
10.1145/3757564,Calculating Connection vs. Risk: Understanding How Youth Negotiate Digital Privacy and Security with Peers Online,2025,cscw_2025b.bib
10.1145/3757565,Can you see what I see? Examining the Impact of Smart Glasses on Communication Dynamics in Distributed Emergency Medical Teams,2025,cscw_2025b.bib
10.1145/3757567,Collective Consent: Who Needs to Consent to the Donation of Data Representing Multiple People?,2025,cscw_2025b.bib
10.1145/3757568,Communication Matters: Technology for Information Exchange Needs in the Context of Prostate Cancer Diagnosis,2025,cscw_2025b.bib
10.1145/3757569,Communication Patterns Predict Team Skill in Multiplayer Online Games,2025,cscw_2025b.bib
10.1145/3757570,Conflict in Community-Based Design: A Case Study of a Relationship Breakdown,2025,cscw_2025b.bib
10.1145/3757571,Contextualizing Misinformation: A User-Centric Approach to Linguistic and Topical Patterns in News Consumption,2025,cscw_2025b.bib
10.1145/3757572,"Cooperative Dynamics of Censorship, Misinformation, and Influence Operations: Insights from the Global South and U.S.",2025,cscw_2025b.bib
10.1145/3757573,Credibility Boosters as a Lens for Understanding Epistemic Injustice in Civic Tech: The Case of Heat Seek,2025,cscw_2025b.bib
10.1145/3757578,Designing Patient Empowerment Systems: Tackling Low Adherence in Weight Management,2025,cscw_2025b.bib
10.1145/3757580,Disability Meets Modality: A Sociotechnical Approach to Team Meetings,2025,cscw_2025b.bib
10.1145/3757581,"Disclosure-Based Cyberbullying Support App: Victims' Psychological Well-Being, Awareness, and Support Through Counseling",2025,cscw_2025b.bib
10.1145/3757582,DJ-Fam: Using Favorite Songs as a Catalyst for Fostering Communication between Parents and Young Adult Children Living Apart,2025,cscw_2025b.bib
10.1145/3757584,"Double Incomes, Single Calendar: Reimagining Shared Scheduling for Modern Families",2025,cscw_2025b.bib
10.1145/3757585,Drinking From a Firehose While Herding Cats: A Search for Accountability in the Rust Open Source Community,2025,cscw_2025b.bib
10.1145/3757589,Empowering Creators in the Fight Against Online Hate: A Qualitative Exploration of AI-Mediated Counterspeech Tools,2025,cscw_2025b.bib
10.1145/3757590,Envisioning Interventions to Combat Misinformation Propagation on Social Media: Insights from Older Adults' Approaches to Credibility Assessment,2025,cscw_2025b.bib
10.1145/3757592,Exit Stories: Using Reddit Self-Disclosures to Understand Disengagement from Problematic Communities,2025,cscw_2025b.bib
10.1145/3757593,Exploring Autistic Coping through Participatory Design,2025,cscw_2025b.bib
10.1145/3757595,Exploring Collaborative GenAI Agents in Synchronous Group Settings: Eliciting Team Perceptions and Design Considerations for the Future of Work,2025,cscw_2025b.bib
10.1145/3757597,Exploring the Impact of Emotional Voice Integration in Sign-to-Speech Translators for Deaf-to-Hearing Communication,2025,cscw_2025b.bib
10.1145/3757598,Families' Vision of Generative AI Agents for Household Safety Against Digital and Physical Threats,2025,cscw_2025b.bib
10.1145/3757600,FamilyDittos: Reimagining Intergenerational Interaction through Mimetic Agents,2025,cscw_2025b.bib
10.1145/3757602,From 'Time to BeReal' to 'Let Me Post My BeFake:' A Case of Operationalizing Authenticity Through Design,2025,cscw_2025b.bib
10.1145/3757603,From Beeping Machines to Caring Companions: Redesigning Social Robots Through Reflective Ethnography in Elderly Care Work,2025,cscw_2025b.bib
10.1145/3757604,From Protests on the Streets to a War in the East: Evolution of Discourse in a Prolonged Crisis,2025,cscw_2025b.bib
10.1145/3757605,From Regulation to Support: Centering Humans in Technology-Mediated Emotion Intervention in Care Contexts,2025,cscw_2025b.bib
10.1145/3757607,HapEmoji: Enhancing Emotional Experiences in Remote Collaboration through Haptic Communication,2025,cscw_2025b.bib
10.1145/3757608,Haru in the Care Network: Stakeholder Perspectives on Privacy with Social Robots in Pediatrics,2025,cscw_2025b.bib
10.1145/3757610,How are People with Disabilities Embraced in Software Development Teams? A Systematic Literature Review,2025,cscw_2025b.bib
10.1145/3757611,Ignorance is No Bliss: Public Perception of Safety in a Drone-assisted Police Operation,2025,cscw_2025b.bib
10.1145/3757612,Immersive Invaders: Privacy Threats from Deceptive Design in Virtual Reality Games and Applications,2025,cscw_2025b.bib
10.1145/3757613,"In-person, Online and Back Again - A Tale of Three Hybrid Hackathons",2025,cscw_2025b.bib
10.1145/3757614,"In Search of ""a Way to Level the Playing Field"": Helping Incidental Users Navigate Privacy Risks in Smart Environments",2025,cscw_2025b.bib
10.1145/3757615,Infrastructuring Critical Data Literacy through Role-playing: a Retrospective Study of the Game 'Datopolis',2025,cscw_2025b.bib
10.1145/3757616,Introspectus AI: Long-term AI-Driven Dialogue Training To Promote Self-Reflection,2025,cscw_2025b.bib
10.1145/3757617,It's a Complete Haystack: Understanding Dependency Management Needs in Computer-Aided Design,2025,cscw_2025b.bib
10.1145/3757620,Learning AI Auditing: A Case Study of Teenagers Auditing a Generative AI Model,2025,cscw_2025b.bib
10.1145/3757623,"Less Supervising, More Caring: Design Recommendations for Informal Caregivers' Co-Participation in Cardiac Telerehabilitation",2025,cscw_2025b.bib
10.1145/3757624,Leveraging Familiarity with Television to Enrich Older Adults' Engagement and Wellbeing: A Feasibility Study Using Video Probes,2025,cscw_2025b.bib
10.1145/3757627,Mapping Community Appeals Systems: Lessons for Community-led Moderation in Multi-Level Governance,2025,cscw_2025b.bib
10.1145/3757628,Measurement as Bricolage: Examining How Data Scientists Construct Target Variables for Predictive Modeling Tasks,2025,cscw_2025b.bib
10.1145/3757630,"Mind the Gap: Gender, Homophily and the Glass Ceiling in Academic Networks",2025,cscw_2025b.bib
10.1145/3757632,More AI Assistance Reduces Cognitive Engagement: Examining the AI Assistance Dilemma in AI-Supported Note-Taking,2025,cscw_2025b.bib
10.1145/3757633,Multi-Agents are Social Groups: Investigating Social Influence of Multiple Agents in Human-Agent Interactions,2025,cscw_2025b.bib
10.1145/3710899,"PACMHCI, V9, N2, April 2025 CSCW Editorial",2025,cscw_2025a.bib
10.1145/3710900,"""Edit: I'm sorry for being offensive, this is getting downvoted and I feel terrible"": Implicit Social Norms as Governance in Identity-Based Communities",2025,cscw_2025a.bib
10.1145/3710901,"""Near Data"" and ""Far Data"" for Urban Sustainability: How Do Community Advocates Envision Data Intermediaries?",2025,cscw_2025a.bib
10.1145/3710902, 'It's Always a Losing Game': How Workers Understand and Resist Surveillance Technologies on the Job,2025,cscw_2025a.bib
10.1145/3710903,A Gentle Introduction to Mental Health Through Storytelling: Design and Evaluation of Digital Human Library,2025,cscw_2025a.bib
10.1145/3710904,ComViewer: An Interactive Visual Tool to Help Viewers Seek Social Support in Online Mental Health Communities,2025,cscw_2025a.bib
10.1145/3710905,Cultivating Community and Creating Safe Spaces: Exploring A Design Toolkit for the Learned Values of Students of Color,2025,cscw_2025a.bib
10.1145/3710906,Data Siloing as Infrastructural Activism,2025,cscw_2025a.bib
10.1145/3710907,Digital Civic Engagement in China: Using 'Micro Advice' Platform to Improve People's Livelihood,2025,cscw_2025a.bib
10.1145/3710910,From Crisis to Resilience: Design Spaces for Crisis-Responsive Infrastructuring in Adapting Remote Work Practices in a Video Game Development Company During COVID-19 (and Beyond),2025,cscw_2025a.bib
10.1145/3710911,From Data Activism to Activism in a Time of Data-Centrism: Affirming Epistemological Heterogeneity in Social Movements,2025,cscw_2025a.bib
10.1145/3710913,Social Media Misinformation and Voting Intentions: Older Adults' Experiences with Manipulative Narratives,2025,cscw_2025a.bib
10.1145/3710915,Remote Workplace Interactions and Extraversion: A Field Study on Wellbeing and Productivity Among Knowledge Workers,2025,cscw_2025a.bib
10.1145/3710918,Towards Equitable Community-Industry Collaborations: Understanding the Experiences of Nonprofits' Collaborations with Tech Companies,2025,cscw_2025a.bib
10.1145/3710919,"""A Blocklist is a Boundary"": Tensions between Community Protection and Mutual Aid on Federated Social Networks",2025,cscw_2025a.bib
10.1145/3710921,A Mixed-Methods Study of Wait Time Perception and Discrepancy in Technology-Mediated Mobility Systems,2025,cscw_2025a.bib
10.1145/3710922,A Qualitative Analysis of Remote Patient Monitoring: How a Paradox Mindset Can Support Balancing Emotional Tensions in the Design of Healthcare Technologies,2025,cscw_2025a.bib
10.1145/3710924,AI as a Bridge Across Ages: Exploring The Opportunities of Artificial Intelligence in Supporting Inter-Generational Communication in Virtual Reality,2025,cscw_2025a.bib
10.1145/3710926,Algorithmic Self-Diagnosis from Targeted Ads,2025,cscw_2025a.bib
10.1145/3710928,An Experimental Study Of Netflix Use and the Effects of Autoplay on Watching Behaviors,2025,cscw_2025a.bib
10.1145/3710929,"""An Image of Ourselves in Our Minds"": How College-educated Online Dating Users Construct Profiles for Effective Self Presentation",2025,cscw_2025a.bib
10.1145/3710930,Assessing Support for Mortality: An Environmental Scan of Online Platforms,2025,cscw_2025a.bib
10.1145/3710933,Behind the Same Mask: Understanding the Practice of Spontaneous Collective Anonymity on Chinese Social Platforms,2025,cscw_2025a.bib
10.1145/3710935,"Beyond ""Vulnerable Populations"": A Unified Understanding of Vulnerability From A Socio-Ecological Perspective",2025,cscw_2025a.bib
10.1145/3710936,BiaSeer: A Visual Analytics System for Identifying and Understanding Media Bias,2025,cscw_2025a.bib
10.1145/3710937,Black Older Adults' Perception of Using Voice Assistants to Enact a Medical Recovery Curriculum,2025,cscw_2025a.bib
10.1145/3710939,Breaking Barriers in Remote Client-Therapist Interaction: Exploring Design Spaces of Sensing and Sharing Non-Verbal Cues in Remote Psychotherapy,2025,cscw_2025a.bib
10.1145/3710941,Building New Clubhouses: Bridging Refugee and Migrant Women into Technology Design and Production by Leveraging Assets,2025,cscw_2025a.bib
10.1145/3711111,"Can Fans Build Parasocial Relationships through Idols' Simulated Voice Messages?: A Study of AI Private Call Users' Perceptions, Cognitions, and Behaviors",2025,cscw_2025a.bib
10.1145/3710944,"Characterising Open Source Co-opetition in Company-hosted Open Source Software Projects: The Cases of PyTorch, TensorFlow, and Transformers",2025,cscw_2025a.bib
10.1145/3710948,Community-Driven Data Analysis: Advancing Methods to Achieve Community Goals in Collaborative Research,2025,cscw_2025a.bib
10.1145/3710949,"Connecting through Comics: Design and Evaluation of Cube, an Arts-Based Digital Platform for Trauma-Impacted Youth",2025,cscw_2025a.bib
10.1145/3710950,Content Moderation and Hate Speech on Alternative Platforms: A Case Study of BitChute,2025,cscw_2025a.bib
10.1145/3710951,Context-Driven Collaborative Care: An Afro-Centred Perspective on Technology and Design Opportunities for Managing Type 2 Diabetes in Nigeria,2025,cscw_2025a.bib
10.1145/3710952,Cultivating a Supportive Sphere: Designing Technology to Increase Social Support for Foster-Involved Youth,2025,cscw_2025a.bib
10.1145/3710954,DanModCap: Designing a Danmaku Moderation Tool for Video-Sharing Platforms that Leverages Impact Captions with Large Language Models,2025,cscw_2025a.bib
10.1145/3710955,Data Practices and Double-Binds of Toronto's Climate Governance,2025,cscw_2025a.bib
10.1145/3710958,DeliberationWorks: A Deliberation System for Developing Capacities in Civic Organizing,2025,cscw_2025a.bib
10.1145/3710959,DeMod: A Holistic Tool with Explainable Detection and Personalized Modification for Toxicity Censorship,2025,cscw_2025a.bib
10.1145/3710961,Design(ing) Fictions for Collective Civic Reporting of Privacy Harms,2025,cscw_2025a.bib
10.1145/3710962,Disrupted Behavioral Health Routines for Children during a Public Health Crisis: A Mixed-Methods Study of Digital Technology's Role in Routine Recovery,2025,cscw_2025a.bib
10.1145/3710964,Douyin as a Memorial Gathering for CoCo: Algorithmic Experiences of Online Collective Mourning,2025,cscw_2025a.bib
10.1145/3710965,Engage and Mobilize! Understanding Evolving Patterns of Social Media Usage in Emergency Management,2025,cscw_2025a.bib
10.1145/3710966,Equality Engine: Fostering Critical Machine Learning Bias Literacy Through a Transformational Game,2025,cscw_2025a.bib
10.1145/3710968,Expanding Perspectives on Data Privacy: Insights from Rural Togo,2025,cscw_2025a.bib
10.1145/3710969,Exploring a Real-time Feedback Display of Non-verbal Cues in Online Work Meetings to Support Self-Presentation,2025,cscw_2025a.bib
10.1145/3710971,Exploring Collaboration in Programming Activities with Children with Visual Impairments: a 10-Session Study in a School Setting,2025,cscw_2025a.bib
10.1145/3710972,Exploring Communal Gratitude in Online Communities,2025,cscw_2025a.bib
10.1145/3710973,"Exploring Design Recommendations for Promoting Brain Health, ADRD Health Literacy, and Participation in clinical ADRD trials in Older African American/Black Adults",2025,cscw_2025a.bib
10.1145/3710975,Exploring the Design of Collaborative Technological Systems to Assist Patients in Motivating Quitting Gambling with Family Members,2025,cscw_2025a.bib
10.1145/3710976,Exploring the Diversity of Music Experiences for Deaf and Hard of Hearing Individuals,2025,cscw_2025a.bib
10.1145/3710977,Exploring the Feasibility and Challenges of Treating Follow-up Patients via a Mobile Platform in China,2025,cscw_2025a.bib
10.1145/3710978,Exploring the Potential of Peer Support Group for Family Planning Needs of Women in Resource-constrained Settings in India,2025,cscw_2025a.bib
10.1145/3710980,Exploring Viewing Modalities in Cinematic Virtual Reality: A Systematic Review and Meta-Analysis of Challenges in Evaluating User Experience,2025,cscw_2025a.bib
10.1145/3710981,The Balancing Act of Social Audio Facilitators: When Self-Promotion Overshadows Community Care,2025,cscw_2025a.bib
10.1145/3710983,Faster Information for Effective Long-Term Discharge: A Field Study in Adult Foster Care,2025,cscw_2025a.bib
10.1145/3710984,Finding a Place to Belong: Barriers and Solutions for Supporting Trans People of Color on Reddit,2025,cscw_2025a.bib
10.1145/3710985,Finding Understanding and Support: Navigating Online Communities to Share and Connect at the intersection of Abuse and Foster Care Experiences,2025,cscw_2025a.bib
10.1145/3710987,From Interaction to Attitude: Exploring the Impact of Human-AI Cooperation on Mental Illness Stigma,2025,cscw_2025a.bib
10.1145/3710988,Growing Together at Work: Cultivating a Mentorship Garden,2025,cscw_2025a.bib
10.1145/3711113,Guaranteeing Equitable Musical Collaboration: Lessons Learned from the Music-Making Activities in Mixed-Hearing Groups,2025,cscw_2025a.bib
10.1145/3710990,Harm in Layers: Compositions of Misinformative Hate in Anti-Asian Speech and Their Impacts on Perceived Harmfulness,2025,cscw_2025a.bib
10.1145/3710991,Harnessing Inter-Organizational Collaboration and Automation to Combat Online Hate Speech: A Qualitative Study with German Reporting Centers,2025,cscw_2025a.bib
10.1145/3710992,Help-seeking and Coping Strategies for Technology-facilitated Abuse Experienced by Youth,2025,cscw_2025a.bib
10.1145/3710994,How Social Media Plays A Role in Stay-At-Home-Moms' Transition: A Case Study in China,2025,cscw_2025a.bib
10.1145/3710995,How the Internet Facilitates Adverse Childhood Experiences for Youth Who Self-Identify as in Need of Services,2025,cscw_2025a.bib
10.1145/3710997,Hug Reports: Supporting Expression of Appreciation between Users and Contributors of Open Source Software Packages,2025,cscw_2025a.bib
10.1145/3711000, 'I'm Categorizing LLM as a Productivity Tool': Examining Ethics of LLM Use in HCI Research Practices,2025,cscw_2025a.bib
10.1145/3711001, 'I Blow Up': Understanding TikTok Users' Reactions to Sudden Social Media Attention,2025,cscw_2025a.bib
10.1145/3711002,"""I did not know what they are"": Understanding Support Needs of Women around Family Planning in Rural India",2025,cscw_2025a.bib
10.1145/3711003,"""I do not see the point of using the system"". Understanding a Broken Policy Knot in the Primary Care Sector",2025,cscw_2025a.bib
10.1145/3711004,"""I feel lonely when they stop chatting"": Exploring Auditory Comment Display for Eyes-Free Social-Viewing Experience in Online Music Videos",2025,cscw_2025a.bib
10.1145/3711005,"""I Have Abused Someone Who Abused Me"": Understanding People Who Have Experienced Both Sides of Harassment Accusations in Social VR",2025,cscw_2025a.bib
10.1145/3711007,"""I see it, I scroll past it."": Exploring Perceptions of Social Media Political Discourse Among Gen Z Young Adult Women In The U.S.",2025,cscw_2025a.bib
10.1145/3711008,Identifying the Barriers to Human-Centered Design in the Workplace: Perspectives from UX Professionals,2025,cscw_2025a.bib
10.1145/3711009,"""If it has an exclamation point, I step away from it, I need facts, not excited feelings"": Technologically Mediated Parental COVID Uncertainty",2025,cscw_2025a.bib
10.1145/3711010,"""If We Had the Option"": Infrastructuring for Access to Online Subscription-Based Services in Bangladesh",2025,cscw_2025a.bib
10.1145/3711011,Impact of Explanation Techniques and Representations on Users' Comprehension and Confidence in Explainable AI,2025,cscw_2025a.bib
10.1145/3711013,Inclusive Emotion Technologies: Addressing the Needs of d/Deaf and Hard of Hearing Learners in Video-Based Learning,2025,cscw_2025a.bib
10.1145/3711014,"Interface Matters: Exploring Human Trust in Health Information from Large Language Models via Text, Speech, and Embodiment",2025,cscw_2025a.bib
10.1145/3711015,Interrogating AI: Characterizing Emergent Playful Interactions with ChatGPT,2025,cscw_2025a.bib
10.1145/3711016,Investigating Human Trafficking Recruitment Online: A Study of Fraudulent Job Offers on Social Media Platforms,2025,cscw_2025a.bib
10.1145/3711017,Investigating Social Sensemaking Technologies for Emotional Wellbeing of Stroke Survivors and Caregivers,2025,cscw_2025a.bib
10.1145/3711018,Investigating the Use and Perception of Blocking Feature in Social Virtual Reality Spaces: A Study on Discussion Forums,2025,cscw_2025a.bib
10.1145/3711114,"""It's Great Because It's Ran By Us"": Empowering Teen Volunteer Discord Moderators to Design Healthy and Engaging Youth-Led Online Communities",2025,cscw_2025a.bib
10.1145/3711021, 'It Would Be a Lot Harder for Them to Change Their Mind....They Grew Up in Like a Very Different Time and a Very Different Location': Barriers to Misinformation Corrections in Online Black and Latine Private Spaces,2025,cscw_2025a.bib
10.1145/3711023,Leveraging Learner Errors in Digital Argumentation Learning: How ALure Helps Students Learn from their Mistakes and Write Better Arguments,2025,cscw_2025a.bib
10.1145/3711024,Location Multiplicity: Lost Space in the Hybrid Office,2025,cscw_2025a.bib
10.1145/3711025,Looking for Art in a Sea of Content: A Human-Centered Approach to Supporting Creativity on Social Media,2025,cscw_2025a.bib
10.1145/3711028,Making Sense of Trauma Over Time: Interweaving Feminist Temporalities to Understand Histories,2025,cscw_2025a.bib
10.1145/3711029,"Measuring, Modeling, and Helping People Account for Privacy Risks in Online Self-Disclosures with AI",2025,cscw_2025a.bib
10.1145/3711031,MentalImager: Exploring Generative Images for Assisting Support-Seekers' Self-Disclosure in Online Mental Health Communities,2025,cscw_2025a.bib
10.1145/3711033,Mirror Dwellers in Social VR: Investigating Reasons and Perception of Mirror Watching,2025,cscw_2025a.bib
10.1145/3711034,Mitigating Misinformation Sharing on Social Media through Personalised Nudging,2025,cscw_2025a.bib
10.1145/3711035,Mitigating Trauma in Qualitative Research Infrastructure: Roles for Machine Assistance and Trauma-Informed Design,2025,cscw_2025a.bib
10.1145/3711036,"""My Painting Belongs to 810 People'': Investigating the First Encounter Perception of Digital Shares of Physical Collectibles",2025,cscw_2025a.bib
10.1145/3711037,Narratives of War: Ukrainian Memetic Warfare on Twitter,2025,cscw_2025a.bib
10.1145/3711038,"Navigating Automated Hiring: Perceptions, Strategy Use, and Outcomes Among Young Job Seekers",2025,cscw_2025a.bib
10.1145/3711040,Nods of Agreement: Webcam-Driven Avatars Improve Meeting Outcomes and Avatar Satisfaction Over Audio-Driven or Static Avatars in All-Avatar Work Videoconferencing,2025,cscw_2025a.bib
10.1145/3711042,One Style Does Not Regulate All: Moderation Practices in Public and Private WhatsApp Groups,2025,cscw_2025a.bib
10.1145/3711044,Peer Recommendation Interventions for Health-related Social Support: a Feasibility Assessment,2025,cscw_2025a.bib
10.1145/3711045,Perceiving and Countering Hate: The Role of Identity in Online Responses,2025,cscw_2025a.bib
10.1145/3711046,Post Guidance for Online Communities,2025,cscw_2025a.bib
10.1145/3711112,PracticeDAPR: An AI-based Education-Supported System for Art Therapy,2025,cscw_2025a.bib
10.1145/3711048,Practices and Challenges of Online Love-seeking Among Deaf or Hard of Hearing People: A Case Study in China,2025,cscw_2025a.bib
10.1145/3711049,Privacy as Social Norm: Systematically Reducing Dysfunctional Privacy Concerns on Social Media,2025,cscw_2025a.bib
10.1145/3711050,Privacy versus Transparency: Navigating Public Records Requests and Adversarial Dynamics in a Distributed Multi-Stakeholder Collaboration,2025,cscw_2025a.bib
10.1145/3711052,"Psychological Barriers and Facilitators in the Sharing Economy: Exploring Recognition, Visibility, Social Costs, Community Belonging, and Efficacies",2025,cscw_2025a.bib
10.1145/3711053,"Reexamining Technological Support for Genealogy Research, Collaboration, and Education",2025,cscw_2025a.bib
10.1145/3711055,Reimagining Multidisciplinary Teams: Challenges and Opportunities for LLMs in Cancer MDTs,2025,cscw_2025a.bib
10.1145/3711057,Residual Mobilities and Religious Practices: Exploring the Experiences of the Hindu Migrants in Canada,2025,cscw_2025a.bib
10.1145/3711058,Rethinking Technological Solutions for Community-Based Older Adult Care: Insights from `Older Partners' in China,2025,cscw_2025a.bib
10.1145/3711060,SCOPE: Examining Technology-Enhanced Collaborative Care Management of Depression in the Cancer Setting,2025,cscw_2025a.bib
10.1145/3711061,Secret Use of Large Language Model (LLM),2025,cscw_2025a.bib
10.1145/3711062,Seeking a Sense of Meaning and Companionship in Life: Informal Learning on Douyin Among Chinese Older Adults,2025,cscw_2025a.bib
10.1145/3711063,Self-Other Disclosures of Concealable Stigmatized Identities on TikTok: Implications for Interdependent Privacy,2025,cscw_2025a.bib
10.1145/3711064,Shared Use of Intimate Technology: A Large-Scale Qualitative Study on the Use of Natural Cycles as a Digital Contraceptive,2025,cscw_2025a.bib
10.1145/3711065,"Sharing, Support-Seeking, and Managing Safety: A Qualitative Study of Online Platform Engagement After Pregnancy Loss",2025,cscw_2025a.bib
10.1145/3711067,"Smartphone and ICT Use among Ukrainian Refugees: Technology Support during War, Flight, and Adaptation in Germany",2025,cscw_2025a.bib
10.1145/3711069,SocialMiXR: Facilitating Hybrid Social Interactions at Conferences,2025,cscw_2025a.bib
10.1145/3711070,Sociocultural Factors in Digital Skills Learning: A Community-Based Intervention Among U.S. Public Housing Adults,2025,cscw_2025a.bib
10.1145/3711071,Spotting Online News: A Mixed Method Study of Online News Engagement and Perceptions on Misinformation Interventions,2025,cscw_2025a.bib
10.1145/3711073,Still an Uphill Journey: Women's Difficulties in Collaborative Gaming Events,2025,cscw_2025a.bib
10.1145/3711074,"Summaries, Highlights, and Action Items: Design, Implementation and Evaluation of an LLM-powered Meeting Recap System",2025,cscw_2025a.bib
10.1145/3711075,Supporting Communication and Well-being with a Multi-Stakeholder Mobile App: Lessons Learned from a Field Study with ADHD Children and their Caregivers,2025,cscw_2025a.bib
10.1145/3711076,"Supporting Industry Computing Researchers in Assessing, Articulating, and Addressing the Potential Negative Societal Impact of Their Work",2025,cscw_2025a.bib
10.1145/3711077,"""Synchronized parenting is like mixing oil and water"": Reimagining Parental Control for Co-parenting in the Divorced Households",2025,cscw_2025a.bib
10.1145/3711078,Systematic Literature Review of Using Virtual Reality as a Social Platform in HCI Community,2025,cscw_2025a.bib
10.1145/3711080, 'Take Everything With a Pinch of Salt': Learning to Navigate Fitness on Social Media,2025,cscw_2025a.bib
10.1145/3711081,Techno-mediated Justice: How Restorative Justice Practitioners Use VideoConferencing Platforms and What HCI Can Learn from Them,2025,cscw_2025a.bib
10.1145/3711082,TESY: A Usability Test-Driven Prototyping Assistant Connecting Designers with Crowd-Testers,2025,cscw_2025a.bib
10.1145/3711083,The AI Double Standard: Humans Judge All AIs for the Actions of One,2025,cscw_2025a.bib
10.1145/3711084,The Development of a New Measure of Collective Digital Literacy,2025,cscw_2025a.bib
10.1145/3711085,The DSA Transparency Database: Auditing Self-reported Moderation Actions by Social Media,2025,cscw_2025a.bib
10.1145/3711086,The Informal Labor in Creator Economy: The Making of Key Opinion Consumers From Ordinary Users on Xiaohongshu,2025,cscw_2025a.bib
10.1145/3711087,The Jade Gateway to Trust: Exploring How Socio-Cultural Perspectives Shape Trust Within Chinese NFT Communities,2025,cscw_2025a.bib
10.1145/3711088,The Phase Model of Misinformation Interventions,2025,cscw_2025a.bib
10.1145/3711089,The Practice of Online Peer Counseling and the Potential for AI-Powered Support Tools,2025,cscw_2025a.bib
10.1145/3711090, 'The Prophet said so!': On Exploring Hadith Presence on Arabic Social Media,2025,cscw_2025a.bib
10.1145/3711091,Thoughtful Adoption of NLP for Civic Participation: Understanding Differences Among Policymakers,2025,cscw_2025a.bib
10.1145/3711092,Towards Bare-Hand Interaction for Whiteboard Collaboration in Virtual Reality,2025,cscw_2025a.bib
10.1145/3711094,Understanding and Co-designing Photo-based Reminiscence with Older Adults,2025,cscw_2025a.bib
10.1145/3711095,Understanding Interaction with Machine Learning through a Thematic Analysis Coding Assistant: A User Study,2025,cscw_2025a.bib
10.1145/3711096,Understanding the Challenges of Maker Entrepreneurship,2025,cscw_2025a.bib
10.1145/3711097,Understanding Young People's Creative Goals with Augmented Reality,2025,cscw_2025a.bib
10.1145/3711098,Unremarkable to Remarkable AI Agent: Exploring Boundaries of Agent Intervention for Adults With and Without Cognitive Impairment,2025,cscw_2025a.bib
10.1145/3711101,Virtual Agent-based Communication Skills Training to Facilitate Health Persuasion Among Peers,2025,cscw_2025a.bib
10.1145/3711102,What's Gov Got to Do with it?: Pandemic Crisis Communication in a Polarized Environment,2025,cscw_2025a.bib
10.1145/3711103,When Group Spirit Meets Personal Journeys: Exploring Motivational Dynamics and Design Opportunities in Group Therapy,2025,cscw_2025a.bib
10.1145/3711105,Who is to Blame: A Comprehensive Review of Challenges and Opportunities in Designer-Developer Collaboration,2025,cscw_2025a.bib
10.1145/3711107,Wikipedia in Wartime: Experiences of Wikipedians Maintaining Articles About the Russia-Ukraine War,2025,cscw_2025a.bib
10.1145/3711109,XOXO or XX/XY? Gender Essentialism and Queer Exclusion on Dating Apps,2025,cscw_2025a.bib
10.1145/3711110,"""You're in a Ferrari. I'm Waiting for the Bus"": Confronting Tensions in Community-University Partnerships",2025,cscw_2025a.bib
10.1145/3555227,"PACMHCI V6, CSCW2, November 2022 Editorial",2022,cscw_2022b.bib
10.1145/3555162,Social-Spiritual Face: Designing Social Reading Support for Spiritual Well-being,2022,cscw_2022b.bib
10.1145/3555153,"""Acting Out"" Queer Identity: The Embodied Visibility in Social Virtual Reality",2022,cscw_2022b.bib
10.1145/3555154,"""Adulthood is trying each of the same six passwords that you use for everything"": The Scarcity and Ambiguity of Security Advice on Social Media",2022,cscw_2022b.bib
10.1145/3555155,"""Money Doesn't Buy You Happiness"": Negative Consequences of Using the Freemium Model for Mental Health Apps",2022,cscw_2022b.bib
10.1145/3555156,"""We Need a Woman in Music"": Exploring Wikipedia's Values on Article Priority",2022,cscw_2022b.bib
10.1145/3555159,"""You Just Assume It Is In There, I Guess"": Understanding UK Families' Application and Knowledge of Smart Home Cyber Security",2022,cscw_2022b.bib
10.1145/3555163,AI and Disaster Risk: A Practitioner Perspective,2022,cscw_2022b.bib
10.1145/3555164,Alexa as an Active Listener: How Backchanneling Can Elicit Self-Disclosure and Promote User Experience,2022,cscw_2022b.bib
10.1145/3555167,Automated Detection of Doxing on Twitter,2022,cscw_2022b.bib
10.1145/3555168,Awe Versus Aww: The Effectiveness of Two Kinds of Positive Emotional Stimulation on Stress Reduction for Online Content Moderators,2022,cscw_2022b.bib
10.1145/3555169,Being there to Learn: Narrative Style and Cross-platform Comparison for 360-degree Educational Videos,2022,cscw_2022b.bib
10.1145/3555172,Care Frictions: A Critical Reframing of Patient Noncompliance in Health Technology Design,2022,cscw_2022b.bib
10.1145/3555173,Channeling End-User Creativity: Leveraging Live Streaming for Distributed Collaboration in Indie Game Development,2022,cscw_2022b.bib
10.1145/3555176,Community-in-the-loop: Creating Artificial Process Intelligence for Co-production of City Service,2022,cscw_2022b.bib
10.1145/3555180,"Designing a Data Story: A Storytelling Approach to Curation, Sharing and Data Reuse in Support of Ethnographically-driven Research",2022,cscw_2022b.bib
10.1145/3555181,Designing a Medical Crowdfunding Website from Sense of Community Theory,2022,cscw_2022b.bib
10.1145/3555182,Designing for Shared Values: Exploring Ethical Dilemmas of Conducting Values Inclusive Design Research,2022,cscw_2022b.bib
10.1145/3555183,Destructive Criticism in Software Code Review Impacts Inclusion,2022,cscw_2022b.bib
10.1145/3555184,"Distance Education During the COVID-19 Shutdown: A Process Model of Online Learner Readiness, Experiences and Feelings of Learning",2022,cscw_2022b.bib
10.1145/3555187,Family Care Coordination in the Children's Hospital: Phases and Cycles in the Pediatric Cancer Caregiving Journey,2022,cscw_2022b.bib
10.1145/3555188,"Fathers, Young Children and Technology: Changes in Device Use and Family Dynamics during the COVID-19 UK Lockdown",2022,cscw_2022b.bib
10.1145/3555189,Gay Dating on Non-dating Platforms: The Case of Online Dating Activities of Gay Men on a Q&amp;A Platform,2022,cscw_2022b.bib
10.1145/3555191,"Governing Online Goods: Maturity and Formalization in Minecraft, Reddit, and World of Warcraft Communities",2022,cscw_2022b.bib
10.1145/3555192,Handoff and Deposit: Designing Temporal Coordination in Cross-Device Transfer Techniques for Mixed-Focus Collaboration,2022,cscw_2022b.bib
10.1145/3555193,Amazon Echo Show as a Multimodal Human-to-Human Care Support Tool within Self-Isolating Older UK Households,2022,cscw_2022b.bib
10.1145/3555195,Identifying and Understanding Social Media Gatekeepers: A Case Study of Gatekeepers for Immigration Related News on Twitter,2022,cscw_2022b.bib
10.1145/3555196,Impact of Social Distancing on Face To Face Meetups for Software Practitioners during the Covid-19 Pandemic,2022,cscw_2022b.bib
10.1145/3555197,Information Needs of Essential Workers During the COVID-19 Pandemic,2022,cscw_2022b.bib
10.1145/3555199,Intrance: Designing an Interactive Enhancement System for the Development of QA Chatbots,2022,cscw_2022b.bib
10.1145/3555200,Learning to Become a Volunteer Counselor: Lessons from a Peer-to-Peer Mental Health Community,2022,cscw_2022b.bib
10.1145/3555201,Managing the Transition to Online Freelance Platforms: Self-Directed Socialization,2022,cscw_2022b.bib
10.1145/3555202,Matching for Peer Support: Exploring Algorithmic Matching for Online Mental Health Communities,2022,cscw_2022b.bib
10.1145/3555203,Meeting Young Adults' Social Support Needs across the Health Behavior Change Journey: Implications for Digital Mental Health Tools,2022,cscw_2022b.bib
10.1145/3555204,Moderation as Empowerment: Creating and Managing Women-Only Digital Safe Spaces,2022,cscw_2022b.bib
10.1145/3555205,Nationalizing the Internet to Break a Protest Movement: Internet Shutdown and Counter-Appropriation in Iran of Late 2019,2022,cscw_2022b.bib
10.1145/3557997,No! Re-imagining Data Practices Through the Lens of Critical Refusal,2022,cscw_2022b.bib
10.1145/3555207,Not Another School Resource Map: Meeting Underserved Families' Information Needs Requires Trusting Relationships and Personalized Care,2022,cscw_2022b.bib
10.1145/3555208,Opportunities and Challenges in Repeated Revisions to Pull-Requests: An Empirical Study,2022,cscw_2022b.bib
10.1145/3555209,Paying Attention to the Algorithm Behind the Curtain: Bringing Transparency to YouTube's Demonetization Algorithms,2022,cscw_2022b.bib
10.1145/3555213,"Research Data Management Commitment Drivers: An Analysis of Practices, Training, Policies, Infrastructure, and Motivation in Global Agricultural Science",2022,cscw_2022b.bib
10.1145/3555214,Revealing Cumulative Risks in Online Personal Information: A Data Narrative Study,2022,cscw_2022b.bib
10.1145/3555216,Shame on Who? Experimentally Reducing Shame During Political Arguments on Twitter,2022,cscw_2022b.bib
10.1145/3555218,Six Feet Apart: Online Payments During the COVID-19 Pandemic,2022,cscw_2022b.bib
10.1145/3555219,Social Media's Role During Identity Changes Related to Major Life Events,2022,cscw_2022b.bib
10.1145/3555220,Social Robots in Aged Care: Care Staff Experiences and Perspectives on Robot Benefits and Challenges,2022,cscw_2022b.bib
10.1145/3555224,Territoriality in Hybrid Collaboration,2022,cscw_2022b.bib
10.1145/3555225,"The Risks, Benefits, and Consequences of Prepublication Moderation: Evidence from 17 Wikipedia Language Editions",2022,cscw_2022b.bib
10.1145/3555226,The Use of Negative Interface Cues to Change Perceptions of Online Retributive Harassment,2022,cscw_2022b.bib
10.1145/3555756,Towards Creative Version Control,2022,cscw_2022b.bib
10.1145/3555759,Understanding Instructors' Cultivation of Connectedness in K-12 Online Synchronous Culturally Responsive STEM and Computing Education,2022,cscw_2022b.bib
10.1145/3555762,Understanding Risks of Privacy Theater with Differential Privacy,2022,cscw_2022b.bib
10.1145/3555763,"Understanding the Behavior, Challenges, and Privacy Risks in Digital Technology Use by Nursing Professionals",2022,cscw_2022b.bib
10.1145/3555764,Understanding the Practices and Challenges of Networked Orchestration in Research Communities of Practice,2022,cscw_2022b.bib
10.1145/3555765,Understanding User Perceptions of Response Delays in Crowd-Powered Conversational Systems,2022,cscw_2022b.bib
10.1145/3555766,Unpacking Stitching between Wikipedia and Wikimedia Commons: Barriers to Cross-Platform Collaboration,2022,cscw_2022b.bib
10.1145/3555769,User-Centric Privacy Controls for Smart Homes,2022,cscw_2022b.bib
10.1145/3555770,"Users' Expectations, Experiences, and Concerns With COVID Alert, an Exposure-Notification App",2022,cscw_2022b.bib
10.1145/3555771,Warm Solutions: Centering Nurse Contributions in Medical Making,2022,cscw_2022b.bib
10.1145/3555772,"""Wearing a High Heel and a House Shoe at the Same Time"": Parents' Information Needs While Navigating Change in their Child's Behavioral Care",2022,cscw_2022b.bib
10.1145/3555773,What Do You Get from Turning on Your Video? Effects of Videoconferencing Affordances on Remote Class Experience During COVID-19,2022,cscw_2022b.bib
10.1145/3555774,Why Users Hack: Conflicting Interests and the Political Economy of Software,2022,cscw_2022b.bib
10.1145/3555775,Women's Perspectives on Harm and Justice after Online Harassment,2022,cscw_2022b.bib
10.1145/3555081,A Social-Ecological Approach to Modeling Sense of Virtual Community (SOVC) in Livestreaming Communities,2022,cscw_2022b.bib
10.1145/3555082,The Workplace Playbook VR: Exploring the Design Space of Virtual Reality to Foster Understanding of and Support for Autistic People,2022,cscw_2022b.bib
10.1145/3555084,Mobilizing Instrumental Childcare Support for Postpartum Mothers: Needs for and Barriers to Infant-centric Family Informatics Practices in Hong Kong,2022,cscw_2022b.bib
10.1145/3555085,Computer Supported Livestock Systems: The Potential of Digital Platforms to Revitalize a Livestock System in Rural Zimbabwe,2022,cscw_2022b.bib
10.1145/3555086,Unpacking the Use of Laboratory Test Results in an Online Health Community throughout the Medical Care Trajectory,2022,cscw_2022b.bib
10.1145/3555087,"Why, How and Where of Delays in Software Security Patch Management: An Empirical Investigation in the Healthcare Sector",2022,cscw_2022b.bib
10.1145/3555089,Tangible Privacy for Smart Voice Assistants: Bystanders' Perceptions of Physical Device Controls,2022,cscw_2022b.bib
10.1145/3555090,"""Cyber security is a dark art"": The CISO as Soothsayer",2022,cscw_2022b.bib
10.1145/3555091,Producing and Consuming Instructional Material in Manufacturing Contexts: Evaluation of an AR-based Cyber-Physical Production System for Supporting Knowledge and Expertise Sharing,2022,cscw_2022b.bib
10.1145/3555093,"From Environmental Monitoring to Mitigation Action: Considerations, Challenges, and Opportunities for HCI",2022,cscw_2022b.bib
10.1145/3555096,Understanding Effects of Algorithmic vs. Community Label on Perceived Accuracy of Hyper-partisan Misinformation,2022,cscw_2022b.bib
10.1145/3555097,Behold the Once and Future Me: Online Identity After the End of a Romantic Relationship,2022,cscw_2022b.bib
10.1145/3555100,Revisiting Group Fairness Metrics: The Effect of Networks,2022,cscw_2022b.bib
10.1145/3555102,The Distressing Ads That Persist: Uncovering The Harms of Targeted Weight-Loss Ads Among Users with Histories of Disordered Eating,2022,cscw_2022b.bib
10.1145/3555104,"""I Am Concerned, But..."": Streamers' Privacy Concerns and Strategies In Live Streaming Information Disclosure",2022,cscw_2022b.bib
10.1145/3555105,How Transfeminine TikTok Creators Navigate the Algorithmic Trap of Visibility Via Folk Theorization,2022,cscw_2022b.bib
10.1145/3555106,"Many Destinations, Many Pathways: A Quantitative Analysis of Legitimate Peripheral Participation in Scratch",2022,cscw_2022b.bib
10.1145/3555107,Venice Was Flooding ... One Tweet at a Time,2022,cscw_2022b.bib
10.1145/3555108,Cross-Cultural Exploration of Music Sharing,2022,cscw_2022b.bib
10.1145/3555109,"""Kabootar"": Towards Informal, Trustworthy, and Community-Based FinTech for Marginalized Immigrants",2022,cscw_2022b.bib
10.1145/3555110,Harmonizing the Cacophony with MIC: An Affordance-aware Framework for Platform Moderation,2022,cscw_2022b.bib
10.1145/3555111,Characteristics and Challenges of Clinical Documentation in Self-Organized Fast-Paced Medical Work,2022,cscw_2022b.bib
10.1145/3555112,How Should the Agent Communicate to the Group? Communication Strategies of a Conversational Agent in Group Chat Discussions,2022,cscw_2022b.bib
10.1145/3555114,Exploring the Utility of Social Content for Understanding Future In-Demand Skills,2022,cscw_2022b.bib
10.1145/3555115,"""I needed to solve their overwhelmness"": How System Administration Work was Affected by COVID-19",2022,cscw_2022b.bib
10.1145/3555116,Exploring Capturing Approaches in Shared Fabrication Workshops: Current Practice and Opportunities,2022,cscw_2022b.bib
10.1145/3555117,TeamSpiritous - A Retrospective Emotional Competence Development System for Video-Meetings,2022,cscw_2022b.bib
10.1145/3555119,"""We're so much more than the in-game clan"": Gaming Experiences and Group Management in Multi-Space Online Communities",2022,cscw_2022b.bib
10.1145/3555120,The Gift that Keeps on Giving: Generosity is Contagious in Multiplayer Online Games,2022,cscw_2022b.bib
10.1145/3555121,Motivated to Work or Working to Stay Motivated: A Diary and Interview Study on Working From Home,2022,cscw_2022b.bib
10.1145/3555122,"The Chinese Diaspora and The Attempted WeChat Ban: Platform Precarity, Anticipated Impacts, and Infrastructural Migration",2022,cscw_2022b.bib
10.1145/3555123,"""I Kind of Bounce off It"":Translating Mental Health Principles into Real Life Through Story-Based Text Messages",2022,cscw_2022b.bib
10.1145/3555124,What Do Users Think of Promotional Gamification Schemes? A Qualitative Case Study in a Question Answering Website,2022,cscw_2022b.bib
10.1145/3555125,The Cop In Your Neighbor's Doorbell: Amazon Ring and the Spread of Participatory Mass Surveillance,2022,cscw_2022b.bib
10.1145/3555126,Commoning for Fun and Profit: Experimental Publishing on the Decentralized Web,2022,cscw_2022b.bib
10.1145/3555127,Feedback Exchange and Online Affinity: A Case Study of Online Fanfiction Writers,2022,cscw_2022b.bib
10.1145/3555128,Reactions to Fact Checking,2022,cscw_2022b.bib
10.1145/3555130, 'Transparency is Meant for Control' and Vice Versa: Learning from Co-designing and Evaluating Algorithmic News Recommenders,2022,cscw_2022b.bib
10.1145/3555131,Revolting from Abroad: The Formation of a Lebanese Transnational Public,2022,cscw_2022b.bib
10.1145/3555132,"Imagined Online Communities: Communionship, Sovereignty, and Inclusiveness in Facebook Groups",2022,cscw_2022b.bib
10.1145/3555133,"""It's a lonely disease"": Cultivating Online Spaces for Social Support among People Living with Dementia and Dementia Caregivers",2022,cscw_2022b.bib
10.1145/3555135,Part of the Conversation: Workforce Professionals' Perspectives on the Roles and Impacts of Workforce Technologies,2022,cscw_2022b.bib
10.1145/3555136,From 'Friends with Benefits' to 'Sextortion:' A Nuanced Investigation of Adolescents' Online Sexual Risk Experiences,2022,cscw_2022b.bib
10.1145/3555140,There is No App for That: Manifestations of the Digital Divides During COVID-19 School Closures in India,2022,cscw_2022b.bib
10.1145/3555142,Understanding Account Deletion and Relevant Dark Patterns on Social Media,2022,cscw_2022b.bib
10.1145/3555144, 'Don't make assumptions about me!': Understanding Children's Perception of Datafication Online,2022,cscw_2022b.bib
10.1145/3555145,"""Do You Ladies Relate?"": Experiences of Gender Diverse People in Online Eating Disorder Communities",2022,cscw_2022b.bib
10.1145/3555146,"""For an App Supposed to Make Its Users Feel Better, It Sure is a Joke"" - An Analysis of User Reviews of Mobile Mental Health Applications",2022,cscw_2022b.bib
10.1145/3555147,"""Help! Can You Hear Me?"": Understanding How Help-Seeking Posts are Overwhelmed on Social Media during a Natural Disaster",2022,cscw_2022b.bib
10.1145/3555148,"""We Gather Together We Collaborate Together"": Exploring the Challenges and Strategies of Chinese Lesbian and Bisexual Women's Online Communities on Weibo",2022,cscw_2022b.bib
10.1145/3555150,"""I'm not sure what difference is between their content and mine, other than the person itself"": A Study of Fairness Perception of Content Moderation on YouTube",2022,cscw_2022b.bib
10.1145/3555151,A Seat at the Virtual Table: Emergent Inclusion in Remote Meetings,2022,cscw_2022b.bib
10.1145/3555152,Auggie: Encouraging Effortful Communication through Handcrafted Digital Experiences,2022,cscw_2022b.bib
10.1145/3555530,Bridging the Social Distance: Offline to Online Social Support during the COVID-19 Pandemic,2022,cscw_2022b.bib
10.1145/3555531,Burnout and the Quantified Workplace: Tensions around Personal Sensing Interventions for Stress in Resident Physicians,2022,cscw_2022b.bib
10.1145/3555532,Careful Data Tinkering,2022,cscw_2022b.bib
10.1145/3555533,Collectives and Their Artifact Ecologies,2022,cscw_2022b.bib
10.1145/3555537,"Data Protection at a Discount: Investigating the UX of Data Protection from User, Designer, and Business Leader Perspectives",2022,cscw_2022b.bib
10.1145/3555538,Decaying Photos for Enhanced Privacy: User Perceptions Towards Temporal Redactions and 'Trusted' Platforms,2022,cscw_2022b.bib
10.1145/3555539,Depression at Work: Exploring Depression in Major US Companies from Online Reviews,2022,cscw_2022b.bib
10.1145/3555540,Design Implications to Support Integrative Medicine in Pregnancy Care,2022,cscw_2022b.bib
10.1145/3555543,Hospitals of the Future: Designing Interactive Robotic Systems for Resilient Emergency Departments,2022,cscw_2022b.bib
10.1145/3555545,How Background Images Impact Online Incivility,2022,cscw_2022b.bib
10.1145/3555547,"Ladange, Adange, Jeetange: The Farmers' Movement and Its Virtual Spaces",2022,cscw_2022b.bib
10.1145/3555548,LAGH: Towards Asymmetrical Collaborative Bodily Play between 1st and 2nd Person Perspectives,2022,cscw_2022b.bib
10.1145/3555549,Magic Brush: An AI-based Service for Dementia Prevention focused on Intrinsic Motivation,2022,cscw_2022b.bib
10.1145/3555551,Making a Radical Misogynist: How Online Social Engagement with the Manosphere Influences Traits of Radicalization,2022,cscw_2022b.bib
10.1145/3555552,Measuring the Prevalence of Anti-Social Behavior in Online Communities,2022,cscw_2022b.bib
10.1145/3555553,More Gamification Is Not Always Better: A Case Study of Promotional Gamification in a Question Answering Website,2022,cscw_2022b.bib
10.1145/3555554,Organizational Distance Also Matters: How Organizational Distance Among Industrial Research Teams Affect Their Research Productivity,2022,cscw_2022b.bib
10.1145/3555555,PlanHelper: Supporting Activity Plan Construction with Answer Posts in Community-based QA Platforms,2022,cscw_2022b.bib
10.1145/3555556,"Privacy Research with Marginalized Groups: What We Know, What's Needed, and What's Next",2022,cscw_2022b.bib
10.1145/3555557,Revisiting Piggyback Prototyping: Examining Benefits and Tradeoffs in Extending Existing Social Computing Systems,2022,cscw_2022b.bib
10.1145/3555559,"Separate Online Networks During Life Transitions: Support, Identity, and Challenges in Social Media and Online Communities",2022,cscw_2022b.bib
10.1145/3555560,Stewarding the Documental Afterlives of Refugee Tech Initiatives,2022,cscw_2022b.bib
10.1145/3555562,The Effects of AI-based Credibility Indicators on the Detection and Spread of Misinformation under Social Influence,2022,cscw_2022b.bib
10.1145/3555563,The Impact of Governance Bots on Sense of Virtual Community: Development and Validation of the GOV-BOTs Scale,2022,cscw_2022b.bib
10.1145/3555565,The Substance of Style: How Social Class-Based Styles of Interpersonal Interaction Shape Hiring Assessments at Large Technology Companies,2022,cscw_2022b.bib
10.1145/3555658,The Work of Digital Social Re-entry in Substance Use Disorder Recovery,2022,cscw_2022b.bib
10.1145/3555567,Towards More Gender-Inclusive Q&amp;As: Investigating Perceptions of Additional Community Presence Information,2022,cscw_2022b.bib
10.1145/3555569,Understanding Cultural Influence on Perspectives Around Contact Tracing Strategies,2022,cscw_2022b.bib
10.1145/3555570,Understanding Emerging Obfuscation Technologies in Visual Description Services for Blind and Low Vision People,2022,cscw_2022b.bib
10.1145/3564855,Understanding Older Adults' Participation in Online Social Activities: Lessons from the COVID-19 Pandemic,2022,cscw_2022b.bib
10.1145/3555572,Understanding User Reliance on AI in Assisted Decision-Making,2022,cscw_2022b.bib
10.1145/3555573,vRobotator: A Virtual Robot Facilitator of Small Group Discussions for K-12,2022,cscw_2022b.bib
10.1145/3555575,When Does it Become Harassment? An Investigation of Online Criticism and Calling Out in Twitter,2022,cscw_2022b.bib
10.1145/3555576,Youths' Perceptions of Data Collection in Online Advertising and Social Media,2022,cscw_2022b.bib
10.1145/3555578,"""Explorers of Unknown Planets"": Practices and Politics of Artificial Intelligence in Visual Arts",2022,cscw_2022b.bib
10.1145/3555580,"""Is It My Turn?"": Assessing Teamwork and Taskwork in Collaborative Immersive Analytics",2022,cscw_2022b.bib
10.1145/3555581,Imagining Caring Futures for Frontline Health Work,2022,cscw_2022b.bib
10.1145/3555582,"""I was Confused by It; It was Confused by Me:"" Exploring the Experiences of People with Visual Impairments around Mobile Service Robots",2022,cscw_2022b.bib
10.1145/3555583,"""I've talked without intending to"": Self-disclosure and Reciprocity via Embodied Avatar",2022,cscw_2022b.bib
10.1145/3555584,"""It's only when somebody says a tool worked for them that I believe it will work for me"": Socio-tecture as a lens for Digital Transformation",2022,cscw_2022b.bib
10.1145/3555586,Speculative Vulnerability: Uncovering the Temporalities of Vulnerability in People's Experiences of the Pandemic,2022,cscw_2022b.bib
10.1145/3555587,Conversational Agents for Information Retrieval in the Education Domain: A User-Centered Design Investigation,2022,cscw_2022b.bib
10.1145/3555588,Accessible Design is Mediated by Job Support Structures and Knowledge Gained Through Design Career Pathways,2022,cscw_2022b.bib
10.1145/3555589,Adherence to Misinformation on Social Media Through Socio-Cognitive and Group-Based Processes,2022,cscw_2022b.bib
10.1145/3555591,An HCI Research Agenda for Online Science Communication,2022,cscw_2022b.bib
10.1145/3555659,Anticipated versus Actual Effects of Platform Design Change: A Case Study of Twitter's Character Limit,2022,cscw_2022b.bib
10.1145/3555593,Are We Healthier Together? Two Strategies for Supporting Macronutrient Assessment Skills and How the Crowd Can Help (or Not),2022,cscw_2022b.bib
10.1145/3555594,Authenticity for Rent? Airbnb Hosts and the Commodification of Urban Displacement,2022,cscw_2022b.bib
10.1145/3555596,Beyond the Pandemic and Privacy Concerns: Perceived Benefit and Expected Use of Pandemic-Tracking Apps in India,2022,cscw_2022b.bib
10.1145/3555597,Bias-Aware Design for Informed Decisions: Raising Awareness of Self-Selection Bias in User Ratings and Reviews,2022,cscw_2022b.bib
10.1145/3555656,Bifurcating Cognitive Attention from Visual Concentration: Utilizing Cooperative Audiovisual Sensing for Demarcating Inattentive Online Meeting Participants,2022,cscw_2022b.bib
10.1145/3555614,Collaboration Challenges and Technology Opportunities at the Intersection of Perinatal and Mental Health Journeys,2022,cscw_2022b.bib
10.1145/3555615,Cone of Vision as a Behavioural Cue for VR Collaboration,2022,cscw_2022b.bib
10.1145/3555616,Datavoidant: An AI System for Addressing Political Data Voids on Social Media,2022,cscw_2022b.bib
10.1145/3555617,Dealing with Digital Service Closure,2022,cscw_2022b.bib
10.1145/3555619,Designing Conversational Evaluation Tools: A Comparison of Text and Voice Modalities to Improve Response Quality in Course Evaluations,2022,cscw_2022b.bib
10.1145/3555620,Digital Mental Health and Social Connectedness: Experiences of Women from Refugee Backgrounds,2022,cscw_2022b.bib
10.1145/3555621,Digital Storytelling for Developing Computer Skills in Rural Appalachia,2022,cscw_2022b.bib
10.1145/3555624,"Education, Personal Experiences, and Advocacy: Examining Drug-Addiction Videos on YouTube",2022,cscw_2022b.bib
10.1145/3555626,Engaging with Under-Resourced Communities for User Research through Self-Authored Videos,2022,cscw_2022b.bib
10.1145/3555628,Exploring Opportunities to Improve Physical Activity in Individuals with Spinal Cord Injury Using Context-Aware Messaging,2022,cscw_2022b.bib
10.1145/3555629,Exploring Team-Sourced Hyperlinks to Address Navigation Challenges for Low-Vision Readers of Scientific Papers,2022,cscw_2022b.bib
10.1145/3555630,From Self-Tracking to Sleep-Hacking: Online Collaboration on Changing Sleep,2022,cscw_2022b.bib
10.1145/3555631,Generating Practices: Investigations into the Double Embedding of GDPR and Data Access Policies,2022,cscw_2022b.bib
10.1145/3555633,Improving Students Argumentation Learning with Adaptive Self-Evaluation Nudging,2022,cscw_2022b.bib
10.1145/3555635,Intimate Narratives: An Assets-Based Approach to Develop Holistic Perspectives of Student Mothers' Lives and Their Use of Technology in Parenting,2022,cscw_2022b.bib
10.1145/3555637,Leveraging Structured Trusted-Peer Assessments to Combat Misinformation,2022,cscw_2022b.bib
10.1145/3555638,"LGBTQ Futures and Participatory Design: Investigating Visibility, Community, and the Future of Future Workshops",2022,cscw_2022b.bib
10.1145/3555639,Make Reddit Great Again: Assessing Community Effects of Moderation Interventions on r/The_Donald,2022,cscw_2022b.bib
10.1145/3555641,Multi-Objective Personalization in Multi-Stakeholder Organizational Bulk E-mail: A Field Experiment,2022,cscw_2022b.bib
10.1145/3555642,Multi-stakeholder Perspectives on Digital Tools for U.S. Asylum Applicants Seeking Healthcare and Legal Information,2022,cscw_2022b.bib
10.1145/3555644,Peritext: A CRDT for Collaborative Rich Text Editing,2022,cscw_2022b.bib
10.1145/3555645,Platform-Mediated Food Delivery Work: A Review for CSCW,2022,cscw_2022b.bib
10.1145/3555646,Practitioners Versus Users: A Value-Sensitive Evaluation of Current Industrial Recommender System Design,2022,cscw_2022b.bib
10.1145/3555647,Protecting The Vulnerable: Dimensions of Assisted Digital Access,2022,cscw_2022b.bib
10.1145/3555651,"Romancing the Algorithm: Navigating Constantly, Frequently, and Silently Changing Algorithms for Digital Work",2022,cscw_2022b.bib
10.1145/3555652,SnapPI: Understanding Everyday Use of Personal Informatics Data Stickers on Ephemeral Social Media,2022,cscw_2022b.bib
10.1145/3555599,Stop the [Image] Steal: The Role and Dynamics of Visual Content in the 2020 U.S. Election Misinformation Campaign,2022,cscw_2022b.bib
10.1145/3555600,Taking a Language Detour: How International Migrants Speaking a Minority Language Seek COVID-Related Information in Their Host Countries,2022,cscw_2022b.bib
10.1145/3555601,The Algorithmic Crystal: Conceptualizing the Self through Algorithmic Personalization on TikTok,2022,cscw_2022b.bib
10.1145/3555602,The Long Way Home: News Values in Stories Told by Appalachian Trail Thru-Hikers on Social Media,2022,cscw_2022b.bib
10.1145/3555603,Thread With Caution: Proactively Helping Users Assess and Deescalate Tension in Their Online Discussions,2022,cscw_2022b.bib
10.1145/3555604,Tourgether360: Collaborative Exploration of 360° Videos using Pseudo-Spatial Navigation,2022,cscw_2022b.bib
10.1145/3555605,Uncovering Adverse Childhood Experiences (ACEs) from Clinical Narratives within the Electronic Health Record,2022,cscw_2022b.bib
10.1145/3555606,Understanding How to Administer Voice Surveys through Smart Speakers,2022,cscw_2022b.bib
10.1145/3555608,Understanding Teenage Perceptions and Configurations of Privacy on Instagram,2022,cscw_2022b.bib
10.1145/3555609,"Usability, Accessibility and Social Entanglements in Advanced Tool Use by Vision Impaired Graduate Students",2022,cscw_2022b.bib
10.1145/3555612,You Are Not Alone: How Trending Stress Topics Brought #Awareness and #Resonance on Campus,2022,cscw_2022b.bib
10.1145/3512825,"PACMHCI V6, CSCW1, April 2022 Editorial",2022,cscw_2022a.bib
10.1145/3512894,"""Self-Quaranteens"" Process COVID-19: Understanding Information Visualization Language in Memes",2022,cscw_2022a.bib
10.1145/3512895,"A ""Distance Matters"" Paradox: Facilitating Intra-Team Collaboration Can Harm Inter-Team Collaboration",2022,cscw_2022a.bib
10.1145/3512896,Abstractions for Visualizing Preferences in Group Decisions,2022,cscw_2022a.bib
10.1145/3512897,"Active Prolonged Engagement EXpanded (APEX): A Toolkit for Supporting Evidence-Based Iterative Design Decisions for Collaborative, Embodied Museum Exhibits",2022,cscw_2022a.bib
10.1145/3512898,An Uncommon Task: Participatory Design in Legal AI,2022,cscw_2022a.bib
10.1145/3512900,Characterizing Reddit Participation of Users Who Engage in the QAnon Conspiracy Theories,2022,cscw_2022a.bib
10.1145/3512901,Conversations About Crime: Re-Enforcing and Fighting Against Platformed Racism on Reddit,2022,cscw_2022a.bib
10.1145/3512902,Empathosphere: Promoting Constructive Communication in Ad-hoc Virtual Teams through Perspective-taking Spaces,2022,cscw_2022a.bib
10.1145/3512903,Friendscope: Exploring In-the-Moment Experience Sharing on Camera Glasses via a Shared Camera,2022,cscw_2022a.bib
10.1145/3512904,From Parental Control to Joint Family Oversight: Can Parents and Teens Manage Mobile Online Safety and Privacy as Equals?,2022,cscw_2022a.bib
10.1145/3512906,Identifying User Needs for Advertising Controls on Facebook,2022,cscw_2022a.bib
10.1145/3512907,Image DePO: Towards Gradual Decentralization of Online Social Networks using Decentralized Privacy Overlays,2022,cscw_2022a.bib
10.1145/3512908,No Community Can Do Everything: Why People Participate in Similar Online Communities,2022,cscw_2022a.bib
10.1145/3512909,Project IRL: Playful Co-Located Interactions with Mobile Augmented Reality,2022,cscw_2022a.bib
10.1145/3512910,RemoteCoDe: Robotic Embodiment for Enhancing Peripheral Awareness in Remote Collaboration Tasks,2022,cscw_2022a.bib
10.1145/3512911,Situating Public Speaking: The Politics and Poetics of the Digital Islamic Sermons in Bangladesh,2022,cscw_2022a.bib
10.1145/3512914,Trial by File Formats: Exploring Public Defenders' Challenges Working with Novel Surveillance Data,2022,cscw_2022a.bib
10.1145/3512915, 'It's Problematic but I'm not Concerned': University Perspectives on Account Sharing,2022,cscw_2022a.bib
10.1145/3512917,"""I Just Can't Help But Smile Sometimes"": Collaborative Self-Management of Depression",2022,cscw_2022a.bib
10.1145/3512918,"""It's Great to Exercise Together on Zoom!"": Understanding the Practices and Challenges of Live Stream Group Fitness Classes",2022,cscw_2022a.bib
10.1145/3512919,"""Knowledge Comes Through Participation"": Understanding Disability through the Lens of DIY Assistive Technology in Western Kenya",2022,cscw_2022a.bib
10.1145/3512920,A Speech-Based Model for Tracking the Progression of Activities in Extreme Action Teamwork,2022,cscw_2022a.bib
10.1145/3512921,A Web-Scale Analysis of the Community Origins of Image Memes,2022,cscw_2022a.bib
10.1145/3512922,An Exploration of Captioning Practices and Challenges of Individual Content Creators on YouTube for People with Hearing Impairments,2022,cscw_2022a.bib
10.1145/3512923,Analyzing the Impact and Accuracy of Facebook Activity on Facebook's Ad-Interest Inference Process,2022,cscw_2022a.bib
10.1145/3512924,Assistive Communication Technologies and Stigma: How Perceived Visibility of Cochlear Implants Affects Self-Stigma and Social Interaction Anxiety,2022,cscw_2022a.bib
10.1145/3512925,Attitudes and Folk Theories of Data Subjects on Transparency and Accuracy in Emotion Recognition,2022,cscw_2022a.bib
10.1145/3512927,Caste Capital on Twitter: A Formal Network Analysis of Caste Relations among Indian Politicians,2022,cscw_2022a.bib
10.1145/3512928,ColabAR: A Toolkit for Remote Collaboration in Tangible Augmented Reality Laboratories,2022,cscw_2022a.bib
10.1145/3512929,"Comparing the Perceived Legitimacy of Content Moderation Processes: Contractors, Algorithms, Expert Panels, and Digital Juries",2022,cscw_2022a.bib
10.1145/3512931,Disinformation as Infrastructure: Making and Maintaining the QAnon Conspiracy on Italian Digital Media,2022,cscw_2022a.bib
10.1145/3512932,Disturbing the Peace: Experiencing and Mitigating Emerging Harassment in Social Virtual Reality,2022,cscw_2022a.bib
10.1145/3512933,Easier Said or Easier Done? Exploring the Relative Merits of Common Feedback Presentations,2022,cscw_2022a.bib
10.1145/3512934,Eliciting Best Practices for Collaboration with Computational Notebooks,2022,cscw_2022a.bib
10.1145/3512936,Examining Source Effects on Perceptions of Fake News in Rural India,2022,cscw_2022a.bib
10.1145/3512937,Facilitating Global Team Meetings Between Language-Based Subgroups: When and How Can Machine Translation Help?,2022,cscw_2022a.bib
10.1145/3512938,From Receivers to Givers: Understanding Practice of Reciprocity in an Online Support Community,2022,cscw_2022a.bib
10.1145/3512939,GeniAuti: Toward Data-Driven Interventions to Challenging Behaviors of Autistic Children through Caregivers' Tracking,2022,cscw_2022a.bib
10.1145/3512945,Interpersonal Conflicts During Code Review: Developers' Experience and Practices,2022,cscw_2022a.bib
10.1145/3512947,Joint Media Engagement in Families Playing Animal Crossing: New Horizons during the COVID-19 Pandemic,2022,cscw_2022a.bib
10.1145/3512948,Making a Medical Maker's Playbook: An Ethnographic Study of Safety-Critical Collective Design by Makers in Response to COVID-19,2022,cscw_2022a.bib
10.1145/3512949,"More than just Software Surprises: Purposes, Processes, and Directions for Software Application Easter Eggs",2022,cscw_2022a.bib
10.1145/3512951,Non-literal Communication in Chinese Internet Spaces: A Case Study of Fishing,2022,cscw_2022a.bib
10.1145/3512952,Opening the Gate to Urban Repair: A Tool for Citizen-Led Design,2022,cscw_2022a.bib
10.1145/3512953,Others Are to Blame: Whom People Consider Responsible for Online Misinformation,2022,cscw_2022a.bib
10.1145/3512954,Patients Waiting for Cues: Information Asymmetries and Challenges in Sharing Patient-Generated Data in the Clinic,2022,cscw_2022a.bib
10.1145/3512956,"Perceptions of Diversity in Electronic Music: the Impact of Listener, Artist, and Track Characteristics",2022,cscw_2022a.bib
10.1145/3512958,Practicing Moderation: Community Moderation as Reflective Practice,2022,cscw_2022a.bib
10.1145/3512959,"Quality Change: Norm or Exception? Measurement, Analysis and Detection of Quality Change in Wikipedia",2022,cscw_2022a.bib
10.1145/3512961,Reshaping the Smart Home Research and Development in the Pandemic Era: Considerations around Scalable and Easy-to-Install Design,2022,cscw_2022a.bib
10.1145/3512962,Separating Polarization from Noise: Comparison and Normalization of Structural Polarization Measures,2022,cscw_2022a.bib
10.1145/3512963,"Sharenting and Children's Privacy in the United States: Parenting Style, Practices, and Perspectives on Sharing Young Children's Photos on Social Media",2022,cscw_2022a.bib
10.1145/3512964,Social Debunking of Misinformation on WhatsApp: The Case for Strong and In-group Ties,2022,cscw_2022a.bib
10.1145/3512966,Sonification of Emotion in Social Media: Affect and Accessibility in Facebook Reactions,2022,cscw_2022a.bib
10.1145/3512968,The Moral Orders of Matchmaking Work: Digitization of Matrimonial Services and the Future of Work,2022,cscw_2022a.bib
10.1145/3512969,The Reintegration Journey Following a Psychiatric Hospitalization: Examining the Role of Social Technologies,2022,cscw_2022a.bib
10.1145/3512970,The Relationship between Co-Creative Dialogue and High School Learners' Satisfaction with their Collaborator in Computational Music Remixing,2022,cscw_2022a.bib
10.1145/3512971,The Work of Infrastructural Bricoleurs in Building Civic Data Dashboards,2022,cscw_2022a.bib
10.1145/3512972,To Use or Abuse: Opportunities and Difficulties in the Use of Multi-channel Support to Reduce Technology Abuse by Adolescents,2022,cscw_2022a.bib
10.1145/3512973,Towards Sustainable ICTD in Bangladesh: Understanding the Program and Policy Landscape and Its Implications for CSCW and HCI,2022,cscw_2022a.bib
10.1145/3512974,True or False: Studying the Work Practices of Professional Fact-Checkers,2022,cscw_2022a.bib
10.1145/3512975,Ubiquitous News Experienced Alone: Interviews with Americans and their Devices,2022,cscw_2022a.bib
10.1145/3512976,Understanding Cross-lingual Pragmatic Misunderstandings in Email Communication,2022,cscw_2022a.bib
10.1145/3512978,Understanding the Role of Context in Creating Enjoyable Co-Located Interactions,2022,cscw_2022a.bib
10.1145/3512979,"User Experience Research in the Work Context: Maps, Gaps and Agenda",2022,cscw_2022a.bib
10.1145/3512980,Veteran Critical Theory as a Lens to Understand Veterans' Needs and Support on Social Media,2022,cscw_2022a.bib
10.1145/3512981,Voting with the Stars: Analyzing Partisan Engagement between Celebrities and Politicians in India,2022,cscw_2022a.bib
10.1145/3512982,Working for the Invisible Machines or Pumping Information into an Empty Void? An Exploration of Wikidata Contributors' Motivations,2022,cscw_2022a.bib
10.1145/3512983,XR-LIVE: Enhancing Asynchronous Shared-Space Demonstrations with Spatial-temporal Assistive Toolsets for Effective Learning in Immersive Virtual Laboratories,2022,cscw_2022a.bib
10.1145/3579454,"PACMHCI V7, CSCW1, April 2023 Editorial",2023,cscw_2023a.bib
10.1145/3579457,Alone and Together: Resilience in a Fluid Socio-Technical-Natural System,2023,cscw_2023a.bib
10.1145/3579459,Becoming an Online Wine Taster: An Ethnographic Study on the Digital Mediation of Taste,2023,cscw_2023a.bib
10.1145/3579460,Being Trustworthy is Not Enough: How Untrustworthy Artificial Intelligence (AI) Can Deceive the End-Users and Gain Their Trust,2023,cscw_2023a.bib
10.1145/3579461,"Beyond the Boolean: How Programmers Ask About, Use, and Discuss Gender",2023,cscw_2023a.bib
10.1145/3579462,Beyond Transactional Democracy: A Study of Civic Tech in Canada,2023,cscw_2023a.bib
10.1145/3579464,Calibrated Uncertainty: How In-Vitro Fertilization Patients Use Information to Regulate Emotion,2023,cscw_2023a.bib
10.1145/3579465,"Catch Me if You Can : ""Delaying"" as a Social Engineering Technique in the Post-Attack Phase",2023,cscw_2023a.bib
10.1145/3579467,Charting the Sociotechnical Gap in Explainable AI: A Framework to Address the Gap in XAI,2023,cscw_2023a.bib
10.1145/3579468,Comfort Activism: Online Photography for Social Change in a Minority Group,2023,cscw_2023a.bib
10.1145/3579469,CommunityBots: Creating and Evaluating A Multi-Agent Chatbot Platform for Public Input Elicitation,2023,cscw_2023a.bib
10.1145/3579470,Compass: Supporting Large Group Mentorship in a Chat-Based UI,2023,cscw_2023a.bib
10.1145/3579473,ContextWing: Pair-wise Visual Comparison for Evolving Sequential Patterns of Contexts in Social Media Data Streams,2023,cscw_2023a.bib
10.1145/3579474,Coproducing Support Together: Sustainable and Reciprocal Civic Disaster Relief during COVID-19,2023,cscw_2023a.bib
10.1145/3579477,"""Defaulting to boilerplate answers, they didn't engage in a genuine conversation"": Dimensions of Transparency Design in Creator Moderation",2023,cscw_2023a.bib
10.1145/3579478,Designing for the Embedding of Employee Voice,2023,cscw_2023a.bib
10.1145/3579479,Discussing Social Media During Psychotherapy Consultations: Patient Narratives and Privacy Implications,2023,cscw_2023a.bib
10.1145/3579482,Explanation before Adoption: Supporting Informed Consent for Complex Machine Learning and IoT Health Platforms,2023,cscw_2023a.bib
10.1145/3579483,Exploring Immersive Interpersonal Communication via AR,2023,cscw_2023a.bib
10.1145/3579484,Exploring Temporal and Multilingual Dynamics of Post-Disaster Social Media Discourse: A Case of Fukushima Daiichi Nuclear Accident,2023,cscw_2023a.bib
10.1145/3579486,"Farm to Table: Understanding Collaboration and Information Practices among Stakeholders in the Process of Produce Production, Sales, and Consumption",2023,cscw_2023a.bib
10.1145/3579487,Fishing for Validation: Understanding Promises and Challenges of a Private Social Media Group for COVID-19 Long-Hauler Patients,2023,cscw_2023a.bib
10.1145/3579490,"""Hey, Can You Add Captions?"": The Critical Infrastructuring Practices of Neurodiverse People on TikTok",2023,cscw_2023a.bib
10.1145/3579491,How Mass surveillance Crowds Out Installations of COVID-19 Contact Tracing Applications,2023,cscw_2023a.bib
10.1145/3579493,"""I Have to Use My Son's QR Code to Run the Business"": Unpacking Senior Street Vendors' Challenges in Mobile Money Collection in China",2023,cscw_2023a.bib
10.1145/3579494,"""I like to See the Ups and Downs of My Own Journey"": Motivations for and Impacts of Returning to Past Content About Weight Related Journeys on Social Media",2023,cscw_2023a.bib
10.1145/3579495,I See What You're Hearing: Facilitating The Effect of Environment on Perceived Emotion While Teleconferencing,2023,cscw_2023a.bib
10.1145/3579496,"""I Want to Figure Things Out"": Supporting Exploration in Navigation for People with Visual Impairments",2023,cscw_2023a.bib
10.1145/3579497,Ignorance is Bliss? The Effect of Explanations on Perceptions of Voice Assistants,2023,cscw_2023a.bib
10.1145/3579498,Infrastructures for Virtual Volunteering at Online Music Festivals,2023,cscw_2023a.bib
10.1145/3579499,Investigating the Impacts of YouTube's Content Policies on Journalism and Political Discourse,2023,cscw_2023a.bib
10.1145/3579501,Learning by Teaching: Key Challenges and Design Implications,2023,cscw_2023a.bib
10.1145/3579502,Lessons Learned from a Comparative Study of Long-Term Action Research with Community Design of Infrastructural Systems,2023,cscw_2023a.bib
10.1145/3579504," 'Location, Location, Location': An Exploration of Different Workplace Contexts in Remote Teamwork during the COVID-19 Pandemic",2023,cscw_2023a.bib
10.1145/3579505,Mediated Social Support for Distress Reduction: AI Chatbots vs. Human,2023,cscw_2023a.bib
10.1145/3579506,"Methodological Middle Spaces: Addressing the Need for Methodological Innovation to Achieve Simultaneous Realism, Control, and Scalability in Experimental Studies of AI-Mediated Communication",2023,cscw_2023a.bib
10.1145/3579507,Mind and Body: The Complex Role of Social Resources in Understanding and Managing Depression in Older Adults,2023,cscw_2023a.bib
10.1145/3579508,More Than a Property: Place-based Meaning Making and Mobilization on Social Media to Resist Gentrification,2023,cscw_2023a.bib
10.1145/3579509,"""My Culture, My People, My Hometown"": Chinese Ethnic Minorities Seeking Cultural Sustainability by Video Blogging",2023,cscw_2023a.bib
10.1145/3579510,Navigating Information-Seeking in Conspiratorial Waters: Anti-Trafficking Advocacy and Education Post QAnon,2023,cscw_2023a.bib
10.1145/3579511,"Open Data Intermediaries: Motivations, Barriers and Facilitators to Engagement",2023,cscw_2023a.bib
10.1145/3579512,Organizing Oceanographic Infrastructure: The Work of Making a Software Pipeline Repurposable,2023,cscw_2023a.bib
10.1145/3579515,Privacy Legislation as Business Risks: How GDPR and CCPA are Represented in Technology Companies' Investment Risk Disclosures,2023,cscw_2023a.bib
10.1145/3579516,Pronouns in the Workplace: Developing Sociotechnical Systems for Digitally Mediated Gender Expression,2023,cscw_2023a.bib
10.1145/3579517,"Queer Identities, Normative Databases: Challenges to Capturing Queerness On Wikidata",2023,cscw_2023a.bib
10.1145/3579518,Racial Capitalism Online: Navigating Race Among Creative Professionals of Color,2023,cscw_2023a.bib
10.1145/3579520,Reviewing Interventions to Address Misinformation: The Need to Expand Our Vision Beyond an Individualistic Focus,2023,cscw_2023a.bib
10.1145/3579521,Sending News Back Home: Misinformation Lost in Transnational Social Networks,2023,cscw_2023a.bib
10.1145/3579523,Slowing it Down: Towards Facilitating Interpersonal Mindfulness in Online Polarizing Conversations Over Social Media,2023,cscw_2023a.bib
10.1145/3579524,"Speculating on Risks of AI Clones to Selfhood and Relationships: Doppelganger-phobia, Identity Fragmentation, and Living Memories",2023,cscw_2023a.bib
10.1145/3579526,Sustained Harm Over Time and Space Limits the External Function of Online Counterpublics for American Muslims,2023,cscw_2023a.bib
10.1145/3579530,The Unsung Heroes of Facebook Groups Moderation: A Case Study of Moderation Practices and Tools,2023,cscw_2023a.bib
10.1145/3579531,The Work to Make Facial Recognition Work,2023,cscw_2023a.bib
10.1145/3579532,To Err is AI: Imperfect Interventions and Repair in a Conversational Agent Facilitating Group Chat Discussions,2023,cscw_2023a.bib
10.1145/3579533,Toward a Feminist Social Media Vulnerability Taxonomy,2023,cscw_2023a.bib
10.1145/3579534,"Transparency, Trust, and Security Needs for the Design of Digital News Authentication Tools",2023,cscw_2023a.bib
10.1145/3579535,Trigger or Treat: Using Technology to Facilitate the Perception of Cravings and Corresponding Cues for Achieving Clinical-friendly Drug Psychotherapy,2023,cscw_2023a.bib
10.1145/3579536,Tweet Trajectory and AMPS-based Contextual Cues can Help Users Identify Misinformation,2023,cscw_2023a.bib
10.1145/3579537,"Twitter has a Binary Privacy Setting, are Users Aware of How It Works?",2023,cscw_2023a.bib
10.1145/3579538,Understanding Motivational Factors in Social Media News Sharing Decisions,2023,cscw_2023a.bib
10.1145/3579539,Understanding Platform Mediated Work-Life: A Diary Study with Gig Economy Freelancers,2023,cscw_2023a.bib
10.1145/3579542,Understanding the Use of Images to Spread COVID-19 Misinformation on Twitter,2023,cscw_2023a.bib
10.1145/3579543,Values in Emotion Artificial Intelligence Hiring Services: Technosolutions to Organizational Problems,2023,cscw_2023a.bib
10.1145/3579544,Vizdat: A Technology Probe to Understand the Space of Discussion Around Data Visualization on Reddit,2023,cscw_2023a.bib
10.1145/3579546,What makes virtual intimacy...intimate? Understanding the Phenomenon and Practice of Computer-Mediated Paid Companionship,2023,cscw_2023a.bib
10.1145/3579590,"""When the Beeping Stops, you Completely Freak Out"" - How Acute Care Teams Experience and Use Technology",2023,cscw_2023a.bib
10.1145/3579591,Wizundry: A Cooperative Wizard of Oz Platform for Simulating Future Speech-based Interfaces with Multiple Wizards,2023,cscw_2023a.bib
10.1145/3579592,Working With AI to Persuade: Examining a Large Language Model's Ability to Generate Pro-Vaccination Messages,2023,cscw_2023a.bib
10.1145/3579594,Youths' Usage of an Informal Chatting Tool in an After-school 3D Print Shop,2023,cscw_2023a.bib
10.1145/3579595,A Deep Dive into User's Preferences and Behavior around Mobile Phone Sharing,2023,cscw_2023a.bib
10.1145/3579596,Advocacy as Access Work: How People with Visual Impairments Gain Access to Digital Banking in India,2023,cscw_2023a.bib
10.1145/3579597,"""All of the White People Went First"": How Video Conferencing Consolidates Control and Exacerbates Workplace Bias",2023,cscw_2023a.bib
10.1145/3579599,Crossing the Threshold: Pathways into Makerspaces for Women at the Intersectional Margins,2023,cscw_2023a.bib
10.1145/3579601,Deliberating with AI: Improving Decision-Making for the Future through Participatory AI Design and Stakeholder Deliberation,2023,cscw_2023a.bib
10.1145/3579602,Discovering the Hidden Facts of User-Dispatcher Interactions via Text-based Reporting Systems for Community Safety,2023,cscw_2023a.bib
10.1145/3579603,Do Streamers Care about Bystanders' Privacy? An Examination of Live Streamers' Considerations and Strategies for Bystanders' Privacy Management,2023,cscw_2023a.bib
10.1145/3579604,Don't Let Netflix Drive the Bus: User's Sense of Agency Over Time and Content Choice on Netflix,2023,cscw_2023a.bib
10.1145/3579606,Exploring Challenges to Inclusion in Participatory Design From the Perspectives of Global North Practitioners,2023,cscw_2023a.bib
10.1145/3579609,"Hate Raids on Twitch: Echoes of the Past, New Modalities, and Implications for Platform Governance",2023,cscw_2023a.bib
10.1145/3579610,Having your Privacy Cake and Eating it Too: Platform-supported Auditing of Social Media Algorithms for Public Interest,2023,cscw_2023a.bib
10.1145/3579611,How Recent Migrants Develop Trust Through Community Commerce: The Emergence of Sociotechnical Adaptation,2023,cscw_2023a.bib
10.1145/3579613,"In the Age of Collaboration, the Computer-Aided Design Ecosystem is Behind: An Interview Study of Distributed CAD Practice",2023,cscw_2023a.bib
10.1145/3579614,Intelligent Coaching Systems: Understanding One-to-many Coaching for Ill-defined Problem Solving,2023,cscw_2023a.bib
10.1145/3579616,Mobilizing Manufactured Reality: How Participatory Disinformation Shaped Deep Stories to Catalyze Action during the 2020 U.S. Presidential Election,2023,cscw_2023a.bib
10.1145/3579617,"""Oh yes! over-preparing for meetings is my jam :)"": The Gendered Experiences of System Administrators",2023,cscw_2023a.bib
10.1145/3579618,On the Potential of Mediation Chatbots for Mitigating Multiparty Privacy Conflicts - A Wizard-of-Oz Study,2023,cscw_2023a.bib
10.1145/3579619,Opportunities for Social Media to Support Aspiring Entrepreneurs with Financial Constraints,2023,cscw_2023a.bib
10.1145/3579620,PATHWiSE: An Authoring Tool to Support Teachers to Create Robot-Supported Social Learning Experiences During Homework,2023,cscw_2023a.bib
10.1145/3579621,Seeing Like a Toolkit: How Toolkits Envision the Work of AI Ethics,2023,cscw_2023a.bib
10.1145/3579622,"""Showing the Context"": A Need for Oligopticonic Information Systems in Homelessness Measurement",2023,cscw_2023a.bib
10.1145/3579623,Side-by-Side vs Face-to-Face: Evaluating Colocated Collaboration via a Transparent Wall-sized Display,2023,cscw_2023a.bib
10.1145/3579624,Social Media is not a Health Proxy: Differences Between Social Media and Electronic Health Record Reports of Post-COVID Symptoms,2023,cscw_2023a.bib
10.1145/3579625,"""Strike at the Root"": Co-designing Real-Time Social Media Interventions for Adolescent Online Risk Prevention",2023,cscw_2023a.bib
10.1145/3579626,The Information Ecosystem of Conspiracy Theory: Examining the QAnon Narrative on Facebook,2023,cscw_2023a.bib
10.1145/3579629,Understanding Disclosure and Support for Youth Mental Health in Social Music Communities,2023,cscw_2023a.bib
10.1145/3579630,Understanding Safety Risks and Safety Design in Social VR Environments,2023,cscw_2023a.bib
10.1145/3609976,"PACMHCI V7, CSCW2, October 2023 Editorial",2023,cscw_2023b.bib
10.1145/3610027,"""Creepy Towards My Avatar Body, Creepy Towards My Body"": How Women Experience and Manage Harassment Risks in Social Virtual Reality",2023,cscw_2023b.bib
10.1145/3610028,"""Enjoy, but Moderately!"": Designing a Social Companion Robot for Social Engagement and Behavior Moderation in Solitary Drinking Context",2023,cscw_2023b.bib
10.1145/3610029,"How do I compare to the other people?"": Older Adults' Perspectives on Personal Smart Home Data for Self-Management""",2023,cscw_2023b.bib
10.1145/3610030,"""How Do You Quantify How Racist Something Is?"": Color-Blind Moderation in Decentralized Governance",2023,cscw_2023b.bib
10.1145/3610031,Technology-Mediated Strategies for Coping with Mental Health Challenges: Insights from People with Bipolar Disorder,2023,cscw_2023b.bib
10.1145/3610032,"""Keeping the Program Going"": Technology Use by Community Organizations to Support the Social Connectedness of Older Adults During the COVID-19 Pandemic",2023,cscw_2023b.bib
10.1145/3610033,Working Together (to Undermine Democratic Institutions): Challenging the Social Bot Paradigm in SSIO Research,2023,cscw_2023b.bib
10.1145/3610035,"""Thoughts \&amp; Prayers"" or "" ❤️ \&amp; 🙏 "": How the Release of New Reactions on CaringBridge Reshapes Supportive Communication in Health Crises",2023,cscw_2023b.bib
10.1145/3610036,"""We picked community over privacy"": Privacy and Security Concerns Emerging from Remote Learning Sociotechnical Infrastructure During COVID-19",2023,cscw_2023b.bib
10.1145/3610037,Building Causal Agency in Autistic Students through Iterative Reflection in Collaborative Transition Planning,2023,cscw_2023b.bib
10.1145/3610038,"""You Shouldn't Need to Share Your Data"": Perceived Privacy Risks and Mitigation Strategies Among Privacy-Conscious Smart Home Power Users",2023,cscw_2023b.bib
10.1145/3610039, 'Don't Fall for This': Communications about Cybersafety from the AARP,2023,cscw_2023b.bib
10.1145/3610040,(Re)Capturing the Spirit of Ramadan: Techno-Religious Practices in the Time of COVID-19,2023,cscw_2023b.bib
10.1145/3610041,"(Re)collecting Craft: Reviving Materials, Techniques, and Pedagogies of Craft for Computational Makers",2023,cscw_2023b.bib
10.1145/3610042,52 Weeks Later: Attitudes Towards COVID-19 Apps for Different Purposes Over Time,2023,cscw_2023b.bib
10.1145/3610043,"A Golden Age: Conspiracy Theories' Relationship with Misinformation Outlets, News Media, and the Wider Internet",2023,cscw_2023b.bib
10.1145/3610045,A Tale of Two Cultures: Comparing Interpersonal Information Disclosure Norms on Twitter,2023,cscw_2023b.bib
10.1145/3610046,AIMEE: An Exploratory Study of How Rules Support AI Developers to Explain and Edit Models,2023,cscw_2023b.bib
10.1145/3610047,Towards Intersectional Moderation: An Alternative Model of Moderation Built on Care and Power,2023,cscw_2023b.bib
10.1145/3610048,Understanding Autistic Adults' Use of Social Media,2023,cscw_2023b.bib
10.1145/3610049,Co-designing Mental Health Technologies with International University Students in Canada,2023,cscw_2023b.bib
10.1145/3610050,Competing Imaginaries and Partisan Divides in the Data Rhetoric of Advocacy Organizations,2023,cscw_2023b.bib
10.1145/3610051,Understanding Delay Awareness and Mitigation Mechanisms through an Iterative Design and Evaluation of a Prototype Alert System for Complex Teamwork,2023,cscw_2023b.bib
10.1145/3610052,Understanding Extrafamilial Intergenerational Communication: A Case Analysis of an Age-Integrated Online Community,2023,cscw_2023b.bib
10.1145/3610053,ConvEx: A Visual Conversation Exploration System for Discord Moderators,2023,cscw_2023b.bib
10.1145/3610057,Designing for Common Ground: Visually Representing Conversation Dynamics of Neurodiverse Dyads,2023,cscw_2023b.bib
10.1145/3610059,Digital Legacy: A Systematic Literature Review,2023,cscw_2023b.bib
10.1145/3610060,Evaluating Similarity Variables for Peer Matching in Digital Health Storytelling,2023,cscw_2023b.bib
10.1145/3610061,Examining the Impact of Provenance-Enabled Media on Trust and Accuracy Perceptions,2023,cscw_2023b.bib
10.1145/3610062,User Preferences for Interdependent Privacy Preservation Strategies in Social Media,2023,cscw_2023b.bib
10.1145/3610063,"Exploring the Effects of Event-induced Sudden Influx of Newcomers to Online Pop Music Fandom Communities: Content, Interaction, and Engagement",2023,cscw_2023b.bib
10.1145/3610064,Eye into AI: Evaluating the Interpretability of Explainable AI Techniques through a Game with a Purpose,2023,cscw_2023b.bib
10.1145/3610065,FinerMe: Examining App-level and Feature-level Interventions to Regulate Mobile Social Media Use,2023,cscw_2023b.bib
10.1145/3610066,How Can We Design Privacy-Friendly Apps for Children? Using a Research through Design Process to Understand Developers' Needs and Challenges,2023,cscw_2023b.bib
10.1145/3610069,How Do Users Experience Moderation?: A Systematic Literature Review,2023,cscw_2023b.bib
10.1145/3610070,"Identity Struggles as Online Activism in China: A Case Study Based on ""The Inviting Plan for 985 Fives"" Community on Douban",2023,cscw_2023b.bib
10.1145/3610071,Increasing Participation in Peer Production Communities with the Newcomer Homepage,2023,cscw_2023b.bib
10.1145/3610073,It Takes Two to Avoid Pregnancy: Addressing Conflicting Perceptions of Birth Control Pill Responsibility in Romantic Relationships,2023,cscw_2023b.bib
10.1145/3610075,Knowing Unknown Teammates: Exploring Anonymity and Explanations in a Teammate Information-Sharing Recommender System,2023,cscw_2023b.bib
10.1145/3610076,Learning from the Ex-Believers: Individuals' Journeys In and Out of Conspiracy Theories Online,2023,cscw_2023b.bib
10.1145/3610077,Measuring User-Moderator Alignment on r/ChangeMyView,2023,cscw_2023b.bib
10.1145/3610078,Mechanisms of True and False Rumor Sharing in Social Media: Collective Intelligence or Herd Behavior?,2023,cscw_2023b.bib
10.1145/3610079,MirrorUs: Mirroring Peers' Affective Cues to Promote Learner's Meta-Cognition in Video-based Learning,2023,cscw_2023b.bib
10.1145/3610080,"Personalizing Content Moderation on Social Media: User Perspectives on Moderation Choices, Interface Design, and Labor",2023,cscw_2023b.bib
10.1145/3610081,Reconsidering Priorities for Digital Maternal and Child Health: Community-centered Perspectives from South Africa,2023,cscw_2023b.bib
10.1145/3610085,Seeing is Not Believing: A Nuanced View of Misinformation Warning Efficacy on Video-Sharing Social Media Platforms,2023,cscw_2023b.bib
10.1145/3610086,"Similar Others, Social Comparison, and Social Support in Online Support Groups",2023,cscw_2023b.bib
10.1145/3610087,"Social Media and College-Related Social Support Exchange for First-Generation, Low-Income Students: The Role of Identity Disclosures",2023,cscw_2023b.bib
10.1145/3610088,SUMMIT: Scaffolding Open Source Software Issue Discussion Through Summarization,2023,cscw_2023b.bib
10.1145/3610089,Supporting Co-Regulation and Motivation in Learning Programming in Online Classrooms,2023,cscw_2023b.bib
10.1145/3610090,Taboo and Collaborative Knowledge Production: Evidence from Wikipedia,2023,cscw_2023b.bib
10.1145/3610091,"""I Want to Reveal, but I Also Want to Hide"" Understanding the Conflict of Revealing and Hiding Needs in Virtual Study Rooms",2023,cscw_2023b.bib
10.1145/3610092,"""Nip it in the Bud"": Moderation Strategies in Open Source Software Projects and the Role of Bots",2023,cscw_2023b.bib
10.1145/3610093,"""Our Job is to be so Temporary"": Designing Digital Tools that Meet the Needs of Care Managers and their Patients with Mental Health Concerns",2023,cscw_2023b.bib
10.1145/3610095,Chilling Tales: Understanding the Impact of Copyright Takedowns on Transformative Content Creators,2023,cscw_2023b.bib
10.1145/3610096,Composing Team Compositions: An Examination of Instructors' Current Algorithmic Team Formation Practices,2023,cscw_2023b.bib
10.1145/3610097,Conflicts of Control: Continuous Blood Glucose Monitoring and Coordinated Caregiving for Teenagers with Type 1 Diabetes,2023,cscw_2023b.bib
10.1145/3610098,Exploring Collaborative Culture Sharing Dynamics in Immigrant Families through Digital Crafting and Storytelling,2023,cscw_2023b.bib
10.1145/3610101,Understanding and Designing Multi-level Preventive Medication Support Against HIV for Men who Have Sex with Men in Taiwan,2023,cscw_2023b.bib
10.1145/3610102,Ignore the Affordances; It's the Social Norms: How Millennials and Gen-Z Think About Where to Make a Post on Social Media,2023,cscw_2023b.bib
10.1145/3610104,The Relevance of KES-Oriented Processes for the Implementation of ERP Systems: Findings From an Empirical Study in German SMEs,2023,cscw_2023b.bib
10.1145/3610105,Understanding Participation among Disabled Creators in Online Marketplaces,2023,cscw_2023b.bib
10.1145/3610106,Understanding the Benefits and Design of Chatbots to Meet the Healthcare Needs of Migrant Workers,2023,cscw_2023b.bib
10.1145/3610107,AI Consent Futures: A Case Study on Voice Data Collection with Clinicians,2023,cscw_2023b.bib
10.1145/3610167,"""A feeling of d\'{e}j\`{a} vu"": The Effects of Avatar Appearance-Similarity on Persuasiveness in Social Virtual Reality",2023,cscw_2023b.bib
10.1145/3610168,"""Connected to the people"": Social Inclusion \&amp; Cohesion in Action through a Cultural Heritage Digital Tool",2023,cscw_2023b.bib
10.1145/3610169,"""Honestly, I Think TikTok has a Vendetta Against Black Creators"": Understanding Black Content Creator Experiences on TikTok",2023,cscw_2023b.bib
10.1145/3610170,"""I don't know how to help with that"" - Learning from Limitations of Modern Conversational Agent Systems in Caregiving Networks",2023,cscw_2023b.bib
10.1145/3610171,"""Would I Feel More Secure With a Robot?"": Understanding Perceptions of Security Robots in Public Spaces",2023,cscw_2023b.bib
10.1145/3610172,"""We Don't Want a Bird Cage, We Want Guardrails"": Understanding \&amp; Designing for Preventing Interpersonal Harm in Social VR through the Lens of Consent",2023,cscw_2023b.bib
10.1145/3610173,Are We Equal Online?: An Investigation of Gendered Language Patterns and Message Engagement on Enterprise Communication Platforms,2023,cscw_2023b.bib
10.1145/3610174,Benefits of Community Voice: A Framework for Understanding Inclusion of Community Voice in HCI4D,2023,cscw_2023b.bib
10.1145/3610175,Beyond the Session: Centering Teleoperators in Socially Assistive Robot-Child Interactions Reveals the Bigger Picture,2023,cscw_2023b.bib
10.1145/3610176,Breaking the Silence: Investigating Which Types of Moderation Reduce Negative Effects of Sexist Social Media Content,2023,cscw_2023b.bib
10.1145/3610179,"Co-creating a Transdisciplinary Map of Technology-mediated Harms, Risks and Vulnerabilities: Challenges, Ambivalences and Opportunities",2023,cscw_2023b.bib
10.1145/3610180,Community Tech Workers: Scaffolding Digital Engagement Among Underserved Minority Businesses,2023,cscw_2023b.bib
10.1145/3610182,"""Contradiction pushes me to improvise"": Performer Expressivity and Engagement in Distanced Movement Performance Paradigms",2023,cscw_2023b.bib
10.1145/3610185,Cultivating Altruism Around Computing Resources: Anticipation Work in a Scholarly Community,2023,cscw_2023b.bib
10.1145/3610186,Cura: Curation at Social Media Scale,2023,cscw_2023b.bib
10.1145/3610188,Escaping the Walled Garden? User Perspectives of Control in Data Portability for Social Media,2023,cscw_2023b.bib
10.1145/3610189,"Form to Flow: Exploring Challenges and Roles of Conversational UX Designers in Real-world, Multi-channel Service Environments",2023,cscw_2023b.bib
10.1145/3610190,GuesSync!: An Online Casual Game To Reduce Affective Polarization,2023,cscw_2023b.bib
10.1145/3610193,Investigating Security Folklore: A Case Study on the Tor over VPN Phenomenon,2023,cscw_2023b.bib
10.1145/3610194,Making Meaning from the Digitalization of Blue-Collar Work,2023,cscw_2023b.bib
10.1145/3610195,Marginalization and the Construction of Mental Illness Narratives Online: Foregrounding Institutions in Technology-Mediated Care,2023,cscw_2023b.bib
10.1145/3610197,ML-Based Teaching Systems: A Conceptual Framework,2023,cscw_2023b.bib
10.1145/3610198,Peer Produced Friction: How Page Protection on Wikipedia Affects Editor Engagement and Concentration,2023,cscw_2023b.bib
10.1145/3610200,Perspectives: Creating Inclusive and Equitable Hybrid Meeting Experiences,2023,cscw_2023b.bib
10.1145/3610201,Plan For Tomorrow: The Experience of Adolescent and Young Adult Childhood Cancer Survivors as they Transition to Adult Care,2023,cscw_2023b.bib
10.1145/3610202,Privacy vs. Awareness: Relieving the Tension between Older Adults and Adult Children When Sharing In-home Activity Data,2023,cscw_2023b.bib
10.1145/3610204,Refugee Entrepreneurial Trajectories,2023,cscw_2023b.bib
10.1145/3610205,"Reopening, Repetition and Resetting: HCI and the Method of Hope",2023,cscw_2023b.bib
10.1145/3610208,Social Wormholes: Exploring Preferences and Opportunities for Distributed and Physically-Grounded Social Connections,2023,cscw_2023b.bib
10.1145/3610209,Sociotechnical Audits: Broadening the Algorithm Auditing Lens to Investigate Targeted Advertising,2023,cscw_2023b.bib
10.1145/3610210,Speculating with Care: Worker-centered Perspectives on Scale in a Chat-based Health Information Service,2023,cscw_2023b.bib
10.1145/3610211,Technology-Enabled Interventions for Sustaining Behaviour Change in Adolescents: A Scoping Review for Research Gaps,2023,cscw_2023b.bib
10.1145/3610213,The Potential of Diverse Youth as Stakeholders in Identifying and Mitigating Algorithmic Bias for a Future of Fairer AI,2023,cscw_2023b.bib
10.1145/3610214,The Unseen Landscape of Abolitionism: Examining the Role of Digital Maps in Grassroots Organizing,2023,cscw_2023b.bib
10.1145/3610215,The Use and Non-Use of Technology During Hurricanes,2023,cscw_2023b.bib
10.1145/3610216,Towards Equitable Online Participation: A Case of Older Adult Content Creators' Role Transition on Short-form Video Sharing Platforms,2023,cscw_2023b.bib
10.1145/3610219,Understanding the Role of Human Intuition on Reliance in Human-AI Decision-Making with Explanations,2023,cscw_2023b.bib
10.1145/3610220,User Perspectives on Branching in Computer-Aided Design,2023,cscw_2023b.bib
10.1145/3610221,What is a File on a Phone? Personal Information Management Practices Amongst WhatsApp Users,2023,cscw_2023b.bib
10.1145/3610222,Why should I bother to break the norm?: Exploring the Prospects of Adopting Technology-Driven Solutions by Indian Shrimp Farmers,2023,cscw_2023b.bib
