year,title,authors,abstract,url
2021,Artificial Intelligence and the Purpose of Social Systems,Sebastian Benthall; Jake Goldenfein,"The law and ethics of Western democratic states have their basis in liberalism. This extends to regulation and ethical discussion of technology and businesses doing data processing. Liberalism relies on the privacy and autonomy of individuals, their ordering through a public market, and, more recently, a measure of equality guaranteed by the state. We argue that these forms of regulation and ethical analysis are largely incompatible with the techno-political and techno-economic dimensions of artificial intelligence. By analyzing liberal regulatory solutions in the form of privacy and data protection, regulation of public markets, and fairness in AI, we expose how the data economy and artificial intelligence have transcended liberal legal imagination. Organizations use artificial intelligence to exceed the bounded rationality of individuals and each other. This has led to the private consolidation of markets and an unequal hierarchy of control operating mainly for the purpose of shareholder value. An artificial intelligence will be only as ethical as the purpose of the social system that operates it. Inspired by the science of artificial life as an alternative to artificial intelligence, we consider data intermediaries: sociotechnical systems composed of individuals associated around collectively pursued purposes. An attention cooperative, that prioritizes its incoming and outgoing data flows, is one model of a social system that could form and maintain its own autonomous purpose.",https://doi-org.myaccess.library.utoronto.ca/10.1145/3461702.3462526
2021,A Multi-Agent Approach to Combine Reasoning and Learning for an Ethical Behavior,R\'{e}my Chaput; J\'{e}r\'{e}my Duval; Olivier Boissier; Mathieu Guillermin; Salima Hassas,"The recent field of Machine Ethics is experiencing rapid growth to answer the societal need for Artificial Intelligence (AI) algorithms imbued with ethical considerations, such as benevolence toward human users and actors. Several approaches already exist for this purpose, mostly either by reasoning over a set of predefined ethical principles (Top-Down), or by learning new principles (Bottom-Up). While both methods have their own advantages and drawbacks, only few works have explored hybrid approaches, such as using symbolic rules to guide the learning process for instance, combining the advantages of each. This paper draws upon existing works to propose a novel hybrid method using symbolic judging agents to evaluate the ethics of learning agents' behaviors, and accordingly improve their ability to ethically behave in dynamic multi-agent environments. Multiple benefits ensue from this separation between judging and learning agents: agents can evolve (or be updated by human designers) separately, benefiting from co-construction processes; judging agents can act as accessible proxies for non-expert human stakeholders or regulators; and finally, multiple points of view (one per judging agent) can be adopted to judge the behavior of the same agent, which produces a richer feedback. Our proposed approach is applied to an energy distribution problem, in the context of a Smart Grid simulator, with continuous and multi-dimensional states and actions. The experiments and results show the ability of learning agents to correctly adapt their behaviors to comply with the judging agents' rules, including when rules evolve over time.",https://doi-org.myaccess.library.utoronto.ca/10.1145/3461702.3462515
2021,Gender Bias and Under-Representation in Natural Language Processing Across Human Languages,Yan Chen; Christopher Mahoney; Isabella Grasso; Esma Wali; Abigail Matthews; Thomas Middleton; Mariama Njie; Jeanna Matthews,"Natural Language Processing (NLP) systems are at the heart of many critical automated decision-making systems making crucial recommendations about our future world. However, these systems reflect a wide range of biases, from gender bias to a bias in which voices they represent. In this paper, a team including speakers of 9 languages - Chinese, Spanish, English, Arabic, German, French, Farsi, Urdu, and Wolof - reports and analyzes measurements of gender bias in the Wikipedia corpora for these 9 languages. In the process, we also document how our work exposes crucial gaps in the NLP-pipeline for many languages. Despite substantial investments in multilingual support, the modern NLP-pipeline still systematically and dramatically under-represents the majority of human voices in the NLP-guided decisions that are shaping our collective future. We develop extensions to profession-level and corpus-level gender bias metric calculations originally designed for English and apply them to 8 other languages, including languages like Spanish, Arabic, German, French and Urdu that have grammatically gendered nouns including different feminine, masculine and neuter profession words. We compare these gender bias measurements across the Wikipedia corpora in different languages as well as across some corpora of more traditional literature.",https://doi-org.myaccess.library.utoronto.ca/10.1145/3461702.3462530
2021,Blind Justice: Algorithmically Masking Race in Charging Decisions,Alex Chohlas-Wood; Joe Nudell; Keniel Yao; Zhiyuan (Jerry) Lin; Julian Nyarko; Sharad Goel,"A prosecutor's decision to charge or dismiss a criminal case is a particularly high-stakes choice. There is concern, however, that these judgements may suffer from explicit or implicit racial bias, as with many other such actions in the criminal justice system. To reduce potential bias in charging decisions, we designed a system that algorithmically redacts race-related information from free-text case narratives. In a first-of-its-kind initiative, we deployed this system at a large American district attorney's office to help prosecutors make race-obscured charging decisions, where it was used to review many incoming felony cases. We report on both the design, efficacy, and impact of our tool for aiding equitable decision-making. We demonstrate that our redaction algorithm is able to accurately obscure race-related information, making it difficult for a human reviewer to guess the race of a suspect while preserving other information from the case narrative. In the jurisdiction we study, we found little evidence of disparate treatment in charging decisions even prior to deployment of our intervention. Thus, as expected, our tool did not substantially alter charging rates. Nevertheless, our study demonstrates the feasibility of race-obscured charging, and more generally highlights the promise of algorithms to bolster equitable decision-making in the criminal justice system.",https://doi-org.myaccess.library.utoronto.ca/10.1145/3461702.3462524
2021,Emergent Unfairness in Algorithmic Fairness-Accuracy Trade-Off Research,A. Feder Cooper; Ellen Abrams; NA NA,"Across machine learning (ML) sub-disciplines, researchers make explicit mathematical assumptions in order to facilitate proof-writing. We note that, specifically in the area of fairness-accuracy trade-off optimization scholarship, similar attention is not paid to the normative assumptions that ground this approach. Such assumptions presume that 1) accuracy and fairness are in inherent opposition to one another, 2) strict notions of mathematical equality can adequately model fairness, 3) it is possible to measure the accuracy and fairness of decisions independent from historical context, and 4) collecting more data on marginalized individuals is a reasonable solution to mitigate the effects of the trade-off. We argue that such assumptions, which are often left implicit and unexamined, lead to inconsistent conclusions: While the intended goal of this work may be to improve the fairness of machine learning models, these unexamined, implicit assumptions can in fact result in emergent unfairness. We conclude by suggesting a concrete path forward toward a potential resolution.",https://doi-org.myaccess.library.utoronto.ca/10.1145/3461702.3462519
2021,Fair Machine Learning Under Partial Compliance,Jessica Dai; Sina Fazelpour; Zachary Lipton,"Typically, fair machine learning research focuses on a single decision maker and assumes that the underlying population is stationary. However, many of the critical domains motivating this work are characterized by competitive marketplaces with many decision makers. Realistically, we might expect only a subset of them to adopt any non-compulsory fairness-conscious policy, a situation that political philosophers call partial compliance. This possibility raises important questions: how does partial compliance and the consequent strategic behavior of decision subjects affect the allocation outcomes? If k\% of employers were to voluntarily adopt a fairness-promoting intervention, should we expect k\% progress (in aggregate) towards the benefits of universal adoption, or will the dynamics of partial compliance wash out the hoped-for benefits? How might adopting a global (versus local) perspective impact the conclusions of an auditor? In this paper, we propose a simple model of an employment market, leveraging simulation as a tool to explore the impact of both interaction effects and incentive effects on outcomes and auditing metrics. Our key findings are that at equilibrium: (1) partial compliance by k\% of employers can result in far less than proportional (k\%) progress towards the full compliance outcomes; (2) the gap is more severe when fair employers match global (vs local) statistics; (3) choices of local vs global statistics can paint dramatically different pictures of the performance vis-a-vis fairness desiderata of compliant versus non-compliant employers; (4) partial compliance based on local parity measures can induce extreme segregation. Finally, we discuss implications for auditors and insights concerning the design of regulatory frameworks.",https://doi-org.myaccess.library.utoronto.ca/10.1145/3461702.3462521
2021,Minimax Group Fairness: Algorithms and Experiments,Emily Diana; Wesley Gill; Michael Kearns; Krishnaram Kenthapadi; Aaron Roth,"We consider a recently introduced framework in which fairness is measured by worst-case outcomes across groups, rather than by the more standard differences between group outcomes. In this framework we provide provably convergent oracle-efficient learning algorithms (or equivalently, reductions to non-fair learning) for minimax group fairness. Here the goal is that of minimizing the maximum loss across all groups, rather than equalizing group losses. Our algorithms apply to both regression and classification settings and support both overall error and false positive or false negative rates as the fairness measure of interest. They also support relaxations of the fairness constraints, thus permitting study of the tradeoff between overall accuracy and minimax fairness. We compare the experimental behavior and performance of our algorithms across a variety of fairness-sensitive data sets and show empirical cases in which minimax fairness is strictly and strongly preferable to equal outcome notions.",https://doi-org.myaccess.library.utoronto.ca/10.1145/3461702.3462523
2021,Co-design and Ethical Artificial Intelligence for Health: Myths and Misconceptions,Joseph Donia; Jay Shaw,"Applications of artificial intelligence / machine learning (AI/ML) are dynamic and rapidly growing, and although multi-purpose, are particularly consequential in health care. One strategy for anticipating and addressing ethical challenges related to AI/ML for health care is co-design - or involvement of end users in design. Co-design has a diverse intellectual and practical history, however, and has been conceptualized in many different ways. Moreover, the unique features of AI/ML introduce challenges to co-design that are often underappreciated. This review summarizes the research literature on involvement in health care and design, and informed by critical data studies, examines the extent to which co-design as commonly conceptualized is capable of addressing the range of normative issues raised by AI/ML for health. We suggest that AI/ML technologies have amplified existing challenges related to co-design, and created entirely new challenges. We outline five co-design 'myths and misconceptions' related to AI/ML for health that form the basis for future research and practice. We conclude by suggesting that the normative strength of a co-design approach to AI/ML for health can be considered at three levels: technological, health care system, and societal. We also suggest research directions for a 'new era' of co-design capable of addressing these challenges.Link to full text: https://bit-ly.myaccess.library.utoronto.ca/3yZrb3y",https://doi-org.myaccess.library.utoronto.ca/10.1145/3461702.3462537
2021,"Blacklists and Redlists in the Chinese Social Credit System: Diversity, Flexibility, and Comprehensiveness",Severin Engelmann; Mo Chen; Lorenz Dang; Jens Grossklags,"The Chinese Social Credit System (SCS) is a novel digital socio-technical credit system. The SCS aims to regulate societal behavior by reputational and material devices. Scholarship on the SCS has offered a variety of legal and theoretical perspectives. However, little is known about its actual implementation. Here, we provide the first comprehensive empirical study of digital blacklists (listing ""bad"" behavior) and redlists (listing ""good"" behavior) in the Chinese SCS. Based on a unique data set of reputational blacklists and redlists in 30 Chinese provincial-level administrative divisions (ADs), we show the diversity, flexibility, and comprehensiveness of the SCS listing infrastructure. First, our results demonstrate that the Chinese SCS unfolds in a highly diversified manner: we find differences in accessibility, interface design and credit information across provincial-level SCS blacklists and redlists. Second, SCS listings are flexible. During the COVID-19 outbreak, we observe a swift addition of blacklists and redlists that helps strengthen the compliance with coronavirus-related norms and regulations. Third, the SCS listing infrastructure is comprehensive. Overall, we identify 273 blacklists and 154 redlists across provincial-level ADs. Our blacklist and redlist taxonomy highlights that the SCS listing infrastructure prioritizes law enforcement and industry regulations. We also identify redlists that reward political and moral behavior. Our study substantiates the enormous scale and diversity of the Chinese SCS and puts the debate on its reach and societal impact on firmer ground. Finally, we initiate a discussion on the ethical dimensions of data-driven research on the SCS.",https://doi-org.myaccess.library.utoronto.ca/10.1145/3461702.3462535
2021,Reflexive Design for Fairness and Other Human Values in Formal Models,Benjamin Fish; Luke Stark,"Algorithms and other formal models purportedly incorporating human values like fairness have grown increasingly popular in computer science. In response to sociotechnical challenges in the use of these models, designers and researchers have taken widely divergent positions on how formal models incorporating aspects of human values should be used: encouraging their use, moving away from them, or ignoring the normative consequences altogether. In this paper, we seek to resolve these divergent positions by identifying the main conceptual limits of formal modeling, and develop four reflexive values--value fidelity, appropriate accuracy, value legibility, and value contestation--vital for incorporating human values adequately into formal models. We then provide a brief methodology for reflexively designing formal models incorporating human values.",https://doi-org.myaccess.library.utoronto.ca/10.1145/3461702.3462518
2021,On the Validity of Arrest as a Proxy for Offense: Race and the Likelihood of Arrest for Violent Crimes,Riccardo Fogliato; Alice Xiang; Zachary Lipton; Daniel Nagin; Alexandra Chouldechova,"Re-offense risk is considered in decision-making at many stages of the criminal justice system, from pre-trial, to sentencing, to parole. To aid decision-makers in their assessments, institutions increasingly rely on algorithmic risk assessment instruments (RAIs). These tools assess the likelihood that an individual will be arrested for a new criminal offense within some time window following their release. However, since not all crimes result in arrest, RAIs do not directly assess the risk of re-offense. Furthermore, disparities in the likelihood of arrest can potentially lead to biases in the resulting risk scores. Several recent validations of RAIs have therefore focused on arrests for violent offenses, which are viewed as being more accurate and less biased reflections of offending behavior. In this paper, we investigate biases in violent arrest data by analysing racial disparities in the likelihood of arrest for White and Black violent offenders. We focus our study on 2007--2016 incident-level data of violent offenses from 16 US states as recorded in the National Incident Based Reporting System (NIBRS). Our analysis shows that the magnitude and direction of the racial disparities depend on various characteristics of the crimes. In addition, our investigation reveals large variations in arrest rates across geographical locations and offense types. We discuss the implications of the observed disconnect between re-arrest and re-offense in the context of RAIs and the challenges around the use of data from NIBRS to correct for the sampling bias.",https://doi-org.myaccess.library.utoronto.ca/10.1145/3461702.3462538
2021,Hard Choices and Hard Limits in Artificial Intelligence,Bryce Goodman,"Artificial intelligence (AI) is supposed to help us make better choices. Some of these choices are small, like what route to take to work, or what music to listen to. Others are big, like what treatment to administer for a disease or how long to sentence someone for a crime. If AI can assist with these big decisions, we might think it can also help with hard choices, cases where alternatives are neither better, worse nor equal but on a par. The aim of this paper, however, is to show that this view is mistaken: the fact of parity shows that there are hard limits on AI in decision making and choices that AI cannot, and should not, resolve.",https://doi-org.myaccess.library.utoronto.ca/10.1145/3461702.3462539
2021,Detecting Emergent Intersectional Biases: Contextualized Word Embeddings Contain a Distribution of Human-like Biases,Wei Guo; Aylin Caliskan,"With the starting point that implicit human biases are reflected in the statistical regularities of language, it is possible to measure biases in English static word embeddings. State-of-the-art neural language models generate dynamic word embeddings dependent on the context in which the word appears. Current methods measure pre-defined social and intersectional biases that occur in contexts defined by sentence templates. Dispensing with templates, we introduce the Contextualized Embedding Association Test (CEAT), that can summarize the magnitude of overall bias in neural language models by incorporating a random-effects model. Experiments on social and intersectional biases show that CEAT finds evidence of all tested biases and provides comprehensive information on the variance of effect magnitudes of the same bias in different contexts. All the models trained on English corpora that we study contain biased representations. GPT-2 contains the smallest magnitude of overall bias followed by GPT, BERT, and then ELMo, negatively correlating with the contextualization levels of the models.Furthermore, we develop two methods, Intersectional Bias Detection (IBD) and Emergent Intersectional Bias Detection (EIBD), to automatically identify the intersectional biases and emergent intersectional biases from static word embeddings in addition to measuring them in contextualized word embeddings. We present the first algorithmic bias detection findings on how intersectional group members are strongly associated with unique emergent biases that do not overlap with the biases of their constituent minority identities. IBD achieves an accuracy of 81.6\% and 82.7\%, respectively, when detecting the intersectional biases of African American females and Mexican American females, where the random correct identification rates are 14.3\% and 13.3\%. EIBD reaches an accuracy of 84.7\% and 65.3\%, respectively, when detecting the emergent intersectional biases unique to African American females and Mexican American females, where the random correct identification rates are 9.2\% and 6.1\%. Our results indicate that intersectional biases associated with members of multiple minority groups, such as African American females and Mexican American females, have the highest magnitude across all neural language models.",https://doi-org.myaccess.library.utoronto.ca/10.1145/3461702.3462536
2021,Machine Learning Practices Outside Big Tech: How Resource Constraints Challenge Responsible Development,Aspen Hopkins; Serena Booth,"Practitioners from diverse occupations and backgrounds are increasingly using machine learning (ML) methods. Nonetheless, studies on ML Practitioners typically draw populations from Big Tech and academia, as researchers have easier access to these communities. Through this selection bias, past research often excludes the broader, lesser-resourced ML community---for example, practitioners working at startups, at non-tech companies, and in the public sector. These practitioners share many of the same ML development difficulties and ethical conundrums as their Big Tech counterparts; however, their experiences are subject to additional under-studied challenges stemming from deploying ML with limited resources, increased existential risk, and absent access to in-house research teams. We contribute a qualitative analysis of 17 interviews with stakeholders from organizations which are less represented in prior studies. We uncover a number of tensions which are introduced or exacerbated by these organizations' resource constraints---tensions between privacy and ubiquity, resource management and performance optimization, and access and monopolization. Increased academic focus on these practitioners can facilitate a more holistic understanding of ML limitations, and so is useful for prescribing a research agenda to facilitate responsible ML development for all.",https://doi-org.myaccess.library.utoronto.ca/10.1145/3461702.3462527
2021,Fairness and Data Protection Impact Assessments,Atoosa Kasirzadeh; Damian Clifford,"In this paper, we critically examine the effectiveness of the requirement to conduct a Data Protection Impact Assessment (DPIA) in Article 35 of the General Data Protection Regulation (GDPR) in light of fairness metrics. Through this analysis, we explore the role of the fairness principle as introduced in Article 5(1)(a) and its multifaceted interpretation in the obligation to conduct a DPIA. Our paper argues that although there is a significant theoretical role for the considerations of fairness in the DPIA process, an analysis of the various guidance documents issued by data protection authorities on the obligation to conduct a DPIA reveals that they rarely mention the fairness principle in practice. Our analysis questions this omission, and assesses the capacity of fairness metrics to be truly operationalized within DPIAs. We conclude by exploring the practical effectiveness of DPIA with particular reference to (1) technical challenges that have an impact on the usefulness of DPIAs irrespective of a controller's willingness to actively engage in the process, (2) the context dependent nature of the fairness principle, and (3) the key role played by data controllers in the determination of what is fair.",https://doi-org.myaccess.library.utoronto.ca/10.1145/3461702.3462528
2021,Towards Unbiased and Accurate Deferral to Multiple Experts,Vijay Keswani; Matthew Lease; Krishnaram Kenthapadi,"Machine learning models are often implemented in cohort with humans in the pipeline, with the model having an option to defer to a domain expert in cases where it has low confidence in its inference. Our goal is to design mechanisms for ensuring accuracy and fairness in such prediction systems that combine machine learning model inferences and domain expert predictions. Prior work on ""deferral systems"" in classification settings has focused on the setting of a pipeline with a single expert and aimed to accommodate the inaccuracies and biases of this expert to simultaneously learn an inference model and a deferral system. Our work extends this framework to settings where multiple experts are available, with each expert having their own domain of expertise and biases. We propose a framework that simultaneously learns a classifier and a deferral system, with the deferral system choosing to defer to one or more human experts in cases of input where the classifier has low confidence. We test our framework on a synthetic dataset and a content moderation dataset with biased synthetic experts, and show that it significantly improves the accuracy and fairness of the final predictions, compared to the baselines. We also collect crowdsourced labels for the content moderation task to construct a real-world dataset for the evaluation of hybrid machine-human frameworks and show that our proposed framework outperforms baselines on this real-world dataset as well.",https://doi-org.myaccess.library.utoronto.ca/10.1145/3461702.3462516
2021,Algorithmic Hiring in Practice: Recruiter and HR Professional's Perspectives on AI Use in Hiring,Lan Li; Tina Lassiter; Joohee Oh; Min Kyung Lee,"The use of AI-enabled hiring software raises questions about the practice of Human Resource (HR) professionals' use of the software and its consequences. We interviewed 15 recruiters and HR professionals about their experiences around two decision-making processes during hiring: sourcing and assessment. For both, AI-enabled software allowed the efficient processing of candidate data, thus providing the ability to introduce or advance candidates from broader and more diverse pools. For sourcing, it can serve as a useful learning resource to find candidates. Though, a lack of trust in data accuracy and an inadequate level of control over algorithmic candidate matches can create reluctance to embrace it. For assessment, its implementation varied across companies depending on the industry and the hiring scenario. Its inclusion may redefine HR professionals' job content as it automates or augments pieces of the existing hiring process. Finally, we discuss how candidate roles that recruiters and HR professionals support drive the use of algorithmic hiring software.",https://doi-org.myaccess.library.utoronto.ca/10.1145/3461702.3462531
2021,Scaling Guarantees for Nearest Counterfactual Explanations,Kiarash Mohammadi; Amir-Hossein Karimi; Gilles Barthe; Isabel Valera,"Counterfactual explanations (CFE) are being widely used to explain algorithmic decisions, especially in consequential decision-making contexts (e.g., loan approval or pretrial bail). In this context, CFEs aim to provide individuals affected by an algorithmic decision with the most similar individual (i.e., nearest individual) with a different outcome. However, while an increasing number of works propose algorithms to compute CFEs, such approaches either lack in optimality of distance (i.e., they do not return the nearest individual) and perfect coverage (i.e., they do not provide a CFE for all individuals); or they do not scale to complex models such as neural networks. In this work, we provide a framework based on Mixed-Integer Programming (MIP) to compute nearest counterfactual explanations for the outcomes of neural networks, with both provable guarantees and runtimes comparable to gradient-based approaches. Our experiments on the Adult, COMPAS, and Credit datasets show that, in contrast with previous methods, our approach allows for efficiently computing diverse CFEs with both distance guarantees and perfect coverage.",https://doi-org.myaccess.library.utoronto.ca/10.1145/3461702.3462514
2021,Ethically Compliant Planning within Moral Communities,Samer Nashed; Justin Svegliato; Shlomo Zilberstein,"Ethically compliant autonomous systems (ECAS) are the state-of-the-art for solving sequential decision-making problems under uncertainty while respecting constraints that encode ethical considerations. This paper defines a novel concept in the context of ECAS that is from moral philosophy, the moral community, which leads to a nuanced taxonomy of explicit ethical agents. We then propose new ethical frameworks that extend the applicability of ECAS to domains where a moral community is required. Next, we provide a formal analysis of the proposed ethical frameworks and conduct experiments that illustrate their differences. Finally, we discuss the implications of explicit moral communities that could shape research on standards and guidelines for ethical agents in order to better understand and predict common errors in their design and communicate their capabilities.",https://doi-org.myaccess.library.utoronto.ca/10.1145/3461702.3462522
2021,Precarity: Modeling the Long Term Effects of Compounded Decisions on Individual Instability,Pegah Nokhiz; Aravinda Kanchana Ruwanpathirana; Neal Patwari; Suresh Venkatasubramanian,"When it comes to studying the impacts of decision making, the research has been largely focused on examining the fairness of the decisions, the long-term effects of the decision pipelines, and utility-based perspectives considering both the decision-maker and the individuals. However, there has hardly been any focus on precarity which is the term that encapsulates the instability in people's lives. That is, a negative outcome can overspread to other decisions and measures of well-being. Studying precarity necessitates a shift in focus -- from the point of view of the decision-maker to the perspective of the decision subject. This centering of the subject is an important direction that unlocks the importance of parting with aggregate measures to examine the long-term effects of decision making. To address this issue, in this paper, we propose a modeling framework that simulates the effects of compounded decision-making on precarity over time. Through our simulations, we are able to show the heterogeneity of precarity by the non-uniform ruinous aftereffects of negative decisions on different income classes of the underlying population and how policy interventions can help mitigate such effects.",https://doi-org.myaccess.library.utoronto.ca/10.1145/3461702.3462529
2021,Moral Disagreement and Artificial Intelligence,Pamela Robinson,"Artificially intelligent systems will be used to make increasingly important decisions about us. Many of these decisions will have to be made without consensus about the relevant moral facts. I argue that what makes moral disagreement especially challenging is that there are two different ways of handling it: political solutions, which aim to find a fair compromise, and epistemic solutions, which aim at moral truth.",https://doi-org.myaccess.library.utoronto.ca/10.1145/3461702.3462534
2021,FairOD: Fairness-aware Outlier Detection,Shubhranshu Shekhar; Neil Shah; Leman Akoglu,"Fairness and Outlier Detection (OD) are closely related, as it is exactly the goal of OD to spot rare, minority samples in a given population. However, when being a minority (as defined by protected variables, such as race/ethnicity/sex/age) does not reflect positive-class membership (such as criminal/fraud), OD produces unjust outcomes. Surprisingly, fairness-aware OD has been almost untouched in prior work, as fair machine learning literature mainly focuses on supervised settings. Our work aims to bridge this gap. Specifically, we develop desiderata capturing well-motivated fairness criteria for OD, and systematically formalize the fair OD problem. Further, guided by our desiderata, we propose FairOD, a fairness-aware outlier detector that has the following desirable properties: FairOD (1) exhibits treatment parity at test time, (2) aims to flag equal proportions of samples from all groups (i.e. obtain group fairness, via statistical parity), and (3) strives to flag truly high-risk samples within each group. Extensive experiments on a diverse set of synthetic and real world datasets show that FairOD produces outcomes that are fair with respect to protected variables, while performing comparable to (and in some cases, even better than) fairness-agnostic detectors in terms of detection performance.",https://doi-org.myaccess.library.utoronto.ca/10.1145/3461702.3462517
2021,Surveilling Surveillance: Estimating the Prevalence of Surveillance Cameras with Street View Data,Hao Sheng; Keniel Yao; Sharad Goel,"The use of video surveillance in public spaces--both by government agencies and by private citizens--has attracted considerable attention in recent years, particularly in light of rapid advances in face-recognition technology. But it has been difficult to systematically measure the prevalence and placement of cameras, hampering efforts to assess the implications of surveillance on privacy and public safety. Here we present a novel approach for estimating the spatial distribution of surveillance cameras: applying computer vision algorithms to large-scale street view image data. Specifically, we build a camera detection model and apply it to 1.6 million street view images sampled from 10 large U.S. cities and 6 other major cities around the world, with positive model detections verified by human experts. After adjusting for the estimated recall of our model, and accounting for the spatial coverage of our sampled images, we are able to estimate the density of surveillance cameras visible from the road. Across the 16 cities we consider, the estimated number of surveillance cameras per linear kilometer ranges from 0.1 (in Seattle) to 0.9 (in Seoul). In a detailed analysis of the 10 U.S. cities, we find that cameras are concentrated in commercial, industrial, and mixed zones, and in neighborhoods with higher shares of non-white residents---a pattern that persists even after adjusting for land use. These results help inform ongoing discussions on the use of surveillance technology, including its potential disparate impacts on communities of color.",https://doi-org.myaccess.library.utoronto.ca/10.1145/3461702.3462525
2021,On the Privacy Risks of Model Explanations,Reza Shokri; Martin Strobel; Yair Zick,"Privacy and transparency are two key foundations of trustworthy machine learning. Model explanations offer insights into a model's decisions on input data, whereas privacy is primarily concerned with protecting information about the training data. We analyze connections between model explanations and the leakage of sensitive information about the model's training set. We investigate the privacy risks of feature-based model explanations using membership inference attacks: quantifying how much model predictions plus their explanations leak information about the presence of a datapoint in the training set of a model. We extensively evaluate membership inference attacks based on feature-based model explanations, over a variety of datasets. We show that backpropagation-based explanations can leak a significant amount of information about individual training datapoints. This is because they reveal statistical information about the decision boundaries of the model about an input, which can reveal its membership. We also empirically investigate the trade-off between privacy and explanation quality, by studying the perturbation-based model explanations.",https://doi-org.myaccess.library.utoronto.ca/10.1145/3461702.3462533
2021,Measuring Automated Influence: Between Empirical Evidence and Ethical Values,Daniel Susser; Vincent Grimaldi,"Automated influence, delivered by digital targeting technologies such as targeted advertising, digital nudges, and recommender systems, has attracted significant interest from both empirical researchers, on one hand, and critical scholars and policymakers on the other. In this paper, we argue for closer integration of these efforts. Critical scholars and policymakers, who focus primarily on the social, ethical, and political effects of these technologies, need empirical evidence to substantiate and motivate their concerns. However, existing empirical research investigating the effectiveness of these technologies (or lack thereof), neglects other morally relevant effects-which can be felt regardless of whether or not the technologies ""work"" in the sense of fulfilling the promises of their designers. Drawing from the ethics and policy literature, we enumerate a range of questions begging for empirical analysis-the outline of a research agenda bridging these fields---and issue a call to action for more empirical research that takes these urgent ethics and policy questions as their starting point.",https://doi-org.myaccess.library.utoronto.ca/10.1145/3461702.3462532
2021,Fairness for Unobserved Characteristics: Insights from Technological Impacts on Queer Communities,Nenad Tomasev; Kevin R. McKee; Jackie Kay; Shakir Mohamed,"Advances in algorithmic fairness have largely omitted sexual orientation and gender identity. We explore queer concerns in privacy, censorship, language, online safety, health, and employment to study the positive and negative effects of artificial intelligence on queer communities. These issues underscore the need for new directions in fairness research that take into account a multiplicity of considerations, from privacy preservation, context sensitivity and process fairness, to an awareness of sociotechnical impact and the increasingly important role of inclusive and participatory research processes. Most current approaches for algorithmic fairness assume that the target characteristics for fairness---frequently, race and legal gender---can be observed or recorded. Sexual orientation and gender identity are prototypical instances of unobserved characteristics, which are frequently missing, unknown or fundamentally unmeasurable. This paper highlights the importance of developing new approaches for algorithmic fairness that break away from the prevailing assumption of observed characteristics.",https://doi-org.myaccess.library.utoronto.ca/10.1145/3461702.3462540
2021,Alienation in the AI-Driven Workplace,Kate Vredenburgh,"This paper asks whether explanations of one's workplace and economic institutions are valuable in and of themselves. In doing so, it departs from much of the explainability literature in law, computer science, philosophy, and the social sciences, which examine the instrumental values that explainable AI has: explainable systems increase accountability and user trust, or reduce the risk of harm due to increased robustness. Think, however, of how you might feel if you went to your local administrative agency to apply for some benefit, or you were handed down a decision by a judge in a court. Let's stipulate that you know that the decision was just, even though neither the civil servant nor the judge explain to you why the decision was made, and you don't know the relevant rules; you just brought all the information you had about yourself, and hoped for the best. Is such a decision process defective? I argue that such a decision process is defective because it prevents individuals from accessing the normative explanations that are necessary to form an appropriate practical orientation towards their social world. A practical orientation is a reflective stance towards one's social world, which is expressed in one's actions and draws on one's cognitive architecture that allows one to navigate the various social practices and institutions. A practical orientation can range from rejection to silent endorsement, and is the sort of attitude for which there are the right kind of reasons, based in the world's normative character. It also determines how one fills out one's role obligations, and, more broadly, guides one's actions in the relevant institution: a teacher in the American South during the time of enforced racial segregation, for example, might choose where to teach on the basis of her rejection of the segregation of education. To form an appropriate practical orientation, one must have an understanding of the social world's normative character, which required a normative explanation And, since we spend so much of our lives at work and are constrained by economic institutions, we must understand their structure and how they function.",https://doi-org.myaccess.library.utoronto.ca/10.1145/3461702.3462520
2021,To Scale: The Universalist and Imperialist Narrative of Big Tech,Jessica de Jesus de Pinho Pinhal,"I am currently working on a research project about scaling and universalism as an epistemic value. I showed how the claim that algorithms can scale over dimensions such as time, space and complexity is rationally fallacious. Now, I wish to explore how power can explain why this narrative, while rationally ungrounded, is still spreading and gaining influence, with some disastrous consequences.",https://doi-org.myaccess.library.utoronto.ca/10.1145/3461702.3462474
2021,Trustworthy AI for the People?,Cl\`{a}udia Figueras; Harko Verhagen; Teresa Cerratto Pargman,"While AI systems become more pervasive, their social impact is increasingly hard to measure. To help mitigate possible risks and guide practitioners into a more responsible design, diverse organizations have released AI ethics frameworks. However, it remains unclear how ethical issues are dealt with in the everyday practices of AI developers. To this end, we have carried an exploratory empirical study interviewing AI developers working for Swedish public organizations to understand how ethics are enacted in practice. Our analysis found that several AI ethics issues are not consistently tackled, and AI systems are not fully recognized as part of a broader sociotechnical system.",https://doi-org.myaccess.library.utoronto.ca/10.1145/3461702.3462470
2021,Causality in Neural Networks - An Extended Abstract,Abbavaram Gowtham Reddy,"Causal reasoning is the main learning and explanation tool used by humans. AI systems should possess causal reasoning capabilities to be deployed in the real world with trust and reliability. Introducing the ideas of causality to machine learning helps in providing better learning and explainable models. Explainability, causal disentanglement are some important aspects of any machine learning model. Causal explanations are required to believe in a model's decision and causal disentanglement learning is important for transfer learning applications. We exploit the ideas of causality to be used in deep learning models to achieve better and causally explainable models that are useful in fairness, disentangled representation, etc.",https://doi-org.myaccess.library.utoronto.ca/10.1145/3461702.3462467
2021,Examining Religion Bias in AI Text Generators,Deepa Muralidhar,"One of the biggest reasons artificial intelligence (AI) gets a backlash is because of inherent biases in AI software. Deep learning algorithms use data fed into the systems to find patterns to draw conclusions used to make application decisions. Patterns in data fed into machine learning algorithms have revealed that the AI software decisions have biases embedded within them. Algorithmic audits can certify that the software is making responsible decisions. These audits verify the standards centered around the various AI principles such as explainability, accountability, human-centered values, such as, fairness and transparency, to increase the trust in the algorithm and the software systems that implement AI algorithms.",https://doi-org.myaccess.library.utoronto.ca/10.1145/3461702.3462469
2021,Training for Implicit Norms in Deep Reinforcement Learning Agents through Adversarial Multi-Objective Reward Optimization,Markus Peschl,"We propose a deep reinforcement learning algorithm that employs an adversarial training strategy for adhering to implicit human norms alongside optimizing for a narrow goal objective. Previous methods which incorporate human values into reinforcement learning algorithms either scale poorly or assume hand-crafted state features. Our algorithm drops these assumptions and is able to automatically infer norms from human demonstrations, which allows for integrating it into existing agents in the form of multi-objective optimization. We benchmark our approach in a search-and-rescue grid world and show that, conditioned on respecting human norms, our agent maintains optimal performance with respect to the predefined goal.",https://doi-org.myaccess.library.utoronto.ca/10.1145/3461702.3462473
2021,The Coloniality of Data Work in Latin America,Julian Posada,"This presentation for the AIES '21 doctoral consortium examines the Latin American crowdsourcing market through a decolonial lens. This research is based on the analysis of the web traffic of ninety-three platforms, interviews with Venezuelan data workers of four platforms, and analysis of the documentation issued by these organizations. The findings show that (1) centuries-old global divisions of labor persist, in this case, with requesters located in advanced economies and workers in the Global South. (2) That the platforms' configuration of the labor process constrains the agency of these workers when producing annotations. And, (3) that ideologies originating from the Global North serve to legitimize and reinforce this global labor market configuration.",https://doi-org.myaccess.library.utoronto.ca/10.1145/3461702.3462471
2021,Designing Effective and Accessible Consumer Protections against Unfair Treatment in Markets where Automated Decision Making is used to Determine Access to Essential Services: A Case Study in Australia's Housing Market,Linda Przhedetsky,"The use of data-driven Automated Decision Making (ADM) to determine access to products or services in competitive markets can enhance or limit access to equality and fair treatment. In cases where essential services such housing, energy and telecommunications, are accessed through a competitive market, consumers who are denied access to one or more of these services may not be able to access a suitable alternative if there are none available to match their needs, budget, and unique circumstances. Being denied access to an essential service such as electricity or housing can be an issue of life or death. Competitive essential services markets therefore illuminate the ways that using ADM to determine access to products or services, if not balanced by appropriate consumer protections, can cause significant harm. My research explores existing and emerging consumer protections that are effective in preventing consumers being harmed by ADM-facilitated decisions in essential services markets.",https://doi-org.myaccess.library.utoronto.ca/10.1145/3461702.3462468
2021,"The Grey Hoodie Project: Big Tobacco, Big Tech, and the Threat on Academic Integrity",Mohamed Abdalla; Moustafa Abdalla,"As governmental bodies rely on academics' expert advice to shape policy regarding Artificial Intelligence, it is important that these academics not have conflicts of interests that may cloud or bias their judgement. Our work explores how Big Tech can actively distort the academic landscape to suit its needs. By comparing the well-studied actions of another industry (Big Tobacco) to the current actions of Big Tech we see similar strategies employed by both industries. These strategies enable either industry to sway and influence academic and public discourse. We examine the funding of academic research as a tool used by Big Tech to put forward a socially responsible public image, influence events hosted by and decisions made by funded universities, influence the research questions and plans of individual scientists, and discover receptive academics who can be leveraged. We demonstrate how Big Tech can affect academia from the institutional level down to individual researchers. Thus, we believe that it is vital, particularly for universities and other institutions of higher learning, to discuss the appropriateness and the tradeoffs of accepting funding from Big Tech, and what limitations or conditions should be put in place.",https://doi-org.myaccess.library.utoronto.ca/10.1145/3461702.3462563
2021,Persistent Anti-Muslim Bias in Large Language Models,Abubakar Abid; Maheen Farooqi; James Zou,"It has been observed that large-scale language models capture undesirable societal biases, e.g. relating to race and gender; yet religious bias has been relatively unexplored. We demonstrate that GPT-3, a state-of-the-art contextual language model, captures persistent Muslim-violence bias. We probe GPT-3 in various ways, including prompt completion, analogical reasoning, and story generation, to understand this anti-Muslim bias, demonstrating that it appears consistently and creatively in different uses of the model and that it is severe even compared to biases about other religious groups. For instance, Muslim is analogized to terrorist in 23\% of test cases, while Jewish is mapped to its most common stereotype, money, in 5\% of test cases. We quantify the positive distraction needed to overcome this bias with adversarial text prompts, and find that use of the most positive 6 adjectives reduces violent completions for Muslims from 66\% to 20\%, but which is still higher than for other religious groups.",https://doi-org.myaccess.library.utoronto.ca/10.1145/3461702.3462624
2021,Are AI Ethics Conferences Different and More Diverse Compared to Traditional Computer Science Conferences?,Daniel E. Acuna; Lizhen Liang,"Even though computer science (CS) has had a historical lack of gender and race representation, its AI research affects everybody eventually. Being partially rooted in CS conferences, ""AI ethics"" (AIE) conferences such as FAccT and AIES have quickly become distinct venues where AI's societal implications are discussed and solutions proposed. However, it is largely unknown if these conferences improve upon the historical representational issues of traditional CS venues. In this work, we explore AIE conferences' evolution and compare them across demographic characteristics, publication content, and citation patterns. We find that AIE conferences have increased their internal topical diversity and impact on other CS conferences. Importantly, AIE conferences are highly differentiable, covering topics not represented in other venues. However, and perhaps contrary to the field's aspirations, white authors are more common while seniority and black researchers are represented similarly to CS venues. Our results suggest that AIE conferences could increase efforts to attract more diverse authors, especially considering their sizable roots in CS.",https://doi-org.myaccess.library.utoronto.ca/10.1145/3461702.3462616
2021,Ethical Implementation of Artificial Intelligence to Select Embryos in In Vitro Fertilization,Michael Anis Mihdi Afnan; Cynthia Rudin; Vincent Conitzer; Julian Savulescu; Abhishek Mishra; Yanhe Liu; Masoud Afnan,"AI has the potential to revolutionize many areas of healthcare. Radiology, dermatology, and ophthalmology are some of the areas most likely to be impacted in the near future, and they have received significant attention from the broader research community. But AI techniques are now also starting to be used in in vitro fertilization (IVF), in particular for selecting which embryos to transfer to the woman. The contribution of AI to IVF is potentially significant, but must be done carefully and transparently, as the ethical issues are significant, in part because this field involves creating new people. We first give a brief introduction to IVF and review the use of AI for embryo selection. We discuss concerns with the interpretation of the reported results from scientific and practical perspectives. We then consider the broader ethical issues involved. We discuss in detail the problems that result from the use of black-box methods in this context and advocate strongly for the use of interpretable models. Importantly, there have been no published trials of clinical effectiveness, a problem in both the AI and IVF communities, and we therefore argue that clinical implementation at this point would be premature. Finally, we discuss ways for the broader AI community to become involved to ensure scientifically sound and ethically responsible development of AI in IVF.",https://doi-org.myaccess.library.utoronto.ca/10.1145/3461702.3462589
2021,Measuring Model Biases in the Absence of Ground Truth,Osman Aka; Ken Burke; Alex Bauerle; Christina Greer; Margaret Mitchell,"The measurement of bias in machine learning often focuses on model performance across identity subgroups (such as man and woman) with respect to groundtruth labels. However, these methods do not directly measure the associations that a model may have learned, for example between labels and identity subgroups. Further, measuring a model's bias requires a fully annotated evaluation dataset which may not be easily available in practice.We present an elegant mathematical solution that tackles both issues simultaneously, using image classification as a working example. By treating a classification model's predictions for a given image as a set of labels analogous to a ""bag of words"", we rank the biases that a model has learned with respect to different identity labels. We use man, woman as a concrete example of an identity label set (although this set need not be binary), and present rankings for the labels that are most biased towards one identity or the other. We demonstrate how the statistical properties of different association metrics can lead to different rankings of the most ""gender biased"" labels, and conclude that normalized pointwise mutual information (nPMI) is most useful in practice. Finally, we announce an open-sourced nPMI visualization tool using TensorBoard.",https://doi-org.myaccess.library.utoronto.ca/10.1145/3461702.3462557
2021,Accounting for Model Uncertainty in Algorithmic Discrimination,Junaid Ali; Preethi Lahoti; Krishna P. Gummadi,"Traditional approaches to ensure group fairness in algorithmic decision making aim to equalize ""total"" error rates for different subgroups in the population. In contrast, we argue that the fairness approaches should instead focus only on equalizing errors arising due to model uncertainty (a.k.a epistemic uncertainty), caused due to lack of knowledge about the best model or due to lack of data. In other words, our proposal calls for ignoring the errors that occur due to uncertainty inherent in the data, i.e., aleatoric uncertainty. We draw a connection between predictive multiplicity and model uncertainty and argue that the techniques from predictive multiplicity could be used to identify errors made due to model uncertainty. We propose scalable convex proxies to come up with classifiers that exhibit predictive multiplicity and empirically show that our methods are comparable in performance and up to four orders of magnitude faster than the current state-of-the-art. We further pro- pose methods to achieve our goal of equalizing group error rates arising due to model uncertainty in algorithmic decision making and demonstrate the effectiveness of these methods using synthetic and real-world datasets",https://doi-org.myaccess.library.utoronto.ca/10.1145/3461702.3462630
2021,Beyond Reasonable Doubt: Improving Fairness in Budget-Constrained Decision Making using Confidence Thresholds,Michiel A. Bakker; Duy Patrick Tu; Krishna P. Gummadi; Alex Sandy Pentland; Kush R. Varshney; Adrian Weller,"Prior work on fairness in machine learning has focused on settings where all the information needed about each individual is readily available. However, in many applications, further information may be acquired at a cost. For example, when assessing a customer's creditworthiness, a bank initially has access to a limited set of information but progressively improves the assessment by acquiring additional information before making a final decision. In such settings, we posit that a fair decision maker may want to ensure that decisions for all individuals are made with similar expected error rate, even if the features acquired for the individuals are different. We show that a set of carefully chosen confidence thresholds can not only effectively redistribute an information budget according to each individual's needs, but also serve to address individual and group fairness concerns simultaneously. Finally, using two public datasets, we confirm the effectiveness of our methods and investigate the limitations.",https://doi-org.myaccess.library.utoronto.ca/10.1145/3461702.3462575
2021,"Person, Human, Neither: The Dehumanization Potential of Automated Image Tagging",P\i{}nar Barlas; Kyriakos Kyriakou; Styliani Kleanthous; Jahna Otterbacher,"Following the literature on dehumanization via technology, we audit six proprietary image tagging algorithms (ITAs) for their potential to perpetuate dehumanization. We examine the ITAs' outputs on a controlled dataset of images depicting a diverse group of people for tags that indicate the presence of a human in the image. Through an analysis of the (mis)use of these tags, we find that there are some individuals whose 'humanness' is not recognized by an ITA, and that these individuals are often from marginalized social groups. Finally, we compare these findings with the use of the 'face' tag, which can be used for surveillance, revealing that people's faces are often recognized by an ITA even when their 'humanness' is not. Overall, we highlight the subtle ways in which ITAs may inflict widespread, disparate harm, and emphasize the importance of considering the social context of the resulting application.",https://doi-org.myaccess.library.utoronto.ca/10.1145/3461702.3462567
2021,"Designing Disaggregated Evaluations of AI Systems: Choices, Considerations, and Tradeoffs",Solon Barocas; Anhong Guo; Ece Kamar; Jacquelyn Krones; Meredith Ringel Morris; Jennifer Wortman Vaughan; W. Duncan Wadsworth; Hanna Wallach,"Disaggregated evaluations of AI systems, in which system performance is assessed and reported separately for different groups of people, are conceptually simple. However, their design involves a variety of choices. Some of these choices influence the results that will be obtained, and thus the conclusions that can be drawn; others influence the impacts---both beneficial and harmful---that a disaggregated evaluation will have on people, including the people whose data is used to conduct the evaluation. We argue that a deeper understanding of these choices will enable researchers and practitioners to design careful and conclusive disaggregated evaluations. We also argue that better documentation of these choices, along with the underlying considerations and tradeoffs that have been made, will help others when interpreting an evaluation's results and conclusions.",https://doi-org.myaccess.library.utoronto.ca/10.1145/3461702.3462610
2021,Automating Procedurally Fair Feature Selection in Machine Learning,Clara Belitz; Lan Jiang; Nigel Bosch,"In recent years, machine learning has become more common in everyday applications. Consequently, numerous studies have explored issues of unfairness against specific groups or individuals in the context of these applications. Much of the previous work on unfairness in machine learning has focused on the fairness of outcomes rather than process. We propose a feature selection method inspired by fair process (procedural fairness) in addition to fair outcome. Specifically, we introduce the notion of unfairness weight, which indicates how heavily to weight unfairness versus accuracy when measuring the marginal benefit of adding a new feature to a model. Our goal is to maintain accuracy while reducing unfairness, as defined by six common statistical definitions. We show that this approach demonstrably decreases unfairness as the unfairness weight is increased, for most combinations of metrics and classifiers used. A small subset of all the combinations of datasets (4), unfairness metrics (6), and classifiers (3), however, demonstrated relatively low unfairness initially. For these specific combinations, neither unfairness nor accuracy were affected as unfairness weight changed, demonstrating that this method does not reduce accuracy unless there is also an equivalent decrease in unfairness. We also show that this approach selects unfair features and sensitive features for the model less frequently as the unfairness weight increases. As such, this procedure is an effective approach to constructing classifiers that both reduce unfairness and are less likely to include unfair features in the modeling process.",https://doi-org.myaccess.library.utoronto.ca/10.1145/3461702.3462585
2021,Explainable AI and Adoption of Financial Algorithmic Advisors: An Experimental Study,Daniel Ben David; Yehezkel S. Resheff; Talia Tron,"We study whether receiving advice from either a human or algorithmic advisor, accompanied by five types of Local and Global explanation labelings, has an effect on the readiness to adopt, willingness to pay, and trust in a financial AI consultant. We compare the differences over time and in various key situations using a unique experimental framework where participants play a web-based game with real monetary consequences. We observed that accuracy-based explanations of the model in initial phases leads to higher adoption rates. When the performance of the model is immaculate, there is less importance associated with the kind of explanation for adoption. Using more elaborate feature-based or accuracy-based explanations helps substantially in reducing the adoption drop upon model failure. Furthermore, using an autopilot increases adoption significantly. Participants assigned to the AI-labeled advice with explanations were willing to pay more for the advice than the AI-labeled advice with ""No-explanation"" alternative. These results add to the literature on the importance of XAI for algorithmic adoption and trust.",https://doi-org.myaccess.library.utoronto.ca/10.1145/3461702.3462565
2021,"Uncertainty as a Form of Transparency: Measuring, Communicating, and Using Uncertainty",Umang Bhatt; Javier Antor\'{a}n; Yunfeng Zhang; Q. Vera Liao; Prasanna Sattigeri; Riccardo Fogliato; Gabrielle Melan\c{c}on; Ranganath Krishnan; Jason Stanley; Omesh Tickoo; Lama Nachman; Rumi Chunara; Madhulika Srikumar; Adrian Weller; Alice Xiang,"Algorithmic transparency entails exposing system properties to various stakeholders for purposes that include understanding, improving, and contesting predictions. Until now, most research into algorithmic transparency has predominantly focused on explainability. Explainability attempts to provide reasons for a machine learning model's behavior to stakeholders. However, understanding a model's specific behavior alone might not be enough for stakeholders to gauge whether the model is wrong or lacks sufficient knowledge to solve the task at hand. In this paper, we argue for considering a complementary form of transparency by estimating and communicating the uncertainty associated with model predictions. First, we discuss methods for assessing uncertainty. Then, we characterize how uncertainty can be used to mitigate model unfairness, augment decision-making, and build trustworthy systems. Finally, we outline methods for displaying uncertainty to stakeholders and recommend how to collect information required for incorporating uncertainty into existing ML pipelines. This work constitutes an interdisciplinary review drawn from literature spanning machine learning, visualization/HCI, design, decision-making, and fairness. We aim to encourage researchers and practitioners to measure, communicate, and use uncertainty as a form of transparency.",https://doi-org.myaccess.library.utoronto.ca/10.1145/3461702.3462571
2021,Ensuring Fairness under Prior Probability Shifts,Arpita Biswas; Suvam Mukherjee,"Prior probability shift is a phenomenon where the training and test datasets differ structurally within population subgroups. This phenomenon can be observed in the yearly records of several real-world datasets, for example, recidivism records and medical expenditure surveys. If unaccounted for, such shifts can cause the predictions of a classifier to become unfair towards specific population subgroups. While the fairness notion called Proportional Equality (PE) accounts for such shifts, a procedure to ensure PE-fairness was unknown. In this work, we design an algorithm, called CAPE, that ensures fair classification under such shifts. We introduce a metric, called prevalence difference, which CAPE attempts to minimize in order to achieve fairness under prior probability shifts. We theoretically establish that this metric exhibits several properties that are desirable for a fair classifier. We evaluate the efficacy of CAPE via a thorough empirical evaluation on synthetic datasets. We also compare the performance of CAPE with several state-of-the-art fair classifiers on real-world datasets like COMPAS (criminal risk assessment) and MEPS (medical expenditure panel survey). The results indicate that CAPE ensures a high degree of PE-fairness in its predictions, while performing well on other important metrics.",https://doi-org.myaccess.library.utoronto.ca/10.1145/3461702.3462596
2021,Envisioning Communities: A Participatory Approach Towards AI for Social Good,Elizabeth Bondi; Lily Xu; Diana Acosta-Navas; Jackson A. Killian,"Research in artificial intelligence (AI) for social good presupposes some definition of social good, but potential definitions have been seldom suggested and never agreed upon. The normative question of what AI for social good research should be ""for"" is not thoughtfully elaborated, or is frequently addressed with a utilitarian outlook that prioritizes the needs of the majority over those who have been historically marginalized, brushing aside realities of injustice and inequity. We argue that AI for social good ought to be assessed by the communities that the AI system will impact, using as a guide the capabilities approach, a framework to measure the ability of different policies to improve human welfare equity. Furthermore, we lay out how AI research has the potential to catalyze social progress by expanding and equalizing capabilities. We show how the capabilities approach aligns with a participatory approach for the design and implementation of AI for social good research in a framework we introduce called PACT, in which community members affected should be brought in as partners and their input prioritized throughout the project. We conclude by providing an incomplete set of guiding questions for carrying out such participatory AI research in a way that elicits and respects a community's own definition of social good.",https://doi-org.myaccess.library.utoronto.ca/10.1145/3461702.3462612
2021,AI Alignment and Human Reward,Patrick Butlin,"According to a prominent approach to AI alignment, AI agents should be built to learn and promote human values. However, humans value things in several different ways: we have desires and preferences of various kinds, and if we engage in reinforcement learning, we also have reward functions. One research project to which this approach gives rise is therefore to say which of these various classes of human values should be promoted. This paper takes on part of this project by assessing the proposal that human reward functions should be the target for AI alignment. There is some reason to believe that powerful AI agents which were aligned to values of this form would help us to lead good lives, but there is also considerable uncertainty about this claim, arising from unresolved empirical and conceptual issues in human psychology.",https://doi-org.myaccess.library.utoronto.ca/10.1145/3461702.3462570
2021,Fairness and Machine Fairness,Clinton Castro; David O'Brien; Ben Schwan,"Prediction-based decisions, which are often made by utilizing the tools of machine learning, influence nearly all facets of modern life. Ethical concerns about this widespread practice have given rise to the field of fair machine learning and a number of fairness measures, mathematically precise definitions of fairness that purport to determine whether a given prediction-based decision system is fair. Following Reuben Binns (2017), we take ""fairness"" in this context to be a placeholder for a variety of normative egalitarian considerations. We explore a few fairness measures to suss out their egalitarian roots and evaluate them, both as formalizations of egalitarian ideas and as assertions of what fairness demands of predictive systems. We pay special attention to a recent and popular fairness measure, counterfactual fairness, which holds that a prediction about an individual is fair if it is the same in the actual world and any counterfactual world where the individual belongs to a different demographic group (cf. Kusner et al. 2018).",https://doi-org.myaccess.library.utoronto.ca/10.1145/3461702.3462577
2021,Reconfiguring Diversity and Inclusion for AI Ethics,Nicole Chi; Emma Lurie; Deirdre K. Mulligan,"Activists, journalists, and scholars have long raised critical questions about the relationship between diversity, representation, and structural exclusions in data-intensive tools and services. We build on work mapping the emergent landscape of corporate AI ethics to center one outcome of these conversations: the incorporation of diversity and inclusion in corporate AI ethics activities. Using interpretive document analysis and analytic tools from the values in design field, we examine how diversity and inclusion work is articulated in public-facing AI ethics documentation produced by three companies that create application and services layer AI infrastructure: Google, Microsoft, and Salesforce.We find that as these documents make diversity and inclusion more tractable to engineers and technical clients, they reveal a drift away from civil rights justifications that resonates with the ""managerialization of diversity"" by corporations in the mid-1980s. The focus on technical artifacts - such as diverse and inclusive datasets - and the replacement of equity with fairness make ethical work more actionable for everyday practitioners. Yet, they appear divorced from broader DEI initiatives and relevant subject matter experts that could provide needed context to nuanced decisions around how to operationalize these values and new solutions. Finally, diversity and inclusion, as configured by engineering logic, positions firms not as ""ethics owners"" but as ethics allocators; while these companies claim expertise on AI ethics, the responsibility of defining who diversity and inclusion are meant to protect and where it is relevant is pushed downstream to their customers.",https://doi-org.myaccess.library.utoronto.ca/10.1145/3461702.3462622
2021,Algorithmic Audit of Italian Car Insurance: Evidence of Unfairness in Access and Pricing,Alessandro Fabris; Alan Mishler; Stefano Gottardi; Mattia Carletti; Matteo Daicampi; Gian Antonio Susto; Gianmaria Silvello,"We conduct an audit of pricing algorithms employed by companies in the Italian car insurance industry, primarily by gathering quotes through a popular comparison website. While acknowledging the complexity of the industry, we find evidence of several problematic practices. We show that birthplace and gender have a direct and sizeable impact on the prices quoted to drivers, despite national and international regulations against their use. Birthplace, in particular, is used quite frequently to the disadvantage of foreign-born drivers and drivers born in certain Italian cities. In extreme cases, a driver born in Laos may be charged 1,000 more than a driver born in Milan, all else being equal. For a subset of our sample, we collect quotes directly on a company website, where the direct influence of gender and birthplace is confirmed. Finally, we find that drivers with riskier profiles tend to see fewer quotes in the aggregator result pages, substantiating concerns of differential treatment raised in the past by Italian insurance regulators.",https://doi-org.myaccess.library.utoronto.ca/10.1145/3461702.3462569
2021,Modeling and Guiding the Creation of Ethical Human-AI Teams,Christopher Flathmann; Beau G. Schelble; Rui Zhang; Nathan J. McNeese,"With artificial intelligence continuing to advance, so too do the ethical concerns that can potentially negatively impact humans and the greater society. When these systems begin to interact with humans, these concerns become much more complex and much more important. The field of human-AI teaming provides a relevant example of how AI ethics can have significant and continued effects on humans. This paper reviews research in ethical artificial intelligence, as well as ethical teamwork through the lens of the rapidly advancing field of human-AI teaming, resulting in a model demonstrating the requirements and outcomes of building ethical human-AI teams. The model is created to guide the prioritization of ethics in human-AI teaming by outlining the ethical teaming process, outcomes of ethical teams, and external requirements necessary to ensure ethical human-AI teams. A final discussion is presented on how the developed model will influence the implementation of AI teammates, as well as the development of policy and regulation surrounding the domain in the coming years.",https://doi-org.myaccess.library.utoronto.ca/10.1145/3461702.3462573
2021,What's Fair about Individual Fairness?,Will Fleisher,"One of the main lines of research in algorithmic fairness involves individual fairness (IF) methods. Individual fairness is motivated by an intuitive principle, similar treatment, which requires that similar individuals be treated similarly. IF offers a precise account of this principle using distance metrics to evaluate the similarity of individuals. Proponents of individual fairness have argued that it gives the correct definition of algorithmic fairness, and that it should therefore be preferred to other methods for determining fairness. I argue that individual fairness cannot serve as a definition of fairness. Moreover, IF methods should not be given priority over other fairness methods, nor used in isolation from them. To support these conclusions, I describe four in-principle problems for individual fairness as a definition and as a method for ensuring fairness: (1) counterexamples show that similar treatment (and therefore IF) are insufficient to guarantee fairness; (2) IF methods for learning similarity metrics are at risk of encoding human implicit bias; (3) IF requires prior moral judgments, limiting its usefulness as a guide for fairness and undermining its claim to define fairness; and (4) the incommensurability of relevant moral values makes similarity metrics impossible for many tasks. In light of these limitations, I suggest that individual fairness cannot be a definition of fairness, and instead should be seen as one tool among several for ameliorating algorithmic bias.",https://doi-org.myaccess.library.utoronto.ca/10.1145/3461702.3462621
2021,Learning to Generate Fair Clusters from Demonstrations,Sainyam Galhotra; Sandhya Saisubramanian; Shlomo Zilberstein,"Fair clustering is the process of grouping similar entities together, while satisfying a mathematically well-defined fairness metric as a constraint. Due to the practical challenges in precise model specification, the prescribed fairness constraints are often incomplete and act as proxies to the intended fairness requirement. Clustering with proxies may lead to biased outcomes when the system is deployed. We examine how to identify the intended fairness constraint for a problem based on limited demonstrations from an expert. Each demonstration is a clustering over a subset of the data. We present an algorithm to identify the fairness metric from demonstrations and generate clusters using existing off-the-shelf clustering techniques, and analyze its theoretical properties. To extend our approach to novel fairness metrics for which clustering algorithms do not currently exist, we present a greedy method for clustering. Additionally, we investigate how to generate interpretable solutions using our approach. Empirical evaluation on three real-world datasets demonstrates the effectiveness of our approach in quickly identifying the underlying fairness and interpretability constraints, which are then used to generate fair and interpretable clusters.",https://doi-org.myaccess.library.utoronto.ca/10.1145/3461702.3462558
2021,Ethical Obligations to Provide Novelty,Paige Golden; David Danks,"TikTok is a popular platform that enables users to see tailored content feeds, particularly short videos with novel content. In recent years, TikTok has been criticized at times for presenting users with overly homogenous feeds, thereby reducing the diversity of content with which each user engages. In this paper, we consider whether TikTok has an ethical obligation to employ a novelty bias in its content recommendation engine. We explicate the principal morally relevant values and interests of key stakeholders, and observe that key empirical questions must be answered before a precise recommendation can be provided. We argue that TikTok's own values and interests mean that its actions should be largely driven by the values and interests of its users and creators. Unlike some other content platforms, TikTok's ethical obligations are not at odds with the values of its users, and so whether it is obligated to include a novelty bias depends on what will actually advance its users' interests.",https://doi-org.myaccess.library.utoronto.ca/10.1145/3461702.3462555
2021,Computing Plans that Signal Normative Compliance,Alban Grastien; Claire Benn; Sylvie Thi\'{e}baux,"There has been increasing acceptance that agents must act in a way that is sensitive to ethical considerations. These considerations have been cashed out as constraints, such that some actions are permissible, while others are impermissible. In this paper, we claim that, in addition to only performing those actions that are permissible, agents should only perform those courses of action that are _unambiguously_ permissible. By doing so they signal normative compliance: they communicate their understanding of, and commitment to abiding by, the normative constraints in play. Those courses of action (or plans) that succeed in signalling compliance in this sense, we term 'acceptable'. The problem this paper addresses is how to compute plans that signal compliance, that is, how to find plans that are acceptable as well as permissible. We do this by identifying those plans such that, were an observer to see only part of its execution, that observer would infer the plan enacted was permissible. This paper provides a formal definition of compliance signalling within the domain of AI planning, describes an algorithm for computing compliance signalling plans, provides preliminary experimental results and discusses possible improvements. The signalling of compliance is vital for communication, coordination and cooperation in situations where the agent is partially observed. It is equally vital, therefore, to solve the computational problem of finding those plans that signal compliance. This is what this paper does.",https://doi-org.myaccess.library.utoronto.ca/10.1145/3461702.3462607
2021,An AI Ethics Course Highlighting Explicit Ethical Agents,Nancy Green,"This is an experience report describing a pilot AI Ethics course for undergraduate computer science majors. In addition to teaching students about different ethical approaches and using them to analyze ethical issues, the course covered how ethics has been incorporated into the implementation of explicit ethical agents, and required students to implement an explicit ethical agent for a simple application. This report describes the course objectives and design, the topics covered, and a qualitative evaluation with suggestions for future offerings of the courses.",https://doi-org.myaccess.library.utoronto.ca/10.1145/3461702.3462552
2021,"The Dangers of Drowsiness Detection: Differential Performance, Downstream Impact, and Misuses",Jakub Grzelak; Martim Brandao,"Drowsiness and fatigue are important factors in driving safety and work performance. This has motivated academic research into detecting drowsiness, and sparked interest in the deployment of related products in the insurance and work-productivity sectors. In this paper we elaborate on the potential dangers of using such algorithms. We first report on an audit of performance bias across subject gender and ethnicity, identifying which groups would be disparately harmed by the deployment of a state-of-the-art drowsiness detection algorithm. We discuss some of the sources of the bias, such as the lack of robustness of facial analysis algorithms to face occlusions, facial hair, or skin tone. We then identify potential downstream harms of this performance bias, as well as potential misuses of drowsiness detection technology---focusing on driving safety and experience, insurance cream-skimming and coverage-avoidance, worker surveillance, and job precarity.",https://doi-org.myaccess.library.utoronto.ca/10.1145/3461702.3462593
2021,Designing Shapelets for Interpretable Data-Agnostic Classification,Riccardo Guidotti; Anna Monreale,"Time series shapelets are discriminatory subsequences which are representative of a class, and their similarity to a time series can be used for successfully tackling the time series classification problem. The literature shows that Artificial Intelligence (AI) systems adopting classification models based on time series shapelets can be interpretable, more accurate, and significantly fast. Thus, in order to design a data-agnostic and interpretable classification approach, in this paper we first extend the notion of shapelets to different types of data, i.e., images, tabular and textual data. Then, based on this extended notion of shapelets we propose an interpretable data-agnostic classification method. Since the shapelets discovery can be time consuming, especially for data types more complex than time series, we exploit a notion of prototypes for finding candidate shapelets, and reducing both the time required to find a solution and the variance of shapelets. A wide experimentation on datasets of different types shows that the data-agnostic prototype-based shapelets returned by the proposed method empower an interpretable classification which is also fast, accurate, and stable. In addition, we show and we prove that shapelets can be at the basis of explainable AI methods.",https://doi-org.myaccess.library.utoronto.ca/10.1145/3461702.3462553
2021,Computer Vision and Conflicting Values: Describing People with Automated Alt Text,Margot Hanley; Solon Barocas; Karen Levy; Shiri Azenkot; Helen Nissenbaum,"Scholars have recently drawn attention to a range of controversial issues posed by the use of computer vision for automatically generating descriptions of people in images. Despite these concerns, automated image description has become an important tool to ensure equitable access to information for blind and low vision people. In this paper, we investigate the ethical dilemmas faced by companies that have adopted the use of computer vision for producing alt text: textual descriptions of images for blind and low vision people. We use Facebook's automatic alt text tool as our primary case study. First, we analyze the policies that Facebook has adopted with respect to identity categories, such as race, gender, age, etc., and the company's decisions about whether to present these terms in alt text. We then describe an alternative---and manual---approach practiced in the museum community, focusing on how museums determine what to include in alt text descriptions of cultural artifacts. We compare these policies, using notable points of contrast to develop an analytic framework that characterizes the particular apprehensions behind these policy choices. We conclude by considering two strategies that seem to sidestep some of these concerns, finding that there are no easy ways to avoid the normative dilemmas posed by the use of computer vision to automate alt text.",https://doi-org.myaccess.library.utoronto.ca/10.1145/3461702.3462620
2021,"Who Gets What, According to Whom? An Analysis of Fairness Perceptions in Service Allocation",Jacqueline Hannan; Huei-Yen Winnie Chen; Kenneth Joseph,"Algorithmic fairness research has traditionally been linked to the disciplines of philosophy, ethics, and economics, where notions of fairness are prescriptive and seek objectivity. Increasingly, however, scholars are turning to the study of what different people perceive to be fair, and how these perceptions can or should help to shape the design of machine learning, particularly in the policy realm. The present work experimentally explores five novel research questions at the intersection of the ""Who,"" ""What,"" and ""How"" of fairness perceptions. Specifically, we present the results of a multi-factor conjoint analysis study that quantifies the effects of the specific context in which a question is asked, the framing of the given question, and who is answering it. Our results broadly suggest that the ""Who"" and ""What,"" at least, matter in ways that are 1) not easily explained by any one theoretical perspective, 2) have critical implications for how perceptions of fairness should be measured and/or integrated into algorithmic decision-making systems.",https://doi-org.myaccess.library.utoronto.ca/10.1145/3461702.3462568
2021,The Earth Is Flat and the Sun Is Not a Star: The Susceptibility of GPT-2 to Universal Adversarial Triggers,Hunter Scott Heidenreich; Jake Ryland Williams,"This work considers universal adversarial triggers, a method of adversarially disrupting natural language models, and questions if it is possible to use such triggers to affect both the topic and stance of conditional text generation models. In considering four ""controversial"" topics, this work demonstrates success at identifying triggers that cause the GPT-2 model to produce text about targeted topics as well as influence the stance the text takes towards the topic. We show that, while the more fringe topics are more challenging to identify triggers for, they do appear to more effectively discriminate aspects like stance. We view this both as an indication of the dangerous potential for controllability and, perhaps, a reflection of the nature of the disconnect between conflicting views on these topics, something that future work could use to question the nature of filter bubbles and if they are reflected within models trained on internet content. In demonstrating the feasibility and ease of such an attack, this work seeks to raise the awareness that neural language models are susceptible to this influence--even if the model is already deployed and adversaries lack internal model access--and advocates the immediate safeguarding against this type of adversarial attack in order to prevent potential harm to human users.",https://doi-org.myaccess.library.utoronto.ca/10.1145/3461702.3462578
2021,"Situated Accountability: Ethical Principles, Certification Standards, and Explanation Methods in Applied AI",Anne Henriksen; Simon Enni; Anja Bechmann,"Artificial intelligence (AI) has the potential to benefit humans and society by its employment in important sectors. However, the risks of negative consequences have underscored the importance of accountability for AI systems, their outcomes, and the users of such systems. In recent years, various accountability mechanisms have been put forward in pursuit of the responsible design, development, and use of AI. In this article, we provide an in-depth study of three such mechanisms, as we analyze Scandinavian AI developers' encounter with (1) ethical principles, (2) certification standards, and (3) explanation methods. By doing so, we contribute to closing a gap in the literature between discussions of accountability on the research and policy level, and accountability as a responsibility put on the shoulders of developers in practice. Our study illustrates important flaws in the current enactment of accountability as an ethical and social value which, if left unchecked, risks undermining the pursuit of responsible AI. By bringing attention to these flaws, the article signals where further work is needed in order to build effective accountability systems for AI.",https://doi-org.myaccess.library.utoronto.ca/10.1145/3461702.3462564
2021,Can We Obtain Fairness For Free?,Rashidul Islam; Shimei Pan; James R. Foulds,"There is growing awareness that AI and machine learning systems can in some cases learn to behave in unfair and discriminatory ways with harmful consequences. However, despite an enormous amount of research, techniques for ensuring AI fairness have yet to see widespread deployment in real systems. One of the main barriers is the conventional wisdom that fairness brings a cost in predictive performance metrics such as accuracy which could affect an organization's bottom-line. In this paper we take a closer look at this concern. Clearly fairness/performance trade-offs exist, but are they inevitable? In contrast to the conventional wisdom, we find that it is frequently possible, indeed straightforward, to improve on a trained model's fairness without sacrificing predictive performance. We systematically study the behavior of fair learning algorithms on a range of benchmark datasets, showing that it is possible to improve fairness to some degree with no loss (or even an improvement) in predictive performance via a sensible hyper-parameter selection strategy. Our results reveal a pathway toward increasing the deployment of fair AI methods, with potentially substantial positive real-world impacts.",https://doi-org.myaccess.library.utoronto.ca/10.1145/3461702.3462614
2021,Monitoring AI Services for Misuse,Seyyed Ahmad Javadi; Chris Norval; Richard Cloete; Jatinder Singh,"Given the surge in interest in AI, we now see the emergence of Artificial Intelligence as a Service (AIaaS). AIaaS entails service providers offering remote access to ML models and capabilities at arms-length', through networked APIs. Such services will grow in popularity, as they enable access to state-of-the-art ML capabilities, 'on demand', 'out of the box', at low cost and without requiring training data or ML expertise. However, there is much public concern regarding AI. AIaaS raises particular considerations, given there is much potential for such services to be used to underpin and drive problematic, inappropriate, undesirable, controversial, or possibly even illegal applications. A key way forward is through service providers monitoring their AI services to identify potential situations of problematic use. Towards this, we elaborate the potential for 'misuse indicators' as a mechanism for uncovering patterns of usage behaviour warranting consideration or further investigation. We introduce a taxonomy for describing these indicators and their contextual considerations, and use exemplars to demonstrate the feasibility analysing AIaaS usage to highlight situations of possible concern. We also seek to draw more attention to AI services and the issues they raise, given AIaaS' increasing prominence, and the general calls for the more responsible and accountable use of AI.",https://doi-org.myaccess.library.utoronto.ca/10.1145/3461702.3462566
2021,Towards Equity and Algorithmic Fairness in Student Grade Prediction,Weijie Jiang; Zachary A. Pardos,"Equity of educational outcome and fairness of AI with respect to race have been topics of increasing importance in education. In this work, we address both with empirical evaluations of grade prediction in higher education, an important task to improve curriculum design, plan interventions for academic support, and offer course guidance to students. With fairness as the aim, we trial several strategies for both label and instance balancing to attempt to minimize differences in algorithm performance with respect to race. We find that an adversarial learning approach, combined with grade label balancing, achieved by far the fairest results. With equity of educational outcome as the aim, we trial strategies for boosting predictive performance on historically underserved groups and find success in sampling those groups in inverse proportion to their historic outcomes. With AI-infused technology supports increasingly prevalent on campuses, our methodologies fill a need for frameworks to consider performance trade-offs with respect to sensitive student attributes and allow institutions to instrument their AI resources in ways that are attentive to equity and fairness.",https://doi-org.myaccess.library.utoronto.ca/10.1145/3461702.3462623
2021,The Ethical Gravity Thesis: Marrian Levels and the Persistence of Bias in Automated Decision-making Systems,Atoosa Kasirzadeh; Colin Klein,"Computers are used to make decisions in an increasing number of domains. There is widespread agreement that some of these uses are ethically problematic. Far less clear is where ethical problems arise, and what might be done about them. This paper expands and defends the Ethical Gravity Thesis: ethical problems that arise at higher levels of analysis of an automated decision-making system are inherited by lower levels of analysis. Particular instantiations of systems can add new problems, but not ameliorate more general ones. We defend this thesis by adapting Marr's famous 1982 framework for understanding information-processing systems. We show how this framework allows one to situate ethical problems at the appropriate level of abstraction, which in turn can be used to target appropriate interventions.",https://doi-org.myaccess.library.utoronto.ca/10.1145/3461702.3462606
2021,"Exciting, Useful, Worrying, Futuristic: Public Perception of Artificial Intelligence in 8 Countries",Patrick Gage Kelley; Yongwei Yang; Courtney Heldreth; Christopher Moessner; Aaron Sedley; Andreas Kramm; David T. Newman; Allison Woodruff,"As the influence and use of artificial intelligence (AI) have grown and its transformative potential has become more apparent, many questions have been raised regarding the economic, political, social, and ethical implications of its use. Public opinion plays an important role in these discussions, influencing product adoption, commercial development, research funding, and regulation. In this paper we present results of an in-depth survey of public opinion of artificial intelligence conducted with 10,005 respondents spanning eight countries and six continents. We report widespread perception that AI will have significant impact on society, accompanied by strong support for the responsible development and use of AI, and also characterize the public's sentiment towards AI with four key themes (exciting, useful, worrying, and futuristic) whose prevalence distinguishes response to AI in different countries.",https://doi-org.myaccess.library.utoronto.ca/10.1145/3461702.3462605
2021,"Age Bias in Emotion Detection: An Analysis of Facial Emotion Recognition Performance on Young, Middle-Aged, and Older Adults",Eugenia Kim; De'Aira Bryant; Deepak Srikanth; Ayanna Howard,"The growing potential for facial emotion recognition (FER) technology has encouraged expedited development at the cost of rigorous validation. Many of its use-cases may also impact the diverse global community as FER becomes embedded into domains ranging from education to security to healthcare. Yet, prior work has highlighted that FER can exhibit both gender and racial biases like other facial analysis techniques. As a result, bias-mitigation research efforts have mainly focused on tackling gender and racial disparities, while other demographic related biases, such as age, have seen less progress. This work seeks to examine the performance of state of the art commercial FER technology on expressive images of men and women from three distinct age groups. We utilize four different commercial FER systems in a black box methodology to evaluate how six emotions - anger, disgust, fear, happiness, neutrality, and sadness - are correctly detected by age group. We further investigate how algorithmic changes over the last year have affected system performance. Our results found that all four commercial FER systems most accurately perceived emotion in images of young adults and least accurately in images of older adults. This trend was observed for analyses conducted in 2019 and 2020. However, little to no gender disparities were observed in either year. While older adults may not have been the initial target consumer of FER technology, statistics show the demographic is quickly growing more keen to applications that use such systems. Our results demonstrate the importance of considering various demographic subgroups during FER system validation and the need for inclusive, intersectional algorithmic developmental practices.",https://doi-org.myaccess.library.utoronto.ca/10.1145/3461702.3462609
2021,AI and Shared Prosperity,Katya Klinova; Anton Korinek,"Future advances in AI that automate away human labor may have stark implications for labor markets and inequality. This paper proposes a framework to analyze the effects of specific types of AI systems on the labor market, based on how much labor demand they will create versus displace, while taking into account that productivity gains also make society wealthier and thereby contribute to additional labor demand. This analysis enables ethically-minded companies creating or deploying AI systems as well as researchers and policymakers to take into account the effects of their actions on labor markets and inequality, and therefore to steer progress in AI in a direction that advances shared prosperity and an inclusive economic future for all of humanity.",https://doi-org.myaccess.library.utoronto.ca/10.1145/3461702.3462619
2021,Towards Unifying Feature Attribution and Counterfactual Explanations: Different Means to the Same End,Ramaravind Kommiya Mothilal; Divyat Mahajan; Chenhao Tan; Amit Sharma,"Feature attributions and counterfactual explanations are popular approaches to explain a ML model. The former assigns an importance score to each input feature, while the latter provides input examples with minimal changes to alter the model's predictions. To unify these approaches, we provide an interpretation based on the actual causality framework and present two key results in terms of their use. First, we present a method to generate feature attribution explanations from a set of counterfactual examples. These feature attributions convey how important a feature is to changing the classification outcome of a model, especially on whether a subset of features is necessary and/or sufficient for that change, which attribution-based methods are unable to provide. Second, we show how counterfactual examples can be used to evaluate the goodness of an attribution-based explanation in terms of its necessity and sufficiency. As a result, we highlight the complimentary of these two approaches. Our evaluation on three benchmark datasets --- Adult-Income, LendingClub, and German-Credit --- confirms the complimentary. Feature attribution methods like LIME and SHAP and counterfactual explanation methods like Wachter et al. and DiCE often do not agree on feature importance rankings. In addition, by restricting the features that can be modified for generating counterfactual examples, we find that the top-k features from LIME or SHAP are often neither necessary nor sufficient explanations of a model's prediction. Finally, we present a case study of different explanation methods on a real-world hospital triage problem.",https://doi-org.myaccess.library.utoronto.ca/10.1145/3461702.3462597
2021,Becoming Good at AI for Good,Meghana Kshirsagar; Caleb Robinson; Siyu Yang; Shahrzad Gholami; Ivan Klyuzhin; Sumit Mukherjee; Md Nasir; Anthony Ortiz; Felipe Oviedo; Darren Tanner; Anusua Trivedi; Yixi Xu; Ming Zhong; Bistra Dilkina; Rahul Dodhia; Juan M. Lavista Ferres,"AI for good (AI4G) projects involve developing and applying artificial intelligence (AI) based solutions to further goals in areas such as sustainability, health, humanitarian aid, and social justice. Developing and deploying such solutions must be done in collaboration with partners who are experts in the domain in question and who already have experience in making progress towards such goals. Based on our experiences, we detail the different aspects of this type of collaboration broken down into four high-level categories: communication, data, modeling, and impact, and distill eleven takeaways to guide such projects in the future. We briefly describe two case studies to illustrate how some of these takeaways were applied in practice during our past collaborations.",https://doi-org.myaccess.library.utoronto.ca/10.1145/3461702.3462599
2021,Measuring Group Advantage: A Comparative Study of Fair Ranking Metrics,Caitlin Kuhlman; Walter Gerych; Elke Rundensteiner,"Ranking evaluation metrics play an important role in information retrieval, providing optimization objectives during development and means of assessment of deployed performance. Recently, fairness of rankings has been recognized as crucial, especially as automated systems are increasingly used for high impact decisions. While numerous fairness metrics have been proposed, a comparative analysis to understand their interrelationships is lacking. Even for fundamental statistical parity metrics which measure group advantage, it remains unclear whether metrics measure the same phenomena, or when one metric may produce different results than another. To address these open questions, we formulate a conceptual framework for analytical comparison of metrics. We prove that under reasonable assumptions, popular metrics in the literature exhibit the same behavior and that optimizing for one optimizes for all. However, our analysis also shows that the metrics vary in the degree of unfairness measured, in particular when one group has a strong majority. Based on this analysis, we design a practical statistical test to identify whether observed data is likely to exhibit predictable group bias. We provide a set of recommendations for practitioners to guide the choice of an appropriate fairness metric.",https://doi-org.myaccess.library.utoronto.ca/10.1145/3461702.3462588
2021,A Framework for Understanding AI-Induced Field Change: How AI Technologies are Legitimized and Institutionalized,Benjamin Cedric Larsen,"Artificial intelligence (AI) systems operate in increasingly diverse areas, from healthcare to facial recognition, the stock market, autonomous vehicles, and so on. While the underlying digital infrastructure of AI systems is developing rapidly, each area of implementation is subject to different degrees and processes of legitimization. By combining elements from institutional theory and information systems-theory, this paper presents a conceptual framework to analyze and understand AI-induced field-change. The introduction of novel AI-agents into new or existing fields creates a dynamic in which algorithms (re)shape organizations and institutions while existing institutional infrastructures determine the scope and speed at which organizational change is allowed to occur. Where institutional infrastructure and governance arrangements, such as standards, rules, and regulations, still are unelaborate, the field can move fast but is also more likely to be contested. The institutional infrastructure surrounding AI-induced fields is generally little elaborated, which could be an obstacle to the broader institutionalization of AI-systems going forward.",https://doi-org.myaccess.library.utoronto.ca/10.1145/3461702.3462591
2021,Ethical Data Curation for AI: An Approach based on Feminist Epistemology and Critical Theories of Race,Susan Leavy; Eugenia Siapera; Barry O'Sullivan,"The potential for bias embedded in data to lead to the perpetuation of social injustice though Artificial Intelligence (AI) necessitates an urgent reform of data curation practices for AI systems, especially those based on machine learning. Without appropriate ethical and regulatory frameworks there is a risk that decades of advances in human rights and civil liberties may be undermined. This paper proposes an approach to data curation for AI, grounded in feminist epistemology and informed by critical theories of race and feminist principles. The objective of this approach is to support critical evaluation of the social dynamics of power embedded in data for AI systems. We propose a set of fundamental guiding principles for ethical data curation that address the social construction of knowledge, call for inclusion of subjugated and new forms of knowledge, support critical evaluation of theoretical concepts within data and recognise the reflexive nature of knowledge. In developing this ethical framework for data curation, we aim to contribute to a virtue ethics for AI and ensure protection of fundamental and human rights.",https://doi-org.myaccess.library.utoronto.ca/10.1145/3461702.3462598
2021,Risk Identification Questionnaire for Detecting Unintended Bias in the Machine Learning Development Lifecycle,Michelle Seng Ah Lee; Jatinder Singh,"Unintended biases in machine learning (ML) models have the potential to introduce undue discrimination and exacerbate social inequalities. The research community has proposed various technical and qualitative methods intended to assist practitioners in assessing these biases. While frameworks for identifying the risks of harm due to unintended biases have been proposed, they have not yet been operationalised into practical tools to assist industry practitioners.In this paper, we link prior work on bias assessment methods to phases of a standard organisational risk management process (RMP), noting a gap in measures for helping practitioners identify bias- related risks. Targeting this gap, we introduce a bias identification methodology and questionnaire, illustrating its application through a real-world, practitioner-led use case. We validate the need and usefulness of the questionnaire through a survey of industry practitioners, which provides insights into their practical requirements and preferences. Our results indicate that such a questionnaire is helpful for proactively uncovering unexpected bias concerns, particularly where it is easy to integrate into existing processes, and facilitates communication with non-technical stakeholders. Ultimately, the effective end-to-end management of ML risks requires a more targeted identification of potential harm and its sources, so that appropriate mitigation strategies can be formulated. Towards this, our questionnaire provides a practical means to assist practitioners in identifying bias-related risks.",https://doi-org.myaccess.library.utoronto.ca/10.1145/3461702.3462572
2021,Participatory Algorithmic Management: Elicitation Methods for Worker Well-Being Models,Min Kyung Lee; Ishan Nigam; Angie Zhang; Joel Afriyie; Zhizhen Qin; Sicun Gao,"Artificial intelligence is increasingly being used to manage the workforce. Algorithmic management promises organizational efficiency, but often undermines worker well-being. How can we computationally model worker well-being so that algorithmic management can be optimized for and assessed in terms of worker well-being? Toward this goal, we propose a participatory approach for worker well-being models. We first define worker well-being models: Work preference models---preferences about work and working conditions, and managerial fairness models---beliefs about fair resource allocation among multiple workers. We then propose elicitation methods to enable workers to build their own well-being models leveraging pairwise comparisons and ranking. As a case study, we evaluate our methods in the context of algorithmic work scheduling with 25 shift workers and 3 managers. The findings show that workers expressed idiosyncratic work preference models and more uniform managerial fairness models, and the elicitation methods helped workers discover their preferences and gave them a sense of empowerment. Our work provides a method and initial evidence for enabling participatory algorithmic management for worker well-being.",https://doi-org.myaccess.library.utoronto.ca/10.1145/3461702.3462628
2021,"Feeding the Beast: Superintelligence, Corporate Capitalism and the End of Humanity",Dominic Leggett,"Scientists and philosophers have warned of the possibility that humans, in the future, might create a 'superintelligent' machine that could, in some scenarios, form an existential threat to humanity. This paper argues that such a machine may already exist, and that, if so, it does, in fact, represent such a threat.",https://doi-org.myaccess.library.utoronto.ca/10.1145/3461702.3462581
2021,The Deepfake Detection Dilemma: A Multistakeholder Exploration of Adversarial Dynamics in Synthetic Media,Claire R. Leibowicz; Sean McGregor; Aviv Ovadya,"Synthetic media detection technologies label media as either synthetic or non-synthetic and are increasingly used by journalists, web platforms, and the general public to identify misinformation and other forms of problematic content. As both well-resourced organizations and the non-technical general public generate more sophisticated synthetic media, the capacity for purveyors of problematic content to adapt induces a detection dilemma : as detection practices become more accessible, they become more easily circumvented. This paper describes how a multistakeholder cohort from academia, technology platforms, media entities, and civil society organizations active in synthetic media detection and its socio-technical implications evaluates the detection dilemma. Specifically, we offer an assessment of detection contexts and adversary capacities sourced from the broader, global AI and media integrity community concerned with mitigating the spread of harmful synthetic media. A collection of personas illustrates the intersection between unsophisticated and highly-resourced sponsors of misinformation in the context of their technical capacities. This work concludes that there is no ""best'' approach to navigating the detector dilemma, but derives a set of implications from multistakeholder input to better inform detection process decisions and policies, in practice.",https://doi-org.myaccess.library.utoronto.ca/10.1145/3461702.3462584
2021,RAWLSNET: Altering Bayesian Networks to Encode Rawlsian Fair Equality of Opportunity,David Liu; Zohair Shafi; William Fleisher; Tina Eliassi-Rad; Scott Alfeld,"We present RAWLSNET, a system for altering Bayesian Network (BN) models to satisfy the Rawlsian principle of fair equality of opportunity (FEO). RAWLSNET's BN models generate aspirational data distributions: data generated to reflect an ideally fair, FEO-satisfying society. FEO states that everyone with the same talent and willingness to use it should have the same chance of achieving advantageous social positions (e.g., employment), regardless of their background circumstances (e.g., socioeconomic status). Satisfying FEO requires alterations to social structures such as school assignments. Our paper describes RAWLSNET, a method which takes as input a BN representation of an FEO application and alters the BN's parameters so as to satisfy FEO when possible, and minimize deviation from FEO otherwise. We also offer guidance for applying RAWLSNET, including on recognizing proper applications of FEO. We demonstrate the use of RAWLSNET with publicly available data sets. RAWLSNET's altered BNs offer the novel capability of generating aspirational data for FEO-relevant tasks. Aspirational data are free from biases of real-world data, and thus are useful for recognizing and detecting sources of unfairness in machine learning algorithms besides biased data.",https://doi-org.myaccess.library.utoronto.ca/10.1145/3461702.3462618
2021,Fair Equality of Chances for Prediction-based Decisions,Michele Loi; Anders Herlitz; Hoda Heidari,"This is a one-page summary of the paper ""A Philosophical Theory of Fairness for Prediction-based Decisions."" The full paper is available on SSRN at the following link: https://papers-ssrn-com.myaccess.library.utoronto.ca/sol3/papers.cfm?abstract_id=3450300",https://doi-org.myaccess.library.utoronto.ca/10.1145/3461702.3462613
2021,Towards Accountability in the Use of Artificial Intelligence for Public Administrations,Michele Loi; Matthias Spielkamp,"We argue that the phenomena of distributed responsibility, induced acceptance, and acceptance through ignorance constitute instances of imperfect delegation when tasks are delegated to computationally-driven systems. Imperfect delegation challenges human accountability. We hold that both direct public accountability via public transparency and indirect public accountability via transparency to auditors in public organizations can be both instrumentally ethically valuable and required as a matter of deontology from the principle of democratic self-government. We analyze the regulatory content of 16 guideline documents about the use of AI in the public sector, by mapping their requirements to those of our philosophical account of accountability, and conclude that while some guidelines refer processes that amount to auditing, it seems that the debate would benefit from more clarity about the nature of the entitlement of auditors and the goals of auditing, also in order to develop ethically meaningful standards with respect to which different forms of auditing can be evaluated and compared.",https://doi-org.myaccess.library.utoronto.ca/10.1145/3461702.3462631
2021,How Do the Score Distributions of Subpopulations Influence Fairness Notions?,Carmen Mazijn; Jan Danckaert; Vincent Ginis,"Automated decisions based on trained algorithms influence human life in an increasingly far-reaching way. In recent years, it has become clear that these decisions are often accompanied by bias and unfair treatment of different subpopulations.Meanwhile, several notions of fairness circulate in the scientific literature, with trade-offs between profit and fairness and between fairness metrics among themselves. Based on both analytical calculations and numerical simulations, we show in this study that some profit-fairness trade-offs and fairness-fairness trade-offs depend substantially on the underlying score distributions given to subpopulations and we present two complementary perspectives to visualize this influence. We further show that higher symmetry in scores of subpopulations can significantly reduce the trade-offs between fairness notions within a given acceptable strictness, even when sacrificing expressiveness. Our exploratory study may help to understand how to overcome the strict mathematical statements about the statistical incompatibility of certain fairness notions.",https://doi-org.myaccess.library.utoronto.ca/10.1145/3461702.3462601
2021,"More Similar Values, More Trust? - the Effect of Value Similarity on Trust in Human-Agent Interaction",Siddharth Mehrotra; Catholijn M. Jonker; Myrthe L. Tielman,"As AI systems are increasingly involved in decision making, it also becomes important that they elicit appropriate levels of trust from their users. To achieve this, it is first important to understand which factors influence trust in AI. We identify that a research gap exists regarding the role of personal values in trust in AI. Therefore, this paper studies how human and agent Value Similarity (VS) influences a human's trust in that agent. To explore this, 89 participants teamed up with five different agents, which were designed with varying levels of value similarity to that of the participants. In a within-subjects, scenario-based experiment, agents gave suggestions on what to do when entering the building to save a hostage. We analyzed the agent's scores on subjective value similarity, trust and qualitative data from open-ended questions. Our results show that agents rated as having more similar values also scored higher on trust, indicating a positive effect between the two. With this result, we add to the existing understanding of human-agent trust by providing insight into the role of value-similarity.",https://doi-org.myaccess.library.utoronto.ca/10.1145/3461702.3462576
2021,Causal Multi-level Fairness,Vishwali Mhasawade; Rumi Chunara,"Algorithmic systems are known to impact marginalized groups severely, and more so, if all sources of bias are not considered. While work in algorithmic fairness to-date has primarily focused on addressing discrimination due to individually linked attributes, social science research elucidates how some properties we link to individuals can be conceptualized as having causes at macro (e.g. structural) levels, and it may be important to be fair to attributes at multiple levels. For example, instead of simply considering race as a causal, protected attribute of an individual, the cause may be distilled as perceived racial discrimination an individual experiences, which in turn can be affected by neighborhood-level factors. This multi-level conceptualization is relevant to questions of fairness, as it may not only be important to take into account if the individual belonged to another demographic group, but also if the individual received advantaged treatment at the macro-level. In this paper, we formalize the problem of multi-level fairness using tools from causal inference in a manner that allows one to assess and account for effects of sensitive attributes at multiple levels. We show importance of the problem by illustrating residual unfairness if macro-level sensitive attributes are not accounted for, or included without accounting for their multi-level nature. Further, in the context of a real-world task of predicting income based on macro and individual-level attributes, we demonstrate an approach for mitigating unfairness, a result of multi-level sensitive attributes.",https://doi-org.myaccess.library.utoronto.ca/10.1145/3461702.3462587
2021,Unpacking the Expressed Consequences of AI Research in Broader Impact Statements,Priyanka Nanayakkara; Jessica Hullman; Nicholas Diakopoulos,"The computer science research community and the broader public have become increasingly aware of negative consequences of algorithmic systems. In response, the top-tier Neural Information Processing Systems (NeurIPS) conference for machine learning and artificial intelligence research required that authors include a statement of broader impact to reflect on potential positive and negative consequences of their work. We present the results of a qualitative thematic analysis of a sample of statements written for the 2020 conference. The themes we identify broadly fall into categories related to how consequences are expressed (e.g., valence, specificity, uncertainty), areas of impacts expressed (e.g., bias, the environment, labor, privacy), and researchers' recommendations for mitigating negative consequences in the future. In light of our results, we offer perspectives on how the broader impact statement can be implemented in future iterations to better align with potential goals.",https://doi-org.myaccess.library.utoronto.ca/10.1145/3461702.3462608
2021,Measuring Lay Reactions to Personal Data Markets,Aileen Nielsen,"The recording, aggregation, and exchange of personal data is necessary to the development of socially-relevant machine learning applications. However, anecdotal and survey evidence show that ordinary people feel discontent and even anger regarding data collection practices that are currently typical and legal. This suggests that personal data markets in their current form do not adhere to the norms applied by ordinary people. The present study experimentally probes whether market transactions in a typical online scenario are accepted when evaluated by lay people. The results show that a high percentage of study participants refused to participate in a data pricing exercise, even in a commercial context where market rules would typically be expected to apply. For those participants who did price the data, the median price was an order of magnitude higher than the market price. These results call into question the notice and consent market paradigm that is used by technology firms and government regulators when evaluating data flows. The results also point to a conceptual mismatch between cultural and legal expectations regarding the use of personal data.",https://doi-org.myaccess.library.utoronto.ca/10.1145/3461702.3462582
2021,Epistemic Reasoning for Machine Ethics with Situation Calculus,Maurice Pagnucco; David Rajaratnam; Raynaldio Limarga; Abhaya Nayak; Yang Song,"With the rapid development of autonomous machines such as selfdriving vehicles and social robots, there is increasing realisation that machine ethics is important for widespread acceptance of autonomous machines. Our objective is to encode ethical reasoning into autonomous machines following well-defined ethical principles and behavioural norms. We provide an approach to reasoning about actions that incorporates ethical considerations. It builds on Scherl and Levesque's [29, 30] approach to knowledge in the situation calculus. We show how reasoning about knowledge in a dynamic setting can be used to guide ethical and moral choices, aligned with consequentialist and deontological approaches to ethics. We apply our approach to autonomous driving and social robot scenarios, and provide an implementation framework.",https://doi-org.myaccess.library.utoronto.ca/10.1145/3461702.3462586
2021,Disparate Impact of Artificial Intelligence Bias in Ridehailing Economy's Price Discrimination Algorithms,Akshat Pandey; Aylin Caliskan,"Ridehailing applications that collect mobility data from individuals to inform smart city planning predict each trip's fare pricing with automated algorithms that rely on artificial intelligence (AI). This type of AI algorithm, namely a price discrimination algorithm, is widely used in the industry's black box systems for dynamic individualized pricing. Lacking transparency, studying such AI systems for fairness and disparate impact has not been possible without access to data used in generating the outcomes of price discrimination algorithms. Recently, in an effort to enhance transparency in city planning, the city of Chicago regulation mandated that transportation providers publish anonymized data on ridehailing. As a result, we present the first large-scale measurement of the disparate impact of price discrimination algorithms used by ridehailing applications.The application of random effects models from the meta-analysis literature combines the city-level effects of AI bias on fare pricing from census tract attributes, aggregated from the American Community Survey. An analysis of 100 million ridehailing samples from the city of Chicago indicates a significant disparate impact in fare pricing of neighborhoods due to AI bias learned from ridehailing utilization patterns associated with demographic attributes. Neighborhoods with larger non-white populations, higher poverty levels, younger residents, and high education levels are significantly associated with higher fare prices, with combined effect sizes, measured in Cohen's d, of -0.32, -0.28, 0.69, and 0.24 for each demographic, respectively. Further, our methods hold promise for identifying and addressing the sources of disparate impact in AI algorithms learning from datasets that contain U.S. geolocations.",https://doi-org.myaccess.library.utoronto.ca/10.1145/3461702.3462561
2021,Understanding the Representation and Representativeness of Age in AI Data Sets,Joon Sung Park; Michael S. Bernstein; Robin N. Brewer; Ece Kamar; Meredith Ringel Morris,"A diverse representation of different demographic groups in AI training data sets is important in ensuring that the models will work for a large range of users. To this end, recent efforts in AI fairness and inclusion have advocated for creating AI data sets that are well-balanced across race, gender, socioeconomic status, and disability status. In this paper, we contribute to this line of work by focusing on the representation of age by asking whether older adults are represented proportionally to the population at large in AI data sets. We examine publicly-available information about 92 face data sets to understand how they codify age as a case study to investigate how the subjects' ages are recorded and whether older generations are represented. We find that older adults are very under-represented; five data sets in the study that explicitly documented the closed age intervals of their subjects included older adults (defined as older than 65 years), while only one included oldest-old adults (defined as older than 85 years). Additionally, we find that only 24 of the data sets include any age-related information in their documentation or metadata, and that there is no consistent method followed across these data sets to collect and record the subjects' ages. We recognize the unique difficulties in creating representative data sets in terms of age, but raise it as an important dimension that researchers and engineers interested in inclusive AI should consider.",https://doi-org.myaccess.library.utoronto.ca/10.1145/3461702.3462590
2021,Quantum Fair Machine Learning,Elija Perrier,"In this paper, we inaugurate the field of quantum fair machine learning. We undertake a comparative analysis of differences and similarities between classical and quantum fair machine learning algorithms, specifying how the unique features of quantum computation alter measures, metrics and remediation strategies when quantum algorithms are subject to fairness constraints. We present the first results in quantum fair machine learning by demonstrating the use of Grover's search algorithm to satisfy statistical parity constraints imposed on quantum algorithms. We provide lower-bounds on iterations needed to achieve such statistical parity within ε-tolerance. We extend canonical Lipschitz-conditioned individual fairness criteria to the quantum setting using quantum metrics. We examine the consequences for typical measures of fairness in machine learning context when quantum information processing and quantum data are involved. Finally, we propose open questions and research programmes for this new field of interest to researchers in computer science, ethics and quantum computation.",https://doi-org.myaccess.library.utoronto.ca/10.1145/3461702.3462611
2021,Fair Bayesian Optimization,Valerio Perrone; Michele Donini; Muhammad Bilal Zafar; Robin Schmucker; Krishnaram Kenthapadi; C\'{e}dric Archambeau,"Given the increasing importance of machine learning (ML) in our lives, several algorithmic fairness techniques have been proposed to mitigate biases in the outcomes of the ML models. However, most of these techniques are specialized to cater to a single family of ML models and a specific definition of fairness, limiting their adaptibility in practice. We introduce a general constrained Bayesian optimization (BO) framework to optimize the performance of any ML model while enforcing one or multiple fairness constraints. BO is a model-agnostic optimization method that has been successfully applied to automatically tune the hyperparameters of ML models. We apply BO with fairness constraints to a range of popular models, including random forests, gradient boosting, and neural networks, showing that we can obtain accurate and fair solutions by acting solely on the hyperparameters. We also show empirically that our approach is competitive with specialized techniques that enforce model-specific fairness constraints, and outperforms preprocessing methods that learn fair representations of the input data. Moreover, our method can be used in synergy with such specialized fairness techniques to tune their hyperparameters. Finally, we study the relationship between fairness and the hyperparameters selected by BO. We observe a correlation between regularization and unbiased models, explaining why acting on the hyperparameters leads to ML models that generalize well and are fair.",https://doi-org.myaccess.library.utoronto.ca/10.1145/3461702.3462629
2021,We Haven't Gone Paperless Yet: Why the Printing Press Can Help Us Understand Data and AI,Julian Posada; Nicholas Weller; Wendy H. Wong,"How should we understand the social and political effects of the datafication of human life? This paper argues that the effects of data should be understood as a constitutive shift in social and political relations. We explore how datafication, or quantification of human and non-human factors into binary code, affects the identity of individuals and groups. This fundamental shift goes beyond economic and ethical concerns, which has been the focus of other efforts to explore the effects of datafication and AI. We highlight that technologies such as datafication and AI (and previously, the printing press) both disrupted extant power arrangements, leading to decentralization, and triggered a recentralization of power by new actors better adapted to leveraging the new technology. We use the analogy of the printing press to provide a framework for understanding constitutive change. The printing press example gives us more clarity on 1) what can happen when the medium of communication drastically alters how information is communicated and stored; 2) the shift in power from state to private actors; and 3) the tension of simultaneously connecting individuals while driving them towards narrower communities through algorithmic analyses of data.",https://doi-org.myaccess.library.utoronto.ca/10.1145/3461702.3462604
2021,Measuring Model Fairness under Noisy Covariates: A Theoretical Perspective,Flavien Prost; Pranjal Awasthi; Nick Blumm; Aditee Kumthekar; Trevor Potter; Li Wei; Xuezhi Wang; Ed H. Chi; Jilin Chen; Alex Beutel,"In this work we study the problem of measuring the fairness of a machine learning model under noisy information. Focusing on group fairness metrics, we investigate the particular but common situation when the evaluation requires controlling for the confounding effect of covariate variables. In a practical setting, we might not be able to jointly observe the covariate and group information, and a standard workaround is to then use proxies for one or more of these variables. Prior works have demonstrated the challenges with using a proxy for sensitive attributes, and strong independence assumptions are needed to provide guarantees on the accuracy of the noisy estimates. In contrast, in this work we study using a proxy for the covariate variable and present a theoretical analysis that aims to characterize weaker conditions under which accurate fairness evaluation is possible. Furthermore, our theory identifies potential sources of errors and decouples them into two interpretable parts y and E. The first part y depends solely on the performance of the proxy such as precision and recall, whereas the second part E captures correlations between all the variables of interest. We show that in many scenarios the error in the estimates is dominated by y via a linear dependence, whereas the dependence on the correlations E only constitutes a lower order term. As a result we expand the understanding of scenarios where measuring model fairness via proxies can be an effective approach. Finally, we compare, via simulations, the theoretical upper-bounds to the distribution of simulated estimation errors and show that assuming some structure on the data, even weak, is key to significantly improve both theoretical guarantees and empirical results.",https://doi-org.myaccess.library.utoronto.ca/10.1145/3461702.3462603
2021,GAEA: Graph Augmentation for Equitable Access via Reinforcement Learning,Govardana Sachithanandam Ramachandran; Ivan Brugere; Lav R. Varshney; Caiming Xiong,"Disparate access to resources by different subpopulations is a prevalent issue in societal and sociotechnical networks. For example, urban infrastructure networks may enable certain racial groups to more easily access resources such as high-quality schools, grocery stores, and polling places. Similarly, social networks within universities and organizations may enable certain groups to more easily access people with valuable information or influence. Here we introduce a new class of problems, Graph Augmentation for Equitable Access (GAEA), to enhance equity in networked systems by editing graph edges under budget constraints. We prove such problems are NP-hard, and cannot be approximated within a factor of (1-1/3e). We develop a principled, sample- and time- efficient Markov Reward Process (MRP)-based mechanism design framework for GAEA. Our algorithm outperforms baselines on a diverse set of synthetic graphs. We further demonstrate the method on real-world networks, by merging public census, school, and transportation datasets for the city of Chicago and applying our algorithm to find human-interpretable edits to the bus network that enhance equitable access to high-quality schools across racial groups. Further experiments on Facebook networks of universities yield sets of new social connections that would increase equitable access to certain attributed nodes across gender groups.",https://doi-org.myaccess.library.utoronto.ca/10.1145/3461702.3462615
2021,Face Mis-ID: An Interactive Pedagogical Tool Demonstrating Disparate Accuracy Rates in Facial Recognition,Daniella Raz; Corinne Bintz; Vivian Guetler; Aaron Tam; Michael Katell; Dharma Dailey; Bernease Herman; P. M. Krafft; Meg Young,"This paper reports on the making of an interactive demo to illustrate algorithmic bias in facial recognition. Facial recognition technology has been demonstrated to be more likely to misidentify women and minoritized people. This risk, among others, has elevated facial recognition into policy discussions across the country, where many jurisdictions have already passed bans on its use. Whereas scholarship on the disparate impacts of algorithmic systems is growing, general public awareness of this set of problems is limited in part by the illegibility of machine learning systems to non-specialists. Inspired by discussions with community organizers advocating for tech fairness issues, we created the Face Mis-ID Demo to reveal the algorithmic functions behind facial recognition technology and to demonstrate its risks to policymakers and members of the community. In this paper, we share the design process behind this interactive demo, its form and function, and the design decisions that honed its accessibility, toward its use for improving legibility of algorithmic systems and awareness of the sources of their disparate impacts.",https://doi-org.myaccess.library.utoronto.ca/10.1145/3461702.3462627
2021,"The Theory, Practice, and Ethical Challenges of Designing a Diversity-Aware Platform for Social Relations","Laura Schelenz; Ivano Bison; Matteo Busso; Amalia de G\""{o}tzen; Daniel Gatica-Perez; Fausto Giunchiglia; Lakmal Meegahapola; Salvador Ruiz-Correa","Diversity-aware platform design is a paradigm that responds to the ethical challenges of existing social media platforms. Available platforms have been criticized for minimizing users' autonomy, marginalizing minorities, and exploiting users' data for profit maximization. This paper presents a design solution that centers the well-being of users. It presents the theory and practice of designing a diversity-aware platform for social relations. In this approach, the diversity of users is leveraged in a way that allows like-minded individuals to pursue similar interests or diverse individuals to complement each other in a complex activity. The end users of the envisioned platform are students, who participate in the design process. Diversity-aware platform design involves numerous steps, of which two are highlighted in this paper: 1) defining a framework and operationalizing the ""diversity"" of students, 2) collecting ""diversity"" data to build diversity-aware algorithms. The paper further reflects on the ethical challenges encountered during the design of a diversity-aware platform.",https://doi-org.myaccess.library.utoronto.ca/10.1145/3461702.3462595
2021,A Step Toward More Inclusive People Annotations for Fairness,Candice Schumann; Susanna Ricco; Utsav Prabhu; Vittorio Ferrari; Caroline Pantofaru,"The Open Images Dataset contains approximately 9 million images and is a widely accepted dataset for computer vision research. As is common practice for large datasets, the annotations are not exhaustive, with bounding boxes and attribute labels for only a subset of the classes in each image. In this paper, we present a new set of annotations on a subset of the Open Images dataset called the MIAP (More Inclusive Annotations for People) subset, containing bounding boxes and attributes for all of the people visible in those images. The attributes and labeling methodology for the MIAP subset were designed to enable research into model fairness. In addition, we analyze the original annotation methodology for the person class and its subclasses, discussing the resulting patterns in order to inform future annotation efforts. By considering both the original and exhaustive annotation sets, researchers can also now study how systematic patterns in training annotations affect modeling.",https://doi-org.myaccess.library.utoronto.ca/10.1145/3461702.3462594
2021,Fairness in the Eyes of the Data: Certifying Machine-Learning Models,Shahar Segal; Yossi Adi; Benny Pinkas; Carsten Baum; Chaya Ganesh; Joseph Keshet,"We present a framework that allows to certify the fairness degree of a model based on an interactive and privacy-preserving test. The framework verifies any trained model, regardless of its training process and architecture. Thus, it allows us to evaluate any deep learning model on multiple fairness definitions empirically. We tackle two scenarios, where either the test data is privately available only to the tester or is publicly known in advance, even to the model creator. We investigate the soundness of the proposed approach using theoretical analysis and present statistical guarantees for the interactive test. Finally, we provide a cryptographic technique to automate fairness testing and certified inference with only black-box access to the model at hand while hiding the participants' sensitive data.",https://doi-org.myaccess.library.utoronto.ca/10.1145/3461702.3462554
2021,Rawlsian Fair Adaptation of Deep Learning Classifiers,Kulin Shah; Pooja Gupta; Amit Deshpande; Chiranjib Bhattacharyya,"Group-fairness in classification aims for equality of a predictive utility across different sensitive sub-populations, e.g., race or gender. Equality or near-equality constraints in group-fairness often worsen not only the aggregate utility but also the utility for the least advantaged sub-population. In this paper, we apply the principles of Pareto-efficiency and least-difference to the utility being accuracy, as an illustrative example, and arrive at the Rawls classifier that minimizes the error rate on the worst-off sensitive sub-population. Our mathematical characterization shows that the Rawls classifier uniformly applies a threshold to an ideal score of features, in the spirit of fair equality of opportunity. In practice, such a score or a feature representation is often computed by a black-box model that has been useful but unfair. Our second contribution is practical Rawlsian fair adaptation of any given black-box deep learning model, without changing the score or feature representation it computes. Given any score function or feature representation and only its second-order statistics on the sensitive sub-populations, we seek a threshold classifier on the given score or a linear threshold classifier on the given feature representation that achieves the Rawls error rate restricted to this hypothesis class. Our technical contribution is to formulate the above problems using ambiguous chance constraints, and to provide efficient algorithms for Rawlsian fair adaptation, along with provable upper bounds on the Rawls error rate. Our empirical results show significant improvement over state-of-the-art group-fair algorithms, even without retraining for fairness.",https://doi-org.myaccess.library.utoronto.ca/10.1145/3461702.3462592
2021,FaiR-N: Fair and Robust Neural Networks for Structured Data,Shubham Sharma; Alan H. Gee; David Paydarfar; Joydeep Ghosh,"Fairness and robustness in machine learning are crucial when individuals are subject to automated decisions made by models in high-stake domains. To promote ethical artificial intelligence, fairness metrics that rely on comparing model error rates across subpopulations have been widely investigated for the detection and mitigation of bias. However, fairness measures that rely on comparing the ability to achieve recourse have been relatively unexplored. In this paper, we present a novel formulation for training neural networks that considers the distance of data observations to the decision boundary such that the new objective: (1) reduces the disparity in the average ability of recourse between individuals in each protected group, and (2) increases the average distance of data points to the boundary to promote adversarial robustness. We demonstrate that models trained with this new objective are more fair and adversarially robust neural networks, with similar accuracies, when compared to models without it. We also investigate a trade-off between the recourse-based fairness and robustness objectives. Moreover, we qualitatively motivate and empirically show that reducing recourse disparity across protected groups also improves fairness measures that rely on error rates. To the best of our knowledge, this is the first time that recourse disparity across groups are considered to train fairer neural networks.",https://doi-org.myaccess.library.utoronto.ca/10.1145/3461702.3462559
2021,Machine Learning and the Meaning of Equal Treatment,Joshua Simons; Sophia Adams Bhatti; Adrian Weller,"Approaches to non-discrimination are generally informed by two principles: striving for equality of treatment, and advancing various notions of equality of outcome. We consider when and why there are trade-offs in machine learning between respecting formalistic interpretations of equal treatment and advancing equality of outcome. Exploring a hypothetical discrimination suit against Facebook, we argue that interpretations of equal treatment which require blindness to difference may constrain how machine learning can be deployed to advance equality of outcome. When machine learning models predict outcomes that are unevenly distributed across racial groups, using those models to advance racial justice will often require deliberately taking race into account. We then explore the normative stakes of this tension. We describe three pragmatic policy options underpinned by distinct interpretations and applications of equal treatment. A status quo approach insists on blindness to difference, permitting the design of machine learning models that compound existing patterns of disadvantage. An industry-led approach would specify a narrow set of domains in which institutions were permitted to use protected characteristics to actively reduce inequalities of outcome. A government-led approach would impose positive duties that require institutions to consider how best to advance equality of outcomes and permit the use of protected characteristics to achieve that goal. We argue that while machine learning offers significant possibilities for advancing racial justice and outcome-based equality, harnessing those possibilities will require a shift in the normative commitments that underpin the interpretation and application of equal treatment in non-discrimination law and the governance of machine learning.",https://doi-org.myaccess.library.utoronto.ca/10.1145/3461702.3462556
2021,Digital Voodoo Dolls,Marija Slavkovik; Clemens Stachl; Caroline Pitman; Jonathan Askonas,"An institution, be it a body of government, commercial enterprise, or a service, cannot interact directly with a person. Instead, a model is created to represent us. We argue the existence of a new high-fidelity type of person model which we call a digital voodoo doll. We conceptualize it and compare its features with existing models of persons. Digital voodoo dolls are distinguished by existing completely beyond the influence and control of the person they represent. We discuss the ethical issues that such a lack of accountability creates and argue how these concerns can be mitigated.",https://doi-org.myaccess.library.utoronto.ca/10.1145/3461702.3462626
2021,Comparing Equity and Effectiveness of Different Algorithms in an Application for the Room Rental Market,David Solans; Francesco Fabbri; Caterina Calsamiglia; Carlos Castillo; Francesco Bonchi,"Machine Learning (ML) techniques have been increasingly adopted by the real estate market in the last few years. Applications include, among many others, predicting the market value of a property or an area, advanced systems for managing marketing and ads campaigns, and recommendation systems based on user preferences. While these techniques can provide important benefits to the business owners and the users of the platforms, algorithmic biases can result in inequalities and loss of opportunities for groups of people who are already disadvantaged in their access to housing. In this work, we present a comprehensive and independent algorithmic evaluation of a recommender system for the real estate market, designed specifically for finding shared apartments in metropolitan areas. We were granted full access to the internals of the platform, including details on algorithms and usage data during a period of 2 years.We analyze the performance of the various algorithms which are deployed for the recommender system and asses their effect across different population groups.Our analysis reveals that introducing a recommender system algorithm facilitates finding an appropriate tenant or a desirable room to rent, but at the same time, it strengthen performance inequalities between groups, further reducing opportunities of finding a rental for certain minorities.",https://doi-org.myaccess.library.utoronto.ca/10.1145/3461702.3462600
2021,Does Fair Ranking Improve Minority Outcomes? Understanding the Interplay of Human and Algorithmic Biases in Online Hiring,"Tom S\""{u}hr; Sophie Hilgard; Himabindu Lakkaraju","Ranking algorithms are being widely employed in various online hiring platforms including LinkedIn, TaskRabbit, and Fiverr. Prior research has demonstrated that ranking algorithms employed by these platforms are prone to a variety of undesirable biases, leading to the proposal of fair ranking algorithms (e.g., Det-Greedy) which increase exposure of underrepresented candidates. However, there is little to no work that explores whether fair ranking algorithms actually improve real world outcomes (e.g., hiring decisions) for underrepresented groups. Furthermore, there is no clear understanding as to how other factors (e.g., job context, inherent biases of the employers) may impact the efficacy of fair ranking in practice.In this work, we analyze various sources of gender biases in online hiring platforms, including the job context and inherent biases of employers and establish how these factors interact with ranking algorithms to affect hiring decisions. To the best of our knowledge, this work makes the first attempt at studying the interplay between the aforementioned factors in the context of online hiring. We carry out a large-scale user study simulating online hiring scenarios with data from TaskRabbit, a popular online freelancing site. Our results demonstrate that while fair ranking algorithms generally improve the selection rates of underrepresented minorities, their effectiveness relies heavily on the job contexts and candidate profiles.",https://doi-org.myaccess.library.utoronto.ca/10.1145/3461702.3462602
2021,Differentially Private Normalizing Flows for Privacy-Preserving Density Estimation,Chris Waites; Rachel Cummings,"Normalizing flow models have risen as a popular solution to the problem of density estimation, enabling high-quality synthetic data generation as well as exact probability density evaluation. However, in contexts where individuals are directly associated with the training data, releasing such a model raises privacy concerns. In this work, we propose the use of normalizing flow models that provide explicit differential privacy guarantees as a novel approach to the problem of privacy-preserving density estimation. We evaluate the efficacy of our approach empirically using benchmark datasets, and we demonstrate that our method substantially outperforms previous state-of-the-art approaches. We additionally show how our algorithm can be applied to the task of differentially private anomaly detection.",https://doi-org.myaccess.library.utoronto.ca/10.1145/3461702.3462625
2021,Governing Algorithmic Systems with Impact Assessments: Six Observations,Elizabeth Anne Watkins; Emanuel Moss; Jacob Metcalf; Ranjit Singh; Madeleine Clare Elish,"Algorithmic decision-making and decision-support systems (ADS) are gaining influence over how society distributes resources, administers justice, and provides access to opportunities. Yet collectively we do not adequately study how these systems affect people or document the actual or potential harms resulting from their integration with important social functions. This is a significant challenge for computational justice efforts of measuring and governing AI systems. Impact assessments are often used as instruments to create accountability relationships and grant some measure of agency and voice to communities affected by projects with environmental, financial, and human rights ramifications. Applying these tools-through Algorithmic Impact Assessments (AIA)-is a plausible way to establish accountability relationships for ADSs. At the same time, what an AIA would entail remains under-specified; they raise as many questions as they answer. Choices about the methods, scope, and purpose of AIAs structure the conditions of possibility for AI governance. In this paper, we present our research on the history of impact assessments across diverse domains, through a sociotechnical lens, to present six observations on how they co-constitute accountability. Decisions about what type of effects count as an impact; when impacts are assessed; whose interests are considered; who is invited to participate; who conducts the assessment; how assessments are made publicly available, and what the outputs of the assessment might be; all shape the forms of accountability that AIAs engender. Because AlAs are still an incipient governance strategy, approaching them as social constructions that do not require a single or universal approach offers a chance to produce interventions that emerge from careful deliberation.",https://doi-org.myaccess.library.utoronto.ca/10.1145/3461702.3462580
2021,A Human-in-the-loop Framework to Construct Context-aware Mathematical Notions of Outcome Fairness,Mohammad Yaghini; Andreas Krause; Hoda Heidari,"Existing mathematical notions of fairness fail to account for the context of decision-making. We argue that moral consideration of contextual factors is an inherently human task. So we present a framework to learn context-aware mathematical formulations of fairness by eliciting people's situated fairness assessments. Our family of fairness notions corresponds to a new interpretation of economic models of Equality of Opportunity (EOP), and it includes most existing notions of fairness as special cases. Our human-in-the-loop approach is designed to learn the appropriate parameters of the EOP family by utilizing human responses to pair-wise questions about decision subjects' circumstance and deservingness, and the harm/benefit imposed on them. We illustrate our framework in a hypothetical criminal risk assessment scenario by conducting a series of human-subject experiments on Amazon Mechanical Turk. Our work takes an important initial step toward empowering stakeholders to have a voice in the formulation of fairness for Machine Learning.",https://doi-org.myaccess.library.utoronto.ca/10.1145/3461702.3462583
2021,Who's Responsible? Jointly Quantifying the Contribution of the Learning Algorithm and Data,Gal Yona; Amirata Ghorbani; James Zou,"A learning algorithm A trained on a dataset D is revealed to have poor performance on some subpopulation at test time. Where should the responsibility for this lay? It can be argued that the data is responsible, if for example training A on a more representative dataset D' would have improved the performance. But it can similarly be argued that A itself is at fault, if training a different variant A' on the same dataset D would have improved performance. As ML becomes widespread and such failure cases more common, these types of questions are proving to be far from hypothetical. With this motivation in mind, in this work we provide a rigorous formulation of the joint credit assignment problem between a learning algorithm A and a dataset D. We propose Extended Shapley as a principled framework for this problem, and experiment empirically with how it can be used to address questions of ML accountability.",https://doi-org.myaccess.library.utoronto.ca/10.1145/3461702.3462574
2021,RelEx: A Model-Agnostic Relational Model Explainer,Yue Zhang; David Defazio; Arti Ramesh,"In recent years, considerable progress has been made on improving the interpretability of machine learning models. This is essential, as complex deep learning models with millions of parameters produce state of the art performance, but it can be nearly impossible to explain their predictions. While various explainability techniques have achieved impressive results, nearly all of them assume each data instance to be independent and identically distributed (iid). This excludes relational models, such as Statistical Relational Learning (SRL), and the recently popular Graph Neural Networks (GNNs), resulting in few options to explain them. While there does exist work on explaining GNNs, GNN-Explainer, they assume access to the gradients of the model to learn explanations, which is restrictive in terms of its applicability across non-differentiable relational models and practicality. In this work, we develop RelEx, amodel-agnostic relational explainer to explain black-box relational models with only access to the outputs of the black-box. RelEx is able to explain any relational model, including SRL models and GNNs. We compare RelEx to the state-of-the-art relational explainer, GNN-Explainer, and relational extensions of iid explanation models and show that RelEx achieves comparable or better performance, while remaining model-agnostic.",https://doi-org.myaccess.library.utoronto.ca/10.1145/3461702.3462562
2021,Skilled and Mobile: Survey Evidence of AI Researchers' Immigration Preferences,Remco Zwetsloot; Baobao Zhang; Noemi Dreksler; Lauren Kahn; Markus Anderljung; Allan Dafoe; Michael C. Horowitz,"Countries, companies, and universities are increasingly competing over top-tier artificial intelligence (AI) researchers. Where are these researchers likely to immigrate and what affects their immigration decisions? We conducted a survey (n = 524) of the immigration preferences and motivations of researchers that had papers accepted at one of two prestigious AI conferences: the Conference on Neural Information Processing Systems (NeurIPS) and the International Conference on Machine Learning (ICML). We find that the U.S. is the most popular destination for AI researchers, followed by the U.K., Canada, Switzerland, and France. A country's professional opportunities stood out as the most common factor that influences immigration decisions of AI researchers, followed by lifestyle and culture, the political climate, and personal relations. The destination country's immigration policies were important to just under half of the researchers surveyed, while around a quarter noted current immigration difficulties to be a deciding factor. Visa and immigration difficulties were perceived to be a particular impediment to conducting AI research in the U.S., the U.K., and Canada. Implications of the findings for the future of AI talent policies and governance are discussed.",https://doi-org.myaccess.library.utoronto.ca/10.1145/3461702.3462617
