ID,title,year,source_file,has_abstract
10.1145/3411764.3445565,LipType: A Silent Speech Recognizer Augmented with an Independent Repair Model,2021,chi_2021.bib,True
10.1145/3411764.3445624,Auth+Track: Enabling Authentication Free Interaction on Smartphone by Continuous User Tracking,2021,chi_2021.bib,True
10.1145/3411764.3445094,ElectroRing: Subtle Pinch and Touch Detection with a Ring,2021,chi_2021.bib,True
10.1145/3411764.3445712,Project Tasca: Enabling Touch and Contextual Interactions with a Pocket-based Textile Sensor,2021,chi_2021.bib,True
10.1145/3411764.3445367,RadarNet: Efficient Gesture Recognition Technique Utilizing a Miniature Radar Sensor,2021,chi_2021.bib,True
10.1145/3411764.3445441,User Authentication via Electrical Muscle Stimulation,2021,chi_2021.bib,True
10.1145/3411764.3445374,BackTrack: 2D Back-of-device Interaction Through Front Touchscreen,2021,chi_2021.bib,True
10.1145/3411764.3445687,ProxiMic: Convenient Voice Activation via Close-to-Mic Speech Detected by a Single Microphone,2021,chi_2021.bib,True
10.1145/3411764.3445582,Pose-on-the-Go: Approximating User Pose with Smartphone Sensor Fusion and Inverse Kinematics,2021,chi_2021.bib,True
10.1145/3411764.3445484,FaceSight: Enabling Hand-to-Face Gesture Interaction on AR Glasses with a Downward-Facing Camera Vision,2021,chi_2021.bib,True
10.1145/3411764.3445442,AtaTouch: Robust Finger Pinch Detection for a VR Controller Using RF Return Loss,2021,chi_2021.bib,True
10.1145/3411764.3445703,Super-Resolution Capacitive Touchscreens,2021,chi_2021.bib,True
10.1145/3411764.3445652,RElectrode: A Reconfigurable Electrode For Multi-Purpose Sensing Based on Microfluidics,2021,chi_2021.bib,True
10.1145/3411764.3445747,Data Animator: Authoring Expressive Animated Data Graphics,2021,chi_2021.bib,True
10.1145/3411764.3445354,Leveraging Text-Chart Links to Support Authoring of Data-Driven Articles with VizFlow,2021,chi_2021.bib,True
10.1145/3411764.3445356,Integrated Visualization Editing via Parameterized Declarative Templates,2021,chi_2021.bib,True
10.1145/3411764.3445798,Data Prophecy: Exploring the Effects of Belief Elicitation in Visual Analytics,2021,chi_2021.bib,True
10.1145/3411764.3445396,ConceptScope: Organizing and Visualizing Knowledge in Documents based on Domain Ontology,2021,chi_2021.bib,True
10.1145/3411764.3445728,Tessera: Discretizing Data Analysis Workflows on a Task Level,2021,chi_2021.bib,True
10.1145/3411764.3445674,Modeling and Leveraging Analytic Focus During Exploratory Visual Analysis,2021,chi_2021.bib,True
10.1145/3411764.3445718,"Showing Academic Performance Predictions during Term Planning: Effects on Students’ Decisions, Behaviors, and Preferences",2021,chi_2021.bib,True
10.1145/3411764.3445083,mTSeer: Interactive Visual Exploration of Models on Multivariate Time-series Forecast,2021,chi_2021.bib,True
10.1145/3411764.3445452,CAST: Authoring Data-Driven Chart Animations,2021,chi_2021.bib,True
10.1145/3411764.3445382,reVISit: Looking Under the Hood of Interactive Visualization Studies,2021,chi_2021.bib,True
10.1145/3411764.3445535,IGScript: An Interaction Grammar for Scientific Data Presentation,2021,chi_2021.bib,True
10.1145/3411764.3445578,Tactile Fixations: A Behavioral Marker on How People with Visual Impairments Explore Raised-line Graphics,2021,chi_2021.bib,True
10.1145/3411764.3445644,Tactile Compass: Enabling Visually Impaired People to Follow a Path with Continuous Directional Feedback,2021,chi_2021.bib,True
10.1145/3411764.3445530,ThroughHand: 2D Tactile Interaction to Simultaneously Recognize and Touch Multiple Objects,2021,chi_2021.bib,True
10.1145/3411764.3445755,Exploring Technology Design for Students with Vision Impairment in the Classroom and Remotely,2021,chi_2021.bib,True
10.1145/3411764.3445135,Community Based Robot Design for Classrooms with Mixed Visual Abilities Children,2021,chi_2021.bib,True
10.1145/3411764.3445322,LightWrite: Teach Handwriting to The Visually Impaired with A Smartphone,2021,chi_2021.bib,True
10.1145/3411764.3445451,LineChaser: A Smartphone-Based Navigation System for Blind People to Stand in Lines,2021,chi_2021.bib,True
10.1145/3411764.3445074,Smartphone Usage by Expert Blind Users,2021,chi_2021.bib,True
10.1145/3411764.3445040,Examining Visual Semantic Understanding in Blind and Low-Vision Technology Users,2021,chi_2021.bib,True
10.1145/3411764.3445716,From Tactile to NavTile: Opportunities and Challenges with Multi-Modal Feedback for Guiding Surfaces during Non-Visual Navigation,2021,chi_2021.bib,True
10.1145/3411764.3445338,Voicemoji: Emoji Entry Using Voice for Visually Impaired People,2021,chi_2021.bib,True
10.1145/3411764.3445065,"Money Whispers: Informality, International Politics, and Immigration in Transnational Finance",2021,chi_2021.bib,True
10.1145/3411764.3445518,"“Everyone wants to do the model work, not the data work”: Data Cascades in High-Stakes AI",2021,chi_2021.bib,True
10.1145/3411764.3445614,"Head-Worn Displays for Emergency Medical Services Staff: Properties of Prehospital Work, Use Cases, and Design Considerations",2021,chi_2021.bib,True
10.1145/3411764.3445598,“We Just Use What They Give Us”: Understanding Passenger User Perspectives in Smart Homes,2021,chi_2021.bib,True
10.1145/3411764.3445116,Exploring the Use of a Voice-based Conversational Agent to Empower Adolescents with Autism Spectrum Disorder,2021,chi_2021.bib,True
10.1145/3411764.3445194,Teachers’ Perceptions around Digital Games for Children in Low-resource Schools for the Blind,2021,chi_2021.bib,True
10.1145/3411764.3445403,”Beyond 3D printers”: Understanding Long-Term Digital Fabrication Practices for the Education of Visually Impaired or Blind Youth,2021,chi_2021.bib,True
10.1145/3411764.3445643,Rethinking the Runway: Using Avant-Garde Fashion To Design a System for Wearables,2021,chi_2021.bib,True
10.1145/3411764.3445599,“Money makes the world go around”: Identifying Barriers to Better Privacy in Children’s Apps From Developers’ Perspectives,2021,chi_2021.bib,True
10.1145/3411764.3445524,The Complexity of Indoor Air Quality Forecasting and the Simplicity of Interacting with It – A Case Study of 1007 Office Meetings,2021,chi_2021.bib,True
10.1145/3411764.3445251,Financial Technologies in the Cycle of Poor Mental Health and Financial Hardship: Towards Financial Citizenship,2021,chi_2021.bib,True
10.1145/3411764.3445371,A Right Time to Give: Beyond Saving Time in Automated Conditional Donations,2021,chi_2021.bib,True
10.1145/3411764.3445506,Making Sense of Complex Running Metrics Using a Modified Running Shoe,2021,chi_2021.bib,True
10.1145/3411764.3445045,Seeing Beyond Expert Blind Spots: Online Learning Design for Scale and Quality,2021,chi_2021.bib,True
10.1145/3411764.3445269,Breaking out of the Lab: Mitigating Mind Wandering with Gaze-Based Attention-Aware Technology in Classrooms,2021,chi_2021.bib,True
10.1145/3411764.3445228,Improving Instruction of Programming Patterns with Faded Parsons Problems,2021,chi_2021.bib,True
10.1145/3411764.3445039,StoryCoder: Teaching Computational Thinking Concepts Through Storytelling in a Voice-Guided App for Children,2021,chi_2021.bib,True
10.1145/3411764.3445696,On Designing Programming Error Messages for Novices: Readability and its Constituent Factors,2021,chi_2021.bib,True
10.1145/3411764.3445257,The Role of Working Memory in Program Tracing,2021,chi_2021.bib,True
10.1145/3411764.3445414,Diagramming Working Field Theories for Design in the HCI Classroom,2021,chi_2021.bib,True
10.1145/3411764.3445683,Effective Interfaces for Student-Driven Revision Sessions for Argumentative Writing,2021,chi_2021.bib,True
10.1145/3411764.3445749,EvalMe: Exploring the Value of New Technologies for In Situ Evaluation of Learning Experiences,2021,chi_2021.bib,True
10.1145/3411764.3445292,Problem-Solving Efficiency and Cognitive Load for Adaptive Parsons Problems vs. Writing the Equivalent Code,2021,chi_2021.bib,True
10.1145/3411764.3445571,Avoiding the Turing Tarpit: Learning Conversational Programming by Starting from Code’s Purpose,2021,chi_2021.bib,True
10.1145/3411764.3445055,“You Gotta Watch What You Say”: Surveillance of Communication with Incarcerated People,2021,chi_2021.bib,True
10.1145/3411764.3445387,"Toggles, Dollar Signs, and Triangles: How to (In)Effectively Convey Privacy Choices with Icons and Link Texts",2021,chi_2021.bib,True
10.1145/3411764.3445148,A Design Space for Privacy Choices: Towards Meaningful Privacy Control in the Internet of Things,2021,chi_2021.bib,True
10.1145/3411764.3445485,"Us and Them (and It): Social Orientation, Privacy Concerns, and Expected Use of Pandemic-Tracking Apps in the United States",2021,chi_2021.bib,True
10.1145/3411764.3445465,Visual Interactive Privacy Policy: The Better Choice?,2021,chi_2021.bib,True
10.1145/3411764.3445516,Bolder is Better: Raising User Awareness through Salient and Concise Privacy Notices,2021,chi_2021.bib,True
10.1145/3411764.3445677,Exploring Design and Governance Challenges in the Development of Privacy-Preserving Computation,2021,chi_2021.bib,True
10.1145/3411764.3445067,PriView– Exploring Visualisations to Support Users’ Privacy Awareness,2021,chi_2021.bib,True
10.1145/3411764.3445517,Apps Against the Spread: Privacy Implications and User Acceptance of COVID-19-Related Smartphone Apps on Three Continents,2021,chi_2021.bib,True
10.1145/3411764.3445431,EventAnchor: Reducing Human Interactions in Event Annotation of Racket Sports Videos,2021,chi_2021.bib,True
10.1145/3411764.3445088,Beyond Expertise and Roles: A Framework to Characterize the Stakeholders of Interpretable Machine Learning and their Needs,2021,chi_2021.bib,True
10.1145/3411764.3445736,Data-Centric Explanations: Explaining Training Data of Machine Learning Systems to Promote Transparency,2021,chi_2021.bib,True
10.1145/3411764.3445714,Method for Exploring Generative Adversarial Networks (GANs) via Automatically Generated Image Galleries,2021,chi_2021.bib,True
10.1145/3411764.3445307,Player-AI Interaction: What Neural Network Games Reveal About AI as Play,2021,chi_2021.bib,True
10.1145/3411764.3445562,Human Reliance on Machine Learning Models When Performance Feedback is Limited: Heuristics and Risks,2021,chi_2021.bib,True
10.1145/3411764.3445526,AutoDS: Towards Human-Centered Automation of Data Science,2021,chi_2021.bib,True
10.1145/3411764.3445296,Evaluating the Interpretability of Generative Models by Interactive Reconstruction,2021,chi_2021.bib,True
10.1145/3411764.3445717,Does the Whole Exceed its Parts? The Effect of AI Explanations on Complementary Team Performance,2021,chi_2021.bib,True
10.1145/3411764.3445188,Expanding Explainability: Towards Social Transparency in AI systems,2021,chi_2021.bib,True
10.1145/3411764.3445306,Whither AutoML? Understanding the Role of Automation in Machine Learning Workflows,2021,chi_2021.bib,True
10.1145/3411764.3445128,Circumspect Users: Older Adults as Critical Adopters and Resistors of Technology,2021,chi_2021.bib,True
10.1145/3411764.3445264,Buying the ‘Right’ Thing: Designing Food Recommender Systems with Critical Consumers,2021,chi_2021.bib,True
10.1145/3411764.3445078,Training and Embedding Cybersecurity Guardians in Older Communities.,2021,chi_2021.bib,True
10.1145/3411764.3445783,Applying Critical Voice in Design of User Interfaces for Supporting Self-Reflection and Emotion Regulation in Online News Commenting,2021,chi_2021.bib,True
10.1145/3411764.3445047,"Chasing Luck: Data-driven Prediction, Faith, Hunch, and Cultural Norms in Rural Betting Practices",2021,chi_2021.bib,True
10.1145/3411764.3445127,'We Can Send A Man To The Moon But We Can't Control The Temperature In Our office'; A Considerate Approach To Workplace Thermal Comfort by Older Women,2021,chi_2021.bib,True
10.1145/3411764.3445259,"Gospels of Modernity: Digital Cattle Markets, Urban Religiosity, and Secular Computing in the Global South",2021,chi_2021.bib,True
10.1145/3411764.3445393,Provocations from #vanlife: Investigating Life and Work in a Community Extensively Using Technology Not Designed for Them,2021,chi_2021.bib,True
10.1145/3411764.3445709,Using Design Fiction Memos to Analyze UX Professionals’ Values Work Practices: A Case Study Bridging Ethnographic and Design Futuring Methods,2021,chi_2021.bib,True
10.1145/3411764.3445402,Designing Ground Truth and the Social Life of Labels,2021,chi_2021.bib,True
10.1145/3411764.3445740,To Live in Their Utopia: Why Algorithmic Systems Create Absurd Outcomes,2021,chi_2021.bib,True
10.1145/3411764.3445149,danceON: Culturally Responsive Creative Computing,2021,chi_2021.bib,True
10.1145/3411764.3445131,RubySlippers: Supporting Content-based Voice Navigation for How-to Videos,2021,chi_2021.bib,True
10.1145/3411764.3445162,Soloist: Generating Mixed-Initiative Tutorials from Existing Guitar Instructional Videos Through Audio Processing,2021,chi_2021.bib,True
10.1145/3411764.3445339,Mindless Attractor: A False-Positive Resistant Intervention for Drawing Attention Using Auditory Perturbation,2021,chi_2021.bib,True
10.1145/3411764.3445227,KTabulator: Interactive Ad hoc Table Creation using Knowledge Graphs,2021,chi_2021.bib,True
10.1145/3411764.3445786,MorpheesPlug: A Toolkit for Prototyping Shape-Changing Interfaces,2021,chi_2021.bib,True
10.1145/3411764.3445708,Understanding Conversational and Expressive Style in a Multimodal Embodied Conversational Agent,2021,chi_2021.bib,True
10.1145/3411764.3445563,DeepTake: Prediction of Driver Takeover Behavior using Multimodal Data,2021,chi_2021.bib,True
10.1145/3411764.3445368,Integrating Machine Learning Data with Symbolic Knowledge from Collaboration Practices of Curators to Improve Conversational Systems,2021,chi_2021.bib,True
10.1145/3411764.3445646,Interpretable Program Synthesis,2021,chi_2021.bib,True
10.1145/3411764.3445249,Falx: Synthesis-Powered Visualization Authoring,2021,chi_2021.bib,True
10.1145/3411764.3445323,XRStudio: A Virtual Production and Live Streaming System for Immersive Instructional Experiences,2021,chi_2021.bib,True
10.1145/3411764.3445721,Automatic Generation of Two-Level Hierarchical Tutorials from Instructional Makeup Videos,2021,chi_2021.bib,True
10.1145/3411764.3445419,Beyond Show of Hands: Engaging Viewers via Expressive and Scalable Visual Communication in Live Streaming,2021,chi_2021.bib,True
10.1145/3411764.3445084,Prepare for Trouble and Make It Double: The Power Motive Predicts Pokémon Choices Based on Apparent Strength,2021,chi_2021.bib,True
10.1145/3411764.3445077,Unpacking “Boardgames with Apps”: The Hybrid Digital Boardgame Model,2021,chi_2021.bib,True
10.1145/3411764.3445658,"Better, Funner, Stronger: A Gameful Approach to Nudge People into Making Less Predictable Graphical Password Choices",2021,chi_2021.bib,True
10.1145/3411764.3445689,Serious Snacking: A Survival Analysis of how Snacking Mechanics Affect Attrition in a Mobile Serious Game,2021,chi_2021.bib,True
10.1145/3411764.3445494,Exploring Asymmetric Roles in Mixed-Ability Gaming,2021,chi_2021.bib,True
10.1145/3411764.3445230,Off-Peak: An Examination of Ordinary Player Experience,2021,chi_2021.bib,True
10.1145/3411764.3445357,Homecoming: Exploring Returns to Long-Term Single Player Games,2021,chi_2021.bib,True
10.1145/3411764.3445348,"A Chinese-Language Validation of the Video Game Demand Scale (VGDS-C): Measuring the Cognitive, Emotional, Physical, and Social Demands of Video Games",2021,chi_2021.bib,True
10.1145/3411764.3445411,"Gathering Self-Report Data in Games Through NPC Dialogues: Effects on Data Quality, Data Quantity, Player Experience, and Information Intimacy",2021,chi_2021.bib,True
10.1145/3411764.3445678,"Flow Encourages Task Focus, but Frustration Drives Task Switching: How Reward and Effort Combine to Influence Player Engagement in a Simple Video Game",2021,chi_2021.bib,True
10.1145/3411764.3445286,"“Whatever the Emotional Experience, It’s Up to Them”: Insights from Designers of Emotionally Impactful Games",2021,chi_2021.bib,True
10.1145/3411764.3445540,”Naked and on Fire”: Examining Player Agency Experiences in Narrative-Focused Gameplay,2021,chi_2021.bib,True
10.1145/3411764.3445098,A Design Space Exploration of Worlds in Miniature,2021,chi_2021.bib,True
10.1145/3411764.3445064,Armstrong: An Empirical Examination of Pointing at Non-Dominant Arm-Anchored UIs in Virtual Reality,2021,chi_2021.bib,True
10.1145/3411764.3445549,JetController: High-speed Ungrounded 3-DoF Force Feedback Controllers using Air Propulsion Jets,2021,chi_2021.bib,True
10.1145/3411764.3445727,GamesBond: Bimanual Haptic Illusion of Physically Connected Objects for Immersive VR Using Grip Deformation,2021,chi_2021.bib,True
10.1145/3411764.3445463,Juicy Haptic Design: Vibrotactile Embellishments Can Improve Player Experience in Games,2021,chi_2021.bib,True
10.1145/3411764.3445454,Elevate: A Walkable Pin-Array for Large Shape-Changing Terrains,2021,chi_2021.bib,True
10.1145/3411764.3445319,Locomotion Vault: the Extra Mile in Analyzing VR Locomotion Techniques,2021,chi_2021.bib,True
10.1145/3411764.3445583,Phonetroller: Visual Representations of Fingers for Precise Touch Input with Mobile Phones in VR,2021,chi_2021.bib,True
10.1145/3411764.3445759,Ninja Hands: Using Many Hands to Improve Target Selection in VR,2021,chi_2021.bib,True
10.1145/3411764.3445724,Comparison of Different Types of Augmented Reality Visualizations for Instructions,2021,chi_2021.bib,True
10.1145/3411764.3445537,vMirror: Enhancing the Interaction with Occluded or Distant Objects in VR with Virtual Mirrors,2021,chi_2021.bib,True
10.1145/3411764.3445285,"HairTouch: Providing Stiffness, Roughness and Surface Height Differences Using Reconfigurable Brush Hairs on a VR Controller",2021,chi_2021.bib,True
10.1145/3411764.3445262,GuideBand: Intuitive 3D Multilevel Force Guidance on a Wristband in Virtual Reality,2021,chi_2021.bib,True
10.1145/3411764.3445636,Understanding Gender Differences in Pricing Strategies in Online Labor Marketplaces,2021,chi_2021.bib,True
10.1145/3411764.3445278,Go Gig or Go Home: Enabling Social Sensing to Share Personal Data with Intimate Partner for the Health and Wellbeing of Long-Hour workers,2021,chi_2021.bib,True
10.1145/3411764.3445660,More Kawaii than a Real-Person Live Streamer: Understanding How the Otaku Community Engages with and Perceives Virtual YouTubers,2021,chi_2021.bib,True
10.1145/3411764.3445570,Who Is Included in Human Perceptions of AI?: Trust and Perceived Fairness around Healthcare AI and Cultural Mistrust,2021,chi_2021.bib,True
10.1145/3411764.3445603,An Examination of the Work Practices of Crowdfarms,2021,chi_2021.bib,True
10.1145/3411764.3445550,The Labor of Fun: Understanding the Social Relationships between Gamers and Paid Gaming Teammates in China,2021,chi_2021.bib,True
10.1145/3411764.3445734,Standardizing Reporting of Participant Compensation in HCI: A Systematic Literature Review and Recommendations for the Field,2021,chi_2021.bib,True
10.1145/3411764.3445433,"Can Online Juries Make Consistent, Repeatable Decisions?",2021,chi_2021.bib,True
10.1145/3411764.3445488,How WEIRD is CHI?,2021,chi_2021.bib,True
10.1145/3411764.3445108,Qualitative Secondary Analysis as an Alternative Approach for Cross-Cultural Design: A Case Study with Saudi transnationals,2021,chi_2021.bib,True
10.1145/3411764.3445462,Leaving the Field: Designing a Socio-Material Toolkit for Teachers to Continue to Design Technology with Children,2021,chi_2021.bib,True
10.1145/3411764.3445272,An Activity Theory Analysis of Search & Rescue Collective Sensemaking and Planning Practices,2021,chi_2021.bib,True
10.1145/3411764.3445198,What Do Hackathons Do? Understanding Participation in Hackathons Through Program Theory Analysis,2021,chi_2021.bib,True
10.1145/3411764.3445585,When the Tab Comes Due:Challenges in the Cost Structure of Browser Tab Usage,2021,chi_2021.bib,True
10.1145/3411764.3445461,Towards the Right Direction in BiDirectional User Interfaces,2021,chi_2021.bib,True
10.1145/3411764.3445415,How Should AI Systems Talk to Users when Collecting their Personal Information? Effects of Role Framing and Self-Referencing on Human-AI Interaction,2021,chi_2021.bib,True
10.1145/3411764.3445101,Exploring and Promoting Diagnostic Transparency and Explainability in Online Symptom Checkers,2021,chi_2021.bib,True
10.1145/3411764.3445710,User Trust in Assisted Decision-Making Using Miniaturized Near-Infrared Spectroscopy,2021,chi_2021.bib,True
10.1145/3411764.3445304,Human-AI Interaction in Human Resource Management: Understanding Why Employees Resist Algorithmic Evaluation at Workplaces and How to Mitigate Burdens,2021,chi_2021.bib,True
10.1145/3411764.3445351,"Effects of Semantic Segmentation Visualization on Trust, Situation Awareness, and Cognitive Load in Highly Automated Vehicles",2021,chi_2021.bib,True
10.1145/3411764.3445609,Let’s Share a Ride into the Future: A Qualitative Study Comparing Hypothetical Implementation Scenarios of Automated Vehicles,2021,chi_2021.bib,True
10.1145/3411764.3445738,Calibrating Pedestrians' Trust in Automated Vehicles: Does an Intent Display in an External HMI Support Trust Calibration and Safe Crossing Behavior?,2021,chi_2021.bib,True
10.1145/3411764.3445480,A Taxonomy of Vulnerable Road Users for HCI Based On A Systematic Literature Review,2021,chi_2021.bib,True
10.1145/3411764.3445737,What Matters in Professional Drone Pilots’ Practice? An Interview Study to Understand the Complexity of Their Work and Inform Human-Drone Interaction Research,2021,chi_2021.bib,True
10.1145/3411764.3446647,ExplAIn Yourself! Transparency for Positive UX in Autonomous Driving,2021,chi_2021.bib,True
10.1145/3411764.3445178,"Safety, Connection and Reflection: Designing with Therapists for Children with Serious Emotional Behaviour Issues",2021,chi_2021.bib,True
10.1145/3411764.3445231,Expressivity in Interaction: a Framework for Design,2021,chi_2021.bib,True
10.1145/3411764.3445440,ADIO: An Interactive Artifact Physically Representing the Intangible Digital Audiobook Listening Experience in Everyday Living Spaces,2021,chi_2021.bib,True
10.1145/3411764.3445767,Patterns for Representing Knowledge Graphs to Communicate Situational Knowledge of Service Robots,2021,chi_2021.bib,True
10.1145/3411764.3445602,Proceed with Care: Reimagining Home IoT Through a Care Perspective,2021,chi_2021.bib,True
10.1145/3411764.3445212,"Understanding Everyday Experiences of Reminiscence for People with Blindness: Practices, Tensions and Probing New Design Possibilities",2021,chi_2021.bib,True
10.1145/3411764.3445079,Blending into Everyday Life: Designing a Social Media-Based Peer Support System,2021,chi_2021.bib,True
10.1145/3411764.3445359,What Happens After Death? Using a Design Workbook to Understand User Expectations for Preparing their Data,2021,chi_2021.bib,True
10.1145/3411764.3445316,Keeper: A Synchronous Online Conversation Environment Informed by In-Person Facilitation Practices,2021,chi_2021.bib,True
10.1145/3411764.3445779,Dark Patterns and the Legal Requirements of Consent Banners: An Interaction Criticism Perspective,2021,chi_2021.bib,True
10.1145/3411764.3445341,Designing Civic Technology with Trust,2021,chi_2021.bib,True
10.1145/3411764.3445699,Seeing is Believing: Exploring Perceptual Differences in DeepFake Videos,2021,chi_2021.bib,True
10.1145/3411764.3445607,“It's a Kind of Art!”: Understanding Food Influencers as Influential Content Creators,2021,chi_2021.bib,True
10.1145/3411764.3445584,Are You Open? A Content Analysis of Transparency and Openness Guidelines in HCI Journals,2021,chi_2021.bib,True
10.1145/3411764.3445370,A Critique of Electrodermal Activity Practices at CHI,2021,chi_2021.bib,True
10.1145/3411764.3445301,“I Might be Using His… But It is Also Mine!”: Ownership and Control in Accounts Designed for Sharing,2021,chi_2021.bib,True
10.1145/3411764.3445082,Clandestino or Rifugiato?Anti-immigration Facebook Ad Targeting in Italy✱,2021,chi_2021.bib,True
10.1145/3411764.3445053,Using Job Characteristics to Inform Interface Design for Industrial Maintenance Procedures,2021,chi_2021.bib,True
10.1145/3411764.3445634,"Spreadsheet Comprehension: Guesswork, Giving Up and Going Back to the Author",2021,chi_2021.bib,True
10.1145/3411764.3445642,"Perverse Downstream Consequences of Debunking: Being Corrected by Another User for Posting False Political News Increases Subsequent Sharing of Low Quality, Partisan, and Toxic Content in a Twitter Field Experiment",2021,chi_2021.bib,True
10.1145/3411764.3445203,Understanding the Usage of Online Media for Parenting from Infancy to Preschool At Scale,2021,chi_2021.bib,True
10.1145/3411764.3445650,Trust in Collaborative Automation in High Stakes Software Engineering Work: A Case Study at NASA,2021,chi_2021.bib,True
10.1145/3411764.3445234,Determining the Effect of Smartphone Alerts and Warnings on Street-Crossing Behavior in Non-Mobility-Impaired Older and Younger Adults,2021,chi_2021.bib,True
10.1145/3411764.3445250,Auditing E-Commerce Platforms for Algorithmically Curated Vaccine Misinformation,2021,chi_2021.bib,True
10.1145/3411764.3445373,"Feeling Colours: Crossmodal Correspondences Between Tangible 3D Objects, Colours and Emotions",2021,chi_2021.bib,True
10.1145/3411764.3445586,Interaction Illustration Taxonomy: Classification of Styles and Techniques for Visually Representing Interaction Scenarios,2021,chi_2021.bib,True
10.1145/3411764.3445215,Color by Numbers: Interactive Structuring and Vectorization of Sketch Imagery,2021,chi_2021.bib,True
10.1145/3411764.3445158,CASSIE: Curve and Surface Sketching in Immersive Environments,2021,chi_2021.bib,True
10.1145/3411764.3445288,KeyTch: Combining the Keyboard with a Touchscreen for Rapid Command Selection on Toolbars,2021,chi_2021.bib,False
10.1145/3411764.3445340,Distractor Effects on Crossing-Based Interaction,2021,chi_2021.bib,True
10.1145/3411764.3445580,Impact of Task on Attentional Tunneling in Handheld Augmented Reality,2021,chi_2021.bib,True
10.1145/3411764.3445147,Preserving Agency During Electrical Muscle Stimulation Training Speeds up Reaction Time Directly After Removing EMS,2021,chi_2021.bib,True
10.1145/3411764.3445772,Interaction Pace and User Preferences,2021,chi_2021.bib,True
10.1145/3411764.3445081,BackSwipe: Back-of-device Word-Gesture Interaction on Smartphones,2021,chi_2021.bib,True
10.1145/3411764.3445166,PhraseFlow: Designs and Empirical Studies of Phrase-Level Input,2021,chi_2021.bib,True
10.1145/3411764.3445169,PrivacyMic: Utilizing Inaudible Frequencies for Privacy Preserving Daily Activity Recognition,2021,chi_2021.bib,True
10.1145/3411764.3445066,Think-Aloud Computing: Supporting Rich and Low-Effort Knowledge Capture,2021,chi_2021.bib,True
10.1145/3411764.3445669,Comparing Perspectives Around Human and Technology Support for Contact Tracing,2021,chi_2021.bib,True
10.1145/3411764.3445086,Examining Mobility Among People Living with HIV in Rural Areas,2021,chi_2021.bib,True
10.1145/3411764.3445706,Living with Uncertainty and Stigma: Self-Experimentation and Support-Seeking around Polycystic Ovary Syndrome,2021,chi_2021.bib,True
10.1145/3411764.3445087,StoryMap: Using Social Modeling and Self-Modeling to Support Physical Activity Among Families of Low-SES Backgrounds,2021,chi_2021.bib,True
10.1145/3411764.3445189,Health Data in Fertility Care: An Ecological Perspective,2021,chi_2021.bib,True
10.1145/3411764.3445091,"Online Transgender Health Information Seeking: Facilitators, Barriers, and Future Directions",2021,chi_2021.bib,True
10.1145/3411764.3445657,The Medical Authority of AI: A Study of AI-enabled Consumer-Facing Health Technology,2021,chi_2021.bib,True
10.1145/3411764.3445662,"Avoiding Reactions Outside the Home: Challenges, Strategies, and Opportunities to Enhance Dining Out Experiences of People with Food Hypersensitivities",2021,chi_2021.bib,True
10.1145/3411764.3445213,"Assessing MyData Scenarios: Ethics, Concerns, and the Promise",2021,chi_2021.bib,True
10.1145/3411764.3445587,“They don’t always think about that”: Translational Needs in the Design of Personal Health Informatics Applications,2021,chi_2021.bib,True
10.1145/3411764.3445247,Understanding the Role of Technology to Support Breastfeeding,2021,chi_2021.bib,True
10.1145/3411764.3445448,Heterogeneous Stroke: Using Unique Vibration Cues to Improve the Wrist-Worn Spatiotemporal Tactile Display,2021,chi_2021.bib,True
10.1145/3411764.3445543,MagnetIO: Passive yet Interactive Soft Haptic Patches Anywhere,2021,chi_2021.bib,True
10.1145/3411764.3445777,ThermoCaress: A Wearable Haptic Device with Illusory Moving Thermal Stimulation,2021,chi_2021.bib,True
10.1145/3411764.3445355,“Grip-that-there”: An Investigation of Explicit and Implicit Task Allocation Techniques for Human-Robot Collaboration,2021,chi_2021.bib,True
10.1145/3411764.3445761,Increasing Electrical Muscle Stimulation's Dexterity by means of Back of the Hand Actuation,2021,chi_2021.bib,True
10.1145/3411764.3445369,Ungrounded Vari-Dimensional Tactile Fingertip Feedback for Virtual Object Interaction,2021,chi_2021.bib,True
10.1145/3411764.3445676,GuideCopter - A Precise Drone-Based Haptic Guidance Interface for Blind or Visually Impaired People,2021,chi_2021.bib,True
10.1145/3411764.3445623,Squish This: Force Input on Soft Surfacesfor Visual Targeting Tasks,2021,chi_2021.bib,True
10.1145/3411764.3445456,Visuo-haptic Illusions for Linear Translation and Stretching using Physical Proxies in Virtual Reality,2021,chi_2021.bib,True
10.1145/3411764.3445123,Soma-noti: Delivering Notifications Through Under-clothing Wearables,2021,chi_2021.bib,True
10.1145/3411764.3445608,“Good Enough!”: Flexible Goal Achievement with Margin-based Outcome Evaluation,2021,chi_2021.bib,True
10.1145/3411764.3445313,“That courage to encourage”: Participation and Aspirations in Chat-based Peer Support for Youth Living with HIV,2021,chi_2021.bib,True
10.1145/3411764.3445276,Transgender People’s Technology Needs to Support Health and Transition,2021,chi_2021.bib,True
10.1145/3411764.3445545,Can You Hear My Heartbeat?: Hearing an Expressive Biosignal Elicits Empathy,2021,chi_2021.bib,True
10.1145/3411764.3445362,“It’s About Missing Much More Than the People”: How Students use Digital Technologies to Alleviate Homesickness,2021,chi_2021.bib,True
10.1145/3411764.3445100,Self-E: Smartphone-Supported Guidance for Customizable Self-Experimentation,2021,chi_2021.bib,True
10.1145/3411764.3445151,TiltChair: Manipulative Posture Guidance by Actively Inclining the Seat of an Office Chair,2021,chi_2021.bib,True
10.1145/3411764.3445695,"Not Now, Ask Later: Users Weaken Their Behavior Change Regimen Over Time, But Expect To Re-Strengthen It Imminently",2021,chi_2021.bib,True
10.1145/3411764.3445295,Sticky Goals: Understanding Goal Commitments for Behavioral Changes in the Wild,2021,chi_2021.bib,True
10.1145/3411764.3445111,Illustrating the Gaps and Needs in the Training Support of Community Health Workers in India,2021,chi_2021.bib,True
10.1145/3411764.3445605,Religion and Women’s Intimate Health: Towards an Inclusive Approach to Healthcare,2021,chi_2021.bib,True
10.1145/3411764.3445496,KiTT - The Kinaesthetics Transfer Teacher: Design and Evaluation of a Tablet-based System to Promote the Learning of Ergonomic Patient Transfers,2021,chi_2021.bib,True
10.1145/3411764.3445753,Does Clickbait Actually Attract More Clicks? Three Clickbait Studies You Must Read,2021,chi_2021.bib,True
10.1145/3411764.3445260,Human Perceptions on Moral Responsibility of AI: A Case Study in AI-Assisted Bail Decision-Making,2021,chi_2021.bib,True
10.1145/3411764.3445604,Towards Fairness in Practice: A Practitioner-Oriented Rubric for Evaluating Fair ML Toolkits,2021,chi_2021.bib,True
10.1145/3411764.3445315,Manipulating and Measuring Model Interpretability,2021,chi_2021.bib,True
10.1145/3411764.3445256,Effects of Communication Directionality and AI Agent Differences in Human-AI Interaction,2021,chi_2021.bib,True
10.1145/3411764.3445377,Engaging Teachers to Co-Design Integrated AI Curriculum for K-12 Classrooms,2021,chi_2021.bib,True
10.1145/3411764.3445627,Towards Understanding Perceptual Differences between Genuine and Face-Swapped Videos,2021,chi_2021.bib,True
10.1145/3411764.3445629,Domestic Robots and the Dream of Automation: Understanding Human Interaction and Intervention,2021,chi_2021.bib,True
10.1145/3411764.3445579,"Designers Characterize Naturalness in Voice User Interfaces: Their Goals, Practices, and Challenges",2021,chi_2021.bib,True
10.1145/3411764.3445659,"Trade-offs for Substituting a Human with an Agent in a Pair Programming Context: The Good, the Bad, and the Ugly",2021,chi_2021.bib,True
10.1145/3411764.3445206,What Do We See in Them? Identifying Dimensions of Partner Models for Speech Interfaces Using a Psycholexical Approach,2021,chi_2021.bib,True
10.1145/3411764.3445365,Effect of Information Presentation on Fairness Perceptions of Machine Learning Predictors,2021,chi_2021.bib,True
10.1145/3411764.3445505,The Technology-Mediated Reflection Model: Barriers and Assistance in Data-Driven Reflection,2021,chi_2021.bib,True
10.1145/3411764.3445235,AffectiveSpotlight: Facilitating the Communication of Affective Responses from Audience Members during Online Presentations,2021,chi_2021.bib,True
10.1145/3411764.3445504,Hidden Interaction Techniques: Concealed Information Acquisition and Texting on Smartphones and Wearables,2021,chi_2021.bib,True
10.1145/3411764.3445640,"Tea, Earl Grey, Hot: Designing Speech Interactions from the Imagined Ideal of Star Trek",2021,chi_2021.bib,True
10.1145/3411764.3445409,Firefox Voice: An Open and Extensible Voice Assistant Built Upon the Web,2021,chi_2021.bib,True
10.1145/3411764.3445430,Acceptability of Speech and Silent Speech Input Methods in Private and Public,2021,chi_2021.bib,True
10.1145/3411764.3445615,MeetingCoach: An Intelligent Dashboard for Supporting Effective & Inclusive Meetings,2021,chi_2021.bib,True
10.1145/3411764.3445729,Proxemics and Social Interactions in an Instrumented Virtual Reality Workshop,2021,chi_2021.bib,True
10.1145/3411764.3445401,Experiencing Simulated Confrontations in Virtual Reality,2021,chi_2021.bib,True
10.1145/3411764.3445445,Designing Conversational Agents: A Self-Determination Theory Approach,2021,chi_2021.bib,True
10.1145/3411764.3445318,When the Social Becomes Non-Human: Young People's Perception of Social Support in Chatbots,2021,chi_2021.bib,True
10.1145/3411764.3445656,Tracing Conceptions of the Body in HCI: From User to More-Than-Human,2021,chi_2021.bib,True
10.1145/3411764.3445773,Understanding the Design Space of Embodied Passwords based on Muscle Memory,2021,chi_2021.bib,True
10.1145/3411764.3445471,Designing Menstrual Technologies with Adolescents,2021,chi_2021.bib,True
10.1145/3411764.3445052,Azalea: Co-experience in Remote Dialog through Diminished Reality and Somaesthetic Interaction Design,2021,chi_2021.bib,True
10.1145/3411764.3445533,Exploring Awareness of Breathing through Deep Touch Pressure,2021,chi_2021.bib,True
10.1145/3411764.3445379,Towards “Avatar-Friendly” 3D Manipulation Techniques: Bridging the Gap Between Sense of Embodiment and Interaction in Virtual Reality,2021,chi_2021.bib,True
10.1145/3411764.3445137,Interoceptive Interaction: An Embodied Metaphor Inspired Approach to Designing for Meditation,2021,chi_2021.bib,True
10.1145/3411764.3445628,“Feeling the Sensor Feeling you”: A Soma Design Exploration on Sensing Non-habitual Breathing,2021,chi_2021.bib,True
10.1145/3411764.3445700,The Design Space of Wearables for Sports and Fitness Practices,2021,chi_2021.bib,True
10.1145/3411764.3445482,Articulating Soma Experiences using Trajectories,2021,chi_2021.bib,True
10.1145/3411764.3445548,Exploring Smartphone Relationships through Roland Barthes using an Instrumented Pillow Technology Probe,2021,chi_2021.bib,True
10.1145/3411764.3445242,Understanding Blind Screen-Reader Users’ Experiences of Digital Artboards,2021,chi_2021.bib,True
10.1145/3411764.3445233,What Makes Videos Accessible to Blind and Visually Impaired People?,2021,chi_2021.bib,True
10.1145/3411764.3445510,Detecting and Defending Against Seizure-Inducing GIFs in Social Media,2021,chi_2021.bib,True
10.1145/3411764.3445455,Latte: Use-Case and Assistive-Service Driven Automated Accessibility Testing Framework for Android,2021,chi_2021.bib,True
10.1145/3411764.3445186,Screen Recognition: Creating Accessibility Metadata for Mobile Applications from Pixels,2021,chi_2021.bib,True
10.1145/3411764.3445572,Say It All: Feedback for Improving Non-Visual Presentation Accessibility,2021,chi_2021.bib,True
10.1145/3411764.3445347,Toward Automatic Audio Description Generation for Accessible Videos,2021,chi_2021.bib,True
10.1145/3411764.3445207,Technology Developments in Touch-Based Accessible Graphics: A Systematic Review of Research 2010-2020,2021,chi_2021.bib,True
10.1145/3411764.3445038,Comparison of Methods for Evaluating Complexity of Simplified Texts among Deaf and Hard-of-Hearing Adults at Different Literacy Levels,2021,chi_2021.bib,True
10.1145/3411764.3445647,TapeBlocks: A Making Toolkit for People Living with Intellectual Disabilities,2021,chi_2021.bib,True
10.1145/3411764.3445115,Optimal Action-based or User Prediction-based Haptic Guidance: Can You Do Even Better?,2021,chi_2021.bib,True
10.1145/3411764.3445626,"TapNet: The Design, Training, Implementation, and Applications of a Multi-Task Learning CNN for Off-Screen Mobile Input",2021,chi_2021.bib,True
10.1145/3411764.3445106,"FingerText: Exploring and Optimizing Performance for Wearable, Mobile and One-Handed Typing",2021,chi_2021.bib,True
10.1145/3411764.3445631,A Computational Approach to Magnetic Force Feedback Design,2021,chi_2021.bib,True
10.1145/3411764.3445184,A Probabilistic Interpretation of Motion Correlation Selection Techniques,2021,chi_2021.bib,True
10.1145/3411764.3445514,A Simulation Model of Intermittently Controlled Point-and-Click Behaviour,2021,chi_2021.bib,True
10.1145/3411764.3445671,"Understanding, Detecting and Mitigating the Effects of Coactivations in Ten-Finger Mid-Air Typing in Virtual Reality",2021,chi_2021.bib,True
10.1145/3411764.3445177,An Adaptive Model of Gaze-based Selection,2021,chi_2021.bib,True
10.1145/3411764.3445621,CapContact: Super-resolution Contact Areas from Capacitive Touchscreens,2021,chi_2021.bib,True
10.1145/3411764.3445349,XRgonomics: Facilitating the Creation of Ergonomic 3D Interfaces,2021,chi_2021.bib,True
10.1145/3411764.3445766,Gesture Knitter: A Hand Gesture Design Tool for Head-Mounted Mixed Reality Applications,2021,chi_2021.bib,True
10.1145/3411764.3445138,Vid2Doppler: Synthesizing Doppler Radar Data from Videos for Training Privacy-Preserving Activity Recognition,2021,chi_2021.bib,True
10.1145/3411764.3445167,Wanting To Live Here: Design After Anthropocentric Functionalism,2021,chi_2021.bib,True
10.1145/3411764.3445175,We Can Do More to Save Guqin: Design and Evaluate Interactive Systems to Make Guqin More Accessible to the General Public,2021,chi_2021.bib,True
10.1145/3411764.3445375,Identity Claims that Underlie Ethical Awareness and Action,2021,chi_2021.bib,True
10.1145/3411764.3445253,Identifying Manipulative Advertising Techniques in XR Through Scenario Construction,2021,chi_2021.bib,True
10.1145/3411764.3445314,HCI Tactics for Politics from Below: Meeting the Challenges of Smart Cities,2021,chi_2021.bib,True
10.1145/3411764.3445244,Conversational Futures: Emancipating Conversational Interactions for Futures Worth Wanting,2021,chi_2021.bib,True
10.1145/3411764.3445268,Community Supported Agriculture: The Concept of Solidarity in Mitigating Between Harvests and Needs,2021,chi_2021.bib,True
10.1145/3411764.3445069,A Decade of Sustainable HCI: Connecting SHCI to the Sustainable Development Goals,2021,chi_2021.bib,True
10.1145/3411764.3445059,Queuing for Waste: Sociotechnical Interactions within a Food Sharing Community,2021,chi_2021.bib,True
10.1145/3411764.3445389,It Takes More Than One Hand to Clap: On the Role of ‘Care’ in Maintaining Design Results.,2021,chi_2021.bib,True
10.1145/3411764.3445263,On Activism and Academia: Reflecting Together and Sharing Experiences Among Critical Friends,2021,chi_2021.bib,True
10.1145/3411764.3445661,PV-Pix: Slum Community Co-design of Self-Powered Deformable Smart Messaging Materials,2021,chi_2021.bib,True
10.1145/3411764.3445655,Algorithmic Food Justice: Co-Designing More-than-Human Blockchain Futures for the Food Commons,2021,chi_2021.bib,True
10.1145/3411764.3445165,Spatial Labeling: Leveraging Spatial Layout for Improving Label Quality in Non-Expert Image Annotation,2021,chi_2021.bib,True
10.1145/3411764.3445527,Fork It: Supporting Stateful Alternatives in Computational Notebooks,2021,chi_2021.bib,True
10.1145/3411764.3445048,NBSearch: Semantic Search and Visual Exploration of Computational Notebooks,2021,chi_2021.bib,True
10.1145/3411764.3445267,"Glinda: Supporting Data Science with Live Programming, GUIs and a Domain-specific Language",2021,chi_2021.bib,True
10.1145/3411764.3445538,UMLAUT: Debugging Deep Learning Programs using Program Structure and Model Behavior,2021,chi_2021.bib,True
10.1145/3411764.3445265,TweakIt: Supporting End-User Programmers Who Transmogrify Code,2021,chi_2021.bib,True
10.1145/3411764.3445567,Understanding Trigger-Action Programs Through Novel Visualizations of Program Differences,2021,chi_2021.bib,True
10.1145/3411764.3445654,Visualizing Examples of Deep Neural Networks at Scale,2021,chi_2021.bib,True
10.1145/3411764.3445682,What We Can Learn From Visual Artists About Software Development,2021,chi_2021.bib,True
10.1145/3411764.3445326,Spacewalker: Rapid UI Design Exploration Using Lightweight Markup Enhancement and Crowd Genetic Programming,2021,chi_2021.bib,True
10.1145/3411764.3445043,ReverseORC: Reverse Engineering of Resizable User Interface Layouts with OR-Constraints,2021,chi_2021.bib,True
10.1145/3411764.3445765,GestureMap: Supporting Visual Analytics and Quantitative Analysis of Motion Elicitation Data by Learning 2D Embeddings,2021,chi_2021.bib,True
10.1145/3411764.3445457,Styling Words: A Simple and Natural Way to Increase Variability in Training Data Collection for Gesture Recognition,2021,chi_2021.bib,True
10.1145/3411764.3445784,UISketch: A Large-Scale Dataset of UI Element Sketches,2021,chi_2021.bib,True
10.1145/3411764.3445358,Improving Viewing Experiences of First-Person Shooter Gameplays with Automatically-Generated Motion Effects,2021,chi_2021.bib,True
10.1145/3411764.3445143,Understanding Tilt in Esports: A Study on Young League of Legends Players,2021,chi_2021.bib,True
10.1145/3411764.3445073,Virtual Reality Esports - Understanding Competitive Players’ Perceptions of Location Based VR Esports,2021,chi_2021.bib,True
10.1145/3411764.3445248,“Why Are You Playing Games? You Are a Girl!”: Exploring Gender Biases in Esports,2021,chi_2021.bib,True
10.1145/3411764.3445733,“Constant Pressure of Having to Perform”: Exploring Player Health Concerns in Esports,2021,chi_2021.bib,True
10.1145/3411764.3445363,The Ethics of Multiplayer Game Design and Community Management: Industry Perspectives and Challenges,2021,chi_2021.bib,True
10.1145/3411764.3445245,Lower is Better? The Effects of Local Latencies on Competitive First-Person Shooter Game Players,2021,chi_2021.bib,True
10.1145/3411764.3445072,The Gang’s All Here: How People Used Games to cope with COVID19 Quarantine,2021,chi_2021.bib,True
10.1145/3411764.3445287,Disentangling the Motivational Pathways of Recreational Esports Gamblers: A Laddering Study,2021,chi_2021.bib,True
10.1145/3411764.3445511,Mapping Design Spaces for Audience Participation in Game Live Streaming,2021,chi_2021.bib,True
10.1145/3411764.3445174,What Players Want: Information Needs of Players on Post-Game Visualizations,2021,chi_2021.bib,True
10.1145/3411764.3445217,Secrets of Gosu: Understanding Physical Combat Skills of Professional Players in First-Person Shooters,2021,chi_2021.bib,True
10.1145/3411764.3445114,Standing in the Way of Control: A Call to Action to Prevent Abuse through Better Design of Smart Technologies,2021,chi_2021.bib,False
10.1145/3411764.3445121,Bedtime Window: A Field Study Connecting Bedrooms of Long-Distance Couples Using a Slow Photo-Stream and Shared Real-Time Inking,2021,chi_2021.bib,True
10.1145/3411764.3445200,Significant Otter: Understanding the Role of Biosignals in Communication,2021,chi_2021.bib,True
10.1145/3411764.3445405,"What Life Events are Disclosed on Social Media, How, When, and By Whom?",2021,chi_2021.bib,True
10.1145/3411764.3445353,Armed in ARMY: A Case Study of How BTS Fans Successfully Collaborated to #MatchAMillion for Black Lives Matter,2021,chi_2021.bib,True
10.1145/3411764.3445320,Understanding Analytics Needs of Video Game Streamers,2021,chi_2021.bib,True
10.1145/3411764.3445397,#StayHome #WithMe: How Do YouTubers Help with COVID-19 Loneliness?,2021,chi_2021.bib,True
10.1145/3411764.3445664,"Meeting You, Seeing Me: The Role of Social Anxiety, Visual Feedback, and Interface Layout in a Get-to-Know-You Task via Video Chat.",2021,chi_2021.bib,True
10.1145/3411764.3445776,"Online Mingling: Supporting Ad Hoc, Private Conversations at Virtual Conferences",2021,chi_2021.bib,True
10.1145/3411764.3445092,The Psychological Well-Being of Content Moderators: The Emotional Labor of Commercial Moderation and Avenues for Improving Support,2021,chi_2021.bib,True
10.1145/3411764.3445757,Mediating Intimacy with DearBoard: a Co-Customizable Keyboard for Everyday Messaging,2021,chi_2021.bib,True
10.1145/3411764.3445118,“Oops...”: Mobile Message Deletion in Conversation Error and Regret Remediation,2021,chi_2021.bib,True
10.1145/3411764.3445534,Fighting Fires and Powering Steam Locomotives: Distribution of Control and Its Role in Social Interaction at Tangible Interactive Museum Exhibits,2021,chi_2021.bib,True
10.1145/3411764.3445715,The Show Must Go On: A Conceptual Model of Conducting Synchronous Participatory Design With Children Online,2021,chi_2021.bib,True
10.1145/3411764.3445436,"All in One Group: Current Practices, Lessons and Challenges of Chinese Home-School Communication in IM Group Chat",2021,chi_2021.bib,True
10.1145/3411764.3445044,Exploring the Opportunities for Online Learning Platforms to Support the Emergency Home School Context,2021,chi_2021.bib,True
10.1145/3411764.3445428,Learning from Home: A Mixed-Methods Analysis of Live Streaming Based Remote Education Experience in Chinese Colleges during the COVID-19 Pandemic,2021,chi_2021.bib,True
10.1145/3411764.3445429,The Ecological Context of Preschool-Aged Children’s Selection of Media Content,2021,chi_2021.bib,True
10.1145/3411764.3445450,"Remote Learners, Home Makers: How Digital Fabrication Was Taught Online During a Pandemic",2021,chi_2021.bib,True
10.1145/3411764.3445240,“It Feels Like I am Talking into a Void”: Understanding Interaction Gaps in Synchronous Online Classrooms,2021,chi_2021.bib,True
10.1145/3411764.3445541,The Kids Are / Not / Sort of All Right*,2021,chi_2021.bib,True
10.1145/3411764.3445275,What Are You Doing With Your Phone? How Social Class Frames Parent-Teen Tensions around Teens’ Smartphone Use,2021,chi_2021.bib,True
10.1145/3411764.3445635,"Connected Learning, Collapsed Contexts: Examining Teens’ Sociotechnical Ecosystems Through the Lens of Digital Badges",2021,chi_2021.bib,True
10.1145/3411764.3445222,Personalizing Ambience and Illusionary Presence: How People Use “Study with me” Videos to Create Effective Studying Environments,2021,chi_2021.bib,True
10.1145/3411764.3445239,What do Teens Make of Personal Informatics? Young People's Responses to Self-Tracking Practices for Self-Determined Motives,2021,chi_2021.bib,True
10.1145/3411764.3445282,CHI Against Bullying: Taking Stock of the Past and Envisioning the Future,2021,chi_2021.bib,True
10.1145/3411764.3445680,Older Adults’ Think-Aloud Verbalizations and Speech Features for Identifying User Experience Problems,2021,chi_2021.bib,True
10.1145/3411764.3445758,“I Am Iron Man”: Priming Improves the Learnability and Memorability of User-Elicited Gestures,2021,chi_2021.bib,True
10.1145/3411764.3445610,"What Makes a Dark Pattern... Dark? Design Attributes, Normative Considerations, and Measurement Methods",2021,chi_2021.bib,True
10.1145/3411764.3445459,What Makes a “Bad” Ad? User Perceptions of Problematic Online Advertising,2021,chi_2021.bib,True
10.1145/3411764.3445519,Do Cross-Cultural Differences in Visual Attention Patterns Affect Search Efficiency on Websites?,2021,chi_2021.bib,True
10.1145/3411764.3445560,SpatialProto: Exploring Real-World Motion Captures for Rapid Prototyping of Interactive Mixed Reality,2021,chi_2021.bib,True
10.1145/3411764.3445096,Designing Interactive Transfer Learning Tools for ML Non-Experts,2021,chi_2021.bib,True
10.1145/3411764.3445639,Exploring a Feedback-Oriented Design Process Through Curved Folding,2021,chi_2021.bib,True
10.1145/3411764.3445673,The Development and Validation of the Technology-Supported Reflection Inventory,2021,chi_2021.bib,True
10.1145/3411764.3445112,Data Agents: Promoting Reflection through Meaningful Representations of Personal Data in Everyday Life,2021,chi_2021.bib,True
10.1145/3411764.3445467,How the Design of YouTube Influences User Sense of Agency,2021,chi_2021.bib,True
10.1145/3411764.3445202,Aiki - Turning Online Procrastination into Microlearning,2021,chi_2021.bib,True
10.1145/3411764.3445159,Context-Based Interface Prototyping: Understanding the Effect of Prototype Representation on User Feedback,2021,chi_2021.bib,True
10.1145/3411764.3445412,What Do We Mean by “Accessibility Research”? A Literature Survey of Accessibility Papers in CHI and ASSETS from 1994 to 2019,2021,chi_2021.bib,True
10.1145/3411764.3445321,“I Choose Assistive Devices That Save My Face”: A Study on Perceptions of Accessibility and Assistive Technology Use Conducted in China,2021,chi_2021.bib,True
10.1145/3411764.3445150,Exploring A Reporting Tool to Empower Individuals with Intellectual and Developmental Disabilities to Self-Report Abuse,2021,chi_2021.bib,True
10.1145/3411764.3445756,Surfacing the Voices of People with Dementia: Strategies for Effective Inclusion of Proxy Stakeholders in Qualitative Research,2021,chi_2021.bib,True
10.1145/3411764.3445498,"“It’s Complicated”: Negotiating Accessibility and (Mis)Representation in Image Descriptions of Race, Gender, and Disability",2021,chi_2021.bib,True
10.1145/3411764.3445277,The Burden of Survival: How Doctoral Students in Computing Bridge the Chasm of Inaccessibility,2021,chi_2021.bib,True
10.1145/3411764.3445168,"Priorities, Technology, & Power: Co-Designing an Inclusive Transit Agenda in Kampala, Uganda",2021,chi_2021.bib,True
10.1145/3411764.3445620,"Nuanced Perspectives Toward Disability Simulations from Digital Designers, Blind, Low Vision, and Color Blind People",2021,chi_2021.bib,True
10.1145/3411764.3445070,“I...Got my Nose-Print. But it Wasn’t Accurate”: How People with Upper Extremity Impairment Authenticate on their Personal Computing Devices,2021,chi_2021.bib,True
10.1145/3411764.3445180,Digital Design Marginalization: New Perspectives on Designing Inclusive Interfaces,2021,chi_2021.bib,True
10.1145/3411764.3445291,Investigating the Accessibility of Crowdwork Tasks on Mechanical Turk,2021,chi_2021.bib,True
10.1145/3411764.3445046,Explainable Automatic Evaluation of the Trail Making Test for Dementia Screening,2021,chi_2021.bib,True
10.1145/3411764.3445129,Shing: A Conversational Agent to Alert Customers of Suspected Online-payment Fraud with Empathetical Communication Skills,2021,chi_2021.bib,True
10.1145/3411764.3445645,Towards Mutual Theory of Mind in Human-AI Interaction: How Language Reflects What Students Perceive About a Virtual Teaching Assistant,2021,chi_2021.bib,True
10.1145/3411764.3445171,SEMOUR: A Scripted Emotional Speech Repository for Urdu,2021,chi_2021.bib,True
10.1145/3411764.3445735,Planning for Natural Language Failures with the AI Playbook,2021,chi_2021.bib,True
10.1145/3411764.3445281,Finding the Needle in a Haystack: On the Automatic Identification of Accessibility User Reviews,2021,chi_2021.bib,True
10.1145/3411764.3445569,Designing Effective Interview Chatbots: Automatic Chatbot Profiling and Design Suggestion Generation for Chatbot Debugging,2021,chi_2021.bib,True
10.1145/3411764.3445308,Soliciting Stakeholders’ Fairness Notions in Child Maltreatment Predictive Systems,2021,chi_2021.bib,True
10.1145/3411764.3445782,Directed Diversity: Leveraging Language Embedding Distances for Collective Creativity in Crowd Ideation,2021,chi_2021.bib,True
10.1145/3411764.3445591,Cody: An AI-Based System to Semi-Automate Coding for Qualitative Research,2021,chi_2021.bib,True
10.1145/3411764.3445449,Exploring Semi-Supervised Learning for Predicting Listener Backchannels,2021,chi_2021.bib,True
10.1145/3411764.3445290,Social Sensemaking with AI: Designing an Open-ended AI Experience with a Blind Child,2021,chi_2021.bib,True
10.1145/3411764.3445723,Eliciting Tech Futures Among Black Young Adults: A Case Study of Remote Speculative Co-Design,2021,chi_2021.bib,True
10.1145/3411764.3445590,Reducing Uncertainty and Offering Comfort: Designing Technology for Coping with Interpersonal Racism,2021,chi_2021.bib,True
10.1145/3411764.3445383,Diagnosing Bias in the Gender Representation of HCI Research Participants: How it Happens and Where We Are,2021,chi_2021.bib,True
10.1145/3411764.3445742,Revisiting Gendered Web Forms: An Evaluation of Gender Inputs with (Non-)Binary People,2021,chi_2021.bib,True
10.1145/3411764.3445701,You’re Making Me Sick: A Systematic Review of How Virtual Reality Research Considers Gender & Cybersickness,2021,chi_2021.bib,True
10.1145/3411764.3445126,A Feminist Utopian Perspective on the Practice and Promise of Making,2021,chi_2021.bib,True
10.1145/3411764.3445778,Yes: Affirmative Consent as a Theoretical Framework for Understanding and Imagining Social Platforms,2021,chi_2021.bib,True
10.1145/3411764.3445500,"Selling Glossy, Easy Futures: A Feminist Exploration of Commercial Mental-Health-focused Self-Care Apps’ Descriptions in the Google Play Store",2021,chi_2021.bib,True
10.1145/3411764.3445107,What Can HCI Learn from Sexual Consent? A Feminist Process of Embodied Consent for Interactions with Emerging Technologies,2021,chi_2021.bib,True
10.1145/3411764.3445103,Getting Ourselves Together: Data-centered participatory design research & epistemic burden,2021,chi_2021.bib,True
10.1145/3411764.3445058,The Technology Is Enemy for Me at the Moment: How Smart Home Technologies Assert Control Beyond Intent,2021,chi_2021.bib,True
10.1145/3411764.3445153,Resisting the Medicalisation of Menopause: Reclaiming the Body through Design,2021,chi_2021.bib,True
10.1145/3411764.3445132,Caring for Intimate Data in Fertility Technologies,2021,chi_2021.bib,True
10.1145/3411764.3445054,Vibrosight++: City-Scale Sensing Using Existing Retroreflective Signs and Markers,2021,chi_2021.bib,True
10.1145/3411764.3445552,DistanciAR: Authoring Site-Specific Augmented Reality Experiences for Remote Environments,2021,chi_2021.bib,True
10.1145/3411764.3445302,HandPainter - 3D Sketching in VR with Hand-based Physical Proxy,2021,chi_2021.bib,True
10.1145/3411764.3445648,"Augmenting Scientific Papers with Just-in-Time, Position-Sensitive Definitions of Terms and Symbols",2021,chi_2021.bib,True
10.1145/3411764.3446864,Figaro: A Tabletop Authoring Environment for Human-Robot Interaction,2021,chi_2021.bib,True
10.1145/3411764.3445732,Appliancizer: Transforming Web Pages into Electronic Devices,2021,chi_2021.bib,True
10.1145/3411764.3445573,CoCapture: Effectively Communicating UI Behaviors on Existing Websites by Demonstrating and Remixing,2021,chi_2021.bib,True
10.1145/3411764.3445283,AdapTutAR: An Adaptive Tutoring System for Machine Tasks in Augmented Reality,2021,chi_2021.bib,True
10.1145/3411764.3445254,"HapticSeer: A Multi-channel, Black-box, Platform-agnostic Approach to Detecting Video Game Events for Real-time Haptic Feedback",2021,chi_2021.bib,True
10.1145/3411764.3445502,Itsy-Bits: Fabrication and Recognition of 3D-Printed Tangibles with Small Footprints on Capacitive Touchscreens,2021,chi_2021.bib,True
10.1145/3411764.3445641,"Oh, Snap! A Fabrication Pipeline to Magnetically Connect Conventional and 3D-Printed Electronics",2021,chi_2021.bib,True
10.1145/3411764.3445404,WallTokens: Surface Tangibles for Vertical Displays,2021,chi_2021.bib,True
10.1145/3411764.3445342,ArticuLev: An Integrated Self-Assembly Pipeline for Articulated Multi-Bead Levitation Primitives,2021,chi_2021.bib,True
10.1145/3411764.3445762,VINS: Visual Search for Mobile User Interface Design,2021,chi_2021.bib,True
10.1145/3411764.3445551,Documented: Embedding Information onto and Retrieving Information from 3D Printed Objects,2021,chi_2021.bib,True
10.1145/3411764.3445346,Flower Jelly Printer: Slit Injection Printing for Parametrically Designed Flower Jelly,2021,chi_2021.bib,True
10.1145/3411764.3445395,Medical Maker Response to COVID-19: Distributed Manufacturing Infrastructure for Stopgap Protective Equipment,2021,chi_2021.bib,True
10.1145/3411764.3445325,MetaMap: Supporting Visual Metaphor Ideation through Multi-dimensional Example-based Exploration,2021,chi_2021.bib,True
10.1145/3411764.3445460,Constructing Embodied Algebra by Sketching,2021,chi_2021.bib,True
10.1145/3411764.3445529,"Unmaking: Enabling and Celebrating the Creative Material of Failure, Destruction, Decay, and Deformation",2021,chi_2021.bib,True
10.1145/3411764.3445360,Picturing It!: The Effect of Image Styles on User Perceptions of Personas,2021,chi_2021.bib,True
10.1145/3411764.3445062,How Digital Tools Impact Convergent and Divergent Thinking in Design Ideation,2021,chi_2021.bib,True
10.1145/3411764.3445311,"FlexTruss: A Computational Threading Method for Multi-material, Multi-form and Multi-use Prototyping",2021,chi_2021.bib,True
10.1145/3411764.3445220,ShrinCage: 4D Printing Accessories that Self-Adapt,2021,chi_2021.bib,True
10.1145/3411764.3445236,Exquisite Fabrication: Exploring Turn-taking between Designers and Digital Fabrication Machines,2021,chi_2021.bib,True
10.1145/3411764.3445744,Limited Control Over the Body as Intriguing Play Design Resource,2021,chi_2021.bib,True
10.1145/3411764.3445512,Tabletop Games in the Age of Remote Collaboration: Design Opportunities for a Socially Connected Game Experience,2021,chi_2021.bib,True
10.1145/3411764.3445279,Flag and Flaggability in Automated Moderation: The Case of Reporting Toxic Behavior in an Online Game Community,2021,chi_2021.bib,True
10.1145/3411764.3445157,Don’t You Know That You’re Toxic: Normalization of Toxicity in Online Gaming,2021,chi_2021.bib,True
10.1145/3411764.3445801,"Effect of Gameplay Uncertainty, Display Type, and Age on Virtual Reality Exergames",2021,chi_2021.bib,True
10.1145/3411764.3445163,Physical Warm-up Games: Exploring the Potential of Play and Technology Design,2021,chi_2021.bib,True
10.1145/3411764.3445622,Restraints as a Mechanic for Bodily Play,2021,chi_2021.bib,True
10.1145/3411764.3445592,Exploring the Design Space of Immersive Social Fitness Games: The ImSoFit Games Model,2021,chi_2021.bib,True
10.1145/3411764.3445492,Feels like Team Spirit: Biometric and Strategic Interdependence in Asymmetric Multiplayer VR Games,2021,chi_2021.bib,True
10.1145/3411764.3445785,Towards the Next Generation of Gaming Wearables,2021,chi_2021.bib,True
10.1145/3411764.3445515,Streaming VR Games to the Broad Audience: A Comparison of the First-Person and Third-Person Perspectives,2021,chi_2021.bib,True
10.1145/3411764.3445266,Journalistic Source Discovery: Supporting The Identification of News Sources in User Generated Content,2021,chi_2021.bib,True
10.1145/3411764.3445243,Large Scale Analysis of Multitasking Behavior During Remote Meetings,2021,chi_2021.bib,True
10.1145/3411764.3445399,Comparing Generic and Community-Situated Crowdsourcing for Data Validation in the Context of Recovery from Substance Use Disorders,2021,chi_2021.bib,True
10.1145/3411764.3445041,"Designing Telepresence Drones to Support Synchronous, Mid-air Remote Collaboration: An Exploratory Study",2021,chi_2021.bib,True
10.1145/3411764.3445774,Uncovering the Promises and Challenges of Social Media Use in the Low-Wage Labor Market: Insights from Employers,2021,chi_2021.bib,True
10.1145/3411764.3445686,Winder: Linking Speech and Visual Objects to Support Communication in Asynchronous Collaboration,2021,chi_2021.bib,True
10.1145/3411764.3445335,"Current Practices, Challenges, and Design Implications for Collaborative AR/VR Application Development",2021,chi_2021.bib,True
10.1145/3411764.3445305,“Why lose control?” A Study of Freelancers’ Experiences with Gig Economy Platforms,2021,chi_2021.bib,True
10.1145/3411764.3445681,Using Boolean Satisfiability Solvers to Help Reduce Cognitive Load and Improve Decision Making when Creating Common Academic Schedules,2021,chi_2021.bib,True
10.1145/3411764.3445633,The Role of Social Presence for Cooperation in Augmented Reality on Head Mounted Devices: A Literature Review,2021,chi_2021.bib,True
10.1145/3411764.3445310,Tele-Immersive Improv: Effects of Immersive Visualisations on Rehearsing and Performing Theatre Online,2021,chi_2021.bib,True
10.1145/3411764.3446866,Grand Challenges in Immersive Analytics,2021,chi_2021.bib,True
10.1145/3411764.3445152,Quantitative Data Visualisation on Virtual Globes,2021,chi_2021.bib,True
10.1145/3411764.3445649,Towards an Understanding of Situated AR Visualization for Basketball Free-Throw Training,2021,chi_2021.bib,True
10.1145/3411764.3445421,Data@Hand: Fostering Visual Exploration of Personal Data on Smartphones Leveraging Speech and Touch Interaction,2021,chi_2021.bib,True
10.1145/3411764.3445704,Haptic and Visual Comprehension of a 2D Graph Layout Through Physicalisation,2021,chi_2021.bib,True
10.1145/3411764.3445400,Collecting and Characterizing Natural Language Utterances for Specifying Data Visualizations,2021,chi_2021.bib,True
10.1145/3411764.3445439,It’s a Wrap: Toroidal Wrapping of Network Visualisations Supports Cluster Understanding Tasks,2021,chi_2021.bib,True
10.1145/3411764.3445508,"Sketchnote Components, Design Space Dimensions, and Strategies for Effective Visual Note Taking",2021,chi_2021.bib,True
10.1145/3411764.3445063,Datamations: Animated Explanations of Data Analysis Pipelines,2021,chi_2021.bib,True
10.1145/3411764.3445298,STREAM: Exploring the Combination of Spatially-Aware Tablets with Augmented Reality Head-Mounted Displays for Immersive Analytics,2021,chi_2021.bib,True
10.1145/3411764.3445651,MIRIA: A Mixed Reality Toolkit for the In-Situ Visualization and Analysis of Spatio-Temporal Interaction Data,2021,chi_2021.bib,True
10.1145/3411764.3445746,Reconfiguration Strategies with Composite Data Physicalizations,2021,chi_2021.bib,True
10.1145/3411764.3445532,Scene-Aware Behavior Synthesis for Virtual Pets in Mixed Reality,2021,chi_2021.bib,True
10.1145/3411764.3445751,Data-Driven Mark Orientation for Trend Estimation in Scatterplots,2021,chi_2021.bib,True
10.1145/3411764.3445142,When Screen Time Isn't Screen Time: Tensions and Needs Between Tweens and Their Parents During Nature-Based Exploration,2021,chi_2021.bib,True
10.1145/3411764.3445427,Parental Mediation for Young Children’s Use of Educational Media: A Case Study with Computational Toys and Kits,2021,chi_2021.bib,True
10.1145/3411764.3445713,Exploring Opportunities to Aid Generation of Input Action Ideas for Tangible User Interfaces,2021,chi_2021.bib,True
10.1145/3411764.3445726,RobotAR: An Augmented Reality Compatible Teleconsulting Robotics Toolkit for Augmented Makerspace Experiences,2021,chi_2021.bib,True
10.1145/3411764.3445191,Grandparents and Grandchildren Meeting Online: The Role of Material Things in Remote Settings,2021,chi_2021.bib,True
10.1145/3411764.3445688,MomentMeld: AI-augmented Mobile Photographic Memento towards Mutually Stimulatory Inter-generational Interaction,2021,chi_2021.bib,True
10.1145/3411764.3445376,The Lived Experience of Child-Owned Wearables: Comparing Children's and Parents’ Perspectives on Activity Tracking,2021,chi_2021.bib,True
10.1145/3411764.3445139,Making Sense of 3D Modelling and 3D Printing Activities of Young People: A Nexus Analytic Inquiry,2021,chi_2021.bib,True
10.1145/3411764.3445596,Digital Transformations of Classrooms in Virtual Reality,2021,chi_2021.bib,True
10.1145/3411764.3445711,Classroom Digital Twins with Instrumentation-Free Gaze Tracking,2021,chi_2021.bib,True
10.1145/3411764.3445764,Evaluating an App to Promote a Better Visit Through Shared Activities for People Living with Dementia and their Families,2021,chi_2021.bib,True
10.1145/3411764.3445057,Including Adults with Severe Intellectual Disabilities in Co-Design through Active Support,2021,chi_2021.bib,True
10.1145/3411764.3445090,”It’s Just Everything Outside of the IDE that’s the Problem”: Information Seeking by Software Developers with Visual Impairments,2021,chi_2021.bib,True
10.1145/3411764.3445521,Stitching Together the Experiences of Disabled Knitters,2021,chi_2021.bib,True
10.1145/3411764.3445544,Accessibility of Command Line Interfaces,2021,chi_2021.bib,True
10.1145/3411764.3445702,"Technology Adoption and Learning Preferences for Older Adults: Evolving Perceptions, Ongoing Challenges, and Emerging Design Opportunities",2021,chi_2021.bib,True
10.1145/3411764.3445752,Avatar-Mediated Communication in Social VR: An In-depth Exploration of Older Adult Interaction in an Emerging Communication Platform,2021,chi_2021.bib,True
10.1145/3411764.3445303,Chasing Play on TikTok from Populations with Disabilities to Inspire Playful and Inclusive Technology Design,2021,chi_2021.bib,True
10.1145/3411764.3445520,Accessibility of High-Fidelity Prototyping Tools,2021,chi_2021.bib,True
10.1145/3411764.3445547,Revamp: Enhancing Accessible Information Seeking Experience of Online Shopping for Blind or Low Vision Users,2021,chi_2021.bib,True
10.1145/3411764.3445638,Towards More Transactional Voice Assistants: Investigating the Potential for a Multimodal Voice-Activated Indoor Navigation Assistant for Blind and Sighted Travelers,2021,chi_2021.bib,True
10.1145/3411764.3445280,Designing AACs for People with Aphasia Dining in Restaurants,2021,chi_2021.bib,True
10.1145/3411764.3445750,Enabling Personal Computational Handweaving with a Low-Cost Jacquard Loom,2021,chi_2021.bib,True
10.1145/3411764.3445564,Engineering Multifunctional Spacer Fabrics Through Machine Knitting,2021,chi_2021.bib,True
10.1145/3411764.3445479,TexYZ: Embroidering Enameled Wires for Three Degree-of-Freedom Mutual Capacitive Sensing,2021,chi_2021.bib,True
10.1145/3411764.3445601,PatchProv: Supporting Improvisational Design Practices for Modern Quilting,2021,chi_2021.bib,True
10.1145/3411764.3445201,BezelGlide: Interacting with Graphs on Smartwatches with Minimal Screen Occlusion,2021,chi_2021.bib,True
10.1145/3411764.3445300,Stereo-Smell via Electrical Trigeminal Stimulation,2021,chi_2021.bib,True
10.1145/3411764.3445182,HulaMove: Using Commodity IMU for Waist Interaction,2021,chi_2021.bib,True
10.1145/3411764.3445475,BodyStylus: Freehand On-Body Design and Fabrication of Epidermal Interfaces,2021,chi_2021.bib,True
10.1145/3411764.3445214,NFCSense: Data-Defined Rich-ID Motion Sensing for Fluent Tangible Interaction Using a Commodity NFC Reader,2021,chi_2021.bib,True
10.1145/3411764.3445722,Combining Touchscreens with Passive Rich-ID Building Blocks to Support Context Construction in Touchscreen Interactions,2021,chi_2021.bib,True
10.1145/3411764.3445468,TUI as Social Entity: a Study of Joint-actuation and Turn-taking-actuation in Actuated-interfaces,2021,chi_2021.bib,True
10.1145/3411764.3445741,Teardrop Glasses: Pseudo Tears Induce Sadness in You and Those Around You,2021,chi_2021.bib,True
10.1145/3411764.3445581,LightTouch Gadgets: Extending Interactions on Capacitive Touchscreens by Converting Light Emission to Touch Inputs,2021,chi_2021.bib,True
10.1145/3411764.3445575,Little Road Driving HUD: Heads-Up Display Complexity Influences Drivers’ Perceptions of Automated Vehicles,2021,chi_2021.bib,True
10.1145/3411764.3445183,From FOMO to JOMO: Examining the Fear and Joy of Missing Out and Presence in a 360° Video Viewing Experience,2021,chi_2021.bib,True
10.1145/3411764.3445487,"RCEA-360VR: Real-time, Continuous Emotion Annotation in 360° VR Videos for Collecting Precise Viewport-dependent Ground Truth Labels",2021,chi_2021.bib,True
10.1145/3411764.3445246,Do You Really Need to Know Where “That” Is? Enhancing Support for Referencing in Collaborative Mixed Reality Environments,2021,chi_2021.bib,True
10.1145/3411764.3445050,The Image of the Interface: How People Use Landmarks to Develop Spatial Memory of Commands in Graphical Interfaces,2021,chi_2021.bib,True
10.1145/3411764.3445388,Understanding the Design and Effectiveness of Peripheral Breathing Guide Use During Information Work,2021,chi_2021.bib,True
10.1145/3411764.3445528,Understanding User Identification in Virtual Reality Through Behavioral Biometrics and the Effect of Body Normalization,2021,chi_2021.bib,True
10.1145/3411764.3445458,From Detectables to Inspectables: Understanding Qualitative Analysis of Audiovisual Data,2021,chi_2021.bib,True
10.1145/3411764.3445160,Physiological and Perceptual Responses to Athletic Avatars while Cycling in Virtual Reality,2021,chi_2021.bib,True
10.1145/3411764.3445384,"“Put it on the Top, I’ll Read it Later”: Investigating Users’ Desired Display Order for Smartphone Notifications",2021,chi_2021.bib,True
10.1145/3411764.3445558,SoniBand: Understanding the Effects of Metaphorical Movement Sonifications on Body Perception and Physical Activity,2021,chi_2021.bib,True
10.1145/3411764.3445330,Investigating the Impact of Real-World Environments on the Perception of 2D Visualizations in Augmented Reality,2021,chi_2021.bib,True
10.1145/3411764.3445426,Remote and Collaborative Virtual Reality Experiments via Social VR Platforms,2021,chi_2021.bib,True
10.1145/3411764.3445474,Exploring Text Revision with Backspace and Caret in Virtual Reality,2021,chi_2021.bib,True
10.1145/3411764.3445499,Dynamic Field of View Restriction in 360° Video: Aligning Optical Flow and Visual SLAM to Mitigate VIMS,2021,chi_2021.bib,True
10.1145/3411764.3445435,"Bad Breakdowns, Useful Seams, and Face Slapping: Analysis of VR Fails on YouTube",2021,chi_2021.bib,True
10.1145/3411764.3445170,Extended Reality (XR) Remote Research: a Survey of Drawbacks and Opportunities,2021,chi_2021.bib,True
10.1145/3411764.3445223,Distance Perception with a Video See-Through Head-Mounted Display,2021,chi_2021.bib,True
10.1145/3411764.3445588,Effects of Emotion and Agency on Presence in Virtual Reality,2021,chi_2021.bib,True
10.1145/3411764.3445361,A Critical Assessment of the Use of SSQ as a Measure of General Discomfort in VR Head-Mounted Displays,2021,chi_2021.bib,True
10.1145/3411764.3445606,Reading in VR: The Effect of Text Presentation Type and Location,2021,chi_2021.bib,True
10.1145/3411764.3445685,Poros: Configurable Proxies for Distant Interactions in VR,2021,chi_2021.bib,True
10.1145/3411764.3445193,How to Evaluate Object Selection and Manipulation in VR? Guidelines from 20 Years of Studies,2021,chi_2021.bib,True
10.1145/3411764.3445478,RepliCueAuth: Validating the Use of a Lab-Based Virtual Reality Setup for Evaluating Authentication Systems,2021,chi_2021.bib,True
10.1145/3411764.3445763,Data Engagement Reconsidered: A Study of Automatic Stress Tracking Technology in Use,2021,chi_2021.bib,True
10.1145/3411764.3445446,Effects of Support-Seekers’ Community Knowledge on Their Expressed Satisfaction with the Received Comments in Mental Health Communities,2021,chi_2021.bib,True
10.1145/3411764.3445523,Personalised Recommendations in Mental Health Apps: The Impact of Autonomy and Data Sharing,2021,chi_2021.bib,True
10.1145/3411764.3446865,Taking Mental Health & Well-Being to the Streets: An Exploratory Evaluation of In-Vehicle Interventions in the Wild,2021,chi_2021.bib,True
10.1145/3411764.3445119,Can Playing with Toy Blocks Reflect Behavior Problems in Children?,2021,chi_2021.bib,True
10.1145/3411764.3445470,Unaccompanied Migrant Youth and Mental Health Technologies: A Social-Ecological Approach to Understanding and Designing,2021,chi_2021.bib,True
10.1145/3411764.3445771,Designing for Emotional Well-being: Integrating Persuasion and Customization into Mental Health Technologies,2021,chi_2021.bib,True
10.1145/3411764.3445331,LGBTQ Persons' Pregnancy Loss Disclosures to Known Ties on Social Media: Disclosure Decisions and Ideal Disclosure Environments,2021,chi_2021.bib,True
10.1145/3411764.3445238,Assessing Social Anxiety Through Digital Biomarkers Embedded in a Gaming Task,2021,chi_2021.bib,True
10.1145/3411764.3445410,“Can I Not Be Suicidal on a Sunday?”: Understanding Technology-Mediated Pathways to Mental Health Support,2021,chi_2021.bib,True
10.1145/3411764.3445336,Living Memory Home: Understanding Continuing Bond in the Digital Age through Backstage Grieving,2021,chi_2021.bib,True
10.1145/3411764.3445670,"A Review on Strategies for Data Collection, Reflection, and Communication in Eating Disorder Apps",2021,chi_2021.bib,True
10.1145/3411764.3445289,Charting the Unknown: Challenges in the Clinical Assessment of Patients’ Technology Use Related to Eating Disorders,2021,chi_2021.bib,True
10.1145/3411764.3445061,Understanding the Security and Privacy Advice Given to Black Lives Matter Protesters,2021,chi_2021.bib,True
10.1145/3411764.3445104,“It’s So Difficult to Sever that Connection”: The Role of FoMO in Users’ Reluctant Privacy Behaviours,2021,chi_2021.bib,True
10.1145/3411764.3445309,Covert Embodied Choice: Decision-Making and the Limits of Privacy Under Biometric Surveillance,2021,chi_2021.bib,True
10.1145/3411764.3445293,Empowering Resignation: There’s an App for That,2021,chi_2021.bib,True
10.1145/3411764.3445672,Overlooking Context: How do Defaults and Framing Reduce Deliberation in Smart Home Privacy Decision-Making?,2021,chi_2021.bib,True
10.1145/3411764.3445071,Building for ‘We’: Safety Settings for Couples with Memory Concerns,2021,chi_2021.bib,True
10.1145/3411764.3445691,“It did not give me an option to decline”: A Longitudinal Analysis of the User Experience of Security and Privacy in Smart Home Products,2021,chi_2021.bib,True
10.1145/3411764.3445258,Your Photo is so Funny that I don’t Mind Violating Your Privacy by Sharing it: Effects of Individual Humor Styles on Online Photo-sharing Behaviors,2021,chi_2021.bib,True
10.1145/3411764.3445625,Truth or Dare: Understanding and Predicting How Users Lie and Provide Untruthful Data Online,2021,chi_2021.bib,True
10.1145/3411764.3445122,Privacy Norms for Smart Home Personal Assistants,2021,chi_2021.bib,True
10.1145/3411764.3445085,"The Annoying, the Disturbing, and the Weird: Challenges with Phone Numbers as Identifiers and Phone Number Recycling",2021,chi_2021.bib,True
10.1145/3411764.3445221,Tag a Teacher: A Qualitative Analysis of WhatsApp-Based Teacher Networks in Low-Income Indian Schools,2021,chi_2021.bib,True
10.1145/3411764.3445693,Sustaining a Networked Community Resource: Findings from a Longitudinal Situated Display Deployment,2021,chi_2021.bib,True
10.1145/3411764.3445350,Examining the Use of Online Platforms for Employment: A Survey of U.S. Job Seekers,2021,chi_2021.bib,True
10.1145/3411764.3445378,"“Disadvantaged in the American-dominated Internet”: Sex, Work, and Technology",2021,chi_2021.bib,True
10.1145/3411764.3445507,Ask Me or Tell Me? Enhancing the Effectiveness of Crowdsourced Design Feedback,2021,chi_2021.bib,True
10.1145/3411764.3445668,Galileo: Citizen-led Experimentation Using a Social Computing System,2021,chi_2021.bib,True
10.1145/3411764.3445438,Human-Nature Relations in Urban Gardens: Explorations with Camera Traps,2021,chi_2021.bib,True
10.1145/3411764.3445390,Engaging with Nature Sounds & Citizen Science by Designing for Creative & Contextual Audio Encounters,2021,chi_2021.bib,True
10.1145/3411764.3445364,Exploring a Makeup Support System for Transgender Passing based on Automatic Gender Recognition,2021,chi_2021.bib,True
10.1145/3411764.3445417,Karamad: A Voice-based Crowdsourcing Platform for Underserved Populations,2021,chi_2021.bib,True
10.1145/3411764.3445380,Hardhats and Bungaloos: Comparing Crowdsourced Design Feedback with Peer Design Feedback in the Classroom,2021,chi_2021.bib,True
10.1145/3411764.3445192,Breakdowns and Breakthroughs: Observing Musicians’ Responses to the COVID-19 Pandemic,2021,chi_2021.bib,True
10.1145/3411764.3445497,Adapting User Interfaces with Model-based Reinforcement Learning,2021,chi_2021.bib,True
10.1145/3411764.3445089,VisiFit: Structuring Iterative Improvement for Novice Designers,2021,chi_2021.bib,True
10.1145/3411764.3445156,Investigating the Homogenization of Web Design: A Mixed-Methods Approach,2021,chi_2021.bib,True
10.1145/3411764.3445093,FashionQ: An AI-Driven Creativity Support Tool for Facilitating Ideation in Fashion Design,2021,chi_2021.bib,True
10.1145/3411764.3445117,Vinci: An Intelligent Graphic Design System for Generating Advertising Posters,2021,chi_2021.bib,True
10.1145/3411764.3445049,Screen2Vec: Semantic Embedding of GUI Screens and GUI Components,2021,chi_2021.bib,True
10.1145/3411764.3445437,Virtual Camera Layout Generation using a Reference Video,2021,chi_2021.bib,True
10.1145/3411764.3445394,AdverTiming Matters: Examining User Ad Consumption for Effective Ad Allocations on Social Media,2021,chi_2021.bib,True
10.1145/3411764.3445219,AI as Social Glue: Uncovering the Roles of Deep Generative AI during Social Music Composition,2021,chi_2021.bib,True
10.1145/3411764.3446863,The Effects of Warmth and Competence Perceptions on Users' Choice of an AI System,2021,chi_2021.bib,True
10.1145/3411764.3445566,Design and Analysis of Intelligent Text Entry Systems with Function Structure Models and Envelope Analysis,2021,chi_2021.bib,True
10.1145/3411764.3445140,AdaptiFont: Increasing Individuals’ Reading Speed with a Generative Font Model and Bayesian Optimization,2021,chi_2021.bib,True
10.1145/3411764.3445568,Optimization-based User Support for Cinematographic Quadrotor Camera Target Framing,2021,chi_2021.bib,True
10.1145/3411764.3445486,Reward Seeking or Loss Aversion? Impact of Regulatory Focus Theory on Emotional Induction in Children and Their Behavior Towards a Social Robot,2021,chi_2021.bib,True
10.1145/3411764.3445754,"Market, Testbed, Backroom: The Redacted Internet of Facebook’s Discover",2021,chi_2021.bib,True
10.1145/3411764.3445748,"Modeling Assumptions Clash with the Real World: Transparency, Equity, and Community Challenges for Student Assignment Algorithms",2021,chi_2021.bib,True
10.1145/3411764.3445102,Beyond Kant and Bentham: How Ethical Theories are being used in Artificial Moral Agents,2021,chi_2021.bib,True
10.1145/3411764.3445060,Perspectives of Bioartists and Community Lab Organizers on Working with Living Organisms,2021,chi_2021.bib,True
10.1145/3411764.3445408,“Turning the Invisible Visible”: Transdisciplinary Bioart Explorations in Human-DNA Interaction,2021,chi_2021.bib,True
10.1145/3411764.3445146,Studying the Formation of an Older Adult-Led Makerspace,2021,chi_2021.bib,True
10.1145/3411764.3445653,"Tools, Tricks, and Hacks: Exploring Novel Digital Fabrication Workflows on #PlotterTwitter",2021,chi_2021.bib,True
10.1145/3411764.3445237,"Techniques of Use: Confronting Value Systems of Productivity, Progress, and Usefulness in Computing and Design",2021,chi_2021.bib,True
10.1145/3411764.3445553,Biographies of Biometric Devices: The POS Machine at Work in India's PDS,2021,chi_2021.bib,True
10.1145/3411764.3445113,Opening Research Commissioning To Civic Participation: Creating A Community Panel To Review The Social Impact of HCI Research Proposals,2021,chi_2021.bib,True
10.1145/3411764.3445130,AI in Global Health: The View from the Front Lines,2021,chi_2021.bib,True
10.1145/3411764.3445196,A Critical Examination of Virtual Reality Technology in the Context of the Minority Body,2021,chi_2021.bib,True
10.1145/3411764.3445425,User Ex Machina : Simulation as a Design Probe in Human-in-the-Loop Text Analytics,2021,chi_2021.bib,True
10.1145/3411764.3445775,Fits and Starts: Enterprise Use of AutoML and the Role of Humans in the Loop,2021,chi_2021.bib,True
10.1145/3411764.3445195,Vis Ex Machina: An Analysis of Trust in Human versus Algorithmically Generated Visualization Recommendations,2021,chi_2021.bib,True
10.1145/3411764.3445444,Causal Perception in Question-Answering Systems,2021,chi_2021.bib,True
10.1145/3411764.3445344,Understanding Narrative Linearity for Telling Expressive Time-Oriented Stories,2021,chi_2021.bib,True
10.1145/3411764.3445337,Communicating with Motion: A Design Space for Animated Visual Narratives in Data Videos,2021,chi_2021.bib,True
10.1145/3411764.3445743,Understanding Data Accessibility for People with Intellectual and Developmental Disabilities,2021,chi_2021.bib,True
10.1145/3411764.3445211,Viral Visualizations: How Coronavirus Skeptics Use Orthodox Data Practices to Promote Unorthodox Science Online,2021,chi_2021.bib,True
10.1145/3411764.3445381,Mapping the Landscape of COVID-19 Crisis Visualizations,2021,chi_2021.bib,True
10.1145/3411764.3445176,Does Interaction Improve Bayesian Reasoning with Visualization?,2021,chi_2021.bib,True
10.1145/3411764.3445443,Towards Understanding How Readers Integrate Charts and Captions: A Case Study with Line Charts,2021,chi_2021.bib,True
10.1145/3411764.3445720,The Public Life of Data: Investigating Reactions to Visualizations on Reddit,2021,chi_2021.bib,True
10.1145/3411764.3445739,Interpreting the Effect of Embellishment on Chart Visualizations,2021,chi_2021.bib,True
10.1145/3411764.3445232,Synthesis of Forms: Integrating Practical and Reflective Qualities in Design,2021,chi_2021.bib,True
10.1145/3411764.3445241,Data Epics: Embarking on Literary Journeys of Home Internet of Things Data,2021,chi_2021.bib,True
10.1145/3411764.3445447,Timelines: A World-Building Activity for Values Advocacy,2021,chi_2021.bib,True
10.1145/3411764.3445406,"In Tension with Progression: Grasping the Frictional Tendencies of Speculative, Critical, and other Alternative Designs",2021,chi_2021.bib,True
10.1145/3411764.3445513,RCO : Investigating Social and Technological Constraints through Interactive Dance,2021,chi_2021.bib,True
10.1145/3411764.3445329,"Watching Myself Watching Birds: Abjection, Ecological Thinking, and Posthuman Design",2021,chi_2021.bib,True
10.1145/3411764.3445097,Freeform Fabrication of Fluidic Edible Materials,2021,chi_2021.bib,True
10.1145/3411764.3445218,Data as Delight: Eating data,2021,chi_2021.bib,True
10.1145/3411764.3445136,Making Un-Use: When Humans Disengage with Technology,2021,chi_2021.bib,True
10.1145/3411764.3445328,How Design Researchers Interpret Probes: Understanding the Critical Intentions of a Designerly Approach to Research,2021,chi_2021.bib,True
10.1145/3411764.3445273,Neuromancer Workshop: Towards Designing Experiential Entanglement with Science Fiction,2021,chi_2021.bib,True
10.1145/3411764.3445056,Design in Action: Unpacking the Artists’ Role in Performance-Led Research,2021,chi_2021.bib,True
10.1145/3411764.3445730,Cracking Public Space Open: Design for Public Librarians,2021,chi_2021.bib,True
10.1145/3411764.3445216,Floral Tribute Ritual in Virtual Reality: Design and Validation of SenseVase with Virtual Memorial,2021,chi_2021.bib,True
10.1145/3411764.3445617,Generating the Presence of Remote Mourners: a Case Study of Funeral Webcasting in Japan,2021,chi_2021.bib,True
10.1145/3411764.3445600,EscapeLoom: Fabricating New Affordances for Hand Weaving,2021,chi_2021.bib,True
10.1145/3411764.3445155,"Self-deStaining Textiles: Designing Interactive Systems with Fabric, Stains and Light",2021,chi_2021.bib,True
10.1145/3411764.3445312,Heuristic Evaluation of Conversational Agents,2021,chi_2021.bib,True
10.1145/3411764.3445271,Are Current Voice Interfaces Designed to Support Children’s Language Development?,2021,chi_2021.bib,True
10.1145/3411764.3445133,Designing a Conversational Agent for Sexual Assault Survivors: Defining Burden of Self-Disclosure and Envisioning Survivor-Centered Solutions,2021,chi_2021.bib,True
10.1145/3411764.3445745,Lanterns: Configuring a Digital Resource to Inspire Preschool Children's Free Play Outdoors,2021,chi_2021.bib,True
10.1145/3411764.3445173,Snowflakes: A Prototyping Tool for Computational Jewelry,2021,chi_2021.bib,True
10.1145/3411764.3445145,"CorpSum: Towards an Enabling Tool-Design for Language Researchers to Explore, Analyze and Visualize Corpora",2021,chi_2021.bib,True
10.1145/3411764.3445632,Creative Transactions: Special Digital Monies in ‘Break Kickstarter’ Crowdfunding Campaigns,2021,chi_2021.bib,True
10.1145/3411764.3445525,Enacting the Last Mile: Experiences of Smart Contracts in Courier Deliveries,2021,chi_2021.bib,True
10.1145/3411764.3445209,IM Receptivity and Presentation-type Preferences among Users of a Mobile App with Automated Receptivity-status Adjustment,2021,chi_2021.bib,True
10.1145/3411764.3445185,"Scraps: Enabling Mobile Capture, Contextualization, and Use of Document Resources",2021,chi_2021.bib,True
10.1145/3411764.3445407,The U in Crypto Stands for Usable: An Empirical Study of User Experience with Mobile Cryptocurrency Wallets,2021,chi_2021.bib,True
10.1145/3411764.3445095,Neighbourhood Wattch: Using Speculative Design to Explore Values Around Curtailment and Consent in Household Energy Interactions,2021,chi_2021.bib,True
10.1145/3411764.3445134,"Distress Disclosure across Social Media Platforms during the COVID-19 Pandemic: Untangling the Effects of Platforms, Affordances, and Audiences",2021,chi_2021.bib,True
10.1145/3411764.3445252,No More Handshaking: How have COVID-19 pushed the expansion of computer-mediated communication in Japanese idol culture?,2021,chi_2021.bib,True
10.1145/3411764.3445125,Producing Liveness: The Trials of Moving Folk Clubs Online During the Global Pandemic,2021,chi_2021.bib,True
10.1145/3411764.3445208,Available Anytime Anywhere: Investigating Mobile Volunteer Responders for Out of Hospital Cardiac Arrest,2021,chi_2021.bib,True
10.1145/3411764.3445477,“I Got Some Free Time”: Investigating Task-execution and Task-effort Metrics in Mobile Crowdsourcing Tasks,2021,chi_2021.bib,True
10.1145/3411764.3445317,It’s About Time: A View of Crowdsourced Data Before and During the Pandemic,2021,chi_2021.bib,True
10.1145/3411764.3445665,Sharing Heartbeats: Motivations of Citizen Scientists in Times of Crises,2021,chi_2021.bib,True
10.1145/3411764.3445413,Isolation in Coordination: Challenges of Caregivers in the USA,2021,chi_2021.bib,True
10.1145/3411764.3445051,Making Sense of Risk Information amidst Uncertainty: Individuals’ Perceived Risks Associated with the COVID-19 Pandemic,2021,chi_2021.bib,True
10.1145/3411764.3445707,The Right to Help and the Right Help: Fostering and Regulating Collective Action in a Medical Making Reaction to COVID-19,2021,chi_2021.bib,True
10.1145/3411764.3445559,Taking an (Embodied) Cue From Community Health: Designing Dementia Caregiver Support Technology to Advance Health Equity,2021,chi_2021.bib,True
10.1145/3411764.3445225,“Taking care of myself as long as I can”: How People with Dementia Configure Self-Management Systems,2021,chi_2021.bib,True
10.1145/3411764.3445124,Empowering Dyads of Older Adults With Mild Cognitive Impairment And Their Care Partners Using Conversational Agents,2021,chi_2021.bib,True
10.1145/3411764.3445172,Automating Clinical Documentation with Digital Scribes: Understanding the Impact on Physicians,2021,chi_2021.bib,True
10.1145/3411764.3445385,Designing AI for Trust and Collaboration in Time-Constrained Medical Decisions: A Sociotechnical Lens,2021,chi_2021.bib,True
10.1145/3411764.3445120,Learning from Healthcare Providers’ Strategies: Designing Technology to Support Effective Child Patient-Provider Communication,2021,chi_2021.bib,True
10.1145/3411764.3445663,It’s Not Just the Movement: Experiential Information Needed for Stroke Telerehabilitation,2021,chi_2021.bib,True
10.1145/3411764.3445576,ARTEMIS: A Collaborative Mixed-Reality System for Immersive Surgical Telementoring,2021,chi_2021.bib,True
10.1145/3411764.3445692,LaserFactory: A Laser Cutter-based Electromechanical Assembly and Fabrication Platform to Make Functional Devices & Robots,2021,chi_2021.bib,True
10.1145/3411764.3445345,Fabricaide: Fabrication-Aware Design for 2D Cutting Machines,2021,chi_2021.bib,True
10.1145/3411764.3445187,Scrappy: Using Scrap Material as Infill to Make Fabrication More Sustainable,2021,chi_2021.bib,True
10.1145/3411764.3445391,ChromoUpdate: Fast Design Iteration of Photochromic Color Textures Using Grayscale Previews and Local Color Updates,2021,chi_2021.bib,True
10.1145/3411764.3445422,Coupling Simulation and Hardware for Interactive Circuit Debugging,2021,chi_2021.bib,True
10.1145/3411764.3445780,KnitUI: Fabricating Interactive and Sensing Textiles with Machine Knitting,2021,chi_2021.bib,True
10.1145/3411764.3445469,Thermoformed Circuit Boards: Fabrication of highly conductive freeform 3D printed circuit boards with heat bending,2021,chi_2021.bib,True
10.1145/3411764.3445690,AccessibleCircuits: Adaptive Add-On Circuit Components for People with Blindness or Low Vision,2021,chi_2021.bib,True
10.1145/3411764.3445229,Designing Metamaterial Cells to Enrich Thermoforming 3D Printed Object for Post-Print Modification,2021,chi_2021.bib,True
10.1145/3411764.3445453,Assembler3: 3D Reconstruction of Laser-Cut Models,2021,chi_2021.bib,True
10.1145/3411764.3445466,FastForce: Real-Time Reinforcement of Laser-Cut Structures,2021,chi_2021.bib,True
10.1145/3411764.3445666,Developable Metamaterials: Mass-fabricable Metamaterials by Laser-Cutting Elastic Structures,2021,chi_2021.bib,True
10.1145/3411764.3445334,U!Scientist: Designing for People-Powered Research in Museums,2021,chi_2021.bib,True
10.1145/3411764.3445490,PTeacher: a Computer-Aided Personalized Pronunciation Training System with Exaggerated Audio-Visual Corrective Feedback,2021,chi_2021.bib,True
10.1145/3411764.3445554,Providing Adaptive Feedback in Concept Mapping to Improve Reading Comprehension,2021,chi_2021.bib,True
10.1145/3411764.3445226,Exploring Generative Models with Middle School Students,2021,chi_2021.bib,True
10.1145/3411764.3445190,Designing CAST: A Computer-Assisted Shadowing Trainer for Self-Regulated Foreign Language Listening Practice,2021,chi_2021.bib,True
10.1145/3411764.3445809,Students’ Verbalized Metacognition During Computerized Learning,2021,chi_2021.bib,True
10.1145/3411764.3445424,Attitudes Surrounding an Imperfect AI Autograder,2021,chi_2021.bib,True
10.1145/3411764.3445294,A Visual Analytics Approach to Facilitate the Proctoring of Online Exams,2021,chi_2021.bib,True
10.1145/3411764.3445781,ArgueTutor: An Adaptive Dialog-Based Learning System for Argumentation Skills,2021,chi_2021.bib,True
10.1145/3411764.3445144,Fostering Equitable Help-Seeking for K-3 Students in Low Income and Rural Contexts,2021,chi_2021.bib,True
10.1145/3411764.3445204,To Disclose or Not to Disclose: Examining the Privacy Decision-Making Processes of Older vs. Younger Adults,2021,chi_2021.bib,True
10.1145/3411764.3445333,“They See You’re a Girl if You Pick a Pink Robot with a Skirt”: A Qualitative Study of How Children Conceptualize Data Processing and Digital Privacy Risks,2021,chi_2021.bib,True
10.1145/3411764.3445224,“They think it’s totally fine to talk to somebody on the internet they don’t know”: Teachers’ perceptions and mitigation strategies of tweens’ online risks,2021,chi_2021.bib,True
10.1145/3411764.3445105,LociMotion: Towards Learning a Strong Authentication Secret in a Single Session,2021,chi_2021.bib,True
10.1145/3411764.3445386,On Smartphone Users’ Difficulty with Understanding Implicit Authentication,2021,chi_2021.bib,True
10.1145/3411764.3445616,"Security Notifications in Static Analysis Tools: Developers’ Attitudes, Comprehension, and Ability to Act on Them",2021,chi_2021.bib,True
10.1145/3411764.3445679,Bits Under the Mattress: Understanding Different Risk Perceptions and Security Behaviors of Crypto-Asset Users,2021,chi_2021.bib,True
10.1145/3411764.3445768,"Privacy Champions in Software Teams: Understanding Their Motivations, Strategies, and Challenges",2021,chi_2021.bib,True
10.1145/3411764.3445164,Exploring User-Centered Security Design for Usable Authentication Ceremonies,2021,chi_2021.bib,True
10.1145/3411764.3445574,I Don’t Need an Expert! Making URL Phishing Features Human Comprehensible,2021,chi_2021.bib,True
10.1145/3411764.3446862,Investigating Car Drivers’ Information Demand after Safety and Security Critical Incidents,2021,chi_2021.bib,True
10.1145/3411764.3445432,“Brilliant AI Doctor” in Rural Clinics: Challenges in AI-Powered Clinical Decision Support System Deployment,2021,chi_2021.bib,True
10.1145/3411764.3445418,"Examining the Intersections of Race, Religion & Community Technologies: A Photovoice Study",2021,chi_2021.bib,True
10.1145/3411764.3445261,The Landscape and Gaps in Open Source Fairness Toolkits,2021,chi_2021.bib,True
10.1145/3411764.3445630,Detecting Data Falsification by Front-line Development Workers: A Case Study of Vaccination in Pakistan,2021,chi_2021.bib,True
10.1145/3411764.3445420,“It cannot do all of my work”: Community Health Worker Perceptions of AI-Enabled Mobile Health Applications in Rural India,2021,chi_2021.bib,True
10.1145/3411764.3445489,GoldenTime: Exploring System-Driven Timeboxing and Micro-Financial Incentives for Self-Regulated Phone Use,2021,chi_2021.bib,True
10.1145/3411764.3445619,Tailoring Persuasive and Behaviour Change Systems Based on Stages of Change and Motivation,2021,chi_2021.bib,True
10.1145/3411764.3445332,"Prototyping for Social Wellbeing with Early Social Media Users: Belonging, Experimentation, and Self-Care",2021,chi_2021.bib,True
10.1145/3411764.3445274,Nudge for Reflection: More Than Just a Channel to Political Knowledge,2021,chi_2021.bib,True
10.1145/3411764.3445141,Exploring Approaches to Data Literacy Through a Critical Race Theory Perspective,2021,chi_2021.bib,True
10.1145/3411764.3445154,‘Unmochon’: A Tool to Combat Online Sexual Harassment over Facebook Messenger,2021,chi_2021.bib,True
10.1145/3411764.3445611,Fragments of the Past: Curating Peer Support with Perpetrators of Domestic Violence,2021,chi_2021.bib,True
10.1145/3411764.3445464,Bringing the Jury to the Scene of the Crime: Memory and Decision-Making in a Simulated Crime Scene,2021,chi_2021.bib,True
10.1145/3411764.3445694,AdolescentBot: Understanding Opportunities for Chatbots in Combating Adolescent Sexual and Reproductive Health Problems in Bangladesh,2021,chi_2021.bib,True
10.1145/3411764.3445542,A Meta-Analysis of Human Personality and Robot Acceptance in Human-Robot Interaction,2021,chi_2021.bib,True
10.1145/3411764.3445270,IdeaBot: Investigating Social Facilitation in Human-Machine Team Creativity,2021,chi_2021.bib,True
10.1145/3411764.3445366,The Effects of System Interpretation Errors on Learning New Input Mechanisms,2021,chi_2021.bib,True
10.1145/3411764.3445725,Typing Efficiency and Suggestion Accuracy Influence the Benefits and Adoption of Word Suggestions,2021,chi_2021.bib,True
10.1145/3411764.3445284,"People May Punish, But Not Blame Robots",2021,chi_2021.bib,True
10.1145/3411764.3445495,Drone in Love: Emotional Perception of Facial Expressions on Flying Robots,2021,chi_2021.bib,True
10.1145/3411764.3445561,Should Robots Blush?,2021,chi_2021.bib,True
10.1145/3411764.3445770,Programmable Smart Home Toolkits Should Better Address Households’ Social Needs,2021,chi_2021.bib,True
10.1145/3411764.3445299,Creepy Technology:What Is It and How Do You Measure It?,2021,chi_2021.bib,True
10.1145/3411764.3445483,Touchscreen Typing As Optimal Supervisory Control,2021,chi_2021.bib,True
10.1145/3411764.3445577,Rethinking Eye-blink: Assessing Task Difficulty through Physiological Representation of Spontaneous Blinking,2021,chi_2021.bib,True
10.1145/3411764.3445675,A User-Oriented Approach to Space-Adaptive Augmentation: The Effects of Spatial Affordance on Narrative Experience in an Augmented Reality Detective Game,2021,chi_2021.bib,True
10.1145/3411764.3445476,Augmented Reality and Older Adults: A Comparison of Prompting Types,2021,chi_2021.bib,True
10.1145/3411764.3445557,“I Can’t Reply with That”: Characterizing Problematic Email Reply Suggestions,2021,chi_2021.bib,True
10.1145/3411764.3445199,Enhancing the Composition Task in Text Entry Studies: Eliciting Difficult Text and Improving Error Rate Calculation,2021,chi_2021.bib,True
10.1145/3411764.3445618,CoNotate: Suggesting Queries Based on Notes Promotes Knowledge Discovery,2021,chi_2021.bib,True
10.1145/3411764.3445434,ToonNote: Improving Communication in Computational Notebooks Using Interactive Data Comics,2021,chi_2021.bib,True
10.1145/3411764.3445327,Augmented Reality Glasses as an Orientation and Mobility Aid for People with Low Vision: a Feasibility Study of Experiences and Requirements,2021,chi_2021.bib,True
10.1145/3411764.3445597,Exploring Augmented Visual Alterations in Interpersonal Communication,2021,chi_2021.bib,True
10.1145/3411764.3445372,The Impact of Multiple Parallel Phrase Suggestions on Email Input and Composition Behaviour of Native and Non-Native English Writers,2021,chi_2021.bib,True
10.1145/3411764.3445509,Adaptive Subtitles: Preferences and Trade-Offs in Real-Time Media Adaption,2021,chi_2021.bib,True
10.1145/3411764.3445343,Gaze-Supported 3D Object Manipulation in Virtual Reality,2021,chi_2021.bib,True
10.1145/3411764.3445352,Facilitating Text Entry on Smartphones with QWERTY Keyboard for Users with Parkinson’s Disease,2021,chi_2021.bib,True
10.1145/3411764.3445099,Touch&Fold: A Foldable Haptic Actuator for Rendering Touch in Mixed Reality,2021,chi_2021.bib,True
10.1145/3411764.3445546,Elbow-Anchored Interaction: Designing Restful Mid-Air Input,2021,chi_2021.bib,True
10.1145/3411764.3445539,SonicHoop: Using Interactive Sonification to Support Aerial Hoop Practices,2021,chi_2021.bib,True
10.1145/3411764.3445297,"StickyPie: A Gaze-Based, Scale-Invariant Marking Menu Optimized for AR/VR",2021,chi_2021.bib,True
10.1145/3411764.3445697,Radi-Eye: Hands-Free Radial Interfaces for 3D Interaction using Gaze-Activated Head-Crossing,2021,chi_2021.bib,True
10.1145/3411764.3445501,Hummer: Text Entry by Gaze and Hum,2021,chi_2021.bib,True
10.1145/3411764.3445324,Communication Skills Training Intervention Based on Automated Recognition of Nonverbal Signals,2021,chi_2021.bib,True
10.1145/3411764.3445205,EarRumble: Discreet Hands- and Eyes-Free Input by Voluntary Tensor Tympani Muscle Contraction,2021,chi_2021.bib,True
10.1145/3411764.3445255,HoloBar: Rapid Command Execution for Head-Worn AR Exploiting Around the Field-of-View Interaction,2021,chi_2021.bib,True
10.1145/3411764.3445595,Let’s Frets! Assisting Guitar Students During Practice via Capacitive Sensing,2021,chi_2021.bib,True
10.1145/3491102.3517552,“I Don’t Want People to Look At Me Differently”: Designing User-Defined Above-the-Neck Gestures for People with Upper Body Motor Impairments,2022,chi_2022.bib,True
10.1145/3491102.3501964,Understanding Gesture Input Articulation with Upper-Body Wearables for Users with Upper-Body Motor Impairments,2022,chi_2022.bib,True
10.1145/3491102.3517658,Identifying factors that inhibit self-care behavior among individuals with severe spinal cord injury,2022,chi_2022.bib,True
10.1145/3491102.3517458,Understanding How People with Limited Mobility Use Multi-Modal Input,2022,chi_2022.bib,True
10.1145/3491102.3501931,Stylette: Styling the Web with Natural Language,2022,chi_2022.bib,True
10.1145/3491102.3501839,VocabEncounter: NMT-powered Vocabulary Learning by Presenting Computer-Generated Usages of Foreign Words into Users’ Daily Lives,2022,chi_2022.bib,True
10.1145/3491102.3501902,Affinder: Expressing Concepts of Situations that Afford Activities using Context-Detectors,2022,chi_2022.bib,True
10.1145/3491102.3517610,Two Heads Are Better Than One: A Dimension Space for Unifying Human and Artificial Intelligence in Shared Control,2022,chi_2022.bib,True
10.1145/3491102.3517649,Supporting Serendipitous Discovery and Balanced Analysis of Online Product Reviews with Interaction-Driven Metrics and Bias-Mitigating Suggestions,2022,chi_2022.bib,True
10.1145/3491102.3501862,Q-Chef: The impact of surprise-eliciting systems on food-related decision-making,2022,chi_2022.bib,True
10.1145/3491102.3517434,Scaling Creative Inspiration with Fine-Grained Functional Aspects of Ideas,2022,chi_2022.bib,True
10.1145/3491102.3501925,EmoGlass: an End-to-End AI-Enabled Wearable Platform for Enhancing Self-Awareness of Emotional Health,2022,chi_2022.bib,True
10.1145/3491102.3501866,Algorithmic Management Reimagined For Workers and By Workers: Centering Worker Well-Being in Gig Work,2022,chi_2022.bib,True
10.1145/3491102.3517708,Tech Help Desk: Support for Local Entrepreneurs Addressing the Long Tail of Computing Challenges,2022,chi_2022.bib,True
10.1145/3491102.3502049,Designing for the Bittersweet: Improving Sensitive Experiences with Recommender Systems,2022,chi_2022.bib,True
10.1145/3491102.3517492,Immersive Speculative Enactments: Bringing Future Scenarios and Technology to Life Using Virtual Reality,2022,chi_2022.bib,True
10.1145/3491102.3501899,“I Don’t Even Remember What I Read”: How Design Influences Dissociation on Social Media,2022,chi_2022.bib,True
10.1145/3491102.3517700,Community Dynamics in Technospiritual Interventions: Lessons Learned from a Church-based mHealth Pilot,2022,chi_2022.bib,True
10.1145/3491102.3502076,“I Will Not Drink With You Today”: A Topic-Guided Thematic Analysis of Addiction Recovery on Reddit,2022,chi_2022.bib,True
10.1145/3491102.3517498,User Perspectives and Ethical Experiences of Apps for Depression: A Qualitative Analysis of User Reviews,2022,chi_2022.bib,True
10.1145/3491102.3501861,Mood Worlds: A Virtual Environment for Autonomous Emotional Expression,2022,chi_2022.bib,True
10.1145/3491102.3517676,AvatAR: An Immersive Analysis Environment for Human Motion Data Combining Interactive 3D Avatars and Trajectories,2022,chi_2022.bib,True
10.1145/3491102.3517550,ReLive: Bridging In-Situ and Ex-Situ Visual Analytics for Analyzing Mixed Reality User Studies,2022,chi_2022.bib,True
10.1145/3491102.3501859,A Design Space For Data Visualisation Transformations Between 2D And 3D In Mixed-Reality Environments,2022,chi_2022.bib,True
10.1145/3491102.3501841,HAExplorer: Understanding Interdependent Biomechanical Motions with Interactive Helical Axes,2022,chi_2022.bib,True
10.1145/3491102.3501921,Preferences and Effectiveness of Sleep Data Visualizations for Smartwatches and Fitness Bands,2022,chi_2022.bib,True
10.1145/3491102.3517530,"Negative Emotions, Positive Outcomes? Exploring the Communication of Negativity in Serious Data Stories",2022,chi_2022.bib,True
10.1145/3491102.3501972,How do you Converse with an Analytical Chatbot? Revisiting Gricean Maxims for Designing Analytical Conversational Behavior,2022,chi_2022.bib,True
10.1145/3491102.3502010,Do You See What You Mean? Using Predictive Visualizations to Reduce Optimism in Duration Estimates,2022,chi_2022.bib,True
10.1145/3491102.3517675,Understanding Privacy Switching Behaviour on Twitter,2022,chi_2022.bib,True
10.1145/3491102.3517467,“A Reasonable Thing to Ask For”: Towards a Unified Voice in Privacy Collective Action,2022,chi_2022.bib,True
10.1145/3491102.3517534,“It Basically Started Using Me:” An Observational Study of Password Manager Usage,2022,chi_2022.bib,True
10.1145/3491102.3517688,Automating Contextual Privacy Policies: Design and Evaluation of a Production Tool for Digital Consumer Privacy Awareness,2022,chi_2022.bib,True
10.1145/3491102.3517520,Obfuscation Remedies Harms Arising from Content Flagging of Photos,2022,chi_2022.bib,True
10.1145/3491102.3517497,Predicting and Explaining Mobile UI Tappability with Vision Modeling and Saliency Analysis,2022,chi_2022.bib,True
10.1145/3491102.3517729,BIGexplore: Bayesian Information Gain Framework for Information Exploration,2022,chi_2022.bib,True
10.1145/3491102.3502023,Speeding up Inference with User Simulators through Policy Modulation,2022,chi_2022.bib,True
10.1145/3491102.3501907,A Model Predictive Control Approach for Reach Redirection in Virtual Reality,2022,chi_2022.bib,True
10.1145/3491102.3501913,Quantifying Proactive and Reactive Button Input,2022,chi_2022.bib,True
10.1145/3491102.3517609,Have We Taken On Too Much?: A Critical Review of the Sustainable HCI Landscape,2022,chi_2022.bib,True
10.1145/3491102.3502043,COVID Student Study: A Year in the Life of College Students during the COVID-19 Pandemic Through the Lens of Mobile Phone Sensing,2022,chi_2022.bib,True
10.1145/3491102.3517622,Towards Conviviality in NavigatingHealth Information on Social Media,2022,chi_2022.bib,True
10.1145/3491102.3517697,Exploring Experiences of Self-Directed Care Budgets: Design Implications for Socio-Technical Interventions,2022,chi_2022.bib,True
10.1145/3491102.3517683,“A Second Voice”: Investigating Opportunities and Challenges for Interactive Voice Assistants to Support Home Health Aides,2022,chi_2022.bib,True
10.1145/3491102.3517730,Light-In-Light-Out (Li-Lo) Displays: Harvesting and Manipulating Light to Provide Novel Forms of Communication,2022,chi_2022.bib,True
10.1145/3491102.3501926,Logic Bonbon: Exploring Food as Computational Artifact,2022,chi_2022.bib,True
10.1145/3491102.3517663,Slabforge: Design Software for Slab-Based Ceramics,2022,chi_2022.bib,True
10.1145/3491102.3501990,”It Puts Life into My Creations”: Understanding Fluid Fiber as a Media for Expressive Display,2022,chi_2022.bib,True
10.1145/3491102.3501943,‘It Is Not Always Discovery Time’: Four Pragmatic Approaches in Designing AI Systems,2022,chi_2022.bib,True
10.1145/3491102.3517672,Designing Fair AI in Human Resource Management: Understanding Tensions Surrounding Algorithmic Evaluation and Envisioning Stakeholder-Centered Solutions,2022,chi_2022.bib,True
10.1145/3491102.3517439,"Improving Human-AI Partnerships in Child Welfare: Understanding Worker Practices, Challenges, and Desires for Algorithmic Decision Support",2022,chi_2022.bib,True
10.1145/3491102.3517615,Telling Stories from Computational Notebooks: AI-Assisted Presentation Slides Creation for Presenting Data Science Work,2022,chi_2022.bib,True
10.1145/3491102.3501999,Human-AI Collaboration via Conditional Delegation: A Case Study of Content Moderation,2022,chi_2022.bib,True
10.1145/3491102.3517623,Unpacking Practitioners’ Attitudes Towards Codifications of Design Knowledge for Voice User Interfaces,2022,chi_2022.bib,True
10.1145/3491102.3502093,Designing for Speech Practice Systems: How Do User-Controlled Voice Manipulation and Model Speakers Impact Self-Perceptions of Voice?,2022,chi_2022.bib,True
10.1145/3491102.3502036,“Rewind to the Jiggling Meat Part”: Understanding Voice Control of Instructional Videos in Everyday Tasks,2022,chi_2022.bib,True
10.1145/3491102.3501856,“A Voice that Suits the Situation”: Understanding the Needs and Challenges for Supporting End-User Voice Customization,2022,chi_2022.bib,True
10.1145/3491102.3517722,Monitoring Screen Time or Redesigning It? Two Approaches to Supporting Intentional Social Media Use,2022,chi_2022.bib,True
10.1145/3491102.3501981,Squeezy-Feely: Investigating Lateral Thumb-Index Pinching as an Input Modality,2022,chi_2022.bib,True
10.1145/3491102.3517638,The Digital Landscape of Nudging: A Systematic Literature Review of Empirical Research on Digital Nudges,2022,chi_2022.bib,True
10.1145/3491102.3517692,Design is Worth a Thousand Words: The Effect of Digital Interaction Design on Picture-Prompted Reminiscence,2022,chi_2022.bib,True
10.1145/3491102.3517702,Understanding Multi-Device Usage Patterns: Physical Device Configurations and Fragmented Workflows,2022,chi_2022.bib,True
10.1145/3491102.3517665,ScalAR: Authoring Semantically Adaptive Augmented Reality Experiences in Virtual Reality,2022,chi_2022.bib,True
10.1145/3491102.3502070,An Exploratory Study of Sharing Strategic Programming Knowledge,2022,chi_2022.bib,True
10.1145/3491102.3502042,Learning to Denoise Raw Mobile UI Layouts for Improving Datasets at Scale,2022,chi_2022.bib,True
10.1145/3491102.3501968,Crystalline: Lowering the Cost for Developers to Collect and Organize Information for Decision Making,2022,chi_2022.bib,True
10.1145/3491102.3502095,Understanding How Programmers Can Use Annotations on Documentation,2022,chi_2022.bib,True
10.1145/3491102.3517591,How to Save Lives with Microblogs? Lessons From the Usage of Weibo for Requests for Medical Assistance During COVID-19,2022,chi_2022.bib,True
10.1145/3491102.3501900,How Much Do Platform Workers Value Reviews? An Experimental Method,2022,chi_2022.bib,True
10.1145/3491102.3517656,Studying How Digital Luthiers Choose Their Tools,2022,chi_2022.bib,True
10.1145/3491102.3517716,A Systematic Review and Thematic Analysis of Community-Collaborative Approaches to Computing Research,2022,chi_2022.bib,True
10.1145/3491102.3517659,A Personalized Visual Aid for Selections of Appearance Building Products with Long-term Effects,2022,chi_2022.bib,True
10.1145/3491102.3502066,Public Views on Digital COVID-19 Certificates: a Mixed Methods User Study,2022,chi_2022.bib,True
10.1145/3491102.3517703,Supporting the Contact Tracing Process with WiFi Location Data: Opportunities and Challenges,2022,chi_2022.bib,True
10.1145/3491102.3517595,Does Mode of Digital Contact Tracing Affect User Willingness to Share Information? A Quantitative Study,2022,chi_2022.bib,True
10.1145/3491102.3501889,"Shifting Trust: Examining How Trust and Distrust Emerge, Transform, and Collapse in COVID-19 Information Seeking",2022,chi_2022.bib,True
10.1145/3491102.3501963,Unpacking Intention and Behavior: Explaining Contact Tracing App Adoption and Hesitancy in the United States,2022,chi_2022.bib,True
10.1145/3491102.3502138,Annotating Line Charts for Addressing Deception,2022,chi_2022.bib,True
10.1145/3491102.3501939,Making Data Tangible: A Cross-disciplinary Design Space for Data Physicalization,2022,chi_2022.bib,True
10.1145/3491102.3501952,Put a Label On It! Approaches for Constructing and Contextualizing Bar Chart Physicalizations,2022,chi_2022.bib,True
10.1145/3491102.3517630,Visualization Accessibility in the Wild: Challenges Faced by Visualization Designers,2022,chi_2022.bib,True
10.1145/3491102.3517673,"The Pattern is in the Details: An Evaluation of Interaction Techniques for Locating, Searching, and Contextualizing Details in Multivariate Matrix Visualizations",2022,chi_2022.bib,True
10.1145/3491102.3517712,RoleSeer: Understanding Informal Social Role Changes in MMORPGs via Visual Analytics,2022,chi_2022.bib,True
10.1145/3491102.3501867,Including the Experiences of Physically Disabled Players in Mainstream Guidelines for Movement-Based Games,2022,chi_2022.bib,True
10.1145/3491102.3517721,Identifying Game Mechanics for Integrating Fabrication Activities within Existing Digital Games,2022,chi_2022.bib,True
10.1145/3491102.3517480,"I Don't Usually Listen, I Read: How Different Learner Groups Process Game Feedback",2022,chi_2022.bib,False
10.1145/3491102.3517499,Does Dynamically Drawn Text Improve Learning? Investigating the Effect of Text Presentation Styles in Video Learning,2022,chi_2022.bib,True
10.1145/3491102.3517735,Visualizing Instructions for Physical Training: Exploring Visual Cues to Support Movement Learning from Instructional Videos,2022,chi_2022.bib,True
10.1145/3491102.3517468,immersivePOV: Filming How-To Videos with a Head-Mounted 360° Action Camera,2022,chi_2022.bib,True
10.1145/3491102.3502054,"Mobile-Friendly Content Design for MOOCs: Challenges, Requirements, and Design Opportunities",2022,chi_2022.bib,True
10.1145/3491102.3517612,OneLabeler: A Flexible System for Building Data Labeling Tools,2022,chi_2022.bib,True
10.1145/3491102.3501923,graphiti: Sketch-based Graph Analytics for Images and Videos,2022,chi_2022.bib,True
10.1145/3491102.3517485,CrossData: Leveraging Text-Data Connections for Authoring Data Documents,2022,chi_2022.bib,True
10.1145/3491102.3502087,Promptiverse: Scalable Generation of Scaffolding Prompts Through Human-AI Hybrid Knowledge Graph Annotation,2022,chi_2022.bib,True
10.1145/3491102.3502123,Diff in the Loop: Supporting Data Comparison in Exploratory Data Analysis,2022,chi_2022.bib,True
10.1145/3491102.3501901,Weaving Stories: Toward Repertoires for Designing Things,2022,chi_2022.bib,True
10.1145/3491102.3517713,Flavorium: An Exploration of Flavobacteria’s Living Aesthetics for Living Color Interfaces,2022,chi_2022.bib,True
10.1145/3491102.3502007,Towards Decomposable Interactive Systems: Design of a Backyard-Degradable Wireless Heating Interface,2022,chi_2022.bib,True
10.1145/3491102.3501851,The Eco-Technical Interface: Attuning to the Instrumental,2022,chi_2022.bib,True
10.1145/3491102.3517643,"Many Islands, Many Problems: An Empirical Examination of Online Safety Behaviors in the Caribbean",2022,chi_2022.bib,True
10.1145/3491102.3517446,Are Deepfakes Concerning? Analyzing Conversations of Deepfakes on Reddit and Exploring Societal Implications,2022,chi_2022.bib,True
10.1145/3491102.3502032,Caught in the Network: The Impact of WhatsApp’s 2021 Privacy Policy Update on Users’ Messaging App Ecosystems,2022,chi_2022.bib,True
10.1145/3491102.3501883,"”Ask this from the person who has private stuff”: Privacy Perceptions, Behaviours and Beliefs Beyond W.E.I.R.D",2022,chi_2022.bib,True
10.1145/3491102.3501947,Human-GDPR Interaction: Practical Experiences of Accessing Personal Data,2022,chi_2022.bib,True
10.1145/3491102.3517704,XR-OOM: MiXed Reality driving simulation with real cars for research and design,2022,chi_2022.bib,True
10.1145/3491102.3502105,ControllerPose: Inside-Out Body Capture with VR Controller Cameras,2022,chi_2022.bib,True
10.1145/3491102.3517666,Enabling Tangible Interaction on Non-touch Displays with Optical Mouse Sensor and Visible Light Communication,2022,chi_2022.bib,True
10.1145/3491102.3502117,Embr: A Creative Framework for Hand Embroidered Liquid Crystal Textile Displays,2022,chi_2022.bib,True
10.1145/3491102.3501850,Investigating Positive and Negative Qualities of Human-in-the-Loop Optimization for Designing Interaction Techniques,2022,chi_2022.bib,True
10.1145/3491102.3517791,You Complete Me: Human-AI Teams and Complementary Expertise,2022,chi_2022.bib,True
10.1145/3491102.3501912,What is Your Current Mindset?: Categories for a satisficing exploration of mobile point-of-interest recommendations,2022,chi_2022.bib,True
10.1145/3491102.3502129,Designing and Assessing a Virtual Reality Simulation to Build Resilience to Street Harassment,2022,chi_2022.bib,True
10.1145/3491102.3502082,(Re)discovering the Physical Body Online: Strategies and Challenges to Approach Non-Cisgender Identity in Social Virtual Reality,2022,chi_2022.bib,True
10.1145/3491102.3517478,This App is not for Me: Using Mobile and Wearable Technologies to Improve Adolescents’ Smartphone Addiction through the Sharing of Personal Data with Parents,2022,chi_2022.bib,True
10.1145/3491102.3517742,"Unpacking Invisible Work Practices, Constraints, and Latent Power Relationships in Child Welfare through Casenote Analysis",2022,chi_2022.bib,True
10.1145/3491102.3501879,“It’s common and a part of being a content creator”: Understanding How Creators Experience and Cope with Hate and Harassment Online,2022,chi_2022.bib,True
10.1145/3491102.3517613,A Large-Scale Measurement of Cybercrime Against Individuals,2022,chi_2022.bib,True
10.1145/3491102.3502038,Care Infrastructures for Digital Security in Intimate Partner Violence,2022,chi_2022.bib,True
10.1145/3491102.3517444,How to get away with cyberattacks: An argumentative approach to cyberattacks’ legitimization by common users,2022,chi_2022.bib,True
10.1145/3491102.3517523,Templates and Trust-o-meters: Towards a widely deployable indicator of trust in Wikipedia,2022,chi_2022.bib,True
10.1145/3491102.3517442,ARMY’s Magic Shop: Understanding the Collaborative Construction of Playful Places in Online Communities,2022,chi_2022.bib,True
10.1145/3491102.3502084,Re-imagining the Power of Priming and Framing Effects in the Context of Political Crowdfunding Campaigns,2022,chi_2022.bib,True
10.1145/3491102.3501832,The social embeddedness of peer production: A comparative qualitative analysis of three Indian language Wikipedia editions,2022,chi_2022.bib,True
10.1145/3491102.3517689,ProGesAR: Mobile AR Prototyping for Proxemic and Gestural Interactions with Real-world IoT Enhanced Spaces,2022,chi_2022.bib,True
10.1145/3491102.3517636,ExposAR: Bringing Augmented Reality to the Computational Thinking Agenda through a Collaborative Authoring Tool,2022,chi_2022.bib,True
10.1145/3491102.3502139,The Normal Natural Troubles of Virtual Reality in Mixed-Reality Performances,2022,chi_2022.bib,True
10.1145/3491102.3517677,Virtual Transcendent Dream: Empowering People through Embodied Flying in Virtual Reality,2022,chi_2022.bib,True
10.1145/3491102.3502133,Accessibility for Color Vision Deficiencies: Challenges and Findings of a Large Scale Study on Paper Figures,2022,chi_2022.bib,True
10.1145/3491102.3501928,GAN’SDA Wrap: Geographic And Network Structured DAta on surfaces that Wrap around,2022,chi_2022.bib,True
10.1145/3491102.3517445,Understanding Visual Investigation Patterns Through Digital “Field” Observations,2022,chi_2022.bib,True
10.1145/3491102.3501874,Investigating Perceptual Biases in Icon Arrays,2022,chi_2022.bib,True
10.1145/3491102.3501893,Juvenile Graphical Perception: A Comparison between Children and Adults,2022,chi_2022.bib,True
10.1145/3491102.3517580,Strategies for Fostering a Genuine Feeling of Connection in Technologically Mediated Systems,2022,chi_2022.bib,True
10.1145/3491102.3502107,"Exploring Uncertainty in Digital Scheduling, and The Wider Implications of Unrepresented Temporalities in HCI",2022,chi_2022.bib,True
10.1145/3491102.3517545,Distracting Moments in Videoconferencing: A Look Back at the Pandemic Period,2022,chi_2022.bib,True
10.1145/3491102.3501991,Reflection in Theory and Reflection in Practice: An Exploration of the Gaps in Reflection Support among Personal Informatics Apps,2022,chi_2022.bib,True
10.1145/3491102.3501973,Zoom Obscura: Counterfunctional Design for Video-Conferencing,2022,chi_2022.bib,True
10.1145/3491102.3517596,Perceiving Affordances Differently: The Unintended Consequences When Young Autistic Adults Engage with Social Media,2022,chi_2022.bib,True
10.1145/3491102.3501892,The Polyvocality of Online COVID-19 Vaccine Narratives that Invoke Medical Racism,2022,chi_2022.bib,True
10.1145/3491102.3517614,"Sensemaking, Support, Safety, Retribution, Transformation: A Restorative Justice Approach to Understanding Adolescents’ Needs for Addressing Online Harm",2022,chi_2022.bib,True
10.1145/3491102.3517561,Sad or just jealous? Using Experience Sampling to Understand and Detect Negative Affective Experiences on Instagram,2022,chi_2022.bib,True
10.1145/3491102.3501969,Understanding the Digital Lives of Youth: Analyzing Media Shared within Safe Versus Unsafe Private Conversations on Instagram,2022,chi_2022.bib,True
10.1145/3491102.3502016,The Last Decade of HCI Research on Children and Voice-based Conversational Agents,2022,chi_2022.bib,True
10.1145/3491102.3517667,Participatory Design Goes to School: Co-Teaching as a Form of Co-Design for Educational Technology,2022,chi_2022.bib,True
10.1145/3491102.3501955,The Unboxing Experience: Exploration and Design of Initial Interactions Between Children and Social Robots,2022,chi_2022.bib,True
10.1145/3491102.3501979,“It Would Be Cool to Get Stampeded by Dinosaurs”: Analyzing Children's Conceptual Model of AR Headsets Through Co-Design,2022,chi_2022.bib,True
10.1145/3491102.3502115,"“I Didn’t Catch That, But I’ll Try My Best”: Anticipatory Error Handling in a Voice Controlled Game",2022,chi_2022.bib,True
10.1145/3491102.3517660,The Impact of Latency on Navigation in a First-Person Perspective Game,2022,chi_2022.bib,True
10.1145/3491102.3517685,Press A to Jump: Design Strategies for Video Game Learnability,2022,chi_2022.bib,True
10.1145/3491102.3502025,Trading Accuracy for Enjoyment? Data Quality and Player Experience in Data Collection Games,2022,chi_2022.bib,True
10.1145/3491102.3517642,The Reward for Luck: Understanding the Effect of Random Reward Mechanisms in Video Games on Player Experience,2022,chi_2022.bib,True
10.1145/3491102.3517533,”Because AI is 100% right and safe”: User Attitudes and Sources of AI Authority in India,2022,chi_2022.bib,True
10.1145/3491102.3502112,Still Creepy After All These Years:The Normalization of Affective Discomfort in App Use,2022,chi_2022.bib,True
10.1145/3491102.3517732,Capable but Amoral? Comparing AI and Human Expert Collaboration in Ethical Decision Making,2022,chi_2022.bib,True
10.1145/3491102.3517443,AI-Moderated Decision-Making: Capturing and Balancing Anchoring Bias in Sequential Decision Tasks,2022,chi_2022.bib,True
10.1145/3491102.3501831,How Child Welfare Workers Reduce Racial Disparities in Algorithmic Decisions,2022,chi_2022.bib,True
10.1145/3491102.3517599,Expressive Auditory Gestures in a Voice-Based Pedagogical Agent,2022,chi_2022.bib,True
10.1145/3491102.3501974,To type or to speak? The effect of input modality on text understanding during note-taking,2022,chi_2022.bib,True
10.1145/3491102.3501848,Audio Matters Too: How Audial Avatar Customization Enhances Visual Avatar Customization,2022,chi_2022.bib,True
10.1145/3491102.3502050,“Elinor’s Talking to Me!”:Integrating Conversational AI into Children’s Narrative Science Programming,2022,chi_2022.bib,True
10.1145/3491102.3517680,Supporting the Design of Smart Speakers to Foster a Sense of Ownership in Asian Indian Families,2022,chi_2022.bib,True
10.1145/3491102.3517619,FAR: End-to-End Vibrotactile Distributed System Designed to Facilitate Affect Regulation in Children Diagnosed with Autism Spectrum Disorder Through Slow Breathing,2022,chi_2022.bib,True
10.1145/3491102.3502113,FlexHaptics: A Design Method for Passive Haptic Inputs Using Planar Compliant Structures,2022,chi_2022.bib,True
10.1145/3491102.3502065,ReCompFig: Designing Dynamically Reconfigurable Kinematic Devices Using Compliant Mechanisms and Tensioning Cables,2022,chi_2022.bib,True
10.1145/3491102.3501829,Shape-Haptics: Planar & Passive Force Feedback Mechanisms for Physical Interfaces,2022,chi_2022.bib,True
10.1145/3491102.3501844,FabricatINK: Personal Fabrication of Bespoke Displays Using Electronic Ink from Upcycled E Readers,2022,chi_2022.bib,True
10.1145/3491102.3501842,Interactive Robotic Plastering: Augmented Interactive Design and Fabrication for On-site Robotic Plastering,2022,chi_2022.bib,True
10.1145/3491102.3517577,Digital Fabrication of Pneumatic Actuators with Integrated Sensing by Machine Knitting,2022,chi_2022.bib,True
10.1145/3491102.3502018,Making New Worlds – Transformative Becomings with Soma Design,2022,chi_2022.bib,True
10.1145/3491102.3501978,Focusing for Interaction Design: An Introspective Somatic Method,2022,chi_2022.bib,True
10.1145/3491102.3501994,Vulnerability as an ethical stance in soma design processes,2022,chi_2022.bib,True
10.1145/3491102.3501826,Towards Relatable Explainable AI with the Perceptual Process,2022,chi_2022.bib,True
10.1145/3491102.3517522,Debiased-CAM to mitigate image perturbations with faithful visual explanations of machine learning,2022,chi_2022.bib,True
10.1145/3491102.3517551,Interpretable Directed Diversity: Leveraging Model Explanations for Iterative Crowd Ideation,2022,chi_2022.bib,True
10.1145/3491102.3517474,How can Explainability Methods be Used to Support Bug Identification in Computer Vision Models?,2022,chi_2022.bib,True
10.1145/3491102.3502034,"AirRacket: Perceptual Design of Ungrounded, Directional Force Feedback to Improve Virtual Racket Sports Experiences",2022,chi_2022.bib,True
10.1145/3491102.3517529,Predicting Opportune Moments to Deliver Notifications in Virtual Reality,2022,chi_2022.bib,True
10.1145/3491102.3501959,Reducing Virtual Reality Sickness for Cyclists in VR Bicycle Simulators,2022,chi_2022.bib,True
10.1145/3491102.3501828,Vibing Together: Dance Experiences in Social Virtual Reality,2022,chi_2022.bib,True
10.1145/3491102.3501847,Mixing in Reverse Optical Flow to Mitigate Vection and Simulation Sickness in Virtual Reality,2022,chi_2022.bib,True
10.1145/3491102.3501875,"Much Realistic, Such Wow! A Systematic Literature Review of Realism in Digital Games",2022,chi_2022.bib,True
10.1145/3491102.3502110,The Effects of a Soundtrack on Board Game Player Experience,2022,chi_2022.bib,True
10.1145/3491102.3517581,Here Comes No Boom! The Lack of Sound Feedback Effects on Performance and User Experience in a Gamified Image Classification Task,2022,chi_2022.bib,True
10.1145/3491102.3502085,Understanding Interactions for Smart Wheelchair Navigation in Crowds,2022,chi_2022.bib,True
10.1145/3491102.3501986,Design and Evaluation of Hybrid Search for American Sign Language to English Dictionaries: Making the Most of Imperfect Sign Recognition,2022,chi_2022.bib,True
10.1145/3491102.3501918,Co11ab: Augmenting Accessibility in Synchronous Collaborative Writing for People with Vision Impairments,2022,chi_2022.bib,True
10.1145/3491102.3501944,Understanding Emotion Changes in Mobile Experience Sampling,2022,chi_2022.bib,True
10.1145/3491102.3517453,“I Didn’t Know I Looked Angry”: Characterizing Observed Emotion and Reported Affect at Work,2022,chi_2022.bib,True
10.1145/3491102.3517661,Interpolating Happiness: Understanding the Intensity Gradations of Face Emojis Across Cultures,2022,chi_2022.bib,True
10.1145/3491102.3517569,Mindsets Matter: How Beliefs About Facebook Moderate the Association Between Time Spent and Well-Being,2022,chi_2022.bib,True
10.1145/3491102.3517563,Close-up and Whispering: An Understanding of Multimodal and Parasocial Interactions in YouTube ASMR videos,2022,chi_2022.bib,True
10.1145/3491102.3517587,Not Just a Preference: Reducing Biased Decision-making on Dating Websites,2022,chi_2022.bib,True
10.1145/3491102.3502028,OtherTube: Facilitating Content Discovery and Reflection by Exchanging YouTube Recommendations with Strangers,2022,chi_2022.bib,True
10.1145/3491102.3517505,Designing Word Filter Tools for Creator-led Comment Moderation,2022,chi_2022.bib,True
10.1145/3491102.3501822,"Who, What, Why and How? Towards the Monetary Incentive in Crowd Collaboration: A Case Study of Github’s Sponsor Mechanism",2022,chi_2022.bib,True
10.1145/3491102.3517707,Apéritif: Scaffolding Preregistrations to Automatically Generate Analysis Code and Methods Descriptions,2022,chi_2022.bib,True
10.1145/3491102.3517459,Automatically Generating and Improving Voice Command Interface from Operation Sequences on Smartphones,2022,chi_2022.bib,True
10.1145/3491102.3501819,TaleBrush: Sketching Stories with Generative Pretrained Language Models,2022,chi_2022.bib,True
10.1145/3491102.3502102,Symphony: Composing Interactive Interfaces for Machine Learning,2022,chi_2022.bib,True
10.1145/3491102.3517466,Bivariate Effective Width Method to Improve the Normalization Capability for Subjective Speed-accuracy Biases in Rectangular-target Pointing,2022,chi_2022.bib,True
10.1145/3491102.3517433,Switching Between Standard Pointing Methods with Current and Emerging Computer Form Factors,2022,chi_2022.bib,True
10.1145/3491102.3517691,"Evaluating Singing for Computer Input Using Pitch, Interval, and Melody",2022,chi_2022.bib,True
10.1145/3491102.3517473,Shaping Textile Sliders: An Evaluation of Form Factors and Tick Marks for Textile Sliders,2022,chi_2022.bib,True
10.1145/3491102.3501863,First Steps Towards Designing Electrotactons: Investigating Intensity and Pulse Frequency as Parameters for Electrotactile Cues,2022,chi_2022.bib,True
10.1145/3491102.3517501,“It's A Drag”: Exploring How to Improve Parents’ Experiences of Managing Mobile Device Use During Family Time,2022,chi_2022.bib,True
10.1145/3491102.3502130,"Exploring Technology-Mediated Parental Socialisation of Emotion: Leveraging an Embodied, In-situ Intervention for Child Emotion Regulation",2022,chi_2022.bib,True
10.1145/3491102.3517479,StoryBuddy: A Human-AI Collaborative Chatbot for Parent-Child Interactive Storytelling with Flexible Parental Involvement,2022,chi_2022.bib,True
10.1145/3491102.3501865,Captivate! Contextual Language Guidance for Parent–Child Interaction,2022,chi_2022.bib,True
10.1145/3491102.3501922,Keep the VRhythm going: A musician-centred study investigating how Virtual Reality can support creative musical practice,2022,chi_2022.bib,True
10.1145/3491102.3517626,"Super Size Me: Interface Size, Identity and Embodiment in Digital Musical Instrument Design",2022,chi_2022.bib,True
10.1145/3491102.3517695,Exploring Interactive Sound Design for Auditory Websites,2022,chi_2022.bib,True
10.1145/3491102.3517448,Dance Transitions: What Forms of Technology Best Support Professional Dancers as They Learn New Movement Styles?,2022,chi_2022.bib,True
10.1145/3491102.3517556,Embodied Geometric Reasoning with a Robot: The Impact of Robot Gestures on Student Reasoning about Geometrical Conjectures,2022,chi_2022.bib,True
10.1145/3491102.3502031,Family as a Third Space for AI Literacies: How do children and parents learn about AI together?,2022,chi_2022.bib,True
10.1145/3491102.3502091,Family Learning Talk in AI Literacy Learning Activities,2022,chi_2022.bib,True
10.1145/3491102.3517740,Adaptive Empathy Learning Support in Peer Review Scenarios,2022,chi_2022.bib,True
10.1145/3491102.3502124,How Interest-Driven Content Creation Shapes Opportunities for Informal Learning in Scratch: A Case Study on Novices’ Use of Data Structures,2022,chi_2022.bib,True
10.1145/3491102.3501917,AlgoSolve: Supporting Subgoal Learning in Algorithmic Problem-Solving with Learnersourced Microtasks,2022,chi_2022.bib,True
10.1145/3491102.3502021,TunePad Playbooks: Designing Computational Notebooks for Creative Music Coding,2022,chi_2022.bib,True
10.1145/3491102.3501820,Assisting Teaching Assistants with Automatic Code Corrections,2022,chi_2022.bib,True
10.1145/3491102.3501997,Understanding People’s Experience for Physical Activity Planning and Exploring the Impact of Historical Records on Plan Creation and Execution,2022,chi_2022.bib,True
10.1145/3491102.3502039,The TAC Toolkit: Supporting Design for User Acceptance of Health Technologies from a Macro-Temporal Perspective,2022,chi_2022.bib,True
10.1145/3491102.3517535,More than Bedtime and the Bedroom: Sleep Management as a Collaborative Work for the Family,2022,chi_2022.bib,True
10.1145/3491102.3502493,At-Home Pupillometry using Smartphone Facial Identification Cameras,2022,chi_2022.bib,True
10.1145/3491102.3517600,Collaborative Identity Decolonization as Reclaiming Narrative Agency: Identity Work of Bengali Communities on Quora,2022,chi_2022.bib,True
10.1145/3491102.3517611,'She's Just My Life': Digital Design to Support Women's Self-Other Care in Relationships with their Mothers,2022,chi_2022.bib,True
10.1145/3491102.3502071,F-commerce and Urban Modernities: The Changing Terrain of Housing Design in Bangladesh,2022,chi_2022.bib,True
10.1145/3491102.3501996,What Pronouns for Pepper? A Critical Review of Gender/ing in Research,2022,chi_2022.bib,False
10.1145/3491102.3517608,"Experiences of Harm, Healing, and Joy among Black Women and Femmes on Social Media",2022,chi_2022.bib,True
10.1145/3491102.3517717,A Comparative Evaluation of Interventions Against Misinformation: Augmenting the WHO Checklist,2022,chi_2022.bib,True
10.1145/3491102.3517517,”You have to prove the threat is real”: Understanding the needs of Female Journalists and Activists to Document and Report Online Harassment,2022,chi_2022.bib,True
10.1145/3491102.3517570,Method for Appropriating the Brief Implicit Association Test to Elicit Biases in Users,2022,chi_2022.bib,True
10.1145/3491102.3517450,Designing for Knowledge Construction to Facilitate the Uptake of Open Science: Laying out the Design Space,2022,chi_2022.bib,True
10.1145/3491102.3501924,"Remote Co-teaching in Rural Classroom: Current Practices, Impacts, and Challenges",2022,chi_2022.bib,True
10.1145/3491102.3517576,Innovating Novel Online Social Spaces with Diverse Middle School Girls: Ideation and Collaboration in a Synchronous Virtual Design Workshop,2022,chi_2022.bib,True
10.1145/3491102.3501846,Uncovering Instructors’ Diverse Practices and Perceptions: A Field Deployment of a Customization-Sharing Platform that Supports Course Management,2022,chi_2022.bib,True
10.1145/3491102.3501827,Driving from a Distance: Challenges and Guidelines for Autonomous Vehicle Teleoperation Interfaces,2022,chi_2022.bib,True
10.1145/3491102.3517640,Mediated Visits: Longitudinal Domestic Dwelling with Mobile Robotic Telepresence,2022,chi_2022.bib,True
10.1145/3491102.3517572,Cultural Influences on Chinese Citizens’ Adoption of Digital Contact Tracing: A Human Infrastructure Perspective,2022,chi_2022.bib,True
10.1145/3491102.3501961,Drawing Out the Everyday Hyper-[In]Securities of Digital Identity,2022,chi_2022.bib,True
10.1145/3491102.3517646,”It Matches My Worldview”: Examining Perceptions and Attitudes Around Fake Videos,2022,chi_2022.bib,True
10.1145/3491102.3517588,"Accost, Accede, or Amplify: Attitudes towards COVID-19 Misinformation on WhatsApp in India",2022,chi_2022.bib,True
10.1145/3491102.3502094,"Winds of Change: Seeking, Preserving, and Retelling Indigenous Knowledge Through Self-Organized Online Communities",2022,chi_2022.bib,True
10.1145/3491102.3517528,Investigating Older Adults’ Attitudes towards Crisis Informatics Tools: Opportunities for Enhancing Community Resilience during Disasters,2022,chi_2022.bib,True
10.1145/3491102.3517709,Janus Screen: Screen with Switchable Projection Surfaces Using Wire Grid Polarizer,2022,chi_2022.bib,True
10.1145/3491102.3502099,PneuMesh: Pneumatic-driven Truss-based Shape Changing System,2022,chi_2022.bib,True
10.1145/3491102.3501837,"ElectriPop: Low-Cost, Shape-Changing Displays Using Electrostatically Inflated Mylar Sheets",2022,chi_2022.bib,True
10.1145/3491102.3501910,Electrical Head Actuation: Enabling Interactive Systems to Directly Manipulate Head Orientation,2022,chi_2022.bib,True
10.1145/3491102.3517462,STRAIDE: A Research Platform for Shape-Changing Spatial Displays based on Actuated Strings,2022,chi_2022.bib,True
10.1145/3491102.3517586,“I hope I never need one”: Unpacking Stigma in Aging in Place Technology,2022,chi_2022.bib,True
10.1145/3491102.3517621,Examining Identity as a Variable of Health Technology Research for Older Adults: A Systematic Review,2022,chi_2022.bib,True
10.1145/3491102.3517490,"“It Feels Like Taking a Gamble”: Exploring Perceptions, Practices, and Challenges of Using Makeup and Cosmetics for People with Visual Impairments",2022,chi_2022.bib,True
10.1145/3491102.3517566,Methods for Evaluating the Fluency of Automatically Simplified Texts with Deaf and Hard-of-Hearing Adults at Various Literacy Levels,2022,chi_2022.bib,True
10.1145/3491102.3502063,“I Shake The Package To Check If It’s Mine”: A Study of Package Fetching Practices and Challenges of Blind and Low Vision People in China,2022,chi_2022.bib,True
10.1145/3491102.3501951,"InfraredTags: Embedding Invisible AR Markers and Barcodes Using Low-Cost, Infrared-Based 3D Printing and Imaging Tools",2022,chi_2022.bib,True
10.1145/3491102.3502074,Print-A-Sketch: A Handheld Printer for Physical Sketching of Circuits and Sensors on Everyday Surfaces,2022,chi_2022.bib,True
10.1145/3491102.3501919,FoolProofJoint: Reducing Assembly Errors of Laser Cut 3D Models by Means of Custom Joint Patterns,2022,chi_2022.bib,True
10.1145/3491102.3517645,Mobiot: Augmenting Everyday Objects into Moving IoT Devices Using 3D Printed Attachments Generated by Demonstration,2022,chi_2022.bib,True
10.1145/3491102.3502090,AirRes Mask: A Precise and Robust Virtual Reality Breathing Interface Utilizing Breathing Resistance as Output Modality,2022,chi_2022.bib,True
10.1145/3491102.3501960,Mouth Haptics in VR using a Headset Ultrasound Phased Array,2022,chi_2022.bib,True
10.1145/3491102.3517432,What Could Possibly Go Wrong When Interacting with Proactive Smart Speakers? A Case Study Using an ESM Application,2022,chi_2022.bib,True
10.1145/3491102.3501977,Lattice Menu: A Low-Error Gaze-Based Marking Menu Utilizing Target-Assisted Gaze Gestures on a Lattice of Visual Anchors,2022,chi_2022.bib,True
10.1145/3491102.3501887,Get To The Point! Problem-Based Curated Data Views To Augment Care For Critically Ill Patients,2022,chi_2022.bib,True
10.1145/3491102.3517701,Prediction for Retrospection: Integrating Algorithmic Stress Prediction into Personal Informatics Systems for College Students’ Mental Health,2022,chi_2022.bib,True
10.1145/3491102.3501984,Exploring Perceptions of Cross-Sectoral Data Sharing with People with Parkinson’s,2022,chi_2022.bib,True
10.1145/3491102.3517669,Personal Dream Informatics: A Self-Information Systems Model of Dream Engagement,2022,chi_2022.bib,True
10.1145/3491102.3517690,Lived Experiences of Mental Workload in Everyday Life,2022,chi_2022.bib,True
10.1145/3491102.3517662,Rethinking Menstrual Trackers Towards Period-Positive Ecologies,2022,chi_2022.bib,True
10.1145/3491102.3501937,Pandemic Displays: Considering Hygiene on Public Touchscreens in the Post-Pandemic Era,2022,chi_2022.bib,True
10.1145/3491102.3501864,Understanding How eHealth Coaches Tailor Support For Weight Loss: Towards the Design of Person-Centered Coaching Systems,2022,chi_2022.bib,True
10.1145/3491102.3501950,"Embodied Negotiations, Practices and Experiences Interacting with Pregnancy Care Infrastructures in South India",2022,chi_2022.bib,True
10.1145/3491102.3501935,SonarID: Using Sonar to Identify Fingers on a Smartwatch,2022,chi_2022.bib,True
10.1145/3491102.3502015,"SilentSpeller: Towards mobile, hands-free, silent speech text entry using electropalatography",2022,chi_2022.bib,True
10.1145/3491102.3517440,ReflecTouch: Detecting Grasp Posture of Smartphone Using Corneal Reflection Images,2022,chi_2022.bib,True
10.1145/3491102.3517698,FaceOri: Tracking Head Position and Orientation Using Ultrasonic Ranging on Earphones,2022,chi_2022.bib,True
10.1145/3491102.3502079,"More Errors vs. Longer Commands: The Effects of Repetition and Reduced Expressiveness on Input Interpretation Error, Learning, and Effort",2022,chi_2022.bib,True
10.1145/3491102.3517682,ShapeFindAR: Exploring In-Situ Spatial Search for Physical Artifact Retrieval using Mixed Reality,2022,chi_2022.bib,True
10.1145/3491102.3517632,Investigating Potentials of Shape-Changing Displays for Sound Zones,2022,chi_2022.bib,True
10.1145/3491102.3501938,Do You See What I Hear? — Peripheral Absolute and Relational Visualisation Techniques for Sound Zones,2022,chi_2022.bib,True
10.1145/3491102.3502140,Consent in the Age of AR: Investigating The Comfort With Displaying Personal Information in Augmented Reality,2022,chi_2022.bib,True
10.1145/3491102.3517575,“Should I visit the clinic”: Analyzing WhatsApp-mediated Online Health Support for Expectant and New Mothers in Rural India,2022,chi_2022.bib,True
10.1145/3491102.3517634,"Dare to Dream, Dare to Livestream: How E-Commerce Livestreaming Empowers Chinese Rural Women",2022,chi_2022.bib,True
10.1145/3491102.3501834,"Feeling Proud, Feeling Embarrassed: Experiences of Low-income Women with Crowd Work",2022,chi_2022.bib,True
10.1145/3491102.3517639,Opportunities and Challenges of Automatic Speech Recognition Systems for Low-Resource Language Speakers,2022,chi_2022.bib,True
10.1145/3491102.3517628,Coordination and Collaboration: How do Volunteer Moderators Work as a Team in Live Streaming Communities?,2022,chi_2022.bib,True
10.1145/3491102.3517495,Shared User Interfaces of Physiological Data: Systematic Review of Social Biofeedback Systems and Contexts in HCI,2022,chi_2022.bib,True
10.1145/3491102.3517470,From Who You Know to What You Read: Augmenting Scientific Recommendations with Implicit Social Networks,2022,chi_2022.bib,True
10.1145/3491102.3517516,Follow the Leader: Technical and Inspirational Leadership in Open Source Software,2022,chi_2022.bib,True
10.1145/3491102.3502005,TalkTive: A Conversational Agent Using Backchannels to Engage Older Adults in Neurocognitive Disorders Screening,2022,chi_2022.bib,True
10.1145/3491102.3502020,ProtoSound: A Personalized and Scalable Sound Recognition System for Deaf and Hard-of-Hearing Users,2022,chi_2022.bib,True
10.1145/3491102.3501987,"Analyzing Deaf and Hard-of-Hearing Users’ Behavior, Usage, and Interaction with a Personal Assistant Device that Understands Sign-Language Input",2022,chi_2022.bib,True
10.1145/3491102.3517525,Polite or Direct? Conversation Design of a Smart Display for Older Adults Based on Politeness Theory,2022,chi_2022.bib,True
10.1145/3491102.3501854,Mixplorer: Scaffolding Design Space Exploration through Genetic Recombination of Multiple Peoples’ Designs to Support Novices’ Creativity,2022,chi_2022.bib,True
10.1145/3491102.3501905,Bursting Scientific Filter Bubbles: Boosting Innovation via Novel Author Discovery,2022,chi_2022.bib,True
10.1145/3491102.3517714,Elements of XR Prototyping: Characterizing the Role and Use of Prototypes in Augmented and Virtual Reality Design,2022,chi_2022.bib,True
10.1145/3491102.3501914,StoryDrawer: A Child–AI Collaborative Drawing System to Support Children's Creative Visual Storytelling,2022,chi_2022.bib,True
10.1145/3491102.3502120,Understanding the Situated Practices of School Technology Leaders in the Early Stages of Educational Technology Adoption,2022,chi_2022.bib,True
10.1145/3491102.3517482,Glancee: An Adaptable System for Instructors to Grasp Student Learning Status in Synchronous Online Classes,2022,chi_2022.bib,True
10.1145/3491102.3517693,Can Anybody Help Me?: Using Community Help Desk Call Records to Examine the Impact of Digital Divides During a Global Pandemic,2022,chi_2022.bib,True
10.1145/3491102.3502126,“Hartal (Strike) Happens Here Everyday”: Understanding Impact of Disruption on Education in Kashmir,2022,chi_2022.bib,True
10.1145/3491102.3502086,”I happen to be one of 47.8%”: Social-Emotional and Data Reasoning in Middle School Students’ Comics about Friendship,2022,chi_2022.bib,True
10.1145/3491102.3502207,"News Informatics: Engaging Individuals with Data-Rich News Content through Interactivity in Source, Medium, and Message",2022,chi_2022.bib,True
10.1145/3491102.3517647,“Merging Results Is No Easy Task”: An International Survey Study of Collaborative Data Analysis Practices Among UX Practitioners,2022,chi_2022.bib,True
10.1145/3491102.3517718,Optimizing the Use of the Sentence Completion Survey Technique in User Research: A Case Study on the Experience of E-Reading,2022,chi_2022.bib,True
10.1145/3491102.3517788,Constrained Life in a Multifarious Environment - A Closer Look at the Lives of Autistic College Students,2022,chi_2022.bib,True
10.1145/3491102.3517684,Keep it Short: A Comparison of Voice Assistants’ Response Behavior,2022,chi_2022.bib,True
10.1145/3491102.3501868,When is Machine Learning Data Good?: Valuing in Public Health Datafication,2022,chi_2022.bib,True
10.1145/3491102.3517644,Forgetting Practices in the Data Sciences,2022,chi_2022.bib,True
10.1145/3491102.3502101,Insights and Opportunities for HCI Research into Hurricane Risk Communication,2022,chi_2022.bib,True
10.1145/3491102.3502001,Consumption experiences in the research process,2022,chi_2022.bib,True
10.1145/3491102.3502027,Design of Digital Workplace Stress-Reduction Intervention Systems: Effects of Intervention Type and Timing,2022,chi_2022.bib,True
10.1145/3491102.3501976,“I Wanted to See How Bad it Was”: Online Self-screening as a Critical Transition Point Among Young Adults with Common Mental Health Conditions,2022,chi_2022.bib,True
10.1145/3491102.3502046,Meeting Users Where They Are: User-centered Design of an Automated Text Messaging Tool to Support the Mental Health of Young Adults,2022,chi_2022.bib,True
10.1145/3491102.3517710,Exploring Design Opportunities for Supporting Mental Wellbeing Among East Asian University Students in Canada,2022,chi_2022.bib,True
10.1145/3491102.3502135,Exploring Situated & Embodied Support for Youth’s Mental Health: Design Opportunities for Interactive Tangible Device,2022,chi_2022.bib,True
10.1145/3491102.3517518,Hitting the Triple Bottom Line: Widening the HCI Approach to Sustainability,2022,chi_2022.bib,True
10.1145/3491102.3517597,Exploring Renewable Energy Futures through Household Energy Resilience,2022,chi_2022.bib,True
10.1145/3491102.3501929,Negotiating sustainable futures in communities through participatory speculative design and experiments in living,2022,chi_2022.bib,True
10.1145/3491102.3517679,Towards Digital Environmental Stewardship: the Work of Caring for the Environment in Waste Management,2022,chi_2022.bib,True
10.1145/3491102.3501988,Style Blink: Exploring Digital Inking of Structured Information via Handcrafted Styling as a First-Class Object,2022,chi_2022.bib,True
10.1145/3491102.3501838,TapGazer: Text Entry with Finger Tapping and Gaze-directed Word Selection,2022,chi_2022.bib,True
10.1145/3491102.3502052,Passages: Interacting with Text Across Documents,2022,chi_2022.bib,True
10.1145/3491102.3517686,TypeAnywhere: A QWERTY-Based Text Entry Solution for Ubiquitous Computing,2022,chi_2022.bib,True
10.1145/3491102.3501871,The Sound of Hallucinations: Toward a more convincing emulation of internalized voices,2022,chi_2022.bib,True
10.1145/3491102.3502041,MyDJ: Sensing Food Intakes with an Attachable on Your Eyeglass Frame,2022,chi_2022.bib,True
10.1145/3491102.3517727,"Towards Design Guidelines for Effective Health-Related Data Videos: An Empirical Investigation of Affect, Personality, and Video Content",2022,chi_2022.bib,True
10.1145/3491102.3517631,Investigating and Validating On-body Temperature Sensors for Personal Heat Exposure Tracking.,2022,chi_2022.bib,True
10.1145/3491102.3517629,Designing and Evaluating a Chatbot for Survivors of Image-Based Sexual Abuse,2022,chi_2022.bib,True
10.1145/3491102.3517655,A Conversational Approach for Modifying Service Mashups in IoT Environments,2022,chi_2022.bib,True
10.1145/3491102.3502100,Improving Finger Stroke Recognition Rate for Eyes-Free Mid-Air Typing in VR,2022,chi_2022.bib,True
10.1145/3491102.3502045,HybridTrak: Adding Full-Body Tracking to VR Using an Off-the-Shelf Webcam,2022,chi_2022.bib,True
10.1145/3491102.3502134,Integrating Gaze and Speech for Enabling Implicit Interactions,2022,chi_2022.bib,True
10.1145/3491102.3501989,‘Are They Doing Better In The Clinic Or At Home?’: Understanding Clinicians’ Needs When Visualizing Wearable Sensor Data Used In Remote Gait Assessments For People With Multiple Sclerosis,2022,chi_2022.bib,True
10.1145/3491102.3517512,Investigating Clutching Interactions for Touchless Medical Imaging Systems,2022,chi_2022.bib,True
10.1145/3491102.3502206,Designing Flexible Longitudinal Regimens: Supporting Clinician Planning for Discontinuation of Psychiatric Drugs,2022,chi_2022.bib,True
10.1145/3491102.3517519,A State-Based Medication Routine Framework,2022,chi_2022.bib,True
10.1145/3491102.3501884,In-Depth Mouse: Integrating Desktop Mouse into Virtual Reality,2022,chi_2022.bib,True
10.1145/3491102.3501873,OVRlap: Perceiving Multiple Locations Simultaneously to Improve Interaction in VR,2022,chi_2022.bib,True
10.1145/3491102.3501971,ImpactVest: Rendering Spatio-Temporal Multilevel Impact Force Feedback on Body in VR,2022,chi_2022.bib,True
10.1145/3491102.3517725,Kuiper Belt: Utilizing the “Out-of-natural Angle” Region in the Eye-gaze Interaction for Virtual Reality,2022,chi_2022.bib,True
10.1145/3491102.3517706,Beyond Being Real: A Sensorimotor Control Perspective on Interactions in Virtual Reality,2022,chi_2022.bib,True
10.1145/3491102.3517739,Computational Rationality as a Theory of Interaction,2022,chi_2022.bib,True
10.1145/3491102.3501992,Rediscovering Affordance: A Reinforcement Learning Perspective,2022,chi_2022.bib,True
10.1145/3491102.3502089,To Trust or to Stockpile: Modeling Human-Simulation Interaction in Supply Chain Shortages,2022,chi_2022.bib,True
10.1145/3491102.3517733,Adorned in Memes: Exploring the Adoption of Social Wearables in Nordic Student Culture,2022,chi_2022.bib,True
10.1145/3491102.3517604,Hitting Pause: How User Perceptions of Collaborative Playlists Evolved in the United States During the COVID-19 Pandemic,2022,chi_2022.bib,True
10.1145/3491102.3517560,BikeAR: Understanding Cyclists’ Crossing Decision-Making at Uncontrolled Intersections using Augmented Reality,2022,chi_2022.bib,True
10.1145/3491102.3517571,"Effects of Pedestrian Behavior, Time Pressure, and Repeated Exposure on Crossing Decisions in Front of Automated Vehicles Equipped with External Communication",2022,chi_2022.bib,True
10.1145/3491102.3502051,FlexNav: Flexible Navigation and Exploration through Connected Runnable Zones,2022,chi_2022.bib,True
10.1145/3491102.3517487,Beyond Virtual Bazaar: How Social Commerce Promotes Inclusivity for the Traditionally Underserved Community in Chinese Developing Regions,2022,chi_2022.bib,True
10.1145/3491102.3517502,AI beyond Deus ex Machina – Reimagining Intelligence in Future Cities with Urban Experts,2022,chi_2022.bib,True
10.1145/3491102.3517664,Designing Tools and Interfaces for Ecological Restoration: An Investigation into the Opportunities and Constraints for Technological Interventions,2022,chi_2022.bib,True
10.1145/3491102.3517464,RMS: Removing Barriers to Analyze the Availability and Surge Pricing of Ridesharing Services,2022,chi_2022.bib,True
10.1145/3491102.3507656,Outside Where? A Survey of Climates and Built Environments in Studies of HCI outdoors,2022,chi_2022.bib,True
10.1145/3491102.3502037,Semantic Gap in Predicting Mental Wellbeing through Passive Sensing,2022,chi_2022.bib,True
10.1145/3491102.3501852,Round Numbers Can Sharpen Cognition,2022,chi_2022.bib,True
10.1145/3491102.3517477,"Probability Weighting in Interactive Decisions: Evidence for Overuse of Bad Assistance, Underuse of Good Assistance",2022,chi_2022.bib,True
10.1145/3491102.3517601,Multifractal Mice: Operationalising Dimensions of Readiness-to-hand via a Feature of Hand Movement,2022,chi_2022.bib,True
10.1145/3491102.3501908,Investigating the Tradeoffs of Everyday Text-Entry Collection Methods,2022,chi_2022.bib,True
10.1145/3491102.3501933,”I don’t want to feel like I’m working in a 1960s factory”: The Practitioner Perspective on Creativity Support Tool Adoption,2022,chi_2022.bib,True
10.1145/3491102.3502075,FlatMagic: Improving Flat Colorization through AI-driven Design for Digital Comic Professionals,2022,chi_2022.bib,True
10.1145/3491102.3501895,Supercharging Trial-and-Error for Learning Complex Software Applications,2022,chi_2022.bib,True
10.1145/3491102.3517486,Paper Trail: An Immersive Authoring System for Augmented Reality Instructional Experiences,2022,chi_2022.bib,True
10.1145/3491102.3501894,A Layered Authoring Tool for Stylized 3D animations,2022,chi_2022.bib,True
10.1145/3491102.3501825,Design Guidelines for Prompt Engineering Text-to-Image Generative Models,2022,chi_2022.bib,True
10.1145/3491102.3517582,AI Chains: Transparent and Controllable Human-AI Interaction by Chaining Large Language Model Prompts,2022,chi_2022.bib,True
10.1145/3491102.3501870,Discovering the Syntax and Strategies of Natural Language Programming with Generative Language Models,2022,chi_2022.bib,True
10.1145/3491102.3502073,Towards Complete Icon Labeling in Mobile Applications,2022,chi_2022.bib,True
10.1145/3491102.3502030,CoAuthor: Designing a Human-AI Collaborative Writing Dataset for Exploring Language Model Capabilities,2022,chi_2022.bib,True
10.1145/3491102.3517668,Next Steps in Epidermal Computing: Opportunities and Challenges for Soft On-Skin Devices,2022,chi_2022.bib,True
10.1145/3491102.3502119,Meander Coil++: A Body-scale Wireless Power Transmission Using Safe-to-body and Energy-efficient Transmitter Coil,2022,chi_2022.bib,True
10.1145/3491102.3502142,KnitSkin: Machine-Knitted Scaled Skin for Locomotion,2022,chi_2022.bib,True
10.1145/3491102.3517590,ARGONAUT: An Inclusive Design Process for Wearable Health Monitoring Systems,2022,chi_2022.bib,True
10.1145/3491102.3502096,HydroMod : Constructive Modules for Prototyping Hydraulic Physical Interfaces,2022,chi_2022.bib,True
10.1145/3491102.3517624,"“So Close, yet So Far”: Exploring Sexual-minority Women’s Relationship-building via Online Dating in China",2022,chi_2022.bib,True
10.1145/3491102.3517627,"Nice Guys, Virgins, and Incels: Gender in Remixing and Sharing Memes at Hackathons",2022,chi_2022.bib,True
10.1145/3491102.3502106,"Who am I, and who are you, and who are we? A Scientometric Analysis of Gender and Geography in HCI",2022,chi_2022.bib,True
10.1145/3491102.3517524,“Brush it Off”: How Women Workers Manage and Cope with Bias and Harassment in Gender-agnostic Gig Platforms,2022,chi_2022.bib,True
10.1145/3491102.3502114,Pretty Princess vs. Successful Leader: Gender Roles in Greeting Card Messages,2022,chi_2022.bib,True
10.1145/3491102.3517454,Smooth as Steel Wool: Effects of Visual Stimuli on the Haptic Perception of Roughness in Virtual Reality,2022,chi_2022.bib,True
10.1145/3491102.3517531,”Your Eyes Tell You Have Used This Password Before”: Identifying Password Reuse from Gaze and Keystroke Dynamics,2022,chi_2022.bib,True
10.1145/3491102.3501980,Can’t Touch This: Rethinking Public Technology in a COVID-19 Era,2022,chi_2022.bib,True
10.1145/3491102.3502022,Mold-It: Understanding how Physical Shapes affect Interaction with Handheld Freeform Devices,2022,chi_2022.bib,True
10.1145/3491102.3501835,Affective State Prediction from Smartphone Touch and Sensor Data in the Wild,2022,chi_2022.bib,True
10.1145/3491102.3502137,“It would probably turn into a social faux-pas”: Users’ and Bystanders’ Preferences of Privacy Awareness Mechanisms in Smart Homes,2022,chi_2022.bib,True
10.1145/3491102.3517515,Privacy Design Strategies for Home Energy Management Systems (HEMS),2022,chi_2022.bib,True
10.1145/3491102.3517652,Permission vs. App Limiters: Profiling Smartphone Users to Understand Differing Strategies for Mobile Privacy Management,2022,chi_2022.bib,True
10.1145/3491102.3517504,Users’ Expectations About and Use of Smartphone Privacy and Security Settings,2022,chi_2022.bib,True
10.1145/3491102.3501823,Neo: Generalizing Confusion Matrix Visualization to Hierarchical and Multi-Output Labels,2022,chi_2022.bib,True
10.1145/3491102.3502048,Structure-aware Visualization Retrieval,2022,chi_2022.bib,True
10.1145/3491102.3517618,ComputableViz: Mathematical Operators as a Formalism for Visualisation Processing and Analysis,2022,chi_2022.bib,True
10.1145/3491102.3501891,Recommendations for Visualization Recommendations: Exploring Preferences and Priorities in Public Health,2022,chi_2022.bib,True
10.1145/3491102.3517648,VisGuide: User-Oriented Recommendations for Data Event Extraction,2022,chi_2022.bib,True
10.1145/3491102.3517460,Visualizing Urban Accessibility: Investigating Multi-Stakeholder Perspectives through a Map-based Design Probe Study,2022,chi_2022.bib,True
10.1145/3491102.3501956,The Role of Staff in Facilitating Immersive Virtual Reality for Enrichment in Aged Care: An Ethic of Care Perspective,2022,chi_2022.bib,True
10.1145/3491102.3502072,3D Printed Street Crossings: Supporting Orientation and Mobility Training with People who are Blind or have Low Vision,2022,chi_2022.bib,True
10.1145/3491102.3517457,MyMove: Facilitating Older Adults to Collect In-Situ Activity Labels on a Smartwatch with Speech,2022,chi_2022.bib,True
10.1145/3491102.3517699,“I See You!”: A Design Framework for Interface Cues about Agent Visual Perception from a Thematic Analysis of Videogames,2022,chi_2022.bib,True
10.1145/3491102.3517484,Personalization Trade-offs in Designing a Dialogue-based Information System for Support-Seeking of Sexual Violence Survivors,2022,chi_2022.bib,True
10.1145/3491102.3517536,Letters from the Future: Exploring Ethical Dilemmas in the Design of Social Agents,2022,chi_2022.bib,True
10.1145/3491102.3517593,Proxemics for Human-Agent Interaction in Augmented Reality,2022,chi_2022.bib,True
10.1145/3491102.3517625,Simulating Human Imprecision in Temporal Statements of Intelligent Virtual Agents,2022,chi_2022.bib,True
10.1145/3491102.3517594,Digital Proxemics: Designing Social and Collaborative Interaction in Virtual Environments,2022,chi_2022.bib,True
10.1145/3491102.3517564,A New Uncanny Valley? The Effects of Speech Fidelity and Human Listener Gender on Social Perceptions of a Virtual-Human Speaker,2022,chi_2022.bib,True
10.1145/3491102.3517451,Understanding and Designing Avatar Biosignal Visualizations for Social Virtual Reality Entertainment,2022,chi_2022.bib,True
10.1145/3491102.3502077,Interaction with Touch-Sensitive Knitted Fabrics: User Perceptions and Everyday Use Experiments,2022,chi_2022.bib,True
10.1145/3491102.3501872,Eyes-Off Your Fingers: Gradual Surface Haptic Feedback Improves Eyes-Free Touchscreen Interaction,2022,chi_2022.bib,True
10.1145/3491102.3502003,It’s Touching: Understanding Touch-Affect Association in Shape-Change with Kinematic Features,2022,chi_2022.bib,True
10.1145/3491102.3501898,Hand Interfaces: Using Hands to Imitate Objects in AR/VR for Expressive Interactions,2022,chi_2022.bib,True
10.1145/3491102.3517489,FingerX: Rendering Haptic Shapes of Virtual Objects Augmented by Real Objects using Extendable and Withdrawable Supports on Fingers,2022,chi_2022.bib,True
10.1145/3491102.3501953,Haptic Fidelity Framework: Defining the Factors of Realistic Haptic Feedback for Virtual Reality,2022,chi_2022.bib,True
10.1145/3491102.3517687,Aware: Intuitive Device Activation Using Prosody for Natural Voice Interactions,2022,chi_2022.bib,True
10.1145/3491102.3517724,SpinOcchio: Understanding Haptic-Visual Congruency of Skin-Slip in VR with a Dynamic Grip Controller,2022,chi_2022.bib,True
10.1145/3491102.3502062,Reducing the Cognitive Load of Playing a Digital Tabletop Game with a Multimodal Interface,2022,chi_2022.bib,True
10.1145/3491102.3501849,Vibration-Augmented Buttons: Information Transmission Capacity and Application to Interaction Design,2022,chi_2022.bib,True
10.1145/3491102.3517553,A Virtual Counselor for Breast Cancer Genetic Counseling: Adaptive Pedagogy Leads to Greater Knowledge Gain,2022,chi_2022.bib,True
10.1145/3491102.3501824,Investigating Culturally Responsive Design for Menstrual Tracking and Sharing Practices Among Individuals with Minimal Sexual Education,2022,chi_2022.bib,True
10.1145/3491102.3517620,Virtual Feed: Design and Evaluation of a Virtual Reality Simulation Addressing the Lived Experience of Breastfeeding,2022,chi_2022.bib,True
10.1145/3491102.3502116,Designing Chatbots with Black Americans with Chronic Conditions: Overcoming Challenges against COVID-19,2022,chi_2022.bib,True
10.1145/3491102.3501886,Examining AI Methods for Micro-Coaching Dialogs,2022,chi_2022.bib,True
10.1145/3491102.3517603,What are you thinking?: Using CBT and Storytelling to Improve Mental Health Among College Students,2022,chi_2022.bib,True
10.1145/3491102.3517476,TypeOut: Leveraging Just-in-Time Self-Affirmation for Smartphone Overuse Reduction,2022,chi_2022.bib,True
10.1145/3491102.3517513,Perspectives on Integrating Trusted Other Feedback in Therapy for Veterans with PTSD,2022,chi_2022.bib,True
10.1145/3491102.3517573,Digital Emotion Regulation in Everyday Life,2022,chi_2022.bib,True
10.1145/3491102.3517437,“Guilty of Talking Too Much”: How Psychotherapists Gamify Therapy,2022,chi_2022.bib,True
10.1145/3491102.3502097,Exploring Bystanders’ Privacy Concerns with Smart Homes in Jordan,2022,chi_2022.bib,True
10.1145/3491102.3517510,"Hey Alexa, Who Am I Talking to?: Analyzing Users’ Perception and Awareness Regarding Third-party Alexa Skills",2022,chi_2022.bib,True
10.1145/3491102.3502136,Users Can Deduce Sensitive Locations Protected by Privacy Zones on Fitness Tracking Apps,2022,chi_2022.bib,True
10.1145/3491102.3517602,Exploring the Needs of Users for Supporting Privacy-Protective Behaviors in Smart Homes,2022,chi_2022.bib,True
10.1145/3491102.3502118,"“All that You Touch, You Change”: Expanding the Canon of Speculative Design Towards Black Futuring",2022,chi_2022.bib,True
10.1145/3491102.3517579,"Seamless Visions, Seamful Realities: Anticipating Rural Infrastructural Fragility in Early Design of Digital Agriculture",2022,chi_2022.bib,True
10.1145/3491102.3501945,Radical Futures: Supporting Community-Led Design Engagements through an Afrofuturist Speculative Design Toolkit,2022,chi_2022.bib,True
10.1145/3491102.3502044,Interactive Fiction Provotypes for Coping with Interpersonal Racism,2022,chi_2022.bib,True
10.1145/3491102.3517711,ReClaym our Compost: Biodegradable Clay for Intimate Making,2022,chi_2022.bib,True
10.1145/3491102.3502080,Sensitive Pictures: Emotional Interpretation in the Museum,2022,chi_2022.bib,True
10.1145/3491102.3517651,Understanding Screen-based Dining Practices through the Lens of Mindful Eating,2022,chi_2022.bib,True
10.1145/3491102.3517557,A Study of Solar Cooking: Exploring Climate-Resilient Food Preparation and Opportunities for HCI,2022,chi_2022.bib,True
10.1145/3491102.3517547,Yo–Yo Machines: Self-Build Devices that Support Social Connections During the Pandemic,2022,chi_2022.bib,True
10.1145/3491102.3517681,"Watch It, Don’t Imagine It: Creating a Better Caption-Occlusion Metric by Collecting More Ecologically Valid Judgments from DHH Viewers",2022,chi_2022.bib,True
10.1145/3491102.3501843,Remotely Co-Designing Features for Communication Applications using Automatic Captioning with Deaf and Hearing Pairs,2022,chi_2022.bib,True
10.1145/3491102.3502143,A Large-Scale Longitudinal Analysis of Missing Label Accessibility Failures in Android Apps,2022,chi_2022.bib,True
10.1145/3491102.3501966,ImageExplorer: Multi-Layered Touch Exploration to Encourage Skepticism Towards Imperfect AI-Generated Image Captions,2022,chi_2022.bib,True
10.1145/3491102.3501881,Above and Beyond: A Scoping Review of Domains and Applications for Human-Drone Interaction,2022,chi_2022.bib,True
10.1145/3491102.3517726,Understanding Social Influence in Collective Product Ratings Using Behavioral and Cognitive Metrics,2022,chi_2022.bib,True
10.1145/3491102.3501876,Mobilizing Crowdwork:A Systematic Assessment of the Mobile Usability of HITs,2022,chi_2022.bib,True
10.1145/3491102.3502098,Psychometric Properties of the User Experience Questionnaire (UEQ),2022,chi_2022.bib,True
10.1145/3491102.3501897,Identifying an Aurally Distinct Phrase Set for Text Entry Techniques,2022,chi_2022.bib,True
10.1145/3491102.3502014,"(Don’t) stand by me: How trait psychopathy and NPC emotion influence player perceptions, verbal responses, and movement behaviours in a gaming task",2022,chi_2022.bib,True
10.1145/3491102.3502019,“I Don’t Want To Shoot The Android”: Players Translate Real-Life Moral Intuitions to In-Game Decisions in Detroit: Become Human,2022,chi_2022.bib,True
10.1145/3491102.3502002,Emotional Exploration and the Eudaimonic Gameplay Experience: A Grounded Theory,2022,chi_2022.bib,True
10.1145/3491102.3501858,Do People Use Games to Compensate for Psychological Needs During Crises? A Mixed-Methods Study of Gaming During COVID-19 Lockdowns,2022,chi_2022.bib,True
10.1145/3491102.3501954,Designing for Noticeability: Understanding the Impact of Visual Importance on Desktop Notifications,2022,chi_2022.bib,True
10.1145/3491102.3501909,"Situational Recommender: Are You On the Spot, Refining Plans, or Just Bored?",2022,chi_2022.bib,True
10.1145/3491102.3517731,Will AI Console Me when I Lose my Pet? Understanding Perceptions of AI-Mediated Email Writing,2022,chi_2022.bib,True
10.1145/3491102.3502088,Nudging Behavior Change: Using In-Group and Out-Group Social Comparisons to Encourage Healthier Choices,2022,chi_2022.bib,True
10.1145/3491102.3517678,Supporting Accessible Data Visualization Through Audio Data Narratives,2022,chi_2022.bib,True
10.1145/3491102.3517790,Slide-Tone and Tilt-Tone: 1-DOF Haptic Techniques for Conveying Shape Characteristics of Graphs to Blind Users,2022,chi_2022.bib,True
10.1145/3491102.3517431,VoxLens: Making Online Data Visualizations Accessible with an Interactive JavaScript Plug-In,2022,chi_2022.bib,True
10.1145/3491102.3502024,Improving Colour Patterns to Assist People with Colour Vision Deficiency,2022,chi_2022.bib,True
10.1145/3491102.3517465,Infosonics: Accessible Infographics for People who are Blind using Sonification and Voice,2022,chi_2022.bib,True
10.1145/3491102.3517537,Solving Separation-of-Concerns Problems in Collaborative Design of Human-AI Systems through Leaky Abstractions,2022,chi_2022.bib,True
10.1145/3491102.3501916,CO/DA: Live-Coding Movement-Sound Interactions for Dance Improvisation,2022,chi_2022.bib,True
10.1145/3491102.3517491,How Experienced Designers of Enterprise Applications Engage AI as a Design Material,2022,chi_2022.bib,True
10.1145/3491102.3502013,Six Facets of Facilitation: Participatory Design Facilitators’ Perspectives on Their Role and Its Realization,2022,chi_2022.bib,True
10.1145/3491102.3502109,Critical-Playful Speculations with Cameras in the Home,2022,chi_2022.bib,True
10.1145/3491102.3501936,"User Trust in Recommendation Systems: A comparison of Content-Based, Collaborative and Demographic Filtering",2022,chi_2022.bib,True
10.1145/3491102.3517650,Improving understandability of feature contributions in model-agnostic explainable AI tools,2022,chi_2022.bib,True
10.1145/3491102.3501941,"How to Guide Task-oriented Chatbot Users, and When: A Mixed-methods Study of Combinations of Chatbot Guidance Types and Timings",2022,chi_2022.bib,True
10.1145/3491102.3517471,Impacts of Personal Characteristics on User Trust in Conversational Recommender Systems,2022,chi_2022.bib,True
10.1145/3491102.3501888,Tisane: Authoring Statistical Models via Formal Reasoning from Conceptual and Data Relationships,2022,chi_2022.bib,True
10.1145/3491102.3501932,Math Augmentation: How Authors Enhance the Readability of Formulas using Novel Visual Design Practices,2022,chi_2022.bib,True
10.1145/3491102.3502064,Varv: Reprogrammable Interactive Software as a Declarative Data Structure,2022,chi_2022.bib,True
10.1145/3491102.3501940,VibEmoji: Exploring User-authoring Multi-modal Emoticons in Social Communication,2022,chi_2022.bib,True
10.1145/3491102.3517472,Select or Suggest? Reinforcement Learning-based Method for High-Accuracy Target Selection on Touchscreens,2022,chi_2022.bib,True
10.1145/3491102.3517738,A Performance Evaluation of Nomon: A Flexible Interface for Noisy Single-Switch Users,2022,chi_2022.bib,True
10.1145/3491102.3501904,Enabling Hand Gesture Customization on Wrist-Worn Devices,2022,chi_2022.bib,True
10.1145/3491102.3501878,TapType: Ten-finger text entry on everyday surfaces via Bayesian inference,2022,chi_2022.bib,True
10.1145/3491102.3501942,Gesture Elicitation as a Computational Optimization Problem,2022,chi_2022.bib,True
10.1145/3491102.3517461,CatchLive: Real-time Summarization of Live Streams with Stream Content and Interaction Data,2022,chi_2022.bib,True
10.1145/3491102.3501948,FitVid: Responsive and Flexible Video Content Adaptation,2022,chi_2022.bib,True
10.1145/3491102.3517741,Katika: An End-to-End System for Authoring Amateur Explainer Motion Graphics Videos,2022,chi_2022.bib,True
10.1145/3491102.3517567,SABLIER : a Tangible Interactor to Navigate through Space and Time,2022,chi_2022.bib,True
10.1145/3491102.3517674,Hidden Interfaces for Ambient Computing: Enabling Interaction in Everyday Materials through High-brightness Visuals on Low-cost Matrix Displays,2022,chi_2022.bib,True
10.1145/3491102.3517715,Tangible Globes for Data Visualisation in Augmented Reality,2022,chi_2022.bib,True
10.1145/3491102.3501906,(Dis)Appearables: A Concept and Method for Actuated Tangible UIs to Appear and Disappear based on Stages,2022,chi_2022.bib,True
10.1145/3491102.3517449,Tangible Collaboration: A Human-Centered Approach for Sharing Control With an Actuated-Interface,2022,chi_2022.bib,True
10.1145/3491102.3501840,Making Space for Cultural Infrastructure: The Breakdown and Maintenance Work of Independent Movie Theaters During Crisis,2022,chi_2022.bib,True
10.1145/3491102.3517509,"“As Uploaders, We Have the Responsibility”: Individualized Professionalization of Bilibili Uploaders",2022,chi_2022.bib,True
10.1145/3491102.3517558,"FluidMeet: Enabling Frictionless Transitions Between In-Group, Between-Group, and Private Conversations During Virtual Breakout Meetings",2022,chi_2022.bib,True
10.1145/3491102.3517463,Pet-Robot or Appliance? Care Home Residents with Dementia Respond to a Zoomorphic Floor Washing Robot,2022,chi_2022.bib,True
10.1145/3491102.3517554,Barriers to Online Dementia Information and Mitigation,2022,chi_2022.bib,True
10.1145/3491102.3501993,Designing for Everyday Sounds at Home with People with Dementia and their Partners,2022,chi_2022.bib,True
10.1145/3491102.3517430,LivingMoments: Bespoke Social Communication for People living with Dementia and their Relatives,2022,chi_2022.bib,True
10.1145/3491102.3501983,SkyPort: Investigating 3D Teleportation Methods in Virtual Environments,2022,chi_2022.bib,True
10.1145/3491102.3501975,Understanding User Experiences Across VR Walking-in-place Locomotion Methods,2022,chi_2022.bib,True
10.1145/3491102.3501890,HeadWind: Enhancing Teleportation Experience in VR by Simulating Air Drag during Rapid Motion,2022,chi_2022.bib,True
10.1145/3491102.3517654,"Kills, Deaths, and (Computational) Assists: Identifying Opportunities for Computational Support in Esport Learning",2022,chi_2022.bib,True
10.1145/3491102.3517540,How AI-Based Training Affected the Performance of Professional Go Players,2022,chi_2022.bib,True
10.1145/3491102.3502494,"Trust, Reciprocity, and the Role of Timebanks as Intermediaries: Design Implications for Addressing Healthcare Transportation Barriers",2022,chi_2022.bib,True
10.1145/3491102.3502055,Transitioning Toward Independence: Enhancing Collaborative Self-Management of Children with Type 1 Diabetes,2022,chi_2022.bib,True
10.1145/3491102.3517544,When Worlds Collide: Boundary Management of Adolescent and Young Adult Childhood Cancer Survivors and Caregivers,2022,chi_2022.bib,True
10.1145/3491102.3501970,Investigating Daily Practices of Self-care to Inform the Design of Supportive Health Technologies for Living and Ageing Well with HIV,2022,chi_2022.bib,True
10.1145/3491102.3502132,The Challenge of (Non-)Disclosure: Exploring the Lived Experience of Ethiopian Adolescents with HIV and Their Attitudes Toward Technology,2022,chi_2022.bib,True
10.1145/3491102.3517496,Why Did You/I Read but Not Reply? IM Users’ Unresponded-to Read-receipt Practices and Explanations of Them,2022,chi_2022.bib,True
10.1145/3491102.3501920,EmoBalloon - Conveying Emotional Arousal in Text Chats with Speech Balloons,2022,chi_2022.bib,True
10.1145/3491102.3517514,"“I need to be professional until my new team uses emoji, GIFs, or memes first’’: New Collaborators’ Perspectives on Using Non-Textual Communication in Virtual Workspaces",2022,chi_2022.bib,True
10.1145/3491102.3517616,"Because I’m Restricted, 2 – 4 PM Unable to See Messages: Exploring Users’ Perceptions and Likely Practices around Exposing Attention Management Use on IM Online Status",2022,chi_2022.bib,True
10.1145/3491102.3502128,How HCI Adopts Service Design: Unpacking current perceptions and scopes of service design in HCI and identifying future opportunities,2022,chi_2022.bib,True
10.1145/3491102.3517607,"A study of UX practitioners roles in designing real-world, enterprise ML systems",2022,chi_2022.bib,True
10.1145/3491102.3517506,The Electronicists: Techno-aesthetic Encounters for Nonlinear and Art-based Inquiry in HCI,2022,chi_2022.bib,True
10.1145/3491102.3517538,Designing for Inaccessible Emergency Medical Service Contexts: Development and Evaluation of the Contextual Secondary Video Toolkit,2022,chi_2022.bib,True
10.1145/3491102.3501860,"Co-Imagining the Future of Playable Cities: A Bottom-Up, Multi-Stakeholder Speculative Inquiry into the Playful Potential of Urban Technology",2022,chi_2022.bib,True
10.1145/3491102.3501967,When Confidence Meets Accuracy: Exploring the Effects of Multiple Performance Indicators on Trust in Machine Learning Models,2022,chi_2022.bib,True
10.1145/3491102.3502057,Informing Age-Appropriate AI: Examining Principles and Practices of AI for Children,2022,chi_2022.bib,True
10.1145/3491102.3517511,GANSpiration: Balancing Targeted and Serendipitous Inspiration in User Interface Design with Style-Based Generative Adversarial Network,2022,chi_2022.bib,True
10.1145/3491102.3502047,Towards Sign Language-Centric Design of ASL Survey Tools,2022,chi_2022.bib,True
10.1145/3491102.3517456,We Play and Learn Rhythmically: Gesture-based Rhythm Game for Children with Intellectual Developmental Disabilities to Learn Manual Sign,2022,chi_2022.bib,True
10.1145/3491102.3502029,Diffraction-in-action: Designerly Explorations of Agential Realism Through Lived Data,2022,chi_2022.bib,True
10.1145/3491102.3517789,Recentering Reframing as an RtD Contribution: The Case of Pivoting from Accessible Web Tables to a Conversational Internet,2022,chi_2022.bib,True
10.1145/3491102.3517584,One Week in the Future: Previs Design Futuring for HCI Research,2022,chi_2022.bib,True
10.1145/3491102.3517589,Use Cases for Design Personas: A Systematic Review and New Frontiers,2022,chi_2022.bib,True
10.1145/3491102.3517475,Trauma-Informed Computing: Towards Safer Technology Experiences for All,2022,chi_2022.bib,True
10.1145/3491102.3502059,"Interrupting Merit, Subverting Legibility: Navigating Caste In ‘Casteless’ Worlds of Computing",2022,chi_2022.bib,True
10.1145/3491102.3501853,Maker Technology and the Promise of Empowerment in a Flemish School for Disabled Children,2022,chi_2022.bib,True
10.1145/3491102.3517592,ADHD and Technology Research – Investigated by Neurodivergent Readers,2022,chi_2022.bib,True
10.1145/3491102.3501982,From Treatment to Healing:Envisioning a Decolonial Digital Mental Health,2022,chi_2022.bib,True
10.1145/3491102.3517452,Towards Understanding Diminished Reality,2022,chi_2022.bib,True
10.1145/3491102.3517723,Exploring Spatial UI Transition Mechanisms with Head-Worn Augmented Reality,2022,chi_2022.bib,True
10.1145/3491102.3502127,Paracentral and near-peripheral visualizations: Towards attention-maintaining secondary information presentation on OHMDs during in-person social interactions,2022,chi_2022.bib,True
10.1145/3491102.3502026,Dually Noted: Layout-Aware Annotations with Smartphone Augmented Reality,2022,chi_2022.bib,True
10.1145/3491102.3517719,Augmented Reality and Robotics: A Survey and Taxonomy for AR-enhanced Human-Robot Interaction and Robotic Interfaces,2022,chi_2022.bib,True
10.1145/3491102.3517494,i-LaTeX : Manipulating Transitional Representations between LaTeX Code and Generated Documents,2022,chi_2022.bib,True
10.1145/3491102.3517549,Overcoming Legacy Bias: Re-Designing Gesture Interactions in Virtual Reality With a San Community in Namibia,2022,chi_2022.bib,True
10.1145/3491102.3502000,The Voight-Kampff Machine for Automatic Custom Gesture Rejection Threshold Selection,2022,chi_2022.bib,True
10.1145/3491102.3501903,Guided Bug Crush: Assist Manual GUI Testing of Android Apps via Hint Moves,2022,chi_2022.bib,True
10.1145/3491102.3501962,Iterative Design of Gestures During Elicitation: Understanding the Role of Increased Production,2022,chi_2022.bib,True
10.1145/3491102.3517541,Barriers to Expertise in Citizen Science Games,2022,chi_2022.bib,True
10.1145/3491102.3502056,Prevalence and Salience of Problematic Microtransactions in Top-Grossing Mobile and PC Games: A Content Analysis of User Reviews,2022,chi_2022.bib,True
10.1145/3491102.3517438,Avatar Identities and Climate Change Action in Video Games: Analysis of Mitigation and Adaptation Practices,2022,chi_2022.bib,True
10.1145/3491102.3501934,”Chat Has No Chill”: A Novel Physiological Interaction For Engaging Live Streaming Audiences,2022,chi_2022.bib,True
10.1145/3491102.3517542,How Will VR Enter University Classrooms? Multi-stakeholders Investigation of VR in Higher Education,2022,chi_2022.bib,True
10.1145/3491102.3517736,"Classroom Dandelions: Visualising Participant Position, Trajectory and Body Orientation Augments Teachers’ Sensemaking",2022,chi_2022.bib,True
10.1145/3491102.3517562,Bringing Patient Mannequins to Life: 3D Projection Enhances Nursing Simulation,2022,chi_2022.bib,True
10.1145/3491102.3517696,Towards Modeling of Virtual Reality Welding Simulators to Promote Accessible and Scalable Training,2022,chi_2022.bib,True
10.1145/3491102.3502035,ZenVR: Design Evaluation of a Virtual Reality Learning System for Meditation,2022,chi_2022.bib,True
10.1145/3491102.3502104,Understanding the impact of explanations on advice-taking: a user study for AI-based clinical Decision Support Systems,2022,chi_2022.bib,True
10.1145/3491102.3502141,GANSlider: How Users Control Generative Models for Images using Multiple Sliders with and without Feedforward Information,2022,chi_2022.bib,True
10.1145/3491102.3517670,The Trusted Listener: The Influence of Anthropomorphic Eye Design of Social Robots on User's Perception of Trustworthiness,2022,chi_2022.bib,True
10.1145/3491102.3501998,Model Positionality and Computational Reflexivity: Promoting Reflexivity in Data Science,2022,chi_2022.bib,True
10.1145/3491102.3501857,(Re)Politicizing Digital Well-Being: Beyond User Engagements,2022,chi_2022.bib,True
10.1145/3491102.3502122,Unpacking the Complexities of Community-led Violence Prevention Work,2022,chi_2022.bib,True
10.1145/3491102.3502006,Putting the Waz on Social Media: Infrastructuring Online Islamic Counterpublic through Digital Sermons in Bangladesh,2022,chi_2022.bib,True
10.1145/3491102.3517543,‘ShishuShurokkha’: A Transformative Justice Approach for Combating Child Sexual Abuse in Bangladesh,2022,chi_2022.bib,True
10.1145/3491102.3517565,Owning Mistakes Sincerely: Strategies for Mitigating AI Errors,2022,chi_2022.bib,True
10.1145/3491102.3501877,Exploring Technical Reasoning in Digital Tool Use,2022,chi_2022.bib,True
10.1145/3491102.3517606,What’s the Appeal? Perceptions of Review Processes for Algorithmic Decisions,2022,chi_2022.bib,True
10.1145/3491102.3517527,“Look! It’s a Computer Program! It’s an Algorithm! It’s AI!”: Does Terminology Affect Human Perceptions and Evaluations of Algorithmic Decision-Making Systems?,2022,chi_2022.bib,True
10.1145/3491102.3502121,Whose AI Dream? In search of the aspiration in data annotation.,2022,chi_2022.bib,True
10.1145/3491102.3517481,The CAT Effect: Exploring the Impact of Casual Affective Triggers on Online Surveys’ Response Rates,2022,chi_2022.bib,True
10.1145/3491102.3502103,Exploring the Role of Paradata in Digitally Supported Qualitative Co-Research,2022,chi_2022.bib,True
10.1145/3491102.3501833,“It’s Freedom to Put Things Where My Mind Wants”: Understanding and Improving the User Experience of Structuring Data in Spreadsheets,2022,chi_2022.bib,True
10.1145/3491102.3517578,The Deskilling of Domain Expertise in AI Development,2022,chi_2022.bib,True
10.1145/3491102.3502012,Understanding Challenges for Developers to Create Accurate Privacy Nutrition Labels,2022,chi_2022.bib,True
10.1145/3491102.3517559,How Ready is Your Ready? Assessing the Usability of Incident Response Playbook Frameworks,2022,chi_2022.bib,True
10.1145/3491102.3501957,Recruiting Participants With Programming Skills: A Comparison of Four Crowdsourcing Platforms and a CS Student Mailing List,2022,chi_2022.bib,True
10.1145/3491102.3517585,Impact and User Perception of Sandwich Attacks in the DeFi Ecosystem,2022,chi_2022.bib,True
10.1145/3491102.3517436,Maptimizer: Using Optimization to Tailor Tactile Maps to Users Needs,2022,chi_2022.bib,True
10.1145/3491102.3517574,"“It’s not wrong, but I’m quite disappointed”: Toward an Inclusive Algorithmic Experience for Content Creators with Disabilities",2022,chi_2022.bib,True
10.1145/3491102.3517483,TronicBoards: An Accessible Electronics Toolkit for People with Intellectual Disabilities,2022,chi_2022.bib,True
10.1145/3491102.3517469,What makes web data tables accessible? Insights and a tool for rendering accessible tables for people with visual impairments,2022,chi_2022.bib,True
10.1145/3491102.3517635,CollabAlly: Accessible Collaboration Awareness in Document Editing,2022,chi_2022.bib,True
10.1145/3491102.3517737,Data Every Day: Designing and Living with Personal Situated Visualizations,2022,chi_2022.bib,True
10.1145/3491102.3502078,Supporting Data-Driven Basketball Journalism through Interactive Visualization,2022,chi_2022.bib,True
10.1145/3491102.3501896,From ‘Wow’ to ‘Why’: Guidelines for Creating the Opening of a Data Video with Cinematic Styles,2022,chi_2022.bib,True
10.1145/3491102.3517455,Cicero: A Declarative Grammar for Responsive Visualization,2022,chi_2022.bib,True
10.1145/3491102.3501845,Unofficial Proxies: How Close Others Help Older Adults with Banking,2022,chi_2022.bib,True
10.1145/3491102.3502011,Designing for Relational Maintenance: New Directions for AAC Research,2022,chi_2022.bib,True
10.1145/3491102.3501882,Anticipate and Adjust: Cultivating Access in Human-Centered Methods,2022,chi_2022.bib,True
10.1145/3491102.3501995,“It’s Kind of Like Code-Switching”: Black Older Adults’ Experiences with a Voice Assistant for Health Information Seeking,2022,chi_2022.bib,True
10.1145/3491102.3517568,CandyFly: Bringing fun to drone pilots with disabilities through adapted and adaptable interactions,2022,chi_2022.bib,True
10.1145/3491102.3502017,“Just Not Together”: The Experience of Videoconferencing for People with Aphasia during the Covid-19 Pandemic,2022,chi_2022.bib,True
10.1145/3491102.3502081,Cocomix: Utilizing Comments to Improve Non-Visual Webtoon Accessibility,2022,chi_2022.bib,True
10.1145/3491102.3501958,Impact of Out-of-Vocabulary Words on the Twitter Experience of Blind Users,2022,chi_2022.bib,True
10.1145/3491102.3517488,"“In this online environment, we're limited”: Exploring Inclusive Video Conferencing Design for Signers",2022,chi_2022.bib,True
10.1145/3491102.3517641,Towards Collaborative Learning in Virtual Reality: A Comparison of Co-Located Symmetric and Asymmetric Pair-Learning,2022,chi_2022.bib,True
10.1145/3491102.3501821,VRception: Rapid Prototyping of Cross-Reality Systems in Virtual Reality,2022,chi_2022.bib,True
10.1145/3491102.3517728,The Dark Side of Perceptual Manipulations in Virtual Reality,2022,chi_2022.bib,True
10.1145/3491102.3517548,Effects of Field of View on Egocentric Distance Perception in Virtual Reality,2022,chi_2022.bib,True
10.1145/3491102.3517539,Methodological Reflections on Ways of Seeing,2022,chi_2022.bib,True
10.1145/3491102.3517633,Patch-O: Deformable Woven Patches for On-body Actuation,2022,chi_2022.bib,True
10.1145/3491102.3501911,Navigating Imaginaries of DNA-Based Digital Data Storage,2022,chi_2022.bib,True
10.1145/3491102.3517617,"Monitoring Pets, Deterring Intruders, and Casually Spying on Neighbors: Everyday Uses of Smart Home Cameras",2022,chi_2022.bib,True
10.1145/3491102.3517555,Machine-Mediated Teaming: Mixture of Human and Machine in Physical Gaming Experience,2022,chi_2022.bib,True
10.1145/3491102.3502083,"Privacy, Surveillance, and Power in the Gig Economy",2022,chi_2022.bib,True
10.1145/3491102.3502125,“I’m Surprised So Much Is Connected”,2022,chi_2022.bib,True
10.1145/3491102.3501985,"“Okay, whatever”: An Evaluation of Cookie Consent Interfaces",2022,chi_2022.bib,True
10.1145/3491102.3501869,"Field Evidence of the Effects of Privacy, Data Transparency, and Pro-social Appeals on COVID-19 App Attractiveness",2022,chi_2022.bib,True
10.1145/3491102.3517720,"Online Terms and Conditions: Improving User Engagement, Awareness, and Satisfaction through UI Design",2022,chi_2022.bib,True
10.1145/3491102.3502053,Putting scientific results in perspective: Improving the communication of standardized effect sizes,2022,chi_2022.bib,True
10.1145/3491102.3517441,Toward User-Driven Algorithm Auditing: Investigating users’ strategies for uncovering harmful algorithmic behavior,2022,chi_2022.bib,True
10.1145/3491102.3501946,Where Should We Put It? Layout and Placement Strategies of Documents in Augmented Reality for Collaborative Sensemaking,2022,chi_2022.bib,True
10.1145/3491102.3502068,"Characterizing Practices, Limitations, and Opportunities Related to Text Information Extraction Workflows: A Human-in-the-loop Perspective",2022,chi_2022.bib,True
10.1145/3491102.3517598,Supporting Real-time Peer-Mentoring of Rural Volunteers,2022,chi_2022.bib,True
10.1145/3491102.3517605,Understanding AR Activism: An Interview Study with Creators of Augmented Reality Experiences for Social Change,2022,chi_2022.bib,True
10.1145/3491102.3517435,Care Workers Making Use of Robots: Results of a Three-Month Study on Human-Robot Interaction within a Care Home,2022,chi_2022.bib,True
10.1145/3491102.3502008,"Something Personal from the Metaverse: Goals, Topics, and Contextual Factors of Self-Disclosure in Commercial Social VR",2022,chi_2022.bib,True
10.1145/3491102.3502067,The Effect of the Vergence-Accommodation Conflict on Virtual Hand Pointing in Immersive Displays,2022,chi_2022.bib,True
10.1145/3491102.3501836,Causality-preserving Asynchronous Reality,2022,chi_2022.bib,True
10.1145/3491102.3517671,"Designing Visuo-Haptic Illusions with Proxies in Virtual Reality: Exploration of Grasp, Movement Trajectory and Object Mass",2022,chi_2022.bib,True
10.1145/3491102.3517508,DreamStream: Immersive and Interactive Spectating in VR,2022,chi_2022.bib,True
10.1145/3491102.3502033,O&O: A DIY toolkit for designing and rapid prototyping olfactory interfaces,2022,chi_2022.bib,True
10.1145/3544548.3580875,Felt Ethics: Cultivating Ethical Sensibility in Design Practice,2023,chi_2023.bib,True
10.1145/3544548.3581407,From Plane Crashes to Algorithmic Harm: Applicability of Safety Engineering Frameworks for Responsible ML,2023,chi_2023.bib,True
10.1145/3544548.3580942,Linguistic Dead-Ends and Alphabet Soup: Finding Dark Patterns in Japanese Apps,2023,chi_2023.bib,True
10.1145/3544548.3581160,Making Energy Matter: Soma Design for Ethical Relations in Energy Systems,2023,chi_2023.bib,True
10.1145/3544548.3580771,Responsible & Inclusive Cards: An Online Card Tool to Promote Critical Reflection in Technology Industry Work Practices,2023,chi_2023.bib,True
10.1145/3544548.3581147,Virtual and Augmented Reality for Environmental Sustainability: A Systematic Review,2023,chi_2023.bib,True
10.1145/3544548.3581152,A Mixed-Methods Approach to Understanding User Trust after Voice Assistant Failures,2023,chi_2023.bib,True
10.1145/3544548.3580984,Contestable Camera Cars: A Speculative Design Exploration of Public AI That Is Open and Responsive to Dispute,2023,chi_2023.bib,True
10.1145/3544548.3580652,Designerly Understanding: Information Needs for Model Transparency to Support Design Ideation for AI-Powered User Experience,2023,chi_2023.bib,True
10.1145/3544548.3581242,fAIlureNotes: Supporting Designers in Understanding the Limits of AI Models for Computer Vision Tasks,2023,chi_2023.bib,True
10.1145/3544548.3581555,"Faulty or Ready? Handling Failures in Deep-Learning Computer Vision Models until Deployment: A Study of Practices, Challenges, and Needs",2023,chi_2023.bib,True
10.1145/3544548.3581045,The Halting problem: Video analysis of self-driving cars in traffic,2023,chi_2023.bib,True
10.1145/3544548.3580682,Assertiveness-based Agent Communication for a Personalized Medicine on Medical Imaging Diagnosis,2023,chi_2023.bib,True
10.1145/3544548.3581393,Harnessing Biomedical Literature to Calibrate Clinicians’ Trust in AI Decision Support Systems,2023,chi_2023.bib,True
10.1145/3544548.3581251,Healthcare AI Treatment Decision Support: Design Principles to Enhance Clinician Adoption and Trust,2023,chi_2023.bib,True
10.1145/3544548.3581513,“If I Had All the Time in the World”: Ophthalmologists’ Perceptions of Anchoring Bias Mitigation in Clinical AI Support,2023,chi_2023.bib,True
10.1145/3544548.3581506,Rethinking the Role of AI with Physicians in Oncology: Revealing Perspectives from Clinical and Research Workflows,2023,chi_2023.bib,True
10.1145/3544548.3581503,Understanding the Benefits and Challenges of Deploying Conversational AI Leveraging Large Language Models for Public Health Intervention,2023,chi_2023.bib,True
10.1145/3544548.3581226,GANravel: User-Driven Direction Disentanglement in Generative Adversarial Networks,2023,chi_2023.bib,True
10.1145/3544548.3581063,I think I don’t feel sick: Exploring the Relationship Between Cognitive Demand and Cybersickness in Virtual Reality using fNIRS,2023,chi_2023.bib,True
10.1145/3544548.3580927,InfinitePaint: Painting in Virtual Reality with Passive Haptics Using Wet Brushes and a Physical Proxy Canvas,2023,chi_2023.bib,True
10.1145/3544548.3581402,RePrompt: Automatic Prompt Editing to Refine AI-Generative Art Towards Precise Expressions,2023,chi_2023.bib,True
10.1145/3544548.3581377,StyleMe: Towards Intelligent Fashion Generation with Designer Style,2023,chi_2023.bib,True
10.1145/3544548.3581477,The Elements of Visual Art Recommendation: Learning Latent Semantic Representations of Paintings,2023,chi_2023.bib,True
10.1145/3544548.3580917,Bias-Aware Systems: Exploring Indicators for the Occurrences of Cognitive Biases when Facing Different Opinions,2023,chi_2023.bib,True
10.1145/3544548.3581529,Matching Mind and Method: Augmented Decision-Making with Digital Companions based on Regulatory Mode Theory,2023,chi_2023.bib,True
10.1145/3544548.3581340,One AI Does Not Fit All: A Cluster Analysis of the Laypeople’s Perception of AI Roles,2023,chi_2023.bib,True
10.1145/3544548.3580778,Short-Form Videos Degrade Our Capacity to Retain Intentions: Effect of Context Switching On Prospective Memory,2023,chi_2023.bib,True
10.1145/3544548.3580681,BirdViewAR: Surroundings-aware Remote Drone Piloting Using an Augmented Third-person Perspective,2023,chi_2023.bib,True
10.1145/3544548.3581442,InstruMentAR: Auto-Generation of Augmented Reality Tutorials for Operating Digital Instruments Through Recording Embodied Demonstration,2023,chi_2023.bib,True
10.1145/3544548.3580978,Location-Aware Adaptation of Augmented Reality Narratives,2023,chi_2023.bib,True
10.1145/3544548.3580776,PointShopAR: Supporting Environmental Design Prototyping Using Point Cloud in Augmented Reality,2023,chi_2023.bib,True
10.1145/3544548.3580873,User-Driven Constraints for Layout Optimisation in Augmented Reality,2023,chi_2023.bib,True
10.1145/3544548.3581315,Analyzing Accessibility Reviews Associated with Visual Disabilities or Eye Conditions,2023,chi_2023.bib,True
10.1145/3544548.3581083,Feminist Posthumanist Design of Menstrual Care for More-than-Human Bodies,2023,chi_2023.bib,True
10.1145/3544548.3581478,“Information-Backward but Sex-Forward”: Navigating Masculinity towards Intimate Wellbeing and Heterosexual Relationships,2023,chi_2023.bib,True
10.1145/3544548.3580673,"""My Perfect Platform Would Be Telepathy"" - Reimagining the Design of Social Media with Autistic Adults",2023,chi_2023.bib,True
10.1145/3544548.3580687,PathFinder: Designing a Map-less Navigation System for Blind People in Unfamiliar Buildings,2023,chi_2023.bib,True
10.1145/3544548.3581553,Unsettling Care Infrastructures: From the Individual to the Structural in a Digital Maternal and Child Health Intervention,2023,chi_2023.bib,True
10.1145/3544548.3581400,A Probabilistic Model and Metrics for Estimating Perceived Accessibility of Desktop Applications in Keystroke-Based Non-Visual Interactions,2023,chi_2023.bib,True
10.1145/3544548.3580840,asEars: Designing and Evaluating the User Experience of Wearable Assistive Devices for Single-Sided Deafness,2023,chi_2023.bib,True
10.1145/3544548.3580749,BAGEL: An Approach to Automatically Detect Navigation-Based Web Accessibility Barriers for Keyboard Users,2023,chi_2023.bib,True
10.1145/3544548.3580770,Crownboard: A One-Finger Crown-Based Smartwatch Keyboard for Users with Limited Dexterity,2023,chi_2023.bib,True
10.1145/3544548.3581105,Enhancing Older Adults’ Gesture Typing Experience Using the T9 Keyboard on Small Touchscreen Devices,2023,chi_2023.bib,True
10.1145/3544548.3580710,Accessibility of Profile Pictures: Alt Text and Beyond to Express Identity Online,2023,chi_2023.bib,True
10.1145/3544548.3581286,Community-Driven Information Accessibility: Online Sign Language Content Creation within d/Deaf Communities,2023,chi_2023.bib,True
10.1145/3544548.3580922,Disability-First Design and Creation of A Dataset Showing Private Visual Information Collected With People Who Are Blind,2023,chi_2023.bib,True
10.1145/3544548.3580936,Envisioning the (In)Visibility of Discreet and Wearable AAC Devices,2023,chi_2023.bib,True
10.1145/3544548.3581341,Love on the Spectrum: Toward Inclusive Online Dating Experience of Autistic Individuals,2023,chi_2023.bib,True
10.1145/3544548.3581130,Visible Nuances: A Caption System to Visualize Paralinguistic Speech Cues for Deaf and Hard-of-Hearing Individuals,2023,chi_2023.bib,True
10.1145/3544548.3580655,A11yBoard: Making Digital Artboards Accessible to Blind and Low-Vision Users,2023,chi_2023.bib,True
10.1145/3544548.3581285,DuoRhythmo: Design and remote user experience evaluation (UXE) of a collaborative accessible digital musical interface (CADMI) for people with ALS (PALS),2023,chi_2023.bib,True
10.1145/3544548.3581249,"Hacking, Switching, Combining: Understanding and Supporting DIY Assistive Technology Design by Blind People",2023,chi_2023.bib,True
10.1145/3544548.3581053,Sparkling Silence: Practices and Challenges of Livestreaming Among Deaf or Hard of Hearing Streamers,2023,chi_2023.bib,True
10.1145/3544548.3581287,Understanding tensions in music accessibility through song signing for and with d/Deaf and Non-d/Deaf persons,2023,chi_2023.bib,True
10.1145/3544548.3580941,Understanding Visual Arts Experiences of Blind People,2023,chi_2023.bib,True
10.1145/3544548.3581112,Cognition-oriented Facilitation and Guidelines for Collaborative Problem-solving Online and Face-to-face: An in-depth examination of format and facilitation influence on problem-solving performance,2023,chi_2023.bib,True
10.1145/3544548.3581556,Cyborg Assemblages: How autistic adults construct sociotechnical networks to support cognitive function,2023,chi_2023.bib,True
10.1145/3544548.3580742,It is Okay to be Distracted: How Real-time Transcriptions Facilitate Online Meeting with Distraction,2023,chi_2023.bib,True
10.1145/3544548.3581485,Understanding Perception of Human Augmentation: A Mixed-Method Study,2023,chi_2023.bib,True
10.1145/3544548.3581355,“We need to do more... I need to do more”: Augmenting Digital Media Consumption via Critical Reflection to Increase Compassion and Promote Prosocial Attitudes and Behaviors,2023,chi_2023.bib,True
10.1145/3544548.3581360,Exploring the Negotiation Behaviors of Owners and Bystanders over Data Practices of Smart Home Devices,2023,chi_2023.bib,True
10.1145/3544548.3580993,FIDO2 the Rescue? Platform vs. Roaming Authentication on Smartphones,2023,chi_2023.bib,True
10.1145/3544548.3581397,GestureMeter: Design and Evaluation of a Gesture Password Strength Meter,2023,chi_2023.bib,True
10.1145/3544548.3581167,Investigating Tangible Privacy-Preserving Mechanisms for Future Smart Homes,2023,chi_2023.bib,True
10.1145/3544548.3581558,Understanding People’s Concerns and Attitudes Toward Smart Cities,2023,chi_2023.bib,True
10.1145/3544548.3581508,Why I Can’t Authenticate — Understanding the Low Adoption of Authentication Ceremonies with Autoethnography,2023,chi_2023.bib,True
10.1145/3544548.3580679,"Assistive-Technology Aided Manual Accessibility Testing in Mobile Apps, Powered by Record-and-Replay",2023,chi_2023.bib,True
10.1145/3544548.3580762,Autonomous is Not Enough: Designing Multisensory Mid-Air Gestures for Vehicle Interactions Among People with Visual Impairments,2023,chi_2023.bib,True
10.1145/3544548.3581124,“I am both here and there” Parallel Control of Multiple Robotic Avatars by Disabled Workers in a Café,2023,chi_2023.bib,True
10.1145/3544548.3581302,ImageAssist: Tools for Enhancing Touchscreen-Based Image Exploration Systems for Blind and Low Vision Users,2023,chi_2023.bib,True
10.1145/3544548.3581023,Supporting Novices Author Audio Descriptions via Automatic Feedback,2023,chi_2023.bib,True
10.1145/3544548.3581473,Augmenting On-Body Touch Input with Tactile Feedback Through Fingernail Haptics,2023,chi_2023.bib,True
10.1145/3544548.3581382,Full-hand Electro-Tactile Feedback without Obstructing Palmar Side of Hand,2023,chi_2023.bib,True
10.1145/3544548.3580727,Generating Haptic Motion Effects for Multiple Articulated Bodies for Improved 4D Experiences: A Camera Space Approach,2023,chi_2023.bib,True
10.1145/3544548.3580764,JumpMod: Haptic Backpack that Modifies Users’ Perceived Jump,2023,chi_2023.bib,True
10.1145/3544548.3580641,Multi-point STM: Effects of Drawing Speed and Number of Focal Points on Users’ Responses using Ultrasonic Mid-Air Haptics,2023,chi_2023.bib,True
10.1145/3544548.3580738,The Effects of Body Location and Biosignal Feedback Modality on Performance and Workload Using Electromyography in Virtual Reality,2023,chi_2023.bib,True
10.1145/3544548.3581221,Characterizing the Technology Needs of Vulnerable Populations for Participation in Research and Design by Adopting Maslow’s Hierarchy of Needs,2023,chi_2023.bib,True
10.1145/3544548.3581031,Designing structural participation in an interactive film on mental health,2023,chi_2023.bib,True
10.1145/3544548.3581312,"Enabling Digital Parenting Interventions to Promote Empathic Partnerships among Parents, Educators, and Adolescents Targeting School Refusal",2023,chi_2023.bib,True
10.1145/3544548.3581209,The Perceived Utility of Smartphone and Wearable Sensor Data in Digital Self-tracking Technologies for Mental Health,2023,chi_2023.bib,True
10.1145/3544548.3581155,Three Design Directions for a Diversity Computing Design Space,2023,chi_2023.bib,True
10.1145/3544548.3581316,Unpacking the Lived Experiences of Smartwatch Mediated Self and Co-Regulation with ADHD Children,2023,chi_2023.bib,True
10.1145/3544548.3580667,Family Negotiation in Joint Media Engagement with Creative Computing,2023,chi_2023.bib,True
10.1145/3544548.3581043,MathKingdom: Teaching Children Mathematical Language Through Speaking at Home via a Voice-Guided Game,2023,chi_2023.bib,True
10.1145/3544548.3580720,Socio-technical Opportunities in Long-Distance Communication Between Siblings with a Large Age Difference,2023,chi_2023.bib,True
10.1145/3544548.3580933,"‘Treat me as your friend, not a number in your database’: Co-designing with Children to Cope with Datafication Online",2023,chi_2023.bib,True
10.1145/3544548.3580981,Visual StoryCoder: A Multimodal Programming Environment for Children’s Creation of Stories,2023,chi_2023.bib,True
10.1145/3544548.3580879,Collaborating Across Realities: Analytical Lenses for Understanding Dyadic Collaboration in Transitional Interfaces,2023,chi_2023.bib,True
10.1145/3544548.3581089,Eliciting Security & Privacy-Informed Sharing Techniques for Multi-User Augmented Reality,2023,chi_2023.bib,True
10.1145/3544548.3580752,Evaluating the Extension of Wall Displays with AR for Collaborative Work,2023,chi_2023.bib,True
10.1145/3544548.3581103,Social Virtual Reality as a Mental Health Tool: How People Use VRChat to Support Social Connectedness and Wellbeing,2023,chi_2023.bib,True
10.1145/3544548.3581277,Volumetric Mixed Reality Telepresence for Real-time Cross Modality Collaboration,2023,chi_2023.bib,True
10.1145/3544548.3581162,Wish You Were Here: Mental and Physiological Effects of Remote Music Collaboration in Mixed Reality,2023,chi_2023.bib,True
10.1145/3544548.3581351,Comparing Sentence-Level Suggestions to Message-Level Suggestions in AI-Mediated Communication,2023,chi_2023.bib,True
10.1145/3544548.3581569,Designing and Evaluating Interfaces that Highlight News Coverage Diversity Using Discord Questions,2023,chi_2023.bib,True
10.1145/3544548.3581219,Exploring the Use of Personalized AI for Identifying Misinformation on Social Media,2023,chi_2023.bib,True
10.1145/3544548.3581339,Improving Automatic Summarization for Browsing Longform Spoken Dialog,2023,chi_2023.bib,True
10.1145/3544548.3581057,ModSandbox: Facilitating Online Community Moderation Through Error Prediction and Improvement of Automated Rules,2023,chi_2023.bib,True
10.1145/3544548.3581357,Can Voice Assistants Be Microaggressors? Cross-Race Psychological Responses to Failures of Automatic Speech Recognition,2023,chi_2023.bib,True
10.1145/3544548.3581457,Charlie and the Semi-Automated Factory: Data-Driven Operator Behavior and Performance Modeling for Human-Machine Collaborative Systems,2023,chi_2023.bib,True
10.1145/3544548.3581196,Co-Writing with Opinionated Language Models Affects Users’ Views,2023,chi_2023.bib,True
10.1145/3544548.3581252,Inform the Uninformed: Improving Online Informed Consent Reading with an AI-Powered Chatbot,2023,chi_2023.bib,True
10.1145/3544548.3581025,Knowing About Knowing: An Illusion of Human Competence Can Hinder Appropriate Reliance on AI Systems,2023,chi_2023.bib,True
10.1145/3544548.3581247,Collaboration with Conversational AI Assistants for UX Evaluation: Questions and How to Ask them (Voice vs. Text),2023,chi_2023.bib,True
10.1145/3544548.3581346,Creepy Assistant: Development and Validation of a Scale to Measure the Perceived Creepiness of Voice Assistants,2023,chi_2023.bib,True
10.1145/3544548.3581145,Defining Patterns for a Conversational Web,2023,chi_2023.bib,True
10.1145/3544548.3581427,"“Listen to Music, Listen to Yourself”: Design of a Conversational Agent to Support Self-Awareness While Listening to Music",2023,chi_2023.bib,True
10.1145/3544548.3580719,"Trust, Comfort and Relatability: Understanding Black Older Adults’ Perceptions of Chatbot Design for Health Information Seeking",2023,chi_2023.bib,True
10.1145/3544548.3580683,A Study of Editor Features in a Creative Coding Classroom,2023,chi_2023.bib,True
10.1145/3544548.3581070,De-Stijl: Facilitating Graphics Design with Interactive 2D Color Palette Recommendation,2023,chi_2023.bib,True
10.1145/3544548.3580642,"Drawing Transforms: A Unifying Interaction Primitive to Procedurally Manipulate Graphics across Style, Space, and Time",2023,chi_2023.bib,True
10.1145/3544548.3580931,Lyric App Framework: A Web-based Framework for Developing Interactive Lyric-driven Musical Applications,2023,chi_2023.bib,True
10.1145/3544548.3581338,Rapsai: Accelerating Machine Learning Prototyping of Multimedia Applications through Visual Programming,2023,chi_2023.bib,True
10.1145/3544548.3581394,Understanding Version Control as Material Interaction with Quickpose,2023,chi_2023.bib,True
10.1145/3544548.3581571,AdaCAD: Parametric Design as a New Form of Notation for Complex Weaving,2023,chi_2023.bib,True
10.1145/3544548.3580803,Beyond Skin Deep: Generative Co-Design for Aesthetic Prosthetics,2023,chi_2023.bib,True
10.1145/3544548.3581051,filtered.ink: Creating Dynamic Illustrations with SVG Filters,2023,chi_2023.bib,True
10.1145/3544548.3581446,Layout Generation for Various Scenarios in Mobile Shopping Applications,2023,chi_2023.bib,True
10.1145/3544548.3581429,Magical Brush: A Symbol-Based Modern Chinese Painting System for Novices,2023,chi_2023.bib,True
10.1145/3544548.3581047,Simphony: Enhancing Accessible Pattern Design Practices among Blind Weavers,2023,chi_2023.bib,True
10.1145/3544548.3580645,A hunt for the Snark: Annotator Diversity in Data Practices,2023,chi_2023.bib,True
10.1145/3544548.3581161,"Disentangling Fairness Perceptions in Algorithmic Decision-Making: the Effects of Explanations, Human Oversight, and Contestability",2023,chi_2023.bib,True
10.1145/3544548.3581463,Out of Context: Investigating the Bias and Fairness Concerns of “Artificial Intelligence as a Service”,2023,chi_2023.bib,True
10.1145/3544548.3581527,(Re-)Distributional Food Justice: Negotiating conflicting views of fairness within a local grassroots community,2023,chi_2023.bib,True
10.1145/3544548.3580863,"Show me a ""Male Nurse""! How Gender Bias is Reflected in the Query Formulation of Search Engine Users",2023,chi_2023.bib,True
10.1145/3544548.3581017,Transcending the “Male Code”: Implicit Masculine Biases in NLP Contexts,2023,chi_2023.bib,True
10.1145/3544548.3581433,Point of no Undo: Irreversible Interactions as a Design Strategy,2023,chi_2023.bib,True
10.1145/3544548.3581491,Redlining Maps and Terrains of Sustainability: Interdisciplinary Mapping of Racialized Redlining to Present-Day Sustainability Agendas in HCI,2023,chi_2023.bib,True
10.1145/3544548.3581228,Responsible Innovation of Touchless Haptics: A Prospective Design Exploration in Social Interaction,2023,chi_2023.bib,True
10.1145/3544548.3580842,Reviewing and Reflecting on Smart Home Research from the Human-Centered Perspective,2023,chi_2023.bib,True
10.1145/3544548.3581445,Toward a Multilingual Conversational Agent: Challenges and Expectations of Code-mixing Multilingual Users,2023,chi_2023.bib,True
10.1145/3544548.3580962,A Framework and Call to Action for the Future Development of EMG-Based Input in HCI,2023,chi_2023.bib,True
10.1145/3544548.3581091,Charagraph: Interactive Generation of Charts for Realtime Annotation of Data-Rich Paragraphs,2023,chi_2023.bib,True
10.1145/3544548.3581113,ChartDetective: Easy and Accurate Interactive Data Extraction from Complex Vector Charts,2023,chi_2023.bib,True
10.1145/3544548.3580726,multiverse: Multiplexing Alternative Data Analyses in R Notebooks,2023,chi_2023.bib,True
10.1145/3544548.3581099,Understanding and Supporting Debugging Workflows in Multiverse Analysis,2023,chi_2023.bib,True
10.1145/3544548.3581422,"Z-Ring: Single-Point Bio-Impedance Sensing for Gesture, Touch, Object and User Recognition",2023,chi_2023.bib,True
10.1145/3544548.3580902,Autospeculation: Reflecting on the Intimate and Imaginative Capacities of Data Analysis,2023,chi_2023.bib,True
10.1145/3544548.3580831,Data Practice for a Politics of Care: Food Assistance as a Site of Careful Data Work,2023,chi_2023.bib,True
10.1145/3544548.3581495,Designing Anekdota: Investigating Personal Metadata for Legacy,2023,chi_2023.bib,True
10.1145/3544548.3581426,Memory Tracer & Memory Compass: Investigating Personal Location Histories as a Design Material for Everyday Reminiscence,2023,chi_2023.bib,True
10.1145/3544548.3581323,On the Making of Alternative Data Encounters: The Odd Interpreters,2023,chi_2023.bib,True
10.1145/3544548.3581417,Surfacing Livingness in Microbial Displays: A Design Taxonomy for HCI,2023,chi_2023.bib,True
10.1145/3544548.3581133,CatAlyst: Domain-Extensible Intervention for Preventing Task Procrastination Using Large Generative Models,2023,chi_2023.bib,True
10.1145/3544548.3581198,How Instructional Data Physicalisation Fosters Reflection in Personal Informatics,2023,chi_2023.bib,True
10.1145/3544548.3581299,Maintainers of Stability: The Labor of China’s Data-Driven Governance and Dynamic Zero-COVID,2023,chi_2023.bib,True
10.1145/3544548.3581240,"Old Logics, New Technologies: Producing a Managed Workforce on On-Demand Service Platforms",2023,chi_2023.bib,True
10.1145/3544548.3580780,QButterfly: Lightweight Survey Extension for Online User Interaction Studies for Non-Tech-Savvy Researchers,2023,chi_2023.bib,True
10.1145/3544548.3581283,Speech-Augmented Cone-of-Vision for Exploratory Data Analysis,2023,chi_2023.bib,True
10.1145/3544548.3580725,A US-UK Usability Evaluation of Consent Management Platform Cookie Consent Interface Design on Desktop and Mobile,2023,chi_2023.bib,True
10.1145/3544548.3580791,Don’t Look at the Data! How Differential Privacy Reconfigures the Practices of Data Science,2023,chi_2023.bib,True
10.1145/3544548.3580654,Exploring User Motivations Behind iOS App Tracking Transparency Decisions,2023,chi_2023.bib,True
10.1145/3544548.3580967,Legal Obligation and Ethical Best Practice: Towards Meaningful Verbal Consent for Voice Assistants,2023,chi_2023.bib,True
10.1145/3544548.3581181,Online Proctoring: Privacy Invasion or Study Alleviation? Discovering Acceptability Using Contextual Integrity,2023,chi_2023.bib,True
10.1145/3544548.3581060,Stuck in the Permissions With You: Developer & End-User Perspectives on App Permissions & Their Privacy Ramifications,2023,chi_2023.bib,True
10.1145/3544548.3581149,"Communicating Consequences: Visual Narratives, Abstraction, and Polysemy in Rural Bangladesh",2023,chi_2023.bib,True
10.1145/3544548.3581470,GeoCamera: Telling Stories in Geographic Visualizations with Camera Movements,2023,chi_2023.bib,True
10.1145/3544548.3580701,Is It the End? Guidelines for Cinematic Endings in Data Videos,2023,chi_2023.bib,True
10.1145/3544548.3581452,NetworkNarratives: Data Tours for Visual Network Exploration and Analysis,2023,chi_2023.bib,True
10.1145/3544548.3580965,Notable: On-the-fly Assistant for Data Storytelling in Computational Notebooks,2023,chi_2023.bib,True
10.1145/3544548.3581330,When do data visualizations persuade? The impact of prior attitudes on learning about correlations from scatterplot visualizations,2023,chi_2023.bib,True
10.1145/3544548.3581336,Envisioning and Understanding Orientations to Introspective AI: Exploring a Design Space with Meta.Aware,2023,chi_2023.bib,True
10.1145/3544548.3580732,Promoting Inclusiveness and Fairness through NFTs: The Case of Student-Athletes and NILs,2023,chi_2023.bib,True
10.1145/3544548.3581540,"Research Products at Scale: Learnings from Designing Devices in Multiples of Ones, Tens, Hundreds and Thousands",2023,chi_2023.bib,True
10.1145/3544548.3581175,The Entoptic Field Camera as Metaphor-Driven Research-through-Design with AI Technologies,2023,chi_2023.bib,True
10.1145/3544548.3581432,Understanding Dark Patterns in Home IoT Devices,2023,chi_2023.bib,True
10.1145/3544548.3581110,"Vim: Customizable, Decomposable Electrical Energy Storage",2023,chi_2023.bib,True
10.1145/3544548.3581294,"Corsetto: A Kinesthetic Garment for Designing, Composing for, and Experiencing an Intersubjective Haptic Voice",2023,chi_2023.bib,True
10.1145/3544548.3580761,Engaging Passers-by with Rhythm: Applying Feedforward Learning to a Xylophonic Media Architecture Facade,2023,chi_2023.bib,True
10.1145/3544548.3580666,Here and Now: Creating Improvisational Dance Movements with a Mixed Reality Mirror,2023,chi_2023.bib,True
10.1145/3544548.3581523,LYDSPOR: AN URBAN SOUND EXPERIENCE WEAVING TOGETHER PAST AND PRESENT THROUGH VIBRATING BODIES,2023,chi_2023.bib,True
10.1145/3544548.3580700,Negotiating Experience and Communicating Information Through Abstract Metaphor,2023,chi_2023.bib,True
10.1145/3544548.3581178,A Usability Evaluation of AFL and libFuzzer with CS Students,2023,chi_2023.bib,True
10.1145/3544548.3580705,Analyzing the Use of Public and In-house Secure Development Guidelines in U.S. and Japanese Industries,2023,chi_2023.bib,True
10.1145/3544548.3581117,Bottom-up psychosocial interventions for interdependent privacy: Effectiveness based on individual and content differences,2023,chi_2023.bib,True
10.1145/3544548.3581484,Models of Applied Privacy (MAP): A Persona Based Approach to Threat Modeling,2023,chi_2023.bib,True
10.1145/3544548.3581128,Understanding Digital-Safety Experiences of Youth in the U.S.,2023,chi_2023.bib,True
10.1145/3544548.3580695,About Engaging and Governing Strategies: A Thematic Analysis of Dark Patterns in Social Networking Services,2023,chi_2023.bib,True
10.1145/3544548.3581258,Deceptive Design Patterns in Safety Technologies: A Case Study of the Citizen App,2023,chi_2023.bib,True
10.1145/3544548.3580729,Defining and Identifying Attention Capture Deceptive Designs in Digital Interfaces,2023,chi_2023.bib,True
10.1145/3544548.3581044,Dozer: Towards understanding the design of closed-loop wearables for sleep,2023,chi_2023.bib,True
10.1145/3544548.3581187,Starving the Newsfeed for Social Media Detox: Effects of Strict and Self-regulated Facebook Newsfeed Diets,2023,chi_2023.bib,True
10.1145/3544548.3580703,SwitchTube: A Proof-of-Concept System Introducing “Adaptable Commitment Interfaces” as a Tool for Digital Wellbeing,2023,chi_2023.bib,True
10.1145/3544548.3581134,Co-Designing with Early Adolescents: Understanding Perceptions of and Design Considerations for Tech-Based Mediation Strategies that Promote Technology Disengagement,2023,chi_2023.bib,True
10.1145/3544548.3580987,Deep Learning Super-Resolution Network Facilitating Fiducial Tangibles on Capacitive Touchscreens,2023,chi_2023.bib,True
10.1145/3544548.3581092,transPAF: Rendering Omnidirectional Impact Feedback with Dynamic Point of Application of Force All Round a Controller,2023,chi_2023.bib,True
10.1145/3544548.3581500,XAIR: A Framework of Explainable AI in Augmented Reality,2023,chi_2023.bib,True
10.1145/3544548.3581381,ChameleonControl: Teleoperating Real Human Surrogates through Mixed Reality Gestural Guidance for Remote Hands-on Classrooms,2023,chi_2023.bib,True
10.1145/3544548.3581260,ConceptEVA: Concept-Based Interactive Exploration and Customization of Document Summaries,2023,chi_2023.bib,True
10.1145/3544548.3581307,Multiuser Privacy and Security Conflicts in the Cloud,2023,chi_2023.bib,True
10.1145/3544548.3580713,Good Day Manager! Exploring Social Relationships in NFT-based Play-to-Earn Games,2023,chi_2023.bib,True
10.1145/3544548.3581334,Imprimer: Computational Notebooks for CNC Milling,2023,chi_2023.bib,True
10.1145/3544548.3580646,Jamming-as-exploration: Creating and Playing Games to Explore Gender Identity,2023,chi_2023.bib,True
10.1145/3544548.3581474,Shifting from Surveillance-as-Safety to Safety-through-Noticing: A Photovoice Study with Eastside Detroit Residents,2023,chi_2023.bib,True
10.1145/3544548.3580951,Tactilient: Turbulence resilient tactile icons for pilot feedback,2023,chi_2023.bib,True
10.1145/3544548.3580783,Fluidic Computation Kit: Towards Electronic-free Shape-changing Interfaces,2023,chi_2023.bib,True
10.1145/3544548.3581353,InflatableMod: Untethered and Reconfigurable Inflatable Modules for Tabletop-sized Pneumatic Physical Interfaces,2023,chi_2023.bib,True
10.1145/3544548.3581411,Invisibility or Visibility in Intimate Care at the Workplace? Examining the Use of Breast Pumps,2023,chi_2023.bib,True
10.1145/3544548.3581157,Measurement Patterns: User-Oriented Strategies for Dealing with Measurements and Dimensions in Making Processes,2023,chi_2023.bib,True
10.1145/3544548.3581466,NFTDisk: Visual Detection of Wash Trading in NFT Markets,2023,chi_2023.bib,True
10.1145/3544548.3581298,PunchPrint: Creating Composite Fiber-Filament Craft Artifacts by Integrating Punch Needle Embroidery and 3D Printing,2023,chi_2023.bib,True
10.1145/3544548.3581455,#A11yDev: Understanding Contemporary Software Accessibility Practices from Twitter Conversations,2023,chi_2023.bib,True
10.1145/3544548.3580844,BrailleBuddy: A Tangible User Interface to Support Children with Visual Impairment in Learning Braille,2023,chi_2023.bib,True
10.1145/3544548.3581401,"""Piece it together"": Insights from one year of engagement with electronics and programming for people with intellectual disabilities",2023,chi_2023.bib,True
10.1145/3544548.3580698,Tutoria11y: Enhancing Accessible Interactive Tutorial Creation by Blind Audio Producers,2023,chi_2023.bib,True
10.1145/3544548.3581533,Understanding Discussions Around Culture Within Courses Covering Topics on Accessibility and Disability at U.S. Universities,2023,chi_2023.bib,True
10.1145/3544548.3581213,Understanding How Low Vision People Read Using Eye Tracking,2023,chi_2023.bib,True
10.1145/3544548.3580658,A Human-Centered Review of Algorithms in Decision-Making in Higher Education,2023,chi_2023.bib,True
10.1145/3544548.3581129,Action Translate: Supporting Students in Translation Volunteering,2023,chi_2023.bib,True
10.1145/3544548.3580907,AngleKindling: Supporting Journalistic Angle Ideation with Large Language Models,2023,chi_2023.bib,True
10.1145/3544548.3580999,Exploring Challenges and Opportunities to Support Designers in Learning to Co-create with AI-based Manufacturing Design Tools,2023,chi_2023.bib,True
10.1145/3544548.3581118,"""This machine is for the aides"": Tailoring Voice Assistant Design to Home Health Care Work",2023,chi_2023.bib,True
10.1145/3544548.3581542,Understanding Journalists’ Workflows in News Curation,2023,chi_2023.bib,True
10.1145/3544548.3580735,A Descriptive Analysis of a Formative Decade of Research in Affective Haptic System Design,2023,chi_2023.bib,True
10.1145/3544548.3581467,Investigating Eyes-away Mid-air Typing in Virtual Reality using Squeeze haptics-based Postural Reinforcement,2023,chi_2023.bib,True
10.1145/3544548.3580668,The Effects of Avatar and Environment on Thermal Perception and Skin Temperature in Virtual Reality,2023,chi_2023.bib,True
10.1145/3544548.3581165,Towards Designing Playful Bodily Extensions: Learning from Expert Interviews,2023,chi_2023.bib,True
10.1145/3544548.3581557,"UndoPort: Exploring the Influence of Undo-Actions for Locomotion in Virtual Reality on the Efficiency, Spatial Understanding and User Experience",2023,chi_2023.bib,True
10.1145/3544548.3581081,"HCI Research on Agriculture: Competing Sociotechnical Imaginaries, Definitions, and Opportunities",2023,chi_2023.bib,True
10.1145/3544548.3581493,"Regulating Responsibility: Environmental Sustainability, Law, and the Platformisation of Waste Management",2023,chi_2023.bib,True
10.1145/3544548.3580675,Save A Tree or 6 kg of CO2? Understanding Effective Carbon Footprint Interventions for Eco-Friendly Vehicular Choices,2023,chi_2023.bib,True
10.1145/3544548.3581568,Understanding Food Planning Strategies of Food Insecure Populations: Implications for Food-Agentic Technologies,2023,chi_2023.bib,True
10.1145/3544548.3580744,Envisioning Narrative Intelligence: A Creative Visual Storytelling Anthology,2023,chi_2023.bib,True
10.1145/3544548.3581414,"How Space is Told: Linking Trajectory, Narrative, and Intent in Augmented Reality Storytelling for Cultural Heritage Sites",2023,chi_2023.bib,True
10.1145/3544548.3581106,"Multi-Platform Content Creation: The Configuration of Creator Ecology through Platform Prioritization, Content Synchronization, and Audience Management",2023,chi_2023.bib,True
10.1145/3544548.3580662,"Playing with Feedback: Unpredictability, Immediacy, and Entangled Agency in the No-input Mixing Desk",2023,chi_2023.bib,True
10.1145/3544548.3580649,Rethinking Creative Labor: A Sociotechnical Examination of Creativity & Creative Work on TikTok,2023,chi_2023.bib,True
10.1145/3544548.3580782,Social Dynamics of AI Support in Creative Writing,2023,chi_2023.bib,True
10.1145/3544548.3581376,Algorithmic Power or Punishment: Information Worker Perspectives on Passive Sensing Enabled AI Phenotyping of Performance and Wellbeing,2023,chi_2023.bib,True
10.1145/3544548.3581082,"AutoML in The Wild: Obstacles, Workarounds, and Expectations",2023,chi_2023.bib,True
10.1145/3544548.3580945,Contextualizing User Perceptions about Biases for Human-Centered Explainable Artificial Intelligence,2023,chi_2023.bib,True
10.1145/3544548.3581278,Designing Responsible AI: Adaptations of UX Practice to Meet Responsible AI Challenges,2023,chi_2023.bib,True
10.1145/3544548.3581001,"""Help Me Help the AI"": Understanding How Explainability Can Support Human-AI Interaction",2023,chi_2023.bib,True
10.1145/3544548.3580903,“It is currently hodgepodge”: Examining AI/ML Practitioners’ Challenges during Co-production of Responsible AI Values,2023,chi_2023.bib,True
10.1145/3544548.3581423,A Fitts’ Law Study of Gaze-Hand Alignment for Selection in 3D User Interfaces,2023,chi_2023.bib,True
10.1145/3544548.3581201,Classifying Head Movements to Separate Head-Gaze and Head Gestures as Distinct Modes of Input,2023,chi_2023.bib,True
10.1145/3544548.3580979,Embodying Physics-Aware Avatars in Virtual Reality,2023,chi_2023.bib,True
10.1145/3544548.3581184,I Need a Third Arm! Eliciting Body-based Interactions with a Wearable Robotic Arm,2023,chi_2023.bib,True
10.1145/3544548.3580888,Induce a Blink of the Eye: Evaluating Techniques for Triggering Eye Blinks in Virtual Reality,2023,chi_2023.bib,True
10.1145/3544548.3580685,Vergence Matching: Inferring Attention to Objects in 3D Environments for Gaze-Assisted Selection,2023,chi_2023.bib,True
10.1145/3544548.3580871,"Comparing Dwell time, Pursuits and Gaze Gestures for Gaze Interaction on Handheld Mobile Devices",2023,chi_2023.bib,True
10.1145/3544548.3580769,Emoband: Investigating the Affective Perception towards On-wrist Stroking and Squeezing Feedback mediated by Different Textile Materials,2023,chi_2023.bib,True
10.1145/3544548.3581514,Factors of Haptic Experience across Multiple Haptic Modalities,2023,chi_2023.bib,True
10.1145/3544548.3580830,"Feel the Force, See the Force: Exploring Visual-tactile Associations of Deformable Surfaces with Colours and Shapes",2023,chi_2023.bib,True
10.1145/3544548.3580924,HotFoot: Foot-Based User Identification Using Thermal Imaging,2023,chi_2023.bib,True
10.1145/3544548.3581172,PumpVR: Rendering the Weight of Objects and Avatars through Liquid Mass Transfer in Virtual Reality,2023,chi_2023.bib,True
10.1145/3544548.3580745,CoilCAM: Enabling Parametric Design for Clay 3D Printing Through an Action-Oriented Toolpath Programming System,2023,chi_2023.bib,True
10.1145/3544548.3581235,ExpresSense: Exploring a Standalone Smartphone to Sense Engagement of Users from Facial Expressions Using Acoustic Sensing,2023,chi_2023.bib,True
10.1145/3544548.3580728,Feellustrator: A Design Tool for Ultrasound Mid-Air Haptics,2023,chi_2023.bib,True
10.1145/3544548.3581499,InStitches: Augmenting Sewing Patterns with Personalized Material-Efficient Practice,2023,chi_2023.bib,True
10.1145/3544548.3580639,Polagons: Designing and Fabricating Polarized Light Mosaics with User-Defined Color-Changing Behaviors,2023,chi_2023.bib,True
10.1145/3544548.3580693,µGlyph: a Microgesture Notation,2023,chi_2023.bib,True
10.1145/3544548.3580932,CoArgue : Fostering Lurkers’ Contribution to Collective Arguments in Community-based QA Platforms,2023,chi_2023.bib,True
10.1145/3544548.3581325,“I normally wouldn’t talk with strangers”: Introducing a Socio-Spatial Interface for Fostering Togetherness Between Strangers,2023,chi_2023.bib,True
10.1145/3544548.3581135,Ice-Breaking Technology: Robots and Computers Can Foster Meaningful Connections between Strangers through In-Person Conversations,2023,chi_2023.bib,True
10.1145/3544548.3581195,Seeking Love and Companionship through Streaming: Unpacking Livestreamer-moderated Senior Matchmaking in China,2023,chi_2023.bib,True
10.1145/3544548.3581243,Understanding Context to Capture when Reconstructing Meaningful Spaces for Remote Instruction and Connecting in XR,2023,chi_2023.bib,True
10.1145/3544548.3581309,"CoPracTter: Toward Integrating Personalized Practice Scenarios, Timely Feedback and Social Support into An Online Support Tool for Coping with Stuttering in China",2023,chi_2023.bib,True
10.1145/3544548.3581084,"High Risk, High Reward: Social Networking Online in Under-resourced Communities",2023,chi_2023.bib,True
10.1145/3544548.3580934,MyCareBudget: Co-creating a Healthcare Digital Commons with and for Disabled Citizens and their Unpaid Carers,2023,chi_2023.bib,True
10.1145/3544548.3581138,Para Cima y Pa’ Abajo: Building Bridges Between HCI Research in Latin America and in the Global North,2023,chi_2023.bib,True
10.1145/3544548.3581114,‘You are you and the app. There’s nobody else.’: Building Worker-Designed Data Institutions within Platform Hegemony,2023,chi_2023.bib,True
10.1145/3544548.3581358,Effective 2D Stroke-based Gesture Augmentation for RNNs,2023,chi_2023.bib,True
10.1145/3544548.3581042,Predicting Gaze-based Target Selection in Augmented Reality Headsets based on Eye and Head Endpoint Distributions,2023,chi_2023.bib,True
10.1145/3544548.3581028,Relative Design Acquisition: A Computational Approach for Creating Visual Interfaces to Steer User Choices,2023,chi_2023.bib,True
10.1145/3544548.3581096,UEyes: Understanding Visual Saliency across User Interface Types,2023,chi_2023.bib,True
10.1145/3544548.3581158,WebUI: A Dataset for Enhancing Visual UI Understanding with Web Semantics,2023,chi_2023.bib,True
10.1145/3544548.3581279,WordGesture-GAN: Modeling Word-Gesture Movement with Generative Adversarial Network,2023,chi_2023.bib,True
10.1145/3544548.3581510,Gaming for Post-Work Recovery: The Role of Immersion,2023,chi_2023.bib,True
10.1145/3544548.3580702,"""My Zelda Cane"": Strategies Used by Blind Players to Play Visual-Centric Digital Games",2023,chi_2023.bib,True
10.1145/3544548.3581441,Personalized Quest and Dialogue Generation in Role-Playing Games: A Knowledge Graph- and Language Model-based Approach,2023,chi_2023.bib,True
10.1145/3544548.3580960,Replication and Extension of Video Game Demand Scale with a Turkish-Speaking Gamer Population,2023,chi_2023.bib,True
10.1145/3544548.3581056,Resemblance of religion and pervasive games: A study among church employees and gamers,2023,chi_2023.bib,True
10.1145/3544548.3580976,Understanding and Mitigating Challenges for Non-Profit Driven Indie Game Development to Innovate Game Production,2023,chi_2023.bib,True
10.1145/3544548.3580972,How Transgender People and Communities Were Involved in Trans Technology Design Processes,2023,chi_2023.bib,True
10.1145/3544548.3580708,Learning to Navigate Health Taboos through Online Safe Spaces,2023,chi_2023.bib,True
10.1145/3544548.3580648,Survivor-Centered Transformative Justice: An Approach to Designing Alongside Domestic Violence Stakeholders in US Muslim Communities,2023,chi_2023.bib,True
10.1145/3544548.3581418,Tasks of a Different Color: How Crowdsourcing Practices Differ per Complex Task Type and Why This Matters,2023,chi_2023.bib,True
10.1145/3544548.3581554,Understanding Gender Transition Tracking Habits and Technology,2023,chi_2023.bib,True
10.1145/3544548.3581032,Understanding how technology can support social-emotional learning of children: a dyadic trauma-informed participatory design with proxies,2023,chi_2023.bib,True
10.1145/3544548.3581424,"Computational Notebooks as Co-Design Tools: Engaging Young Adults Living with Diabetes, Family Carers, and Clinicians with Machine Learning Models",2023,chi_2023.bib,True
10.1145/3544548.3580759,Democratizing Making: Scaffolding Participation Using e-Waste to Engage Under-resourced Communities in Technology Design,2023,chi_2023.bib,True
10.1145/3544548.3581199,"Dying, Death, and the Afterlife in Human-Computer Interaction. A Scoping Review.",2023,chi_2023.bib,True
10.1145/3544548.3581035,Examining Gender-oriented Design Features in Computational Toys and Kits for Young Children,2023,chi_2023.bib,True
10.1145/3544548.3581109,Probing a Community-Based Conversational Storytelling Agent to Document Digital Stories of Housing Insecurity,2023,chi_2023.bib,True
10.1145/3544548.3580718,Using Virtual Reality to Shape Humanity’s Return to the Moon: Key Takeaways from a Design Study,2023,chi_2023.bib,True
10.1145/3544548.3581264,AO-Finger: Hands-free Fine-grained Finger Gesture Recognition via Acoustic-Optic Sensor Fusing,2023,chi_2023.bib,True
10.1145/3544548.3581120,Can we crowdsource Tacton similarity perception and metaphor ratings?,2023,chi_2023.bib,True
10.1145/3544548.3580894,"Grab It, While You Can: A VR Gesture Evaluation of a Co-Designed Traditional Narrative by Indigenous People",2023,chi_2023.bib,True
10.1145/3544548.3581027,HandAvatar: Embodying Non-Humanoid Virtual Avatars through Hands,2023,chi_2023.bib,True
10.1145/3544548.3581468,HOOV: Hand Out-Of-View Tracking for Proprioceptive Interaction using Inertial Sensing,2023,chi_2023.bib,True
10.1145/3544548.3581420,Towards a Consensus Gesture Set: A Survey of Mid-Air Gestures in HCI for Maximized Agreement Across Domains,2023,chi_2023.bib,True
10.1145/3544548.3581016,DataLev: Mid-air Data Physicalisation Using Acoustic Levitation,2023,chi_2023.bib,True
10.1145/3544548.3581008,Enabling Voice-Accompanying Hand-to-Face Gesture Recognition with Cross-Device Sensing,2023,chi_2023.bib,True
10.1145/3544548.3580825,Evaluating Across-Hinge Dragging with Pen and Touch on Curved and Foldable Displays,2023,chi_2023.bib,True
10.1145/3544548.3580787,"Generating Real-Time, Selective, and Multimodal Haptic Effects from Sound for Gaming Experience Enhancement",2023,chi_2023.bib,True
10.1145/3544548.3581335,In-vehicle Performance and Distraction for Midair and Touch Directional Gestures,2023,chi_2023.bib,True
10.1145/3544548.3580740,Varying Subjective Speed-accuracy Biases to Evaluate the Generalizability of Experimental Conclusions on Pointing-facilitation Techniques,2023,chi_2023.bib,True
10.1145/3544548.3580755,Auditory Seasoning Filters: Altering Food Perception via Augmented Sonic Feedback of Chewing Sounds,2023,chi_2023.bib,True
10.1145/3544548.3581435,Automatic Improper Loading Posture Detection and Correction Utilizing Electrical Muscle Stimulation,2023,chi_2023.bib,True
10.1145/3544548.3581486,"Decorative, Evocative, and Uncanny: Reactions on Ambient-to-Disruptive Health Notifications via Plant-Mimicking Shape-Changing Interfaces",2023,chi_2023.bib,True
10.1145/3544548.3581200,Motivation to Use Fitness Application for Improving Physical Activity Among Hispanic Users: The Pivotal Role of Interactivity and Relatedness,2023,chi_2023.bib,True
10.1145/3544548.3580975,Leveraging driver vehicle and environment interaction: Machine learning using driver monitoring cameras to detect drunk driving,2023,chi_2023.bib,True
10.1145/3544548.3580763,SelVReflect: A Guided VR Experience Fostering Reflection on Personal Challenges,2023,chi_2023.bib,True
10.1145/3544548.3580660,Breaking the “Inescapable” Cycle of Pain: Supporting Wheelchair Users’ Upper Extremity Health Awareness and Management with Tracking Technologies,2023,chi_2023.bib,True
10.1145/3544548.3581265,Remote Breathing Rate Tracking in Stationary Position Using the Motion and Acoustic Sensors of Earables,2023,chi_2023.bib,True
10.1145/3544548.3580906,Smartphone-derived Virtual Keyboard Dynamics Coupled with Accelerometer Data as a Window into Understanding Brain Health: Smartphone Keyboard and Accelerometer as Window into Brain Health,2023,chi_2023.bib,True
10.1145/3544548.3580955,This Watchface Fits with my Tattoos: Investigating Customisation Needs and Preferences in Personal Tracking,2023,chi_2023.bib,True
10.1145/3544548.3580949,Understanding Contexts and Challenges of Information Management for Epilepsy Care,2023,chi_2023.bib,True
10.1145/3544548.3580822,Using Patient-Generated Data to Support Cardiac Rehabilitation and the Transition to Self-Care,2023,chi_2023.bib,True
10.1145/3544548.3580733,Independence for Whom? A Critical Discourse Analysis of Onboarding a Home Health Monitoring System for Older Adult Care,2023,chi_2023.bib,True
10.1145/3544548.3581176,Key Considerations for The Design of Technology for Enrichment in Residential Aged Care: An Ethnographic Study,2023,chi_2023.bib,True
10.1145/3544548.3580839,Older Adults Using Technology for Meaningful Activities During COVID-19: An Analysis Through the Lens of Self-Determination Theory,2023,chi_2023.bib,True
10.1145/3544548.3581048,RoutineAid: Externalizing Key Design Elements to Support Daily Routines of Individuals with Autism,2023,chi_2023.bib,True
10.1145/3544548.3580893,Situated Participatory Design: A Method for In Situ Design of Robotic Interaction with Older Adults,2023,chi_2023.bib,True
10.1145/3544548.3581222,"So, I Can Feel Normal: Participatory Design for Accessible Social Media Sites for Individuals with Traumatic Brain Injury",2023,chi_2023.bib,True
10.1145/3544548.3581233,“Help Me:” Examining Youth’s Private Pleas for Support and the Responses Received from Peers via Instagram Direct Messages,2023,chi_2023.bib,True
10.1145/3544548.3581033,"""It’s like With the Pregnancy Tests"": Co-design of Speculative Technology for Public HIV-related Stigma and its Implications for Social Media",2023,chi_2023.bib,True
10.1145/3544548.3581559,“Laughing so I don’t cry”: How TikTok users employ humor and compassion to connect around psychiatric hospitalization,2023,chi_2023.bib,True
10.1145/3544548.3580911,Online Dating as Context to Design Sexual Consent Technology with Women and LGBTQ+ Stakeholders,2023,chi_2023.bib,True
10.1145/3544548.3580938,Putting the Self in Self-Tracking: The Value of a Co-Designed ‘How Might You’ Self-Tracking Guide for Teenagers,2023,chi_2023.bib,True
10.1145/3544548.3581512,Trauma-Informed Social Media: Towards Solutions for Reducing and Healing Online Harm,2023,chi_2023.bib,True
10.1145/3544548.3581014,Constraints and Workarounds to Support Clinical Consultations in Synchronous Text-based Platforms,2023,chi_2023.bib,True
10.1145/3544548.3581350,Dr.’s Eye: The Design and Evaluation of a Video Conferencing System to Support Doctor Appointments in Home Settings,2023,chi_2023.bib,True
10.1145/3544548.3580757,It Made Me Feel So Much More at Home Here: Patient Perspectives on Smart Home Technology Deployed at Scale in a Rehabilitation Hospital,2023,chi_2023.bib,True
10.1145/3544548.3581180,Supervising Multiple Operating Rooms Using a Head-Worn display: A Longitudinal Evaluation of the Experience of Supervising Anesthesiologists and Their Co-Workers,2023,chi_2023.bib,True
10.1145/3544548.3580714,Supporting Collaborative Discussions In Surgical Teleconsulting Through Augmented Reality Head Mounted Displays,2023,chi_2023.bib,True
10.1145/3544548.3580653,Towards Intermediated Workflows for Hybrid Telemedicine,2023,chi_2023.bib,True
10.1145/3544548.3581015,Are Two Heads Better Than One in AI-Assisted Decision Making? Comparing the Behavior and Performance of Groups and Individuals in Human-AI Collaborative Recidivism Risk Assessment,2023,chi_2023.bib,True
10.1145/3544548.3580694,Augmenting Pathologists with NaviPath: Design and Evaluation of a Human-AI Collaborative Navigation System,2023,chi_2023.bib,True
10.1145/3544548.3581282,Comparing Zealous and Restrained AI Recommendations in a Real-World Human-AI Collaboration Task,2023,chi_2023.bib,True
10.1145/3544548.3581131,Competent but Rigid: Identifying the Gap in Empowering AI to Participate Equally in Group Decision-Making,2023,chi_2023.bib,True
10.1145/3544548.3580672,"Don’t Just Tell Me, Ask Me: AI Systems that Intelligently Frame Explanations as Questions Improve Human Logical Discernment Accuracy over Causal AI explanations",2023,chi_2023.bib,True
10.1145/3544548.3580983,Interaction of Thoughts: Towards Mediating Task Assignment in Human-AI Cooperation with a Capability-Aware Shared Mental Model,2023,chi_2023.bib,True
10.1145/3544548.3581095,AI Shall Have No Dominion: on How to Measure Technology Dominance in AI-supported Human decision-making,2023,chi_2023.bib,True
10.1145/3544548.3581225,Co-Writing Screenplays and Theatre Scripts with Language Models: Evaluation by Industry Professionals,2023,chi_2023.bib,True
10.1145/3544548.3580900,Investigating How Practitioners Use Human-AI Guidelines: A Case Study on the People + AI Guidebook,2023,chi_2023.bib,True
10.1145/3544548.3580640,Modeling Touch-based Menu Selection Performance of Blind Users via Reinforcement Learning,2023,chi_2023.bib,True
10.1145/3544548.3580926,User Preference and Performance using Tagging and Browsing for Image Labeling,2023,chi_2023.bib,True
10.1145/3544548.3580959,What is Human-Centered about Human-Centered AI? A Map of the Research Landscape,2023,chi_2023.bib,True
10.1145/3544548.3580676,A Human-Computer Collaborative Editing Tool for Conceptual Diagrams,2023,chi_2023.bib,True
10.1145/3544548.3581224,From User Perceptions to Technical Improvement: Enabling People Who Stutter to Better Use Speech Recognition,2023,chi_2023.bib,True
10.1145/3544548.3581352,PaTAT: Human-AI Collaborative Qualitative Coding with Explainable Interactive Rule Synthesis,2023,chi_2023.bib,True
10.1145/3544548.3580699,ReMotion: Supporting Remote Collaboration in Open Space with Automatic Robotic Embodiment,2023,chi_2023.bib,True
10.1145/3544548.3580753,Slide4N: Creating Presentation Slides from Computational Notebooks with Human-AI Collaboration,2023,chi_2023.bib,True
10.1145/3544548.3581148,ThingShare: Ad-Hoc Digital Copies of Physical Objects for Sharing Things in Video Meetings,2023,chi_2023.bib,True
10.1145/3544548.3580811,Functional Destruction: Utilizing Sustainable Materials’ Physical Transiency for Electronics Applications,2023,chi_2023.bib,True
10.1145/3544548.3581193,In Sync: Exploring Synchronization to Increase Trust Between Humans and Non-humanoid Robots,2023,chi_2023.bib,True
10.1145/3544548.3580680,Smell & Paste: Low-Fidelity Prototyping for Olfactory Experiences,2023,chi_2023.bib,True
10.1145/3544548.3581169,Social Digital Cyborgs: The Collaborative Design Process of JIZAI ARMS,2023,chi_2023.bib,True
10.1145/3544548.3580799,TactorBots: A Haptic Design Toolkit for Out-of-lab Exploration of Emotional Robotic Touch,2023,chi_2023.bib,True
10.1145/3544548.3581526,The Intricacies of Social Robots: Secondary Analysis of Fictional Documentaries to Explore the Benefits and Challenges of Robots in Complex Social Settings,2023,chi_2023.bib,True
10.1145/3544548.3580953,Blaming Humans and Machines: What Shapes People’s Reactions to Algorithmic Harm,2023,chi_2023.bib,True
10.1145/3544548.3580970,Conceptualizing Algorithmic Stigmatization,2023,chi_2023.bib,True
10.1145/3544548.3581296,Do You Mind? User Perceptions of Machine Consciousness,2023,chi_2023.bib,True
10.1145/3544548.3580651,How does HCI Understand Human Agency and Autonomy?,2023,chi_2023.bib,True
10.1145/3544548.3580656,‘Specially For You’ – Examining the Barnum Effect’s Influence on the Perceived Quality of System Recommendations,2023,chi_2023.bib,True
10.1145/3544548.3581026,"Understanding Practices, Challenges, and Opportunities for User-Engaged Algorithm Auditing in Industry Practice",2023,chi_2023.bib,True
10.1145/3544548.3580827,DataDancing: An Exploration of the Design Space For Visualisation View Management for 3D Surfaces and Spaces,2023,chi_2023.bib,True
10.1145/3544548.3580678,GestureExplorer: Immersive Visualisation and Exploration of Gesture Data,2023,chi_2023.bib,True
10.1145/3544548.3580715,Pearl: Physical Environment based Augmented Reality Lenses for In-Situ Human Movement Analysis,2023,chi_2023.bib,True
10.1145/3544548.3580952,ProxSituated Visualization: An Extended Model of Situated Visualization using Proxies for Physical Referents,2023,chi_2023.bib,True
10.1145/3544548.3581093,Through Their Eyes and In Their Shoes: Providing Group Awareness During Collaboration Across Virtual Reality and Desktop Platforms,2023,chi_2023.bib,True
10.1145/3544548.3581329,Challenges of Moderating Social Virtual Reality,2023,chi_2023.bib,True
10.1145/3544548.3581464,"""I Am a Mirror Dweller"": Probing the Unique Strategies Users Take to Communicate in the Context of Mirrors in Social Virtual Reality",2023,chi_2023.bib,True
10.1145/3544548.3580870,Investigating Wrist Deflection Scrolling Techniques for Extended Reality,2023,chi_2023.bib,True
10.1145/3544548.3581238,MindTouch: Effect of Mindfulness Meditation on Mid-Air Tactile Perception,2023,chi_2023.bib,True
10.1145/3544548.3581223,Using Pseudo-Stiffness to Enrich the Haptic Experience in Virtual Reality,2023,chi_2023.bib,True
10.1145/3544548.3581144,Using Virtual Reality and Co-Design to Study the Design of Large-scale Shape-Changing Interfaces,2023,chi_2023.bib,True
10.1145/3544548.3581281,Creating Inclusive Voices for the 21st Century: A Non-Binary Text-to-Speech for Conversational Assistants,2023,chi_2023.bib,True
10.1145/3544548.3581538,Decolonizing Content Moderation: Does Uniform Global Community Standard Resemble Utopian Equality or Western Power Hegemony?,2023,chi_2023.bib,True
10.1145/3544548.3581490,Playing with Power Tools: Design Toolkits and the Framing of Equity,2023,chi_2023.bib,True
10.1145/3544548.3581327,Wearable Identities: Understanding Wearables’ Potential for Supporting the Expression of Queer Identities,2023,chi_2023.bib,True
10.1145/3544548.3581122,"Why, when, and from whom: considerations for collecting and reporting race and ethnicity data in HCI",2023,chi_2023.bib,True
10.1145/3544548.3581501,“Awesomely freaky!” The impact of type on children's social-emotional perceptions of virtual reality characters,2023,chi_2023.bib,True
10.1145/3544548.3581212,Imagine That! Imaginative Suggestibility Affects Presence in Virtual Reality,2023,chi_2023.bib,True
10.1145/3544548.3581004,Investigating the Effects of Individual Spatial Abilities on Virtual Reality Object Manipulation,2023,chi_2023.bib,True
10.1145/3544548.3581448,Realism and Field of View Affect Presence in VR but Not the Way You Think,2023,chi_2023.bib,True
10.1145/3544548.3581461,Tailor Twist: Assessing Rotational Mid-Air Interactions for Augmented Reality,2023,chi_2023.bib,True
10.1145/3544548.3581443,TurnAhead: Designing 3-DoF Rotational Haptic Cues to Improve First-person Viewing (FPV) Experiences,2023,chi_2023.bib,True
10.1145/3544548.3581552,How bold can we be? The impact of adjusting font grade on readability in light and dark polarities,2023,chi_2023.bib,True
10.1145/3544548.3581246,Interaction Knowledge: Understanding the ‘Mechanics’ of Digital Tools,2023,chi_2023.bib,True
10.1145/3544548.3581068,It’s About Time: Attending to Temporality in Misinformation Interventions,2023,chi_2023.bib,True
10.1145/3544548.3581535,Living with Sound Zones: A Long-term Field Study of Dynamic Sound Zones in a Domestic Context,2023,chi_2023.bib,True
10.1145/3544548.3581385,Situating Automatic Speech Recognition Development within Communities of Under-heard Language Speakers,2023,chi_2023.bib,True
10.1145/3544548.3581191,"The Effect of Movement Direction, Hand Dominance, and Hemispace on Reaching Movement Kinematics in Virtual Reality",2023,chi_2023.bib,True
10.1145/3544548.3580969,Choice Over Control: How Users Write with Large Language Models using Diegetic and Non-Diegetic Prompting,2023,chi_2023.bib,True
10.1145/3544548.3580857,How to Communicate Robot Motion Intent: A Scoping Review,2023,chi_2023.bib,True
10.1145/3544548.3581314,"On Selective, Mutable and Dialogic XAI: a Review of What Users Say about Different Types of Interactive Explanations",2023,chi_2023.bib,True
10.1145/3544548.3581492,Personalised But Impersonal: Listeners' Experiences of Algorithmic Curation on Music Streaming Services,2023,chi_2023.bib,True
10.1145/3544548.3581185,"TmoTA: Simple, Highly Responsive Tool for Multiple Object Tracking Annotation",2023,chi_2023.bib,True
10.1145/3544548.3580881,Designing for Peer-Led Critical Pedagogies in Computer-Mediated Support Groups for Home Care Workers,2023,chi_2023.bib,True
10.1145/3544548.3580868,Governor: Turning Open Government Data Portals into Interactive Databases,2023,chi_2023.bib,True
10.1145/3544548.3581574,OATutor: An Open-source Adaptive Tutoring System and Curated Content Library for Learning Sciences Research,2023,chi_2023.bib,True
10.1145/3544548.3581456,Orchestration Scripts: A System for Encoding an Organization’s Ways of Working to Support Situated Work,2023,chi_2023.bib,True
10.1145/3544548.3581268,Zeno: An Interactive Framework for Behavioral Evaluation of Machine Learning,2023,chi_2023.bib,True
10.1145/3544548.3581024,AnisoTag: 3D Printed Tag on 2D Surface via Reflection Anisotropy,2023,chi_2023.bib,True
10.1145/3544548.3581030,BubbleTex: Designing Heterogenous Wettable Areas for Carbonation Bubble Patterns on Surfaces,2023,chi_2023.bib,True
10.1145/3544548.3580991,SAWSense: Using Surface Acoustic Waves for Surface-bound Event Recognition,2023,chi_2023.bib,True
10.1145/3544548.3581037,Surface I/O: Creating Devices with Functional Surface Geometry for Haptics and User Input,2023,chi_2023.bib,True
10.1145/3544548.3581125,SwellSense: Creating 2.5D interactions with micro-capsule paper,2023,chi_2023.bib,True
10.1145/3544548.3580743,Thermotion: Design and Fabrication of Thermofluidic Composites for Animation Effects on Object Surfaces,2023,chi_2023.bib,True
10.1145/3544548.3581239,Co-designing Community-based Sharing of Smarthome Devices for the Purpose of Co-monitoring In-home Emergencies,2023,chi_2023.bib,True
10.1145/3544548.3580821,Humorous Robotic Behavior as a New Approach to Mitigating Social Awkwardness,2023,chi_2023.bib,True
10.1145/3544548.3581000,IntimaSea: Exploring Shared Stress Display in Close Relationships,2023,chi_2023.bib,True
10.1145/3544548.3580707,Let’s Face It: Influence of Facial Expressions on Social Presence in Collaborative Virtual Reality,2023,chi_2023.bib,True
10.1145/3544548.3581094,Libraries of Things: Understanding the Challenges of Sharing Tangible Collections and the Opportunities for HCI,2023,chi_2023.bib,True
10.1145/3544548.3580986,The Walking Talking Stick: Understanding Automated Note-Taking in Walking Meetings,2023,chi_2023.bib,True
10.1145/3544548.3580895,Enabling Conversational Interaction with Mobile UI using Large Language Models,2023,chi_2023.bib,True
10.1145/3544548.3580688,Evaluating Large Language Models in Generating Synthetic HCI Research Data: a Case Study,2023,chi_2023.bib,True
10.1145/3544548.3580940,On the Design of AI-powered Code Assistants for Notebooks,2023,chi_2023.bib,True
10.1145/3544548.3580948,PopBlends: Strategies for Conceptual Blending with Large Language Models,2023,chi_2023.bib,True
10.1145/3544548.3581318,Synthetic Lies: Understanding AI-Generated Misinformation and Evaluating Algorithmic and Human Solutions,2023,chi_2023.bib,True
10.1145/3544548.3581388,Why Johnny Can’t Prompt: How Non-AI Experts Try (and Fail) to Design LLM Prompts,2023,chi_2023.bib,True
10.1145/3544548.3581519,A novel interaction for competence assessment using micro-behaviors: Extending CACHET to graphs and charts,2023,chi_2023.bib,True
10.1145/3544548.3581368,Exam Eustress: Designing Brief Online Interventions for Helping Students Identify Positive Aspects of Stress,2023,chi_2023.bib,True
10.1145/3544548.3580671,How Older Adults Use Online Videos for Learning,2023,chi_2023.bib,True
10.1145/3544548.3581272,“I Want to Be Unique From Other Robots”: Positioning Girls as Co-creators of Social Robots in Culturally-Responsive Computing Education,2023,chi_2023.bib,True
10.1145/3544548.3581575,Impressions and Strategies of Academic Advisors When Using a Grade Prediction Tool During Term Planning,2023,chi_2023.bib,True
10.1145/3544548.3581567,Investigating an Equity-based Participatory Approach to Technology-rich Learning in Community Recreation Centers,2023,chi_2023.bib,True
10.1145/3544548.3581405,Bridging the Generational Gap: Exploring How Virtual Reality Supports Remote Communication Between Grandparents and Grandchildren,2023,chi_2023.bib,True
10.1145/3544548.3581365,"Designing Immersive, Narrative-Based Interfaces to Guide Outdoor Learning",2023,chi_2023.bib,True
10.1145/3544548.3580913,"From Artifacts to Outcomes: Comparison of HMD VR, Desktop, and Slides Lectures for Food Microbiology Laboratory Instruction",2023,chi_2023.bib,True
10.1145/3544548.3581396,LearnIoTVR: An End-to-End Virtual Reality Environment Providing Authentic Learning Experiences for Internet of Things,2023,chi_2023.bib,True
10.1145/3544548.3581041,MR.Brick: Designing A Remote Mixed-reality Educational Game System for Promoting Children’s Social & Collaborative Skills,2023,chi_2023.bib,True
10.1145/3544548.3581069,Tutor In-sight: Guiding and Visualizing Students’ Attention with Mixed Reality Avatar Presentation Tools,2023,chi_2023.bib,True
10.1145/3544548.3581369,DAPIE: Interactive Step-by-Step Explanatory Dialogues to Answer Children’s Why and How Questions,2023,chi_2023.bib,True
10.1145/3544548.3581159,Fostering Youth’s Critical Thinking Competency About AI through Exhibition,2023,chi_2023.bib,True
10.1145/3544548.3581378,“I Would Like to Design”: Black Girls Analyzing and Ideating Fair and Accountable AI,2023,chi_2023.bib,True
10.1145/3544548.3581398,Pair-Up: Prototyping Human-AI Co-orchestration of Dynamic Transitions between Individual and Collaborative Learning in the Classroom,2023,chi_2023.bib,True
10.1145/3544548.3580957,ReadingQuizMaker: A Human-NLP Collaborative System that Supports Instructors to Design High-Quality Reading Quiz Questions,2023,chi_2023.bib,True
10.1145/3544548.3580919,Studying the effect of AI Code Generators on Supporting Novice Learners in Introductory Programming,2023,chi_2023.bib,True
10.1145/3544548.3581515,Partially Blended Realities: Aligning Dissimilar Spaces for Distributed Mixed Reality Meetings,2023,chi_2023.bib,True
10.1145/3544548.3580750,ProObjAR: Prototyping Spatially-aware Interactions of Smart Objects with AR-HMD,2023,chi_2023.bib,True
10.1145/3544548.3581454,Reality Rifts: Wonder-ful Interfaces by Disrupting Perceptual Causality,2023,chi_2023.bib,True
10.1145/3544548.3581449,Teachable Reality: Prototyping Tangible Augmented Reality with Everyday Objects by Leveraging Interactive Machine Teaching,2023,chi_2023.bib,True
10.1145/3544548.3580876,Tesseract: Querying Spatial Design Recordings by Manipulating Worlds in Miniature,2023,chi_2023.bib,True
10.1145/3544548.3580704,Ubi Edge: Authoring Edge-Based Opportunistic Tangible User Interfaces in Augmented Reality,2023,chi_2023.bib,True
10.1145/3544548.3581236,Causalvis: Visualizations for Causal Inference,2023,chi_2023.bib,True
10.1145/3544548.3581021,CrowdIDEA: Blending Crowd Intelligence and Data Analytics to Empower Causal Reasoning,2023,chi_2023.bib,True
10.1145/3544548.3581067,GVQA: Learning to Answer Questions about Graphs with Visualizations via Knowledge Base,2023,chi_2023.bib,True
10.1145/3544548.3580869,MetaExplorer : Facilitating Reasoning with Epistemic Uncertainty in Meta-analysis,2023,chi_2023.bib,True
10.1145/3544548.3580808,Visual Belief Elicitation Reduces the Incidence of False Discovery,2023,chi_2023.bib,True
10.1145/3544548.3581218,Why Combining Text and Visualization Could Improve Bayesian Reasoning: A Cognitive Load Perspective,2023,chi_2023.bib,True
10.1145/3544548.3580659,"“Any bit of help, helps”: Understanding how older caregivers use carework platforms for caregiving support",2023,chi_2023.bib,True
10.1145/3544548.3580897,FlowAR: How Different Augmented Reality Visualizations of Online Fitness Videos Support Flow for At-Home Yoga Exercises,2023,chi_2023.bib,True
10.1145/3544548.3581073,“It can bring you in the right direction”: Episode-Driven Data Narratives to Help Patients Navigate Multidimensional Diabetes Data to Make Care Decisions,2023,chi_2023.bib,True
10.1145/3544548.3581522,It’s Like an Educated Guessing Game: Parents’ Strategies for Collaborative Diabetes Management with Their Children,2023,chi_2023.bib,True
10.1145/3544548.3581343,KnitDema: Robotic Textile as Personalized Edema Mobilization Device,2023,chi_2023.bib,True
10.1145/3544548.3580908,“You Can See the Connections”: Facilitating Visualization of Care Priorities in People Living with Multiple Chronic Health Conditions,2023,chi_2023.bib,True
10.1145/3544548.3580836,Crafting Interactive Circuits on Glazed Ceramic Ware,2023,chi_2023.bib,True
10.1145/3544548.3580697,"Doufu, Rice Wine, and面饼: Supporting the Connections between Precision and Cultural Knowledge in Cooking",2023,chi_2023.bib,True
10.1145/3544548.3581288,FabTouch: A Tool to Enable Communication and Design of Tactile and Affective Fabric Experiences,2023,chi_2023.bib,True
10.1145/3544548.3581276,Felt Experiences with Kombucha Scoby: Exploring First-person Perspectives with Living Matter,2023,chi_2023.bib,True
10.1145/3544548.3580643,Marking Material Interactions with Computer Vision,2023,chi_2023.bib,True
10.1145/3544548.3581034,SkinPaper: Exploring Opportunities for Woven Paper as a Wearable Material for On-Skin Interactions,2023,chi_2023.bib,True
10.1145/3544548.3581489,"“I See Me Here”: Mental Health Content, Community, and Algorithmic Curation on TikTok",2023,chi_2023.bib,True
10.1145/3544548.3581453,“If Someone Downvoted My Posts—That’d Be the End of the World”: Designing Safer Online Spaces for Trauma Survivors,2023,chi_2023.bib,True
10.1145/3544548.3581284,Measuring the Stigmatizing Effects of a Highly Publicized Event on Online Mental Health Discourse,2023,chi_2023.bib,True
10.1145/3544548.3581372,Metrics for Peer Counseling: Triangulating Success Outcomes for Online Therapy Platforms,2023,chi_2023.bib,True
10.1145/3544548.3580834,Moral Framing of Mental Health Discourse and Its Relationship to Stigma: A Comparison of Social Media and News,2023,chi_2023.bib,True
10.1145/3544548.3581020,Online Harassment in Majority Contexts: Examining Harms and Remedies across Countries,2023,chi_2023.bib,True
10.1145/3544548.3581475,An Intersectional Look at Use of and Satisfaction with Digital Mental Health Platforms: A Survey of Perinatal Black Women,2023,chi_2023.bib,True
10.1145/3544548.3581459,Beyond the Bulging Binder: Family-Centered Design of a Digital Health Information Management System for Caregivers of Children Living with Health Complexity,2023,chi_2023.bib,True
10.1145/3544548.3581384,Exploring Effects of Chatbot-based Social Contact on Reducing Mental Illness Stigma,2023,chi_2023.bib,True
10.1145/3544548.3581040,Infrastructuring Care: How Trans and Non-Binary People Meet Health and Well-Being Needs through Technology,2023,chi_2023.bib,True
10.1145/3544548.3581546,The Shifting Sands of Labour: Changes in Shared Care Work with a Smart Home Health System,2023,chi_2023.bib,True
10.1145/3544548.3581203,Using Thematic Analysis in Healthcare HCI at CHI: A Scoping Review,2023,chi_2023.bib,True
10.1145/3544548.3580918,Are Embodied Avatars Harmful to our Self-Experience? The Impact of Virtual Embodiment on Body Awareness,2023,chi_2023.bib,True
10.1145/3544548.3581551,Facilitating Counselor Reflective Learning with a Real-time Annotation tool,2023,chi_2023.bib,True
10.1145/3544548.3580774,Investigating the Role of Context in the Delivery of Text Messages for Supporting Psychological Wellbeing,2023,chi_2023.bib,True
10.1145/3544548.3581319,Just Do Something: Comparing Self-proposed and Machine-recommended Stress Interventions among Online Workers with Home Sweet Office,2023,chi_2023.bib,True
10.1145/3544548.3581563,Knowing How Long a Storm Might Last Makes it Easier to Weather: Exploring Needs and Attitudes Toward a Data-driven and Preemptive Intervention System for Bipolar Disorder,2023,chi_2023.bib,True
10.1145/3544548.3581188,Manifesting Breath: Empirical Evidence for the Integration of Shape-changing Biofeedback-based Artefacts within Digital Mental Health Interventions,2023,chi_2023.bib,True
10.1145/3544548.3580947,Drifting Off in Paradise: Why People Sleep in Virtual Reality,2023,chi_2023.bib,True
10.1145/3544548.3581182,"Meeting Your Virtual Twin: Effects of Photorealism and Personalization on Embodiment, Self-Identification and Perception of Self-Avatars in Virtual Reality",2023,chi_2023.bib,True
10.1145/3544548.3580853,Morphing Identity: Exploring Self-Other Identity Continuum through Interpersonal Facial Morphing Experience,2023,chi_2023.bib,True
10.1145/3544548.3581305,No Pie in the (Digital) Sky: Co-Imagining the Food Metaverse,2023,chi_2023.bib,True
10.1145/3544548.3581231,The Attendant Perspective: Present Others in Public Technology Interactions,2023,chi_2023.bib,True
10.1145/3544548.3581306,"Towards a Metaverse Workspace: Opportunities, Challenges, and Design Implications",2023,chi_2023.bib,True
10.1145/3544548.3580848,"Changes in Research Ethics, Openness, and Transparency in Empirical Studies between CHI 2017 and CHI 2022",2023,chi_2023.bib,True
10.1145/3544548.3581190,"Complex Daily Activities, Country-Level Diversity, and Smartphone Sensing: A Study in Denmark, Italy, Mongolia, Paraguay, and UK",2023,chi_2023.bib,True
10.1145/3544548.3580860,Home Is Where the Smart Is: Development and Validation of the Cybersecurity Self-Efficacy in Smart Homes (CySESH) Scale,2023,chi_2023.bib,True
10.1145/3544548.3581565,Impact of Privacy Protection Methods of Lifelogs on Remembered Memories,2023,chi_2023.bib,True
10.1145/3544548.3581332,Literature Reviews in HCI: A Review of Reviews,2023,chi_2023.bib,True
10.1145/3544548.3581005,Be Our Guest: Intercultural Heritage Exchange through Augmented Reality (AR),2023,chi_2023.bib,True
10.1145/3544548.3581362,DreamVR: Curating an Interactive Exhibition in Social VR Through an Autobiographical Design Study,2023,chi_2023.bib,True
10.1145/3544548.3581039,“Picture the Audience...”: Exploring Private AR Face Filters for Online Public Speaking,2023,chi_2023.bib,True
10.1145/3544548.3581292,Tangible Immersive Trauma Simulation: Is Mixed Reality the next level of medical skills training?,2023,chi_2023.bib,True
10.1145/3544548.3581090,Towards Leveraging AI-based Moderation to Address Emergent Harassment in Social Virtual Reality,2023,chi_2023.bib,True
10.1145/3544548.3581530,"""We Cried on Each Other’s Shoulders"": How LGBTQ+ Individuals Experience Social Support in Social Virtual Reality",2023,chi_2023.bib,True
10.1145/3544548.3581174,Characteristics of Deep and Skim Reading on Smartphones vs. Desktop: A Comparative Study,2023,chi_2023.bib,True
10.1145/3544548.3581022,Fingerhints: Understanding Users’ Perceptions of and Preferences for On-Finger Kinesthetic Notifications,2023,chi_2023.bib,True
10.1145/3544548.3580954,TicTacToes: Assessing Toe Movements as an Input Modality,2023,chi_2023.bib,True
10.1145/3544548.3581534,Engaging with Nature through Technology: A Scoping Review of HCI Research,2023,chi_2023.bib,True
10.1145/3544548.3580716,Haptic Servos: Self-Contained Vibrotactile Rendering System for Creating or Augmenting Material Experiences,2023,chi_2023.bib,True
10.1145/3544548.3581479,"Longing to be the Mountain: A Scoping Review about Nature-Centric, Health-Minded Technologies",2023,chi_2023.bib,True
10.1145/3544548.3581150,Sustainability by Design. How to Encourage Users to Choose Energy-Saving Programs and Settings when Washing Laundry,2023,chi_2023.bib,True
10.1145/3544548.3581291,"Sustainable HCI Under Water: Opportunities for Research with Oceans, Coastal Communities, and Marine Systems",2023,chi_2023.bib,True
10.1145/3544548.3581438,ARound the Smartphone: Investigating the Effects of Virtually-Extended Display Size on Spatial Memory,2023,chi_2023.bib,True
10.1145/3544548.3580677,HandyCast: Phone-based Bimanual Input for Virtual Reality in Mobile and Space-Constrained Settings via Pose-and-Touch Transfer,2023,chi_2023.bib,True
10.1145/3544548.3581392,"IMUPoser: Full-Body Pose Estimation using IMUs in Phones, Watches, and Earbuds",2023,chi_2023.bib,True
10.1145/3544548.3580747,OmniSense: Exploring Novel Input Sensing and Interaction Techniques on Mobile Device with an Omni-Directional Camera,2023,chi_2023.bib,True
10.1145/3544548.3580696,Selecting Real-World Objects via User-Perspective Phone Occlusion,2023,chi_2023.bib,True
10.1145/3544548.3581419,Squeez’In: Private Authentication on Smartphones based on Squeezing Gestures,2023,chi_2023.bib,True
10.1145/3544548.3581545,Becoming a Speleologist: Design Implications for Coordination in Wild Outdoor Environments,2023,chi_2023.bib,True
10.1145/3544548.3581166,Birds of a Feather Video-Flock Together: Design and Evaluation of an Agency-Based Parrot-to-Parrot Video-Calling System for Interspecies Ethical Enrichment.,2023,chi_2023.bib,True
10.1145/3544548.3580886,Designing Ocean Vision AI: An Investigation of Community Needs for Imaging-based Ocean Conservation,2023,chi_2023.bib,True
10.1145/3544548.3581245,Horse as Teacher: How human-horse interaction informs human-robot interaction,2023,chi_2023.bib,True
10.1145/3544548.3581104,Pick Me Up Before You Go-Go: Sociotechnical Strategies for Waste in Music Festival Campsites,2023,chi_2023.bib,True
10.1145/3544548.3580663,Towards User-Centred Climate Services: the Role of Human-Computer Interaction,2023,chi_2023.bib,True
10.1145/3544548.3581389,3D Building Plans: Supporting Navigation by People who are Blind or have Low Vision in Multi-Storey Buildings,2023,chi_2023.bib,True
10.1145/3544548.3581304,3D Printed Interactive Multi-Storey Model for People with Visual Impairments,2023,chi_2023.bib,True
10.1145/3544548.3581220,Enhancing Blind Visitor’s Autonomy in a Science Museum Using an Autonomous Navigation Robot,2023,chi_2023.bib,True
10.1145/3544548.3580884,"""I am the follower, also the boss"": Exploring Different Levels of Autonomy and Machine Forms of Guiding Robots for the Visually Impaired",2023,chi_2023.bib,True
10.1145/3544548.3581359,TactIcons: Designing 3D Printed Map Icons for People who are Blind or have Low Vision,2023,chi_2023.bib,True
10.1145/3544548.3581415,Take My Hand: Automated Hand-Based Spatial Guidance for the Visually Impaired,2023,chi_2023.bib,True
10.1145/3544548.3580758,Assessing Mapper Conflict in OpenStreetMap Using the Delphi Survey Method,2023,chi_2023.bib,True
10.1145/3544548.3581078,Click Here to Exit: An Evaluation of Quick Exit Buttons,2023,chi_2023.bib,True
10.1145/3544548.3581244,NewsComp: Facilitating Diverse News Reading through Comparative Annotation,2023,chi_2023.bib,True
10.1145/3544548.3580644,Upvotes? Downvotes? No Votes? Understanding the relationship between reaction mechanisms and political discourse on Reddit,2023,chi_2023.bib,True
10.1145/3544548.3580946,What’s the Norm Around Here? Individuals’ Responses Can Mitigate the Effects of Misinformation Prevalence in Shaping Perceptions of a Community,2023,chi_2023.bib,True
10.1145/3544548.3581173,Altruistic and Profit-oriented: Making Sense of Roles in Web3 Community from Airdrop Perspective,2023,chi_2023.bib,True
10.1145/3544548.3581317,Climate Coach: A Dashboard for Open-Source Maintainers to Overview Community Dynamics,2023,chi_2023.bib,True
10.1145/3544548.3580994,CrowdSurfer: Seamlessly Integrating Crowd-Feedback Tasks into Everyday Internet Surfing,2023,chi_2023.bib,True
10.1145/3544548.3581177,‘Keeping our Faith Alive’: Investigating Buddhism Practice during COVID-19 to Inform Design for the Online Community Practice of Faith,2023,chi_2023.bib,True
10.1145/3544548.3581310,Making Sense of Post-match Fan Behaviors in the Online Football Communities,2023,chi_2023.bib,True
10.1145/3544548.3581054,"What Makes Creators Engage with Online Critiques? Understanding the Role of Artifacts’ Creation Stage, Characteristics of Community Comments, and their Interactions",2023,chi_2023.bib,True
10.1145/3544548.3580756,Challenges and Opportunities for Interactive Technology to Support Parents of HIV-Positive Children in Ethiopia in the Disclosure Process,2023,chi_2023.bib,True
10.1145/3544548.3581216,Children with ADHD and their Care Ecosystem: Designing Beyond Symptoms,2023,chi_2023.bib,True
10.1145/3544548.3580901,Chronic Care in a Life Transition: Challenges and Opportunities for Artificial Intelligence to Support Young Adults With Type 1 Diabetes Moving to University,2023,chi_2023.bib,True
10.1145/3544548.3580674,Exploring the digital support needs of caregivers of people with serious mental illness,2023,chi_2023.bib,True
10.1145/3544548.3580657,Infrastructural Work Behind The Scene: A Study of Formalized Peer-support Practices for Mental Health,2023,chi_2023.bib,True
10.1145/3544548.3581311,Understanding the Online Social Support Dynamics for Postpartum Depression,2023,chi_2023.bib,True
10.1145/3544548.3581257,Attached to “The Algorithm”: Making Sense of Algorithmic Precarity on Instagram,2023,chi_2023.bib,True
10.1145/3544548.3581386,"Creator-friendly Algorithms: Behaviors, Challenges, and Design Opportunities in Algorithmic Platforms",2023,chi_2023.bib,True
10.1145/3544548.3581227,Fairness Evaluation in Text Classification: Machine Learning Practitioner Perspectives of Individual and Group Fairness,2023,chi_2023.bib,True
10.1145/3544548.3580709,It Takes (at least) Two: The Work to Make Romance Work,2023,chi_2023.bib,True
10.1145/3544548.3582074,Participation and Division of Labor in User-Driven Algorithm Audits: How Do Everyday Users Work together to Surface Algorithmic Harms?,2023,chi_2023.bib,True
10.1145/3544548.3581517,Understanding Human Intervention in the Platform Economy: A case study of an indie food delivery service,2023,chi_2023.bib,True
10.1145/3544548.3581116,Automation Confusion: A Grounded Theory of Non-Gamers’ Confusion in Partially Automated Action Games,2023,chi_2023.bib,True
10.1145/3544548.3580939,Building Positively Affective Location-Based Advertising: A Study of Pokémon GO Players,2023,chi_2023.bib,True
10.1145/3544548.3581409,Comparing Measures of Perceived Challenge and Demand in Video Games: Exploring the Conceptual Dimensions of CORGIS and VGDS,2023,chi_2023.bib,True
10.1145/3544548.3580665,The Effects of Frame Rate Variation on Game Player Quality of Experience,2023,chi_2023.bib,True
10.1145/3544548.3581097,"Transparency, Fairness, and Coping: How Players Experience Moderation in Multiplayer Online Games",2023,chi_2023.bib,True
10.1145/3544548.3580891,Can Icons Outperform Text? Understanding the Role of Pictograms in OHMD Notifications,2023,chi_2023.bib,True
10.1145/3544548.3580928,iFAD Gestures: Understanding Users’ Gesture Input Performance with Index-Finger Augmentation Devices,2023,chi_2023.bib,True
10.1145/3544548.3581011,Modeling Temporal Target Selection: A Perspective from Its Spatial Correspondence,2023,chi_2023.bib,True
10.1145/3544548.3581071,Positional Variance Profiles (PVPs): A New Take on the Speed-Accuracy Trade-off,2023,chi_2023.bib,True
10.1145/3544548.3580746,Tuning Endpoint-variability Parameters by Observed Error Rates to Obtain Better Prediction Accuracy of Pointing Misses,2023,chi_2023.bib,True
10.1145/3544548.3580920,What’s That Shape? Investigating Eyes-Free Recognition of Textile Icons,2023,chi_2023.bib,True
10.1145/3544548.3581496,A Psychometric Scale to Measure Individuals’ Value of Other People’s Privacy (VOPP),2023,chi_2023.bib,True
10.1145/3544548.3581410,A World Full of Privacy and Security (Mis)conceptions? Findings of a Representative Survey in 12 Countries,2023,chi_2023.bib,True
10.1145/3544548.3580637,Investigating Deceptive Design in GDPR’s Legitimate Interest,2023,chi_2023.bib,True
10.1145/3544548.3581537,Less About Privacy: Revisiting a Survey about the German COVID-19 Contact Tracing App,2023,chi_2023.bib,True
10.1145/3544548.3580909,Understanding and Mitigating Technology-Facilitated Privacy Violations in the Physical World,2023,chi_2023.bib,True
10.1145/3544548.3581164,What is Sensitive About (Sensitive) Data? Characterizing Sensitivity and Intimacy with Google Assistant Users,2023,chi_2023.bib,True
10.1145/3544548.3581232,ChallengeDetect: Investigating the Potential of Detecting In-Game Challenge Experience from Physiological Measures,2023,chi_2023.bib,True
10.1145/3544548.3580950,"Emotion AI at Work: Implications for Workplace Surveillance, Emotional Labor, and Emotional Privacy",2023,chi_2023.bib,True
10.1145/3544548.3581425,Modeling the Trade-off of Privacy Preservation and Activity Recognition on Low-Resolution Images,2023,chi_2023.bib,True
10.1145/3544548.3581183,Social Support for Mobile Security: Comparing Close Connections and Community Volunteers in a Field Experiment,2023,chi_2023.bib,True
10.1145/3544548.3581387,The Nuanced Nature of Trust and Privacy Control Adoption in the Context of Google,2023,chi_2023.bib,True
10.1145/3544548.3580777,Uncovering Privacy and Security Challenges In K-12 Schools,2023,chi_2023.bib,True
10.1145/3544548.3581390,CrossCode: Multi-level Visualization of Program Execution,2023,chi_2023.bib,True
10.1145/3544548.3581403,"Log-it: Supporting Programming with Interactive, Contextual, Structured, and Visual Logs",2023,chi_2023.bib,True
10.1145/3544548.3581516,VizProg: Identifying Misunderstandings By Visualizing Students’ Coding Progress,2023,chi_2023.bib,True
10.1145/3544548.3581436,“What if everyone is able to program?” – Exploring the Role of Software Development in Science Fiction,2023,chi_2023.bib,True
10.1145/3544548.3580817,“What It Wants Me To Say”: Bridging the Abstraction Gap Between End-User Programmers and Code-Generating Large Language Models,2023,chi_2023.bib,True
10.1145/3544548.3581080,Different Together: Design for Radical Placemaking,2023,chi_2023.bib,True
10.1145/3544548.3581194,Steering Stories: Confronting Narratives of Driving Automation through Contestational Artifacts,2023,chi_2023.bib,True
10.1145/3544548.3581541,"Accessibility Barriers, Conflicts, and Repairs: Understanding the Experience of Professionals with Disabilities in Hybrid Meetings",2023,chi_2023.bib,True
10.1145/3544548.3581261,Coding Together: On Co-located and Remote Collaboration between Children with Mixed-Visual Abilities,2023,chi_2023.bib,True
10.1145/3544548.3581481,Towards Inclusive Avatars: Disability Representation in Avatar Platforms,2023,chi_2023.bib,True
10.1145/3544548.3580810,Understanding and Enhancing The Role of Speechreading in Online d/DHH Communication Accessibility,2023,chi_2023.bib,True
10.1145/3544548.3580937,Virtual Collaboration Tools for Mixed-Ability Workspaces: A Cross Disability Solidarity Case from Turkey,2023,chi_2023.bib,True
10.1145/3544548.3581151,“We Speak Visually”: User-Generated Icons for Better Video-Mediated Mixed-Group Communications Between Deaf and Hearing Participants,2023,chi_2023.bib,True
10.1145/3544548.3581141,Challenging but Connective: Large-Scale Characteristics of Synchronous Collaboration Across Time Zones,2023,chi_2023.bib,True
10.1145/3544548.3580899,Collocated Distance: A Fundamental Challenge for the Design of Hybrid Work Technologies,2023,chi_2023.bib,True
10.1145/3544548.3580930,IntroBot: Exploring the Use of Chatbot-assisted Familiarization in Online Collaborative Groups,2023,chi_2023.bib,True
10.1145/3544548.3580796,Nooks: Social Spaces to Lower Hesitations in Interacting with New People at Work,2023,chi_2023.bib,True
10.1145/3544548.3580989,"Remote Persons Are Closer Than They Appear: Home, Team and a Lockdown",2023,chi_2023.bib,True
10.1145/3544548.3581345,Why “why”? The Importance of Communicating Rationales for Edits in Collaborative Writing,2023,chi_2023.bib,True
10.1145/3544548.3581275,How Language Formality in Security and Privacy Interfaces Impacts Intended Compliance,2023,chi_2023.bib,True
10.1145/3544548.3581038,Tailoring a Persuasive Game to Promote Secure Smartphone Behaviour,2023,chi_2023.bib,True
10.1145/3544548.3581170,The Influence of Context on Response to Spear-Phishing Attacks: an In-Situ Deception Study,2023,chi_2023.bib,True
10.1145/3544548.3580985,The Influence of Human Factors on the Intention to Report Phishing Emails,2023,chi_2023.bib,True
10.1145/3544548.3580650,"Tips, Tricks, and Training: Supporting Anti-Phishing Awareness among Mid-Career Office Workers Based on Employees’ Current Practices",2023,chi_2023.bib,True
10.1145/3544548.3581046,Train as you Fight: Evaluating Authentic Cybersecurity Training in Cyber Ranges,2023,chi_2023.bib,True
10.1145/3544548.3581300,"AdHocProx: Sensing Mobile, Ad-Hoc Collaborative Device Formations using Dual Ultra-Wideband Radios",2023,chi_2023.bib,True
10.1145/3544548.3581471,E-Orthosis: Augmenting Off-the-Shelf Orthoses with Electronics,2023,chi_2023.bib,True
10.1145/3544548.3581361,MechSense: A Design and Fabrication Pipeline for Integrating Rotary Encoders into 3D Printed Mechanisms,2023,chi_2023.bib,True
10.1145/3544548.3581295,TexonMask: Facial Expression Recognition Using Textile Electrodes on Commodity Facemasks,2023,chi_2023.bib,True
10.1145/3544548.3580692,uKnit: A Position-Aware Reconfigurable Machine-Knitted Wearable for Gestural Interaction and Passive Sensing using Electrical Impedance Tomography,2023,chi_2023.bib,True
10.1145/3544548.3581504,Accidentally Evil: On Questionable Values in Smart Home Co-Design,2023,chi_2023.bib,True
10.1145/3544548.3581140,Exploring Long-Term Mediated Relations with a Shape-Changing Thing: A Field Study of coMorphing Stool,2023,chi_2023.bib,True
10.1145/3544548.3581012,Exploring Memory-Oriented Interactions with Digital Photos In and Across Time: A Field Study of Chronoscope,2023,chi_2023.bib,True
10.1145/3544548.3581215,“I Won’t Go Speechless”: Design Exploration on a Real-Time Text-To-Speech Speaking Tool for Videoconferencing,2023,chi_2023.bib,True
10.1145/3544548.3580807,Living with Light Touch: An Autoethnography of a Simple Communication Device in Long-Term Use,2023,chi_2023.bib,True
10.1145/3544548.3581363,Message Ritual: A Posthuman Account of Living with Lamp,2023,chi_2023.bib,True
10.1145/3544548.3581539,Digital Making for Inheritance and Enlivening Intangible Cultural Heritage: A Case of Hairy Monkey Handicrafts,2023,chi_2023.bib,True
10.1145/3544548.3581497,Inhabiting Interconnected Spaces: How Users Shape and Appropriate Their Smart Home Ecosystems,2023,chi_2023.bib,True
10.1145/3544548.3581234,On Hackathons: A Multidisciplinary Literature Review,2023,chi_2023.bib,True
10.1145/3544548.3581462,Potential and Challenges of DIY Smart Homes with an ML-intensive Camera Sensor,2023,chi_2023.bib,True
10.1145/3544548.3580684,Understanding (Non-)Visual Needs for the Design of Laser-Cut Models,2023,chi_2023.bib,True
10.1145/3544548.3581256,Understanding occupants’ experiences in quantified buildings: results from a series of exploratory studies.,2023,chi_2023.bib,True
10.1145/3544548.3581062,At First Light: Expressive Lights in Support of Drone-Initiated Communication,2023,chi_2023.bib,True
10.1145/3544548.3581189,Don’t Panic! - Influence of Virtual Stressor Representations from the ICU Context on Perceived Stress Levels,2023,chi_2023.bib,True
10.1145/3544548.3581293,"Supporting Aim Assistance Algorithms through a Rapidly Trainable, Personalized Model of Players’ Spatial and Temporal Aiming Ability",2023,chi_2023.bib,True
10.1145/3544548.3580877,SurfAirs: Surface + Mid-air Input for Large Vertical Displays,2023,chi_2023.bib,True
10.1145/3544548.3581263,The Effect of Explanation Design on User Perception of Smart Home Lighting Systems: A Mixed-method Investigation,2023,chi_2023.bib,True
10.1145/3544548.3581154,"The ""Conversation"" about Loss: Understanding How Chatbot Technology was Used in Supporting People in Grief.",2023,chi_2023.bib,True
10.1145/3544548.3580689,Are You Killing Time? Predicting Smartphone Users’ Time-killing Moments via Fusion of Smartphone Sensor Data and Screenshots,2023,chi_2023.bib,True
10.1145/3544548.3580828,DataHalo: A Customizable Notification Visualization System for Personalized and Longitudinal Interactions,2023,chi_2023.bib,True
10.1145/3544548.3580731,Multiple Device Users’ Actual and Ideal Cross-Device Usage for Multi-Stage Notification-Interactions: An ESM Study Addressing the Usage Gap and Impacts of Device Context,2023,chi_2023.bib,True
10.1145/3544548.3581146,Not Merely Deemed as Distraction: Investigating Smartphone Users’ Motivations for Notification-Interaction,2023,chi_2023.bib,True
10.1145/3544548.3581052,Respecifying Phubbing: Video-Based Analysis of Smartphone Use in Co-Present Interactions,2023,chi_2023.bib,True
10.1145/3544548.3581163,“We Need a Big Revolution in Email Advertising”: Users’ Perception of Persuasion in Permission-based Advertising Emails,2023,chi_2023.bib,True
10.1145/3544548.3581480,Counterventions: a reparative reflection on interventionist HCI,2023,chi_2023.bib,True
10.1145/3544548.3580717,Integrative Objects in Sociotechnical Contexts: Constructing Digital Well-Being with Generic Epistemology,2023,chi_2023.bib,True
10.1145/3544548.3581505,Self-Tracking to Do Less: An Autoethnography of Long COVID That Informs the Design of Pacing Technologies,2023,chi_2023.bib,True
10.1145/3544548.3580823,Social Media as a Critical Pedagogical Tool: Examining the Relationship between Youths’ Online Sociopolitical Engagements and Their Critical Consciousness,2023,chi_2023.bib,True
10.1145/3544548.3581450,Walking Through Normativities of Reproductive Bodies: A Method for Critical Analysis of Tracking Applications,2023,chi_2023.bib,True
10.1145/3544548.3580943,Are You Human? Investigating the Perceptions and Evaluations of Virtual Versus Human Instagram Influencers,2023,chi_2023.bib,True
10.1145/3544548.3581202,“I figured her feeling a little bit bad was worth it to not spread that kind of hate”: Exploring how UK families discuss and challenge misinformation,2023,chi_2023.bib,True
10.1145/3544548.3580773,Less is Not More: Improving Findability and Actionability of Privacy Controls for Online Behavioral Advertising,2023,chi_2023.bib,True
10.1145/3544548.3581328,Practicing Information Sensibility: How Gen Z Engages with Online Information,2023,chi_2023.bib,True
10.1145/3544548.3581498,User Perceptions and Experiences of Targeted Ads on Social Media Platforms: Learning from Bangladesh and India,2023,chi_2023.bib,True
10.1145/3544548.3580826,Who Does Not Benefit from Fact-checking Websites? A Psychological Characteristic Predicts the Selective Avoidance of Clicking Uncongenial Facts,2023,chi_2023.bib,True
10.1145/3544548.3581331,Accounting for Privacy Pluralism: Lessons and Strategies from Community-Based Privacy Groups,2023,chi_2023.bib,True
10.1145/3544548.3580730,“Nudes? Shouldn’t I charge for these?”: Motivations of New Sexual Content Creators on OnlyFans,2023,chi_2023.bib,True
10.1145/3544548.3581036,Producer Conflict Management Approaches in Online Peer Production Communities – Case Study of OpenStreetMap,2023,chi_2023.bib,True
10.1145/3544548.3581476,Understanding Communication Strategies and Viewer Engagement with Science Knowledge Videos on Bilibili,2023,chi_2023.bib,True
10.1145/3544548.3580982,Understanding Moderators’ Conflict and Conflict Management Strategies with Streamers in Live Streaming Communities,2023,chi_2023.bib,True
10.1145/3544548.3581074,Cultural Differences in Friendship Network Behaviors: A Snapchat Case Study,2023,chi_2023.bib,True
10.1145/3544548.3581333,Disability Activism on Social Media: Sociotechnical Challenges in the Pursuit of Visibility,2023,chi_2023.bib,True
10.1145/3544548.3581324,"""Everyone is Covered"": Exploring the Role of Online Interactions in Facilitating Connection and Social Support in Black Churches",2023,chi_2023.bib,True
10.1145/3544548.3580898,I Like Their Autonomy and Closeness to Me: Uncovering the Perceived Appeal of Social-Media Influencers,2023,chi_2023.bib,True
10.1145/3544548.3580990,"Reciprocity, Homophily, and Social Network Effects in Pictorial Communication: A Case Study of Bitmoji Stickers",2023,chi_2023.bib,True
10.1145/3544548.3581102,Sensing Their Presence: How Emerging Adults And Their Parents Connect After Moving Apart,2023,chi_2023.bib,True
10.1145/3544548.3580968,Hexad-12: Developing and Validating a Short Version of the Gamification User Types Hexad Scale,2023,chi_2023.bib,True
10.1145/3544548.3581428,MapUncover: Fostering Spatial Exploration through Gamification in Mobile Map Apps,2023,chi_2023.bib,True
10.1145/3544548.3581375,Playing the System: Can Puzzle Players Teach us How to Solve Hard Problems?,2023,chi_2023.bib,True
10.1145/3544548.3581142,Remote Wavelength: Design and Evaluation of a System for Social Connectedness Through Distributed Tabletop Gameplay,2023,chi_2023.bib,True
10.1145/3544548.3581544,Understanding Social Interactions in Location-based Games as Hybrid Spaces: Coordination and Collaboration in Raiding in Pokémon GO,2023,chi_2023.bib,True
10.1145/3544548.3580664,"""What else can I do?"" Examining the Impact of Community Data on Adaptation and Quality of Reflection in an Educational Game",2023,chi_2023.bib,True
10.1145/3544548.3580722,Boards Hit Back: Reflecting on Martial Arts Practices Through Soma Design,2023,chi_2023.bib,True
10.1145/3544548.3581543,Designing in Conversation With Dance Practice,2023,chi_2023.bib,True
10.1145/3544548.3580977,Sharing Earthquake Narratives: Making Space for Others in our Autobiographical Design Process,2023,chi_2023.bib,True
10.1145/3544548.3581488,Suspended Circles: Soma Designing a Musical Instrument,2023,chi_2023.bib,True
10.1145/3544548.3581356,Tactile Symbols with Continuous and Motion-Coupled Vibration: An Exploration of using Embodied Experiences for Hermeneutic Design,2023,chi_2023.bib,True
10.1145/3544548.3581440,All-in-One Print: Designing and 3D Printing Dynamic Objects Using Kinematic Mechanism Without Assembly,2023,chi_2023.bib,True
10.1145/3544548.3581214,Exploring Co-located Interactions with a Shape-Changing Bar Chart,2023,chi_2023.bib,True
10.1145/3544548.3580914,Kerfmeter: Automatic Kerf Calibration for Laser Cutting,2023,chi_2023.bib,True
10.1145/3544548.3580849,Perspective and Geometry Approaches to Mouse Cursor Control in Spatial Augmented Reality,2023,chi_2023.bib,True
10.1145/3544548.3580923,PneuFab: Designing Low-Cost 3D-Printed Inflatable Structures for Blow Molding Artifacts,2023,chi_2023.bib,True
10.1145/3544548.3581267,ThrowIO: Actuated TUIs that Facilitate “Throwing and Catching” Spatial Interaction with Overhanging Mobile Wheeled Robots,2023,chi_2023.bib,True
10.1145/3544548.3580775,LipIO: Enabling Lips as both Input and Output Surface,2023,chi_2023.bib,True
10.1145/3544548.3581465,LipLearner: Customizable Silent Speech Interactions on Mobile Devices,2023,chi_2023.bib,True
10.1145/3544548.3581210,Performative Vocal Synthesis for Foreign Language Intonation Practice,2023,chi_2023.bib,True
10.1145/3544548.3580723,Towards Applied Remapped Physical-Virtual Interfaces: Synchronization Methods for Resolving Control State Conflicts,2023,chi_2023.bib,True
10.1145/3544548.3580724,Visuo-haptic Crossmodal Shape Perception Model for Shape-Changing Handheld Controllers Bridged by Inertial Tensor,2023,chi_2023.bib,True
10.1145/3544548.3580706,WESPER: Zero-shot and Realtime Whisper to Normal Voice Conversion for Whisper-based Speech Interactions,2023,chi_2023.bib,True
10.1145/3544548.3581322,Groupnamics: Designing an Interface for Overviewing and Managing Parallel Group Discussions in an Online Classroom,2023,chi_2023.bib,True
10.1145/3544548.3581255,Kaleidoscope: A Reflective Documentation Tool for a User Interface Design Course,2023,chi_2023.bib,True
10.1145/3544548.3581029,Lettersmith: Scaffolding Written Professional Communication Among College Students,2023,chi_2023.bib,True
10.1145/3544548.3581153,Scripted Vicarious Dialogues: Educational Video Augmentation Method for Increasing Isolated Students’ Engagement,2023,chi_2023.bib,True
10.1145/3544548.3581374,Soliloquy: Fostering Poetry Comprehension Using an Interactive Think-aloud Visualization,2023,chi_2023.bib,True
10.1145/3544548.3581143,Using Geometric Features of Drag-and-Drop Trajectories to Understand Students’ Learning,2023,chi_2023.bib,True
10.1145/3544548.3581059,Eye-Perspective View Management for Optical See-Through Head-Mounted Displays,2023,chi_2023.bib,True
10.1145/3544548.3580721,Interactive AR Applications for Nonspeaking Autistic People? - A Usability Study,2023,chi_2023.bib,True
10.1145/3544548.3580904,OPTIMISM: Enabling Collaborative Implementation of Domain Specific Metaheuristic Optimization,2023,chi_2023.bib,True
10.1145/3544548.3581413,The Impact of Navigation Aids on Search Performance and Object Recall in Wide-Area Augmented Reality,2023,chi_2023.bib,True
10.1145/3544548.3581211,User Onboarding in Virtual Reality: An Investigation of Current Practices,2023,chi_2023.bib,True
10.1145/3544548.3580966,"You spin me right round, baby, right round: Examining the Impact of Multi-Sensory Self-Motion Cues on Motion Sickness During a VR Reading Task",2023,chi_2023.bib,True
10.1145/3544548.3581395,Collaborative Online Learning with VR Video: Roles of Collaborative Tools and Shared Video Control,2023,chi_2023.bib,True
10.1145/3544548.3580944,Dancing with the Avatars: Minimal Avatar Customisation Enhances Learning in a Psychomotor Task,2023,chi_2023.bib,True
10.1145/3544548.3581100,FakeForward: Using Deepfake Technology for Feedforward Learning,2023,chi_2023.bib,True
10.1145/3544548.3581572,“Moment to Moment”: A Situated View of Teaching Ethics from the Perspective of Computing Ethics Teaching Assistants,2023,chi_2023.bib,True
10.1145/3544548.3580892,Olfactory Wearables for Mobile Targeted Memory Reactivation,2023,chi_2023.bib,True
10.1145/3544548.3581364,Understanding Personal Data Tracking and Sensemaking Practices for Self-Directed Learning in Non-classroom and Non-computer-based Contexts,2023,chi_2023.bib,True
10.1145/3544548.3581269,GlanceWriter: Writing Text by Glancing Over Letters with Gaze,2023,chi_2023.bib,True
10.1145/3544548.3581430,Not All Spacings are Created Equal: The Effect of Text Spacings in On-the-go Reading Using Optical See-Through Head-Mounted Displays,2023,chi_2023.bib,True
10.1145/3544548.3581065,ParaGlassMenu: Towards Social-Friendly Subtle Interactions in Conversations,2023,chi_2023.bib,True
10.1145/3544548.3581055,ResType: Invisible and Adaptive Tablet Keyboard Leveraging Resting Fingers,2023,chi_2023.bib,True
10.1145/3544548.3580915,T-Force: Exploring the Use of Typing Force for Three State Virtual Keyboards,2023,chi_2023.bib,True
10.1145/3544548.3581248,“Together but not together”: Evaluating Typing Indicators for Interaction-Rich Communication,2023,chi_2023.bib,True
10.1145/3544548.3581171,An Examination of Motivation in Physical Therapy Through the Lens of Self-Determination Theory: Implications for Game Design,2023,chi_2023.bib,True
10.1145/3544548.3581342,Challenges and Opportunities of Using Redirection of Activity for Self-Regulation Online,2023,chi_2023.bib,True
10.1145/3544548.3581156,"Conformal, Seamless, Sustainable: Multimorphic Textile-forms as a Material-Driven Design Approach for HCI",2023,chi_2023.bib,True
10.1145/3544548.3581404,Player-Driven Game Analytics: The Case of Guild Wars 2,2023,chi_2023.bib,True
10.1145/3544548.3581072,When XR and AI Meet - A Scoping Review on Extended Reality and Artificial Intelligence,2023,chi_2023.bib,True
10.1145/3544548.3581321,4Doodle: 4D Printing Artifacts Without 3D Printers,2023,chi_2023.bib,True
10.1145/3544548.3581408,AutomataStage: an AR-mediated Creativity Support Tool for Hands-on Multidisciplinary Learning,2023,chi_2023.bib,True
10.1145/3544548.3580748,FlexBoard: A Flexible Breadboard for Interaction Prototyping on Curved and Deformable Surfaces,2023,chi_2023.bib,True
10.1145/3544548.3580691,Handheld Tools Unleashed: Mixed-Initiative Physical Sketching with a Robotic Printer,2023,chi_2023.bib,True
10.1145/3544548.3581002,"MechCircuit: Augmenting Laser-Cut Objects with Integrated Electronics, Mechanical Structures and Magnets",2023,chi_2023.bib,True
10.1145/3544548.3581434,Physically Situated Tools for Exploring a Grain Space in Computational Machine Knitting,2023,chi_2023.bib,True
10.1145/3544548.3580847,CiteSee: Augmenting Citations in Scientific Papers with Persistent and Personalized Historical Context,2023,chi_2023.bib,True
10.1145/3544548.3581371,ComLittee: Literature Discovery with Personal Elected Author Committees,2023,chi_2023.bib,True
10.1145/3544548.3580741,DeepLens: Interactive Out-of-distribution Data Detection in NLP Models,2023,chi_2023.bib,True
10.1145/3544548.3580852,DeepSeer: Interactive RNN Explanation and Debugging via State Abstraction,2023,chi_2023.bib,True
10.1145/3544548.3581290,Model Sketching: Centering Concepts in Early-Stage Machine Learning Model Design,2023,chi_2023.bib,True
10.1145/3544548.3580841,Relatedly: Scaffolding Literature Reviews with Existing Related Work Sections,2023,chi_2023.bib,True
10.1145/3544548.3581192,Assisting with Fingertip Force Control by Active Bio-Acoustic Sensing and Electrical Muscle Stimulation,2023,chi_2023.bib,True
10.1145/3544548.3580638,EpoMemory: Multi-state Shape Memory for Programmable Morphing Interfaces,2023,chi_2023.bib,True
10.1145/3544548.3581547,Flat Panel Haptics: Embedded Electroosmotic Pumps for Scalable Shape Displays,2023,chi_2023.bib,True
10.1145/3544548.3581064,"HUGO, a High-Resolution Tactile Emulator for Complex Surfaces",2023,chi_2023.bib,True
10.1145/3544548.3581179,Impact of softness on users’ perception of curvature for future soft curvature-changing UIs,2023,chi_2023.bib,True
10.1145/3544548.3581254,Toucha11y: Making Inaccessible Public Touchscreens Accessible,2023,chi_2023.bib,True
10.1145/3544548.3581518,Aspirations and Practice of ML Model Documentation: Moving the Needle with Nudging and Traceability,2023,chi_2023.bib,True
10.1145/3544548.3581003,Cleared for Safe Take-off? Improving the Usability of Mission Preparation to Mitigate the Safety Risks of Drone Operations,2023,chi_2023.bib,True
10.1145/3544548.3581391,"Get Distracted or Missed the Stop? Investigating Public Transit Passengers’ Travel-Based Multitasking Behaviors, Motives, and Challenges",2023,chi_2023.bib,True
10.1145/3544548.3581241,"Passenger Perceptions, Information Preferences, and Usability of Crowding Visualizations on Public Displays in Transit Stations and Vehicles",2023,chi_2023.bib,True
10.1145/3544548.3581564,Work with AI and Work for AI: Autonomous Vehicle Safety Drivers’ Lived Experiences,2023,chi_2023.bib,True
10.1145/3544548.3581075,"Ignore, Trust, or Negotiate: Understanding Clinician Acceptance of AI-Based Treatment Recommendations in Health Care",2023,chi_2023.bib,True
10.1145/3544548.3581197,Measuring and Understanding Trust Calibrations for Automated Systems: A Survey of the State-Of-The-Art and Future Directions,2023,chi_2023.bib,True
10.1145/3544548.3581253,Overcoming Algorithm Aversion: A Comparison between Process and Outcome Control,2023,chi_2023.bib,True
10.1145/3544548.3581366,Watch Out for Updates: Understanding the Effects of Model Explanation Updates in AI-Assisted Decision Making,2023,chi_2023.bib,True
10.1145/3544548.3581058,Who Should I Trust: AI or Myself? Leveraging Human and AI Correctness Likelihood to Promote Appropriate Trust in AI-Assisted Decision-Making,2023,chi_2023.bib,True
10.1145/3544548.3581108,Breaking Out of the Ivory Tower: A Large-scale Analysis of Patent Citations to HCI Research,2023,chi_2023.bib,True
10.1145/3544548.3581006,Identifying Multimodal Context Awareness Requirements for Supporting User Interaction with Procedural Videos,2023,chi_2023.bib,True
10.1145/3544548.3580661,"MFS Design in Appstore-enabled Smart Featurephones for Low-literate, Marginalized Communities",2023,chi_2023.bib,True
10.1145/3544548.3581077,Towards a Reflection in Creative Experience Questionnaire,2023,chi_2023.bib,True
10.1145/3544548.3581273,Understanding Collaborative Practices and Tools of Professional UX Practitioners in Software Organizations,2023,chi_2023.bib,True
10.1145/3544548.3580712,"What is in the Cards: Exploring Uses, Patterns, and Trends in Design Cards",2023,chi_2023.bib,True
10.1145/3544548.3580971,Cyclists’ Use of Technology While on Their Bike,2023,chi_2023.bib,True
10.1145/3544548.3580862,"Electrical, Vibrational, and Cooling Stimuli-Based Redirected Walking: Comparison of Various Vestibular Stimulation-Based Redirected Walking Systems",2023,chi_2023.bib,True
10.1145/3544548.3581303,"Interaction Effects of Pedestrian Behavior, Smartphone Distraction and External Communication of Automated Vehicles on Crossing and Gaze Behavior",2023,chi_2023.bib,True
10.1145/3544548.3581049,Keep it Real: Investigating Driver-Cyclist Interaction in Real-World Traffic,2023,chi_2023.bib,True
10.1145/3544548.3581469,RetroLens: A Human-AI Collaborative System for Multi-step Retrosynthetic Route Planning,2023,chi_2023.bib,True
10.1145/3544548.3581274,Towards Critical Heritage in the wild: Analysing Discomfort through Collaborative Autoethnography,2023,chi_2023.bib,True
10.1145/3544548.3581483,Amortised Experimental Design and Parameter Estimation for User Models of Pointing,2023,chi_2023.bib,True
10.1145/3544548.3581439,Amortized Inference with User Simulations,2023,chi_2023.bib,True
10.1145/3544548.3580686,Can a Computer Tell Differences between Vibrations?: Physiology-Based Computational Model for Perceptual Dissimilarity Prediction,2023,chi_2023.bib,True
10.1145/3544548.3581482,"Kaleidoscope: Semantically-grounded, context-specific ML model evaluation",2023,chi_2023.bib,True
10.1145/3544548.3580767,Sensorimotor Simulation of Redirected Reaching using Stochastic Optimal Feedback Control,2023,chi_2023.bib,True
10.1145/3544548.3581217,Shape-Adaptive Ternary-Gaussian Model: Modeling Pointing Uncertainty for Moving Targets of Arbitrary Shapes,2023,chi_2023.bib,True
10.1145/3544548.3581009,Dementia Eyes: Co-Design and Evaluation of a Dementia Education Augmented Reality Experience for Medical Workers,2023,chi_2023.bib,True
10.1145/3544548.3581262,Designing Virtual Environments for Social Engagement in Older Adults: A Qualitative Multi-site Study,2023,chi_2023.bib,True
10.1145/3544548.3580809,"“Easier or Harder, Depending on Who the Hearing Person Is”: Codesigning Videoconferencing Tools for Small Groups with Mixed Hearing Status",2023,chi_2023.bib,True
10.1145/3544548.3581076,Haptic-Captioning: Using Audio-Haptic Interfaces to Enhance Speaker Indication in Real-Time Captions for Deaf and Hard-of-Hearing Viewers,2023,chi_2023.bib,True
10.1145/3544548.3580788,“The World is Designed for Fluent People”: Benefits and Challenges of Videoconferencing Technologies for People Who Stutter,2023,chi_2023.bib,True
10.1145/3544548.3581399,Toward Inclusive Mindsets: Design Opportunities to Represent Neurodivergent Work Experiences to Neurotypical Co-Workers in Virtual Reality,2023,chi_2023.bib,True
10.1145/3544548.3581270,Bubbleu: Exploring Augmented Reality Game Design with Uncertain AI-based Interaction,2023,chi_2023.bib,True
10.1145/3544548.3581259,"Going, Going, Gone: Exploring Intention Communication for Multi-User Locomotion in Virtual Reality",2023,chi_2023.bib,True
10.1145/3544548.3580973,Never Skip Leg Day Again: Training the Lower Body with Vertical Jumps in a Virtual Reality Exergame,2023,chi_2023.bib,True
10.1145/3544548.3580751,Playful Reflection: Impact of Gamification on a Virtual Reality Simulation of Breastfeeding,2023,chi_2023.bib,True
10.1145/3544548.3580833,Supporting Piggybacked Co-Located Leisure Activities via Augmented Reality,2023,chi_2023.bib,True
10.1145/3544548.3581230,VR Almost There: Simulating Co-located Multiplayer Experiences in Social Virtual Reality,2023,chi_2023.bib,True
10.1145/3544548.3581107,A Literature Review of Video-Sharing Platform Research in HCI,2023,chi_2023.bib,True
10.1145/3544548.3581380,Collaborative Creativity in TikTok Music Duets,2023,chi_2023.bib,True
10.1145/3544548.3581458,Community Voice as Data: Affordances of Participatory Videos for International Program Development,2023,chi_2023.bib,True
10.1145/3544548.3581013,OpenMic: Utilizing Proxemic Metaphors for Conversational Floor Transitions in Multiparty Video Meetings,2023,chi_2023.bib,True
10.1145/3544548.3581085,Spatialized Audio and Hybrid Video Conferencing: Where Should Voices be Positioned for People in the Room and Remote Headset Users?,2023,chi_2023.bib,True
10.1145/3544548.3580912,StoryChat: Designing a Narrative-Based Viewer Participation Tool for Live Streaming Chatrooms,2023,chi_2023.bib,True
10.1145/3544548.3581494,AVscript: Accessible Video Editing with Audio-Visual Scripts,2023,chi_2023.bib,True
10.1145/3544548.3581126,Beyond Instructions: A Taxonomy of Information Types in How-to Videos,2023,chi_2023.bib,True
10.1145/3544548.3581525,Colaroid: A Literate Programming Approach for Authoring Explorable Multi-Stage Tutorials,2023,chi_2023.bib,True
10.1145/3544548.3581115,Escapement: A Tool for Interactive Prototyping with Video via Sensor-Mediated Abstraction of Time,2023,chi_2023.bib,True
10.1145/3544548.3580896,Stargazer: An Interactive Camera Robot for Capturing How-To Videos Based on Subtle Instructor Cues,2023,chi_2023.bib,True
10.1145/3544548.3580772,Surch: Enabling Structural Search and Comparison for Surgical Videos,2023,chi_2023.bib,True
10.1145/3544548.3581186,Chart Reader: Accessible Visualization Experiences Designed with Screen Reader Users,2023,chi_2023.bib,True
10.1145/3544548.3580669,Data Abstraction Elephants: The Initial Diversity of Data Representations and Mental Models,2023,chi_2023.bib,True
10.1145/3544548.3581204,"Data, Data, Everywhere: Uncovering Everyday Data Experiences for People with Intellectual and Developmental Disabilities",2023,chi_2023.bib,True
10.1145/3544548.3581139,“Explain What a Treemap is”: Exploratory Investigation of Strategies for Explaining Unfamiliar Chart to Blind and Low Vision Users,2023,chi_2023.bib,True
10.1145/3544548.3580765,Visual Task Performance and Spatial Abilities: An Investigation of Artists and Mathematicians,2023,chi_2023.bib,True
10.1145/3544548.3581086,We are the Data: Challenges and Opportunities for Creating Demographically Diverse Anthropographics,2023,chi_2023.bib,True
10.1145/3544548.3581472,DataParticles: Block-based and Language-oriented Authoring of Animated Unit Visualizations,2023,chi_2023.bib,True
10.1145/3544548.3581509,DataPilot: Utilizing Quality and Usage Information for Subset Selection during Visual Data Preparation,2023,chi_2023.bib,True
10.1145/3544548.3580754,Deimos: A Grammar of Dynamic Embodied Immersive Visualisation Morphs and Transitions,2023,chi_2023.bib,True
10.1145/3544548.3580974,Perceptual Pat: A Virtual Human Visual System for Iterative Visualization Design,2023,chi_2023.bib,True
10.1145/3544548.3581168,Troubling Collaboration: Matters of Care for Visualization Design Study,2023,chi_2023.bib,True
10.1145/3544548.3581132,VisLab: Enabling Visualization Designers to Gather Empirically Informed Design Feedback,2023,chi_2023.bib,True
10.1145/3544548.3581520,Bones of Contention: Social Acceptance of Digital Cemetery Technologies,2023,chi_2023.bib,True
10.1145/3544548.3581406,CALVI: Critical Thinking Assessment for Literacy in Visualizations,2023,chi_2023.bib,True
10.1145/3544548.3580805,Is this AI trained on Credible Data? The Effects of Labeling Quality and Performance Bias on User Trust,2023,chi_2023.bib,True
10.1145/3544548.3580910,Misleading Beyond Visual Tricks: How People Actually Lie with Charts,2023,chi_2023.bib,True
10.1145/3544548.3581123,"When Recommender Systems Snoop into Social Media, Users Trust them Less for Health Advice",2023,chi_2023.bib,True
10.1145/3544548.3581349,A Review and Collation of Graphical Perception Knowledge for Visualization Recommendation,2023,chi_2023.bib,True
10.1145/3544548.3581320,Graphical Perception of Saliency-based Model Explanations,2023,chi_2023.bib,True
10.1145/3544548.3581111,How Can Deep Neural Networks Aid Visualization Perception Research? Three Studies on Correlation Judgments in Scatterplots,2023,chi_2023.bib,True
10.1145/3544548.3580734,Interactive Context-Preserving Color Highlighting for Multiclass Scatterplots,2023,chi_2023.bib,True
10.1145/3544548.3581416,Measuring Categorical Perception in Color-Coded Scatterplots,2023,chi_2023.bib,True
10.1145/3544548.3581119,Showing Flow: Comparing Usability of Chord and Sankey Diagrams,2023,chi_2023.bib,True
10.1145/3544548.3581087,Accessible Data Representation with Natural Sound,2023,chi_2023.bib,True
10.1145/3544548.3581337,Contributing to Accessibility Datasets: Reflections on Sharing Study Data by Blind People,2023,chi_2023.bib,True
10.1145/3544548.3581532,Exploring Chart Question Answering for Blind and Low Vision Users,2023,chi_2023.bib,True
10.1145/3544548.3580921,Slide Gestalt: Automatic Structure Extraction in Slide Decks for Non-Visual Access,2023,chi_2023.bib,True
10.1145/3544548.3581560,"“The less I type, the better”: How AI Language Models can Enhance or Impede Communication for AAC Users",2023,chi_2023.bib,True
10.1145/3544548.3581511,Visualization of Speech Prosody and Emotion in Captions: Accessibility for Deaf and Hard-of-Hearing Users,2023,chi_2023.bib,True
10.1145/3544548.3580790,Angler: Helping Machine Translation Practitioners Prioritize Model Improvements,2023,chi_2023.bib,True
10.1145/3544548.3581127,DRAVA: Aligning Human Concepts with Machine Learning Latent Dimensions for the Visual Exploration of Small Multiples,2023,chi_2023.bib,True
10.1145/3544548.3581373,ESCAPE: Countering Systematic Errors from Machine’s Blind Spots via Interactive Visual Analysis,2023,chi_2023.bib,True
10.1145/3544548.3580816,GAM Coach: Towards Interactive and User-centered Algorithmic Recourse,2023,chi_2023.bib,True
10.1145/3544548.3580998,Subjective Probability Correction for Uncertainty Representations,2023,chi_2023.bib,True
10.1145/3544548.3580819,Tracing and Visualizing Human-ML/AI Collaborative Processes through Artifacts of Data Work,2023,chi_2023.bib,True
10.1145/3544548.3581573,From Asymptomatics to Zombies: Visualization-Based Education of Disease Modeling for Children,2023,chi_2023.bib,True
10.1145/3544548.3580837,How Data Analysts Use a Visualization Grammar in Practice,2023,chi_2023.bib,True
10.1145/3544548.3581266,iBall: Augmenting Basketball Videos with Gaze-moderated Embedded Visualizations,2023,chi_2023.bib,True
10.1145/3544548.3581137,The tactile dimension: a method for physicalizing touch behaviors,2023,chi_2023.bib,True
10.1145/3544548.3580768,Working with Forensic Practitioners to Understand the Opportunities and Challenges for Mixed-Reality Digital Autopsy,2023,chi_2023.bib,True
10.1145/3544548.3581561,Building Community Capacity: Exploring Voice Assistants to Support Older Adults in an Independent Living Community,2023,chi_2023.bib,True
10.1145/3544548.3581421,Designing for Uncontrollability: Drawing Inspiration from the Blessing Companion,2023,chi_2023.bib,True
10.1145/3544548.3581007,"""I... caught a person casing my house... and scared him off:"" The Use of Security-Focused Smart Home Devices by People with Disabilities",2023,chi_2023.bib,True
10.1145/3544548.3581507,"OK Google, Let's Learn: Using Voice User Interfaces for Informal Self-Regulated Learning of Health Topics among Younger and Older Adults",2023,chi_2023.bib,True
10.1145/3544548.3580925,Studying Exploration & Long-Term Use of Voice Assistants by Older Adults,2023,chi_2023.bib,True
10.1145/3544548.3581447,“Where is history”: Toward Designing a Voice Assistant to help Older Adults locate Interface Features quickly,2023,chi_2023.bib,True
10.1145/3544548.3580813,3D Printable Play-Dough: New Biodegradable Materials and Creative Possibilities for Digital Fabrication,2023,chi_2023.bib,True
10.1145/3544548.3580958,"Design, Mould, Grow!: A Fabrication Pipeline for Growing 3D Designs Using Myco-Materials",2023,chi_2023.bib,True
10.1145/3544548.3580801,EchoSpeech: Continuous Silent Speech Recognition on Minimally-obtrusive Eyewear Powered by Acoustic Sensing,2023,chi_2023.bib,True
10.1145/3544548.3581344,LaserShoes: Low-Cost Ground Surface Detection Using Laser Speckle Imaging,2023,chi_2023.bib,True
10.1145/3544548.3581098,Lotio: Lotion-Mediated Interaction with an Electronic Skin-Worn Display,2023,chi_2023.bib,True
10.1145/3544548.3581088,Quantified Canine: Inferring Dog Personality From Wearables,2023,chi_2023.bib,True
10.1145/3544548.3581536,"Adding Domain-Specific Features to a Text-Editor to Support Diverse, Real-World Approaches to Time Management Planning",2023,chi_2023.bib,True
10.1145/3544548.3581326,Focused Time Saves Nine: Evaluating Computer–Assisted Protected Time for Hybrid Information Work,2023,chi_2023.bib,True
10.1145/3544548.3581528,Mental Wellbeing at Work: Perspectives of Software Engineers,2023,chi_2023.bib,True
10.1145/3544548.3581354,Stakeholder-Centered AI Design: Co-Designing Worker Tools with Gig Workers through Data Probes,2023,chi_2023.bib,True
10.1145/3544548.3580882,Understanding Frontline Workers’ and Unhoused Individuals’ Perspectives on AI Used in Homeless Services,2023,chi_2023.bib,True
10.1145/3544548.3580690,"When Browsing Gets Cluttered: Exploring and Modeling Interactions of Browsing Clutter, Browsing Habits, and Coping",2023,chi_2023.bib,True
10.1145/3544548.3581370,A Need-Finding Study with Users of Geospatial Data,2023,chi_2023.bib,True
10.1145/3544548.3580997,Code Code Evolution: Understanding How People Change Data Science Notebooks Over Time,2023,chi_2023.bib,True
10.1145/3544548.3580766,"Different Researchers, Different Results? Analyzing the Influence of Researcher Experience and Data Type During Qualitative Analysis of an Interview and Survey Study on Security Advice",2023,chi_2023.bib,True
10.1145/3544548.3581271,Dirty Data in the Newsroom: Comparing Data Preparation in Journalism and Data Science,2023,chi_2023.bib,True
10.1145/3544548.3580916,Mobilizing Social Media Data: Reflections of a Researcher Mediating between Data and Organization,2023,chi_2023.bib,True
10.1145/3544548.3581562,Using Logs Data to Identify When Software Engineers Experience Flow or Focused Work,2023,chi_2023.bib,True
10.1145/3544548.3581548,“Finding the Magic Sauce”: Exploring Perspectives of Recruiters and Job Seekers on Recruitment Bias and Automated Tools,2023,chi_2023.bib,True
10.1145/3544548.3580647,From Grasshoppers to Secondhand Cars: Understanding the Smartphone-Enabled Marketplace in Peri-urban Tanzania,2023,chi_2023.bib,True
10.1145/3544548.3581383,Impacts of the Strength and Conformity of Social Norms on Well-Being: A Mixed-Method Study Among Hybrid Workers in Japan,2023,chi_2023.bib,True
10.1145/3544548.3581487,OurStrategy: Employee Voice In Transnational Strategy Development,2023,chi_2023.bib,True
10.1145/3544548.3581101,Paying the Price: When Intimate Partners Use Technology for Financial Harm,2023,chi_2023.bib,True
10.1145/3544548.3580736,FingerMapper: Mapping Finger Motions onto Virtual Arms to Enable Safe Virtual Reality Interaction in Confined Spaces,2023,chi_2023.bib,True
10.1145/3544548.3580988,Memory Manipulations in Extended Reality,2023,chi_2023.bib,True
10.1145/3544548.3581018,Re-Evaluating VR User Awareness Needs During Bystander Interactions,2023,chi_2023.bib,True
10.1145/3544548.3580963,Towards a Bedder Future: A Study of Using Virtual Reality while Lying Down,2023,chi_2023.bib,True
10.1145/3544548.3581444,UnMapped: Leveraging Experts’ Situated Experiences to Ease Remote Guidance in Collaborative Mixed Reality,2023,chi_2023.bib,True
10.1145/3544548.3581050,What does it mean to cycle in Virtual Reality? Exploring Cycling Fidelity and Control of VR Bicycle Simulators,2023,chi_2023.bib,True
10.1145/3613904.3641954,(Un)making AI Magic: A Design Taxonomy,2024,chi_2024.bib,True
10.1145/3613904.3642179,AI-Assisted Causal Pathway Diagram for Human-Centered Design,2024,chi_2024.bib,True
10.1145/3613904.3642168,Enhancing UX Evaluation Through Collaboration with Conversational AI Assistants: Effects of Proactive Dialogue and Timing,2024,chi_2024.bib,True
10.1145/3613904.3641920,Jigsaw: Supporting Designers to Prototype Multimodal Applications by Chaining AI Foundation Models,2024,chi_2024.bib,True
10.1145/3613904.3641915,VAL: Interactive Task Learning with GPT Dialog Parsing,2024,chi_2024.bib,True
10.1145/3613904.3642782,Generating Automatic Feedback on UI Mockups with Large Language Models,2024,chi_2024.bib,True
10.1145/3613904.3642350,MUD: Towards a Large-Scale and Noise-Filtered UI Dataset for Modern Style UI Modeling,2024,chi_2024.bib,True
10.1145/3613904.3642068,OmniActions: Predicting Digital Actions in Response to Real-World Multimodal Sensory Inputs with LLMs,2024,chi_2024.bib,True
10.1145/3613904.3642481,SimUser: Generating Usability Feedback by Simulating Various Users Interacting with Mobile Applications,2024,chi_2024.bib,True
10.1145/3613904.3642615,Surveyor: Facilitating Discovery Within Video Games for Blind and Low Vision Players,2024,chi_2024.bib,True
10.1145/3613904.3642002,"CollabCoder: A Lower-barrier, Rigorous Workflow for Inductive Collaborative Qualitative Analysis with Large Language Models",2024,chi_2024.bib,True
10.1145/3613904.3641917,Evaluating Large Language Models on Academic Literature Understanding and Review: An Empirical Study among Early-stage Scholars,2024,chi_2024.bib,True
10.1145/3613904.3642266,From Paper to Card: Transforming Design Implications with Generative AI,2024,chi_2024.bib,True
10.1145/3613904.3642289,"Know Your Audience: The benefits and pitfalls of generating plain language summaries beyond the ""general"" audience",2024,chi_2024.bib,True
10.1145/3613904.3642081,Understanding the Role of Large Language Models in Personalizing and Scaffolding Strategies to Combat Academic Procrastination,2024,chi_2024.bib,True
10.1145/3613904.3642451,"""This is not a data problem"": Algorithms and Power in Public Higher Education in Canada",2024,chi_2024.bib,True
10.1145/3613904.3642698,How AI Processing Delays Foster Creativity: Exploring Research Question Co-Creation with an LLM-based Agent,2024,chi_2024.bib,True
10.1145/3613904.3643043,Integrating measures of replicability into scholarly search: Challenges and opportunities,2024,chi_2024.bib,True
10.1145/3613904.3642196,PaperWeaver: Enriching Topical Paper Alerts by Contextualizing Recommended Papers with User-collected Papers,2024,chi_2024.bib,True
10.1145/3613904.3642948,Designing a Multisensory VR Game Prototype for Older Adults - the Acceptability and Design Implications,2024,chi_2024.bib,True
10.1145/3613904.3641901,Exploring the Opportunity of Augmented Reality (AR) in Supporting Older Adults to Explore and Learn Smartphone Applications,2024,chi_2024.bib,True
10.1145/3613904.3642938,HelpCall: Designing Informal Technology Assistance for Older Adults via Videoconferencing,2024,chi_2024.bib,True
10.1145/3613904.3642796,"Reducing the Search Space on demand helps Older Adults find Mobile UI Features quickly, on par with Younger Adults",2024,chi_2024.bib,True
10.1145/3613904.3642558,Toward Making Virtual Reality (VR) More Inclusive for Older Adults: Investigating Aging Effect on Target Selection and Manipulation Tasks in VR,2024,chi_2024.bib,True
10.1145/3613904.3641905,Dealing with Uncertainty: Understanding the Impact of Prognostic Versus Diagnostic Tasks on Trust and Reliance in Human-AI Decision Making,2024,chi_2024.bib,True
10.1145/3613904.3642586,Exposed or Erased: Algorithmic Censorship of Nudity in Art,2024,chi_2024.bib,True
10.1145/3613904.3642780,Impact of Model Interpretability and Outcome Feedback on Trust in AI,2024,chi_2024.bib,True
10.1145/3613904.3642018,Trust in AI-assisted Decision Making: Perspectives from Those Behind the System and Those for Whom the Decision is Made,2024,chi_2024.bib,True
10.1145/3613904.3642157,Algorithmic Ways of Seeing: Using Object Detection to Facilitate Art Exploration,2024,chi_2024.bib,True
10.1145/3613904.3642731,Art or Artifice? Large Language Models and the False Promise of Creativity,2024,chi_2024.bib,True
10.1145/3613904.3642529,Authors' Values and Attitudes Towards AI-bridged Scalable Personalization of Creative Language Arts,2024,chi_2024.bib,True
10.1145/3613904.3642461,"Generative AI in Creative Practice: ML-Artist Folk Theories of T2I Use, Harm, and Harm-Reduction",2024,chi_2024.bib,True
10.1145/3613904.3642413,"""Voices Help Correlate Signs and Words"": Analyzing Deaf and Hard-of-Hearing (DHH) TikTokers’ Content, Practices, and Pitfalls",2024,chi_2024.bib,True
10.1145/3613904.3642454,Audio Engineering by People Who Are deaf and Hard of Hearing: Balancing Confidence and Limitations,2024,chi_2024.bib,True
10.1145/3613904.3642953,"Communication, Collaboration, and Coordination in a Co-located Shared Augmented Reality Game: Perspectives From Deaf and Hard of Hearing People",2024,chi_2024.bib,True
10.1145/3613904.3642057,Look Once to Hear: Target Speech Hearing with Noisy Examples,2024,chi_2024.bib,True
10.1145/3613904.3642233,A Contextual Inquiry of People with Vision Impairments in Cooking,2024,chi_2024.bib,True
10.1145/3613904.3642213,"FetchAid: Making Parcel Lockers More Accessible to Blind and Low Vision People With Deep-learning Enhanced Touchscreen Guidance, Error-Recovery Mechanism, and AR-based Search Support",2024,chi_2024.bib,True
10.1145/3613904.3642816,Help Supporters: Exploring the Design Space of Assistive Technologies to Support Face-to-Face Help Between Blind and Sighted Strangers,2024,chi_2024.bib,True
10.1145/3613904.3642512,Towards Inclusive Source Code Readability Based on the Preferences of Programmers with Visual Impairments,2024,chi_2024.bib,True
10.1145/3613904.3642753,Visual Cues for Data Analysis Features Amplify Challenges for Blind Spreadsheet Users,2024,chi_2024.bib,True
10.1145/3613904.3642188,How Do Low-Vision Individuals Experience Information Visualization?,2024,chi_2024.bib,True
10.1145/3613904.3642227,Navigating Real-World Challenges: A Quadruped Robot Guiding System for Visually Impaired People in Diverse Environments,2024,chi_2024.bib,True
10.1145/3613904.3642222,TADA: Making Node-link Diagrams Accessible to Blind and Low-Vision People,2024,chi_2024.bib,True
10.1145/3613904.3641996,Umwelt: Accessible Structured Editing of Multi-Modal Data Representations,2024,chi_2024.bib,True
10.1145/3613904.3641970,“Customization is Key”: Reconfigurable Textual Tokens for Accessible Data Visualizations,2024,chi_2024.bib,True
10.1145/3613904.3642030,BubbleCam: Engaging Privacy in Remote Sighted Assistance,2024,chi_2024.bib,True
10.1145/3613904.3642525,Conveying Emotions through Shape-changing to Children with and without Visual Impairment,2024,chi_2024.bib,True
10.1145/3613904.3642203,Designing to Support Blind and Visually Impaired Older Adults in Managing the Invisible Labor of Social Participation: Opportunities and Challenges,2024,chi_2024.bib,True
10.1145/3613904.3642939,Unblind Text Inputs: Predicting Hint-text of Text Input in Mobile Apps via LLM,2024,chi_2024.bib,True
10.1145/3613904.3642940,“I Don't Really Get Involved In That Way”: Investigating Blind and Visually Impaired Individuals' Experiences of Joint Attention with Sighted People,2024,chi_2024.bib,True
10.1145/3613904.3642094,Assessment of Sign Language-Based versus Touch-Based Input for Deaf Users Interacting with Intelligent Personal Assistants,2024,chi_2024.bib,True
10.1145/3613904.3641988,How Users Experience Closed Captions on Live Television: Quality Metrics Remain a Challenge,2024,chi_2024.bib,True
10.1145/3613904.3642017,Towards Co-Creating Access and Inclusion: A Group Autoethnography on a Hearing Individual's Journey Towards Effective Communication in Mixed-Hearing Ability Higher Education Settings,2024,chi_2024.bib,True
10.1145/3613904.3642287,Towards Inclusive Video Commenting: Introducing Signmaku for the Deaf and Hard-of-Hearing,2024,chi_2024.bib,True
10.1145/3613904.3642162,Unspoken Sound: Identifying Trends in Non-Speech Audio Captioning on YouTube,2024,chi_2024.bib,True
10.1145/3613904.3642635,Barriers to Photosensitive Accessibility in Virtual Reality,2024,chi_2024.bib,True
10.1145/3613904.3642274,Beyond Repairing with Electronic Speech: Towards Embodied Communication and Assistive Technology,2024,chi_2024.bib,True
10.1145/3613904.3642884,Designing Upper-Body Gesture Interaction with and for People with Spinal Muscular Atrophy in VR,2024,chi_2024.bib,True
10.1145/3613904.3642189,People with Disabilities Redefining Identity through Robotic and Virtual Avatars: A Case Study in Avatar Robot Cafe,2024,chi_2024.bib,True
10.1145/3613904.3642378,“Can It Be Customized According to My Motor Abilities?”: Toward Designing User-Defined Head Gestures for People with Dystonia,2024,chi_2024.bib,True
10.1145/3613904.3642593,Collaborative School Mental Health System: Leveraging a Conversational Agent for Enhancing Children's Executive Function,2024,chi_2024.bib,True
10.1145/3613904.3642112,Discovering Accessible Data Visualizations for People with ADHD,2024,chi_2024.bib,True
10.1145/3613904.3643021,Examining the Use of VR as a Study Aid for University Students with ADHD,2024,chi_2024.bib,True
10.1145/3613904.3642357,Narrating Routines through Game Dynamics: Impact of a Gamified Routine Management App for Autistic Individuals,2024,chi_2024.bib,True
10.1145/3613904.3642210,An Emotion Translator: Speculative Design By Neurodiverse Dyads,2024,chi_2024.bib,True
10.1145/3613904.3642798,Are Robots Ready to Deliver Autism Inclusion?: A Critical Review,2024,chi_2024.bib,True
10.1145/3613904.3642960,Designing Scaffolding Strategies for Conversational Agents in Dialog Task of Neurocognitive Disorders Screening,2024,chi_2024.bib,True
10.1145/3613904.3642626,From Letterboards to Holograms: Advancing Assistive Technology for Nonspeaking Autistic Individuals with the HoloBoard,2024,chi_2024.bib,True
10.1145/3613904.3641989,Unlock Life with a Chat(GPT): Integrating Conversational AI with Large Language Models into Everyday Lives of Autistic Individuals,2024,chi_2024.bib,True
10.1145/3613904.3642197,Collaborative Job Seeking for People with Autism: Challenges and Design Opportunities,2024,chi_2024.bib,True
10.1145/3613904.3642424,Designing for Strengths: Opportunities to Support Neurodiversity in the Workplace,2024,chi_2024.bib,True
10.1145/3613904.3642567,Towards Digital Independence: Identifying the Tensions between Autistic Young Adults and Their Support Network When Mediating Social Media,2024,chi_2024.bib,True
10.1145/3613904.3642578,Understanding Online Job and Housing Search Practices of Neurodiverse Young Adults to Support Their Independence,2024,chi_2024.bib,True
10.1145/3613904.3642894,“It’s the only thing I can trust”: Envisioning Large Language Model Use by Autistic Workers for Communication Assistance,2024,chi_2024.bib,True
10.1145/3613904.3642666,Augmented Reality Cues Facilitate Task Resumption after Interruptions in Computer-Based and Physical Tasks,2024,chi_2024.bib,True
10.1145/3613904.3642540,Heads-Up Multitasker: Simulating Attention Switching On Optical Head-Mounted Displays,2024,chi_2024.bib,True
10.1145/3613904.3642256,Improving Attention Using Wearables via Haptic and Multimodal Rhythmic Stimuli,2024,chi_2024.bib,True
10.1145/3613904.3642629,SplitBody: Reducing Mental Workload while Multitasking via Muscle Stimulation,2024,chi_2024.bib,True
10.1145/3613904.3642063,Supporting Task Switching with Reinforcement Learning,2024,chi_2024.bib,True
10.1145/3613904.3642514,AudioXtend: Assisted Reality Visual Accompaniments for Audiobook Storytelling During Everyday Routine Tasks,2024,chi_2024.bib,True
10.1145/3613904.3642015,Augmented Reality at Zoo Exhibits: A Design Framework for Enhancing the Zoo Experience,2024,chi_2024.bib,True
10.1145/3613904.3642431,Comfortable Mobility vs. Attractive Scenery: The Key to Augmenting Narrative Worlds in Outdoor Locative Augmented Reality Storytelling,2024,chi_2024.bib,True
10.1145/3613904.3642819,Investigating the Design of Augmented Narrative Spaces Through Virtual-Real Connections: A Systematic Literature Review,2024,chi_2024.bib,True
10.1145/3613904.3642744,Jigsaw: Authoring Immersive Storytelling Experiences with Augmented Reality and Internet of Things,2024,chi_2024.bib,True
10.1145/3613904.3642029,"""It Must Be Gesturing Towards Me"": Gesture-Based Interaction between Autonomous Vehicles and Pedestrians",2024,chi_2024.bib,True
10.1145/3613904.3642118,Exploring the Impact of Interconnected External Interfaces in Autonomous Vehicles on Pedestrian Safety and Experience,2024,chi_2024.bib,True
10.1145/3613904.3642019,Light it Up: Evaluating Versatile Autonomous Vehicle-Cyclist External Human-Machine Interfaces,2024,chi_2024.bib,True
10.1145/3613904.3642031,Multi-Modal eHMIs: The Relative Impact of Light and Sound in AV-Pedestrian Interaction,2024,chi_2024.bib,True
10.1145/3613904.3642648,One Size Does Not Fit All: Designing and Evaluating Criticality-Adaptive Displays in Highly Automated Vehicles,2024,chi_2024.bib,True
10.1145/3613904.3642651,SoniWeight Shoes: Investigating Effects and Personalization of a Wearable Sound Device for Altering Body Perception and Behavior,2024,chi_2024.bib,True
10.1145/3613904.3642807,Charting the Future of AI in Project-Based Learning: A Co-Design Exploration with Students,2024,chi_2024.bib,True
10.1145/3613904.3642660,How Culture Shapes What People Want From AI,2024,chi_2024.bib,True
10.1145/3613904.3642538,MindTalker: Navigating the Complexities of AI-Enhanced Social Engagement for People with Early-Stage Dementia,2024,chi_2024.bib,True
10.1145/3613904.3641887,Older Adults Imagining Future Technologies in Participatory Design Workshops: Supporting Continuity in the Pursuit of Meaningful Activities,2024,chi_2024.bib,True
10.1145/3613904.3642619,Socio-technical Imaginaries: Envisioning and Understanding AI Parenting Supports through Design Fiction,2024,chi_2024.bib,True
10.1145/3613904.3642741,"Process, Roles, Tools, and Team: Understanding the Emerging Medium of Virtual Reality Theatre",2024,chi_2024.bib,True
10.1145/3613904.3642425,ShareYourReality: Investigating Haptic Feedback and Agency in Virtual Avatar Co-embodiment,2024,chi_2024.bib,True
10.1145/3613904.3641927,TimeTunnel: Integrating Spatial and Temporal Motion Editing for Character Animation in Virtual Reality,2024,chi_2024.bib,True
10.1145/3613904.3642691,Critiquing Menstrual Pain Technologies through the Lens of Feminist Disability Studies,2024,chi_2024.bib,True
10.1145/3613904.3642021,Enhancing Auto-Generated Baseball Highlights via Win Probability and Bias Injection Method,2024,chi_2024.bib,True
10.1145/3613904.3642716,Sensible and Sensitive AI for Worker Wellbeing: Factors that Inform Adoption and Resistance for Information Workers,2024,chi_2024.bib,True
10.1145/3613904.3642724,Thrown from Normative Ground: Exploring the Potential of Disorientation as a Critical Methodological Strategy in HCI,2024,chi_2024.bib,True
10.1145/3613904.3641937,Understanding the Effect of Reflective Iteration on Individuals’ Physical Activity Planning,2024,chi_2024.bib,True
10.1145/3613904.3642707,"""I Shot the Interviewer!"": The Effects of In-VR Interviews on Participant Feedback and Rapport",2024,chi_2024.bib,True
10.1145/3613904.3642511,CamTroller: An Auxiliary Tool for Controlling Your Avatar in PC Games Using Natural Motion Mapping,2024,chi_2024.bib,True
10.1145/3613904.3642268,Stretch your reach: Studying Self-Avatar and Controller Misalignment in Virtual Reality Interaction,2024,chi_2024.bib,True
10.1145/3613904.3642328,Virtual Body Swapping: A VR-Based Approach to Embodied Third-Person Self-Processing in Mind-Body Therapy,2024,chi_2024.bib,True
10.1145/3613904.3642568,Your Avatar Seems Hesitant to Share About Yourself: How People Perceive Others' Avatars in the Transparent System,2024,chi_2024.bib,True
10.1145/3613904.3642885,"""I Know I'm Being Observed:"" Video Interventions to Educate Users about Targeted Advertising on Facebook",2024,chi_2024.bib,True
10.1145/3613904.3642144,"""Pikachu would electrocute people who are misbehaving"": Expert, Guardian and Child Perspectives on Automated Embodied Moderators for Safeguarding Children in Social Virtual Reality",2024,chi_2024.bib,True
10.1145/3613904.3642447,Sharenting on TikTok: Exploring Parental Sharing Behaviors and the Discourse Around Children’s Online Privacy,2024,chi_2024.bib,True
10.1145/3613904.3642315,Systemization of Knowledge (SoK): Creating a Research Agenda for Human-Centered Real-Time Risk Detection on Social Media Platforms,2024,chi_2024.bib,True
10.1145/3613904.3642313,Tricky vs. Transparent: Towards an Ecologically Valid and Safe Approach for Evaluating Online Safety Nudges for Teens,2024,chi_2024.bib,True
10.1145/3613904.3642492,"""I want it to talk like Darth Vader"": Helping Children Construct Creative Self-Efficacy with Generative AI",2024,chi_2024.bib,True
10.1145/3613904.3642852,"""When He Feels Cold, He Goes to the Seahorse""—Blending Generative AI into Multimaterial Storymaking for Family Expressive Arts Therapy",2024,chi_2024.bib,True
10.1145/3613904.3641923,LegacySphere: Facilitating Intergenerational Communication Through Perspective-Taking and Storytelling in Embodied VR,2024,chi_2024.bib,True
10.1145/3613904.3642580,Open Sesame? Open Salami! Personalizing Vocabulary Assessment-Intervention for Children via Pervasive Profiling and Bespoke Storybook Generation,2024,chi_2024.bib,True
10.1145/3613904.3642307,Parent-Child Joint Media Engagement Within HCI: A Scoping Analysis of the Research Landscape,2024,chi_2024.bib,True
10.1145/3613904.3642806,"""It's Not a Replacement:"" Enabling Parent-Robot Collaboration to Support In-Home Learning Experiences of Young Children",2024,chi_2024.bib,True
10.1145/3613904.3642745,Co-Designing Situated Displays for Family Co-Regulation with ADHD Children,2024,chi_2024.bib,True
10.1145/3613904.3642763,Cuddling Up With a Print-Braille Book: How Intimacy and Access Shape Parents' Reading Practices with Children,2024,chi_2024.bib,True
10.1145/3613904.3642334,Creating Safe Places: Understanding the Lived Experiences of Families Managing Cystic Fibrosis in Young Children,2024,chi_2024.bib,True
10.1145/3613904.3642435,GlucoMaker: Enabling Collaborative Customization of Glucose Monitors,2024,chi_2024.bib,True
10.1145/3613904.3642553,"Good Days, Bad Days: Understanding the Trajectories of Technology Use During Chronic Fatigue Syndrome",2024,chi_2024.bib,True
10.1145/3613904.3642075,MigraineTracker: Examining Patient Experiences with Goal-Directed Self-Tracking for a Chronic Health Condition,2024,chi_2024.bib,True
10.1145/3613904.3642827,"Charting the COVID Long Haul Experience - A Longitudinal Exploration of Symptoms, Activity, and Clinical Adherence",2024,chi_2024.bib,True
10.1145/3613904.3642618,Co-designing Customizable Clinical Dashboards with Multidisciplinary Teams: Bridging the Gap in Chronic Disease Care,2024,chi_2024.bib,True
10.1145/3613904.3642184,Designing online peer support for parents of adolescents at risk of mental health challenges,2024,chi_2024.bib,True
10.1145/3613904.3642882,Platforming PCOS Treatment Online: FemTech Logics of Care,2024,chi_2024.bib,True
10.1145/3613904.3642234,"""It's like a glimpse into the future"": Exploring the Role of Blood Glucose Prediction Technologies for Type 1 Diabetes Self-Management",2024,chi_2024.bib,True
10.1145/3613904.3642245,HIV Client Perspectives on Digital Health in Malawi,2024,chi_2024.bib,True
10.1145/3613904.3642344,Shared Responsibility in Collaborative Tracking for Children with Type 1 Diabetes and their Parents,2024,chi_2024.bib,True
10.1145/3613904.3642701,“I think it saved me. I think it saved my heart”: The Complex Journey From Self-Tracking With Wearables To Diagnosis,2024,chi_2024.bib,True
10.1145/3613904.3642612,"“Obviously, Nothing's Gonna Happen in Five Minutes”: How Adolescents and Young Adults Infrastructure Resources to Learn Type 1 Diabetes Management",2024,chi_2024.bib,True
10.1145/3613904.3642239,Ivie: Lightweight Anchored Explanations of Just-Generated Code,2024,chi_2024.bib,True
10.1145/3613904.3642377,Learning Agent-based Modeling with LLM Companions: Experiences of Novices and Experts Using ChatGPT & NetLogo Chat,2024,chi_2024.bib,True
10.1145/3613904.3641936,Reading Between the Lines: Modeling User Behavior and Costs in AI-Assisted Programming,2024,chi_2024.bib,True
10.1145/3613904.3642495,Validating AI-Generated Code with Live Programming,2024,chi_2024.bib,True
10.1145/3613904.3642265,Color Maker: a Mixed-Initiative Approach to Creating Accessible Color Maps,2024,chi_2024.bib,True
10.1145/3613904.3642223,Exploring Interactive Color Palettes for Abstraction-Driven Exploratory Image Colorization,2024,chi_2024.bib,True
10.1145/3613904.3641976,"Palette, Purpose, Prototype: The Three Ps of Color Design and How Designers Navigate Them",2024,chi_2024.bib,True
10.1145/3613904.3642711,Piet: Facilitating Color Authoring for Motion Graphics Video,2024,chi_2024.bib,True
10.1145/3613904.3642544,Investigating the Potential of Group Recommendation Systems As a Medium of Social Interactions: A Case of Spotify Blend Experiences between Two Users,2024,chi_2024.bib,True
10.1145/3613904.3642241,Mitigating Barriers to Public Social Interaction with Meronymous Communication,2024,chi_2024.bib,True
10.1145/3613904.3642427,Understanding Entrainment in Human Groups: Optimising Human-Robot Collaboration from Lessons Learned during Human-Human Collaboration,2024,chi_2024.bib,True
10.1145/3613904.3642739,Apple's Knowledge Navigator: Why Doesn't that Conversational Agent Exist Yet?,2024,chi_2024.bib,True
10.1145/3613904.3642007,Towards Designing a Question-Answering Chatbot for Online News: Understanding Questions and Perspectives,2024,chi_2024.bib,True
10.1145/3613904.3642840,Understanding Public Perceptions of AI Conversational Agents: A Cross-Cultural Analysis,2024,chi_2024.bib,True
10.1145/3613904.3642385,"“It's a Fair Game”, or Is It? Examining How Users Navigate Disclosure Risks and Benefits When Using LLM-Based Conversational Agents",2024,chi_2024.bib,True
10.1145/3613904.3642129,ContextCam: Bridging Context Awareness with Creative Human-AI Image Co-Creation,2024,chi_2024.bib,True
10.1145/3613904.3642128,InkBrush: A Sketching Tool for 3D Ink Painting,2024,chi_2024.bib,True
10.1145/3613904.3642865,OutlineSpark: Igniting AI-powered Presentation Slides Creation from Computational Notebooks through Outlines,2024,chi_2024.bib,True
10.1145/3613904.3642858,Prompting for Discovery: Flexible Sense-Making for AI Art-Making with Dreamsheets,2024,chi_2024.bib,True
10.1145/3613904.3642443,TutoAI: a cross-domain framework for AI-assisted mixed-media tutorial creation on physical tasks,2024,chi_2024.bib,True
10.1145/3613904.3642173,#PoetsOfInstagram: Navigating The Practices And Challenges Of Novice Poets On Instagram,2024,chi_2024.bib,True
10.1145/3613904.3642758,An Artists' Perspectives on Natural Interactions for Virtual Reality 3D Sketching,2024,chi_2024.bib,True
10.1145/3613904.3642575,CollageVis: Rapid Previsualization Tool for Indie Filmmaking using Video Collages,2024,chi_2024.bib,True
10.1145/3613904.3642855,Machine Learning Processes As Sources of Ambiguity: Insights from AI Art,2024,chi_2024.bib,True
10.1145/3613904.3642410,"Metamorpheus: Interactive, Affective, and Creative Dream Narration Through Metaphorical Visual Storytelling",2024,chi_2024.bib,True
10.1145/3613904.3642908,Fashioning Creative Expertise with Generative AI: Graphical Interfaces for Design Space Exploration Better Support Ideation Than Text Prompts,2024,chi_2024.bib,True
10.1145/3613904.3642824,PlantoGraphy: Incorporating Iterative Design Process into Generative Artificial Intelligence for Landscape Rendering,2024,chi_2024.bib,True
10.1145/3613904.3642868,ReelFramer: Human-AI Co-Creation for News-to-Video Translation,2024,chi_2024.bib,True
10.1145/3613904.3642812,Understanding Nonlinear Collaboration between Human and AI Agents: A Co-design Framework for Creative Design,2024,chi_2024.bib,True
10.1145/3613904.3642476,"Unlocking Creator-AI Synergy: Challenges, Requirements, and Design Opportunities in AI-Powered Short-Form Video Production",2024,chi_2024.bib,True
10.1145/3613904.3642224,C2Ideas: Supporting Creative Interior Color Design Ideation with a Large Language Model,2024,chi_2024.bib,True
10.1145/3613904.3641889,"Is Resistance Futile?: Early Career Game Developers, Generative AI, and Ethical Skepticism",2024,chi_2024.bib,True
10.1145/3613904.3642440,LumiMood: A Creativity Support Tool for Designing the Mood of a 3D Scene,2024,chi_2024.bib,True
10.1145/3613904.3642185,TypeDance: Creating Semantic Typographic Logos from Image through Personalized Generation,2024,chi_2024.bib,True
10.1145/3613904.3642133,When Teams Embrace AI: Human Collaboration Strategies in Generative Prompting in a Creative Design Task,2024,chi_2024.bib,True
10.1145/3613904.3642792,"An Accessible, Three-Axis Plotter for Enhancing Calligraphy Learning through Generated Motion",2024,chi_2024.bib,True
10.1145/3613904.3641947,EyeGuide & EyeConGuide: Gaze-based Visual Guides to Improve 3D Sketching Systems,2024,chi_2024.bib,True
10.1145/3613904.3642653,Formulating or Fixating: Effects of Examples on Problem Solving Vary as a Function of Example Presentation Interface Design,2024,chi_2024.bib,True
10.1145/3613904.3642847,GenQuery: Supporting Expressive Visual Search with Generative Models,2024,chi_2024.bib,True
10.1145/3613904.3642498,Inkeraction: An Interaction Modality Powered by Ink Recognition and Synthesis,2024,chi_2024.bib,True
10.1145/3613904.3642165,IntentTuner: An Interactive Framework for Integrating Human Intentions in Fine-tuning Text-to-Image Generative Models,2024,chi_2024.bib,True
10.1145/3613904.3642861,Is It AI or Is It Me? Understanding Users’ Prompt Journey with Text-to-Image Generative AI Tools,2024,chi_2024.bib,True
10.1145/3613904.3642391,Personalizing Products with Stylized Head Portraits for Self-Expression,2024,chi_2024.bib,True
10.1145/3613904.3642803,PromptCharm: Text-to-Image Generation through Multi-modal Prompting and Refinement,2024,chi_2024.bib,True
10.1145/3613904.3642415,Table Illustrator: Puzzle-based interactive authoring of plain tables,2024,chi_2024.bib,True
10.1145/3613904.3641912,Choosing the Right Reality: A Comparative Analysis of Tangibility in Immersive Trauma Simulations,2024,chi_2024.bib,True
10.1145/3613904.3642646,Comparison of Spatial Visualization Techniques for Radiation in Augmented Reality,2024,chi_2024.bib,True
10.1145/3613904.3642195,Exploring the Design Space of Optical See-through AR Head-Mounted Displays to Support First Responders in the Field,2024,chi_2024.bib,True
10.1145/3613904.3642634,Agency Aspirations: Understanding Users' Preferences And Perceptions Of Their Role In Personalised News Curation,2024,chi_2024.bib,True
10.1145/3613904.3642204,Bystanders of Online Moderation: Examining the Effects of Witnessing Post-Removal Explanations,2024,chi_2024.bib,True
10.1145/3613904.3642675,Community Begins Where Moderation Ends: Peer Support and Its Implications for Community-Based Rehabilitation,2024,chi_2024.bib,True
10.1145/3613904.3642276,A Human Information Processing Theory of the Interpretation of Visualizations: Demonstrating Its Utility,2024,chi_2024.bib,True
10.1145/3613904.3643022,Data Storytelling in Data Visualisation: Does it Enhance the Efficiency and Effectiveness of Information Retrieval and Insights Comprehension?,2024,chi_2024.bib,True
10.1145/3613904.3642049,Make Interaction Situated: Designing User Acceptable Interaction for Situated Visualization in Public Environments,2024,chi_2024.bib,True
10.1145/3613904.3642760,Reading Between the Pixels: Investigating the Barriers to Visualization Literacy,2024,chi_2024.bib,True
10.1145/3613904.3642237,VAID: Indexing View Designs in Visual Analytics System,2024,chi_2024.bib,True
10.1145/3613904.3642448,"""Yeah, this graph doesn't show that"": Analysis of Online Engagement with Misleading Data Visualizations",2024,chi_2024.bib,True
10.1145/3613904.3642172,Epigraphics: Message-Driven Infographics Authoring,2024,chi_2024.bib,True
10.1145/3613904.3642248,From Exploration to End of Life: Unpacking Sustainability in Physicalization Practices,2024,chi_2024.bib,True
10.1145/3613904.3642286,StableLev: Data-Driven Stability Enhancement for Multi-Particle Acoustic Levitation,2024,chi_2024.bib,True
10.1145/3613904.3641900,That's Rough! Encoding Data into Roughness for Physicalization,2024,chi_2024.bib,True
10.1145/3613904.3642813,Do You See What I See? A Qualitative Study Eliciting High-Level Visualization Comprehension,2024,chi_2024.bib,True
10.1145/3613904.3642127,Effects of Point Size and Opacity Adjustments in Scatterplots,2024,chi_2024.bib,True
10.1145/3613904.3641959,Spatial Audio-Enhanced Multimodal Graph Rendering for Efficient Data Trend Learning on Touchscreen Devices,2024,chi_2024.bib,True
10.1145/3613904.3642102,To Cut or Not To Cut? A Systematic Exploration of Y-Axis Truncation,2024,chi_2024.bib,True
10.1145/3613904.3642857,VisTorch: Interacting with Situated Visualizations using Handheld Projectors,2024,chi_2024.bib,True
10.1145/3613904.3642740,Data Cubes in Hand: A Design Space of Tangible Cubes for Visualizing 3D Spatio-Temporal Data in Mixed Reality,2024,chi_2024.bib,True
10.1145/3613904.3642001,DeepSee: Multidimensional Visualizations of Seabed Ecosystems,2024,chi_2024.bib,True
10.1145/3613904.3642730,MAIDR: Making Statistical Visualizations Accessible with Multimodal Data Representation,2024,chi_2024.bib,True
10.1145/3613904.3642944,SalienTime: User-driven Selection of Salient Time Steps for Large-Scale Geospatial Data Visualization,2024,chi_2024.bib,True
10.1145/3613904.3642132,"Understanding Reader Takeaways in Thematic Maps Under Varying Text, Detail, and Spatial Autocorrelation",2024,chi_2024.bib,True
10.1145/3613904.3642556,Design Opportunities for Care Transitions in Dementia: Understanding Informal Caregivers’ Experiences Through a Practice-Informed Approach,2024,chi_2024.bib,True
10.1145/3613904.3642190,Evolving Presentation of Self: The Influence of Dementia Communication Challenges on Everyday Interactions,2024,chi_2024.bib,True
10.1145/3613904.3642308,Family Caregiver Experiences of Using a Mobile App for Music-based Training to Support Dementia Care,2024,chi_2024.bib,True
10.1145/3613904.3642783,Mnemosyne - Supporting Reminiscence for Individuals with Dementia in Residential Care Settings,2024,chi_2024.bib,True
10.1145/3613904.3642250,"""I Am So Overwhelmed I Don't Know Where to Begin!"" Towards Developing Relationship-Based and Values-Based End-of-Life Data Planning Approaches",2024,chi_2024.bib,True
10.1145/3613904.3641953,A Living Framework for Understanding Cooperative Games,2024,chi_2024.bib,True
10.1145/3613904.3642886,"Demystifying Tacit Knowledge in Graphic Design: Characteristics, Instances, Approaches, and Guidelines",2024,chi_2024.bib,True
10.1145/3613904.3642609,"Imagining Sustainable Energy Communities: Design Narratives of Future Digital Technologies, Sites, and Participation",2024,chi_2024.bib,True
10.1145/3613904.3642560,A temporal vocabulary of Design Events for Research through Design,2024,chi_2024.bib,True
10.1145/3613904.3642052,Grand challenges in WaterHCI,2024,chi_2024.bib,True
10.1145/3613904.3642283,KOALA Hero Toolkit: A New Approach to Inform Families of Mobile Datafication Risks,2024,chi_2024.bib,True
10.1145/3613904.3642409,Strategies of Product Managers: Negotiating Social Values in Digital Product Design,2024,chi_2024.bib,True
10.1145/3613904.3642458,"VideoClipper: Rapid Prototyping with the ""Editing-in-the-Camera"" Method",2024,chi_2024.bib,True
10.1145/3613904.3642090,AdapTics: A Toolkit for Creative Design and Integration of Real-Time Adaptive Mid-Air Ultrasound Tactons,2024,chi_2024.bib,True
10.1145/3613904.3642673,Bitacora: A Toolkit for Supporting NonProfits to Critically Reflect on Social Media Data Use,2024,chi_2024.bib,True
10.1145/3613904.3641916,Design Patterns for Data-Driven News Articles,2024,chi_2024.bib,True
10.1145/3613904.3642681,From Concept to Community: Unpacking the Work of Designing Educational and Activist Toolkits,2024,chi_2024.bib,True
10.1145/3613904.3642121,Griffith: A Storyboarding Tool Designed with Japanese Animation Professionals,2024,chi_2024.bib,True
10.1145/3613904.3642363,"An Empathy-Based Sandbox Approach to Bridge the Privacy Gap among Attitudes, Goals, Knowledge, and Behaviors",2024,chi_2024.bib,True
10.1145/3613904.3642713,Designing Accessible Obfuscation Support for Blind Individuals’ Visual Privacy Management,2024,chi_2024.bib,True
10.1145/3613904.3642872,Encoding Privacy: Sociotechnical Dynamics of Data Protection Compliance Work,2024,chi_2024.bib,True
10.1145/3613904.3642594,Redesigning Privacy with User Feedback: The Case of Zoom Attendee Attention Tracking,2024,chi_2024.bib,True
10.1145/3613904.3641961,"A case for ""little English"" in Nurse Notes from the Telehealth Intervention Program for Seniors: Implications for Future Design and Research",2024,chi_2024.bib,True
10.1145/3613904.3642161,Leveraging Implementation Science in Human-Centred Design for Digital Health,2024,chi_2024.bib,True
10.1145/3613904.3642630,Promoting Engagement in Remote Patient Monitoring Using Asynchronous Messaging,2024,chi_2024.bib,True
10.1145/3613904.3642912,To Reach the Unreachable: Exploring the Potential of VR Hand Redirection for Upper Limb Rehabilitation,2024,chi_2024.bib,True
10.1145/3613904.3642370,A Longitudinal In-the-Wild Investigation of Design Frictions to Prevent Smartphone Overuse,2024,chi_2024.bib,True
10.1145/3613904.3642505,Attention Receipts: Utilizing the Materiality of Receipts to Improve Screen-time Reflection on YouTube,2024,chi_2024.bib,True
10.1145/3613904.3642317,InteractOut: Leveraging Interaction Proxies as Input Manipulation Strategies for Reducing Smartphone Overuse,2024,chi_2024.bib,True
10.1145/3613904.3642583,Real-World Winds: Micro Challenges to Promote Balance Post Smartphone Overload,2024,chi_2024.bib,True
10.1145/3613904.3642479,StayFocused: Examining the Effects of Reflective Prompts and Chatbot Support on Compulsive Smartphone Use,2024,chi_2024.bib,True
10.1145/3613904.3642790,MindShift: Leveraging Large Language Models for Mental-States-Based Problematic Smartphone Use Intervention,2024,chi_2024.bib,True
10.1145/3613904.3641979,Navigating User-System Gaps: Understanding User-Interactions in User-Centric Context-Aware Systems for Digital Well-being Intervention,2024,chi_2024.bib,True
10.1145/3613904.3642747,Time2Stop: Adaptive and Explainable Human-AI Loop for Smartphone Overuse Intervention,2024,chi_2024.bib,True
10.1145/3613904.3642946,“I finally felt I had the tools to control these urges”: Empowering Students to Achieve Their Device Use Goals With the Reduce Digital Distraction Workshop,2024,chi_2024.bib,True
10.1145/3613904.3642820,“You Can Find a Part of my Life in Every Single App”: An Interview Study of What Makes Smartphone Applications Special to Their Users,2024,chi_2024.bib,True
10.1145/3613904.3642876,AdaptiveVoice: Cognitively Adaptive Voice Interface for Driving Assistance,2024,chi_2024.bib,True
10.1145/3613904.3642300,Can You Hazard a Guess?: Evaluating the Effect of Augmented Reality Cues on Driver Hazard Prediction,2024,chi_2024.bib,True
10.1145/3613904.3641997,Inter-regional Lens on the Privacy Preferences of Drivers for ITS and Future VANETs,2024,chi_2024.bib,True
10.1145/3613904.3642341,Portobello: Extending Driving Simulation from the Lab to the Road,2024,chi_2024.bib,True
10.1145/3613904.3642941,SYNC-VR: Synchronizing Your Senses to Conquer Motion Sickness for Enriching In-Vehicle Virtual Reality,2024,chi_2024.bib,True
10.1145/3613904.3642219,An Eye Gaze Heatmap Analysis of Uncertainty Head-Up Display Designs for Conditional Automated Driving,2024,chi_2024.bib,True
10.1145/3613904.3642298,From Slow-Mo to Ludicrous Speed: Comfortably Manipulating the Perception of Linear In-Car VR Motion Through Vehicular Translational Gain and Attenuation,2024,chi_2024.bib,True
10.1145/3613904.3642365,Investigating the Effects of External Communication and Platoon Behavior on Manual Drivers at Highway Access,2024,chi_2024.bib,True
10.1145/3613904.3642053,Understanding Human-machine Cooperation in Game-theoretical Driving Scenarios amid Mixed Traffic,2024,chi_2024.bib,True
10.1145/3613904.3642896,Understanding Pedestrians’ Perception of Safety and Safe Mobility Practices,2024,chi_2024.bib,True
10.1145/3613904.3642345,Dances with Drones: Spatial Matching and Perceived Agency in Improvised Movements with Drone and Human Partners,2024,chi_2024.bib,True
10.1145/3613904.3642791,Exploring Intended Functions of Indoor Flying Robots Interacting With Humans in Proximity,2024,chi_2024.bib,True
10.1145/3613904.3642061,Firefighters' Perceptions on Collaboration and Interaction with Autonomous Drones: Results of a Field Trial,2024,chi_2024.bib,True
10.1145/3613904.3642958,HIFuzz: Human Interaction Fuzzing for Small Unmanned Aerial Vehicles,2024,chi_2024.bib,True
10.1145/3613904.3642870,Swarm Body: Embodied Swarm Robots,2024,chi_2024.bib,True
10.1145/3613904.3642607,From Primary Education to Premium Workforce: Drawing on K-12 Approaches for Developing AI Literacy,2024,chi_2024.bib,True
10.1145/3613904.3642592,More than Model Documentation: Uncovering Teachers' Bespoke Information Needs for Informed Classroom Integration of ChatGPT,2024,chi_2024.bib,True
10.1145/3613904.3642198,Teaching artificial intelligence in extracurricular contexts through narrative-based learnersourcing,2024,chi_2024.bib,True
10.1145/3613904.3642785,"The Promise and Peril of ChatGPT in Higher Education: Opportunities, Challenges, and Design Implications",2024,chi_2024.bib,True
10.1145/3613904.3642539,ml-machine.org: Infrastructuring a Research Product to Disseminate AI Literacy in Education,2024,chi_2024.bib,True
10.1145/3613904.3642692,Exploring AI Problem Formulation with Children via Teachable Machines,2024,chi_2024.bib,True
10.1145/3613904.3642647,Mathemyths: Leveraging Large Language Models to Teach Mathematical Language through Child-AI Co-Creative Storytelling,2024,chi_2024.bib,True
10.1145/3613904.3642041,"Scientific and Fantastical: Creating Immersive, Culturally Relevant Learning Experiences with Augmented Reality and Large Language Models",2024,chi_2024.bib,True
10.1145/3613904.3642332,"Testing, Socializing, Exploring: Characterizing Middle Schoolers’ Approaches to and Conceptions of ChatGPT",2024,chi_2024.bib,True
10.1145/3613904.3642867,VIVID: Human-AI Collaborative Authoring of Vicarious Dialogues from Lecture Videos,2024,chi_2024.bib,True
10.1145/3613904.3642695,Digital Knick-Knacks: Standalone Audiovisual Digital Possessions or Embellishments in Digital Environments,2024,chi_2024.bib,True
10.1145/3613904.3642101,EmoWear: Exploring Emotional Teasers for Voice Message Interaction on Smartwatches,2024,chi_2024.bib,True
10.1145/3613904.3642445,Investigating the Effects of Self-selected Pleasant Scents on Text Composition and Transcription Performance,2024,chi_2024.bib,True
10.1145/3613904.3642850,Eternagram: Probing Player Attitudes Towards Climate Change Using a ChatGPT-driven Text-based Adventure,2024,chi_2024.bib,True
10.1145/3613904.3642957,Promoting Eco-Friendly Behaviour through Virtual Reality - Implementation and Evaluation of Immersive Feedback Conditions of a Virtual CO2 Calculator,2024,chi_2024.bib,True
10.1145/3613904.3642720,Technical Mentality: Principles for HCI Research and Practice,2024,chi_2024.bib,True
10.1145/3613904.3642712,Exploring the Association between Moral Foundations and Judgements of AI Behaviour,2024,chi_2024.bib,True
10.1145/3613904.3642627,Fair Machine Guidance to Enhance Fair Decision Making in Biased People,2024,chi_2024.bib,True
10.1145/3613904.3642703,The Illusion of Artificial Inclusion,2024,chi_2024.bib,True
10.1145/3613904.3642403,Which Artificial Intelligences Do People Care About Most? A Conjoint Experiment on Moral Consideration,2024,chi_2024.bib,True
10.1145/3613904.3642436,"An Ontology of Dark Patterns Knowledge: Foundations, Definitions, and a Pathway for Shared Knowledge-Building",2024,chi_2024.bib,True
10.1145/3613904.3642054,BLIP: Facilitating the Exploration of Undesirable Consequences of Digital Technologies,2024,chi_2024.bib,True
10.1145/3613904.3642781,Beyond Dark Patterns: A Concept-Based Framework for Ethical Software Design,2024,chi_2024.bib,True
10.1145/3613904.3642111,STILE: Exploring and Debugging Social Biases in Pre-trained Text Representations,2024,chi_2024.bib,True
10.1145/3613904.3642398,A Scoping Study of Evaluation Practices for Responsible AI Tools: Steps Towards Effectiveness Evaluations,2024,chi_2024.bib,True
10.1145/3613904.3642302,"Building an Ethics-Focused Action Plan: Roles, Process Moves, and Trajectories",2024,chi_2024.bib,True
10.1145/3613904.3642661,Fighting Malicious Designs: Towards Visual Countermeasures Against Dark Patterns,2024,chi_2024.bib,True
10.1145/3613904.3641945,Searching for the Non-Consequential: Dialectical Activities in HCI and the Limits of Computers,2024,chi_2024.bib,True
10.1145/3613904.3642881,Staying at the Roach Motel: Cross-Country Analysis of Manipulative Subscription and Cancellation Flows,2024,chi_2024.bib,True
10.1145/3613904.3642633,"""AI enhances our performance, I have no doubt this one will do the same"": The Placebo effect is robust to negative descriptions of AI",2024,chi_2024.bib,True
10.1145/3613904.3642564,An Evaluation of Situational Autonomy for Human-AI Collaboration in a Shared Workspace Setting,2024,chi_2024.bib,True
10.1145/3613904.3642738,Are We Asking the Right Questions?: Designing for Community Stakeholders’ Interactions with AI in Policing,2024,chi_2024.bib,True
10.1145/3613904.3642446,Evaluating the Utility of Conformal Prediction Sets for AI-Advised Image Labeling,2024,chi_2024.bib,True
10.1145/3613904.3641960,Human-LLM Collaborative Annotation Through Effective Verification of LLM Labels,2024,chi_2024.bib,True
10.1145/3613904.3642016,ChainForge: A Visual Toolkit for Prompt Engineering and LLM Hypothesis Testing,2024,chi_2024.bib,True
10.1145/3613904.3642472,"CloChat: Understanding How People Customize, Interact, and Experience Personas in Large Language Models",2024,chi_2024.bib,True
10.1145/3613904.3642216,EvalLM: Interactive Evaluation of Large Language Model Prompts on User-Defined Criteria,2024,chi_2024.bib,True
10.1145/3613904.3642542,Listening to the Voices: Describing Ethical Caveats of Conversational User Interfaces According to Experts and Frequent Users,2024,chi_2024.bib,True
10.1145/3613904.3642124,"Born to Run, Programmed to Play: Mapping the Extended Reality Exergames Landscape",2024,chi_2024.bib,True
10.1145/3613904.3642936,Enhancing Home Exercise Experiences with Video Motion-Tracking for Automatic Display Height Adjustment,2024,chi_2024.bib,True
10.1145/3613904.3641897,Exploring Opportunities for Augmenting Homes to Support Exercising,2024,chi_2024.bib,True
10.1145/3613904.3642050,Grand Challenges in SportsHCI,2024,chi_2024.bib,True
10.1145/3613904.3642051,Is it just a score? Understanding Training Load Management Practices Beyond Sports Tracking,2024,chi_2024.bib,True
10.1145/3613904.3642106,EXMOS: Explanatory Model Steering through Multifaceted Explanations and Data Configurations,2024,chi_2024.bib,True
10.1145/3613904.3642689,Incremental XAI: Memorable Understanding of AI with Incremental Explanations,2024,chi_2024.bib,True
10.1145/3613904.3642474,The Who in XAI: How AI Background Shapes Perceptions of AI Explanations,2024,chi_2024.bib,True
10.1145/3613904.3642352,User Characteristics in Explainable AI: The Rabbit Hole of Personalization?,2024,chi_2024.bib,True
10.1145/3613904.3642535,"Why the Fine, AI? The Effect of Explanation Level on Citizens' Fairness Perception of AI-based Discretion in Public Administrations",2024,chi_2024.bib,False
10.1145/3613904.3642613,EyeEcho: Continuous and Low-power Facial Expression Tracking on Glasses,2024,chi_2024.bib,True
10.1145/3613904.3642348,MELDER: The Design and Evaluation of a Real-time Silent Speech Recognizer for Mobile Devices,2024,chi_2024.bib,True
10.1145/3613904.3642095,ReHEarSSE: Recognizing Hidden-in-the-Ear Silently Spelled Expressions,2024,chi_2024.bib,True
10.1145/3613904.3642086,Uncovering and Addressing Blink-Related Challenges in Using Eye Tracking for Interactive Systems,2024,chi_2024.bib,True
10.1145/3613904.3642092,Watch Your Mouth: Silent Speech Recognition with Depth Sensing,2024,chi_2024.bib,True
10.1145/3613904.3642949,ConeAct: A Multistable Actuator for Dynamic Materials,2024,chi_2024.bib,True
10.1145/3613904.3642802,Reconfigurable Interfaces by Shape Change and Embedded Magnets,2024,chi_2024.bib,True
10.1145/3613904.3642891,Robotic Metamaterials: A Modular System for Hands-On Configuration of Ad-Hoc Dynamic Applications,2024,chi_2024.bib,True
10.1145/3613904.3641958,TensionFab: Fabrication of Room-scale Surface Structures From the Tension-Active Form of Planar Modules,2024,chi_2024.bib,True
10.1145/3613904.3642243,DungeonMaker: Embedding Tangible Creation and Destruction in Hybrid Board Games through Personal Fabrication Technology,2024,chi_2024.bib,True
10.1145/3613904.3642734,"MoiréWidgets: High-Precision, Passive Tangible Interfaces via Moiré Effect",2024,chi_2024.bib,True
10.1145/3613904.3642571,PaperTouch: Tangible Interfaces through Paper Craft and Touchscreen Devices,2024,chi_2024.bib,True
10.1145/3613904.3641952,"Squishy, Yet Satisfying: Exploring Deformable Shapes' Cross-Modal Correspondences with Colours and Emotions",2024,chi_2024.bib,True
10.1145/3613904.3642304,WooDowel: Electrode Isolation for Electromagnetic Shielding in Triboelectric Plywood Sensors,2024,chi_2024.bib,True
10.1145/3613904.3642708,DisplayFab: The State of the Art and a Roadmap in the Personal Fabrication of Free-Form Displays Using Active Materials and Additive Manufacturing.,2024,chi_2024.bib,True
10.1145/3613904.3642751,Tandem: Reproducible Digital Fabrication Workflows as Multimodal Programs,2024,chi_2024.bib,True
10.1145/3613904.3642401,VabricBeads : Variable Stiffness Structured Fabric using Artificial Muscle in Woven Beads,2024,chi_2024.bib,True
10.1145/3613904.3642232,ecSkin: Low-Cost Fabrication of Epidermal Electrochemical Sensors for Detecting Biomarkers in Sweat,2024,chi_2024.bib,True
10.1145/3613904.3642083,pARam: Leveraging Parametric Design in Extended Reality to Support the Personalization of Artifacts for Personal Fabrication,2024,chi_2024.bib,True
10.1145/3613904.3642009,Design Space Exploration for Board-level Circuits: Exploring Alternatives in Component-based Design,2024,chi_2024.bib,True
10.1145/3613904.3642010,E-Acrylic: Electronic-Acrylic Composites for Making Interactive Artifacts,2024,chi_2024.bib,True
10.1145/3613904.3642888,LaCir: A multilayered laser-cuttable material to co-fabricate circuitry and structural components.,2024,chi_2024.bib,True
10.1145/3613904.3642226,Painting Inferno: Novel Heat and Stiffness Control Methods with Carbon Nanomaterial Conductive Heating Paint,2024,chi_2024.bib,True
10.1145/3613904.3642933,SnapInflatables: Designing Inflatables with Snap-through Instability for Responsive Interaction,2024,chi_2024.bib,True
10.1145/3613904.3642537,3D Printing Locally Activated Visual-Displays Embedded in 3D Objects via Electrically Conductive and Thermochromic Materials,2024,chi_2024.bib,True
10.1145/3613904.3642684,SketchPath: Using Digital Drawing to Integrate the Gestural Qualities of Craft in CAM-Based Clay 3D Printing,2024,chi_2024.bib,True
10.1145/3613904.3642765,SolderlessPCB: Reusing Electronic Components in PCB Prototyping through Detachable 3D Printed Housings,2024,chi_2024.bib,True
10.1145/3613904.3642719,The Effect of Orientation on the Readability and Comfort of 3D-Printed Braille,2024,chi_2024.bib,True
10.1145/3613904.3642361,Throwing Out Conventions: Reimagining Craft-Centered CNC Tool Design through the Digital Pottery Wheel,2024,chi_2024.bib,True
10.1145/3613904.3642155,CeraMetal: A New Approach to Low-Cost Metal 3D Printing with Bronze Clay,2024,chi_2024.bib,True
10.1145/3613904.3642909,Palette-PrintAR: augmented reality design and simulation for multicolor resin 3D printing,2024,chi_2024.bib,True
10.1145/3613904.3642906,Touch-n-Go: Designing and Fabricating Touch Fastening Structures by FDM 3D Printing,2024,chi_2024.bib,True
10.1145/3613904.3642566,Understanding the Challenges of OpenSCAD Users for 3D Printing,2024,chi_2024.bib,True
10.1145/3613904.3642622,WeaveSlicer: Expanding the Range of Printable Geometries in Clay,2024,chi_2024.bib,True
10.1145/3613904.3642534,"""Don't put all your eggs in one basket"": How Cryptocurrency Users Choose and Secure Their Wallets",2024,chi_2024.bib,True
10.1145/3613904.3642033,Shortchanged: Uncovering and Analyzing Intimate Partner Financial Abuse in Consumer Complaints,2024,chi_2024.bib,True
10.1145/3613904.3642715,Stranger Danger? Investor Behavior and Incentives on Cryptocurrency Copy-Trading Platforms,2024,chi_2024.bib,True
10.1145/3613904.3642645,Supportive Fintech for Individuals with Bipolar Disorder: Financial Data Sharing Preferences for Longitudinal Care Management,2024,chi_2024.bib,True
10.1145/3613904.3642768,Trading as Gambling: Social Investing and Financial Risks on the r/WallStreetBets Subreddit,2024,chi_2024.bib,True
10.1145/3613904.3642372,FoodSkin: Fabricating Edible Gold Leaf Circuits on Food Surfaces,2024,chi_2024.bib,True
10.1145/3613904.3642516,From Plating to Tasting: Towards Understanding the Choreography of Computational Food,2024,chi_2024.bib,True
10.1145/3613904.3642709,"Füpop: ""Real Food"" Flavor Delivery via Focused Ultrasound",2024,chi_2024.bib,True
10.1145/3613904.3642182,GustosonicSense: Towards understanding the design of playful gustosonic eating experiences,2024,chi_2024.bib,True
10.1145/3613904.3642484,"""Ah! I see"" - Facilitating Process Reflection in Gameplay through a Novel Spatio-Temporal Visualization System",2024,chi_2024.bib,True
10.1145/3613904.3642603,Cheat Codes as External Support for Players Navigating Fear of Failure and Self-Regulation Challenges In Digital Games,2024,chi_2024.bib,True
10.1145/3613904.3642656,"How does Juicy Game Feedback Motivate? Testing Curiosity, Competence, and Effectance",2024,chi_2024.bib,True
10.1145/3613904.3642077,Not All the Same: Understanding and Informing Similarity Estimation in Tile-Based Video Games,2024,chi_2024.bib,True
10.1145/3613904.3642306,A Game of Love for Women: Social Support in Otome Game Mr. Love: Queen’s Choice in China,2024,chi_2024.bib,True
10.1145/3613904.3642643,Damage Optimization in Video Games: A Player-Driven Co-Creative Approach,2024,chi_2024.bib,True
10.1145/3613904.3641909,"Effects of a Gaze-Based 2D Platform Game on User Enjoyment, Perceived Competence, and Digital Eye Strain",2024,chi_2024.bib,True
10.1145/3613904.3642270,Independent Validation of the Player Experience Inventory: Findings from a Large Set of Video Game Players,2024,chi_2024.bib,True
10.1145/3613904.3642441,The Trick is to Stay Behind?: Defining and Exploring the Design Space of Player Balancing Mechanics,2024,chi_2024.bib,True
10.1145/3613904.3642915,Gaze on the Go: Effect of Spatial Reference Frame on Visual Target Acquisition During Physical Locomotion in Extended Reality,2024,chi_2024.bib,True
10.1145/3613904.3642577,MOSion: Gaze Guidance with Motion-triggered Visual Cues by Mosaic Patterns,2024,chi_2024.bib,True
10.1145/3613904.3642838,"Snap, Pursuit and Gain: Virtual Reality Viewport Control by Gaze",2024,chi_2024.bib,True
10.1145/3613904.3642480,Beyond Numbers: Creating Analogies to Enhance Data Comprehension and Communication with Generative AI,2024,chi_2024.bib,True
10.1145/3613904.3642466,Design Principles for Generative AI Applications,2024,chi_2024.bib,True
10.1145/3613904.3642901,"RoomDreaming: Generative-AI Approach to Facilitating Iterative, Preliminary Interior Design Exploration",2024,chi_2024.bib,True
10.1145/3613904.3642919,The Effects of Generative AI on Design Fixation and Divergent Thinking,2024,chi_2024.bib,True
10.1145/3613904.3642114,User Experience Design Professionals’ Perceptions of Generative Artificial Intelligence,2024,chi_2024.bib,True
10.1145/3613904.3642151,"""At the end of the day, I am accountable"": Gig Workers' Self-Tracking for Multi-Dimensional Accountability Management",2024,chi_2024.bib,True
10.1145/3613904.3642416,"Bodywork at Work: Attending to Bodily Needs in Gig, Shift, and Knowledge Work",2024,chi_2024.bib,True
10.1145/3613904.3642614,Designing Gig Worker Sousveillance Tools,2024,chi_2024.bib,True
10.1145/3613904.3641918,Not Just A Dot on The Map: Food Delivery Workers as Infrastructure,2024,chi_2024.bib,True
10.1145/3613904.3642801,Silent Delivery: Practices and Challenges of Delivering Among Deaf or Hard of Hearing Couriers,2024,chi_2024.bib,True
10.1145/3613904.3641935,Affective Design: The Influence of Facebook Reactions on the Emotional Expression of the 114th US Congress,2024,chi_2024.bib,True
10.1145/3613904.3642371,In Dice We Trust: Uncertainty Displays for Maintaining Trust in Election Forecasts Over Time,2024,chi_2024.bib,True
10.1145/3613904.3642750,V-FRAMER: Visualization Framework for Mitigating Reasoning Errors in Public Policy,2024,chi_2024.bib,True
10.1145/3613904.3642329,Watching the Election Sausage Get Made: How Data Journalists Visualize the Vote Counting Process in U.S. Elections,2024,chi_2024.bib,True
10.1145/3613904.3642507,"""Unrest and trauma stays with you!"": Navigating mental health and professional service-seeking in Kashmir",2024,chi_2024.bib,True
10.1145/3613904.3642422,Digital Repression in Palestine,2024,chi_2024.bib,True
10.1145/3613904.3641903,Enhancing Communication Equity: Evaluation of an Automated Speech Recognition Application in Ghana,2024,chi_2024.bib,True
10.1145/3613904.3642532,Hearing Community Voices in HCI4D: Establishing Safe Places to Co-Create Counter-Collective Narratives with Women Farmers in Bangladesh,2024,chi_2024.bib,True
10.1145/3613904.3642504,“I know I have this till my Last Breath”: Unmasking the Gaps in Chronic Obstructive Pulmonary Disease (COPD) Care in India,2024,chi_2024.bib,True
10.1145/3613904.3642737,Challenges to Online Disability Rights Advocacy in India,2024,chi_2024.bib,True
10.1145/3613904.3642871,Expanding Concepts of Non-Consensual Image-Disclosure Abuse: A Study of NCIDA in Pakistan,2024,chi_2024.bib,True
10.1145/3613904.3642733,Explorable Explainable AI: Improving AI Understanding for Community Health Workers in India,2024,chi_2024.bib,True
10.1145/3613904.3642952,Viewer2Explorer: Designing a Map Interface for Spatial Navigation in Linear 360 Museum Exhibition Video,2024,chi_2024.bib,True
10.1145/3613904.3642836,"“It looks useful, works just fine, but will it replace me ?"" Understanding Special Educators’ Perception of Social Robots for Autism Care in India",2024,chi_2024.bib,True
10.1145/3613904.3642663,EITPose: Wearable and Practical Electrical Impedance Tomography for Continuous Hand Pose Estimation,2024,chi_2024.bib,True
10.1145/3613904.3642910,EchoWrist: Continuous Hand Pose Tracking and Hand-Object Interaction Recognition Using Low-Power Active Acoustic Sensing On a Wristband,2024,chi_2024.bib,True
10.1145/3613904.3642255,Emotion Embodied: Unveiling the Expressive Potential of Single-Hand Gestures,2024,chi_2024.bib,True
10.1145/3613904.3642602,Hand Gesture Recognition for Blind Users by Tracking 3D Gesture Trajectory,2024,chi_2024.bib,True
10.1145/3613904.3642554,Single-handed Folding Interactions with a Modified Clamshell Flip Phone,2024,chi_2024.bib,True
10.1145/3613904.3642518,ArmDeformation: Inducing the Sensation of Arm Deformation in Virtual Reality Using Skin-Stretching,2024,chi_2024.bib,True
10.1145/3613904.3642230,GazePointAR: A Context-Aware Multimodal Voice Assistant for Pronoun Disambiguation in Wearable Augmented Reality,2024,chi_2024.bib,True
10.1145/3613904.3642067,QuadStretcher: A Forearm-Worn Skin Stretch Display for Bare-Hand Interaction in AR/VR,2024,chi_2024.bib,True
10.1145/3613904.3642071,A Meta-Bayesian Approach for Rapid Online Parametric Optimization for Wrist-based Interactions,2024,chi_2024.bib,True
10.1145/3613904.3642483,Haptic Source-Effector: Full-Body Haptics via Non-Invasive Brain Stimulation,2024,chi_2024.bib,True
10.1145/3613904.3642225,MouseRing: Always-available Touchpad Interaction with IMU Rings,2024,chi_2024.bib,True
10.1145/3613904.3642292,"Touching the Moon: Leveraging Passive Haptics, Embodiment and Presence for Operational Assessments in Virtual Reality",2024,chi_2024.bib,True
10.1145/3613904.3642828,vARitouch: Back of the Finger Device for Adding Variable Compliance to Rigid Objects,2024,chi_2024.bib,True
10.1145/3613904.3642271,Don’t Look Now: Audio/Haptic Guidance for 3D Scanning of Landmarks,2024,chi_2024.bib,True
10.1145/3613904.3642008,ErgoPulse: Electrifying Your Lower Body With Biomechanical Simulation-based Electrical Muscle Stimulation Haptic System in Virtual Reality,2024,chi_2024.bib,True
10.1145/3613904.3642156,Haptic Permeability: Adding Holes to Tactile Devices Improves Dexterity,2024,chi_2024.bib,True
10.1145/3613904.3642499,Motionless Movement: Towards Vibrotactile Kinesthetic Displays,2024,chi_2024.bib,True
10.1145/3613904.3641941,Thermal Masking: When the Illusion Takes Over the Real,2024,chi_2024.bib,True
10.1145/3613904.3642251,Augmenting Perceived Length of Handheld Controllers: Effects of Object Handle Properties,2024,chi_2024.bib,True
10.1145/3613904.3642552,Experiencing Dynamic Weight Changes in Virtual Reality Through Pseudo-Haptics and Vibrotactile Feedback,2024,chi_2024.bib,True
10.1145/3613904.3642176,Exploring Mobile Devices as Haptic Interfaces for Mixed Reality,2024,chi_2024.bib,True
10.1145/3613904.3642069,InflatableBots: Inflatable Shape-Changing Mobile Robots for Large-Scale Encountered-Type Haptics in VR,2024,chi_2024.bib,True
10.1145/3613904.3642064,"VeeR: Exploring the Feasibility of Deliberately Designing VR Motion that Diverges from Mundane, Everyday Physical Motion to Create More Entertaining VR Experiences",2024,chi_2024.bib,True
10.1145/3613904.3642546,Designing Unobtrusive Modulated Electrotactile Feedback on Fingertip Edge to Assist Blind and Low Vision (BLV) People in Comprehending Charts,2024,chi_2024.bib,True
10.1145/3613904.3642873,TacTex: A Textile Interface with Seamlessly-Integrated Electrodes for High-Resolution Electrotactile Stimulation,2024,chi_2024.bib,True
10.1145/3613904.3642585,Understanding User Acceptance of Electrical Muscle Stimulation in Human-Computer Interaction,2024,chi_2024.bib,True
10.1145/3613904.3642113,ALCool: Utilizing Alcohol's Evaporative Cooling for Ubiquitous Cold Sensation Feedback,2024,chi_2024.bib,True
10.1145/3613904.3642536,AirPush: A Pneumatic Wearable Haptic Device Providing Multi-Dimensional Force Feedback on a Fingertip,2024,chi_2024.bib,True
10.1145/3613904.3642890,HIFU Embossment of Acrylic Sheets,2024,chi_2024.bib,True
10.1145/3613904.3641907,Shaping Compliance: Inducing Haptic Illusion of Compliance in Different Shapes with Electrotactile Grains,2024,chi_2024.bib,True
10.1145/3613904.3642299,Stick&Slip: Altering Fingerpad Friction via Liquid Coatings,2024,chi_2024.bib,True
10.1145/3613904.3641983,PsiNet: Toward Understanding the Design of Brain-to-Brain Interfaces for Augmenting Inter-Brain Synchrony,2024,chi_2024.bib,True
10.1145/3613904.3642793,Societal-Scale Human-AI Interaction Design? How Hospitals and Companies are Integrating Pervasive Sensing into Mental Healthcare,2024,chi_2024.bib,True
10.1145/3613904.3641965,"Towards AI-Driven Healthcare: Systematic Optimization, Linguistic Analysis, and Clinicians’ Evaluation of Large Language Models for Smoking Cessation Interventions",2024,chi_2024.bib,True
10.1145/3613904.3642353,Advancing Patient-Centered Shared Decision-Making with AI Systems for Older Adult Cancer Patients,2024,chi_2024.bib,True
10.1145/3613904.3641913,Beyond the Waiting Room: Patient's Perspectives on the Conversational Nuances of Pre-Consultation Chatbots,2024,chi_2024.bib,True
10.1145/3613904.3642883,How Much Decision Power Should (A)I Have?: Investigating Patients’ Preferences Towards AI Autonomy in Healthcare Decision Making,2024,chi_2024.bib,True
10.1145/3613904.3642420,Understanding the Impact of Long-Term Memory on Self-Disclosure with Large Language Model-Driven Chatbots for Public Health Intervention,2024,chi_2024.bib,True
10.1145/3613904.3642551,"``It Is a Moving Process"": Understanding the Evolution of Explainability Needs of Clinicians in Pulmonary Medicine",2024,chi_2024.bib,True
10.1145/3613904.3642024,Human-Algorithmic Interaction Using a Large Language Model-Augmented Artificial Intelligence Clinical Decision Support System,2024,chi_2024.bib,True
10.1145/3613904.3642117,Leveraging Prompt-Based Large Language Models: Predicting Pandemic Health Decisions and Outcomes Through Social Media Language,2024,chi_2024.bib,True
10.1145/3613904.3642013,Multimodal Healthcare AI: Identifying and Designing Clinically Relevant Vision-Language Applications for Radiology,2024,chi_2024.bib,True
10.1145/3613904.3642343,Rethinking Human-AI Collaboration in Complex Medical Decision Making: A Case Study in Sepsis Diagnosis,2024,chi_2024.bib,True
10.1145/3613904.3642336,The Illusion of Empathy? Notes on Displays of Emotion in Human-Computer Interaction,2024,chi_2024.bib,True
10.1145/3613904.3642636,Artful Path to Healing: Using Machine Learning for Visual Art Recommendation to Prevent and Reduce Post-Intensive Care Syndrome (PICS),2024,chi_2024.bib,True
10.1145/3613904.3641998,ConverSense: An Automated Approach to Assess Patient-Provider Interactions using Social Signals,2024,chi_2024.bib,True
10.1145/3613904.3642573,Explainable Notes: Examining How to Unlock Meaning in Medical Notes with Interactivity and Artificial Intelligence,2024,chi_2024.bib,True
10.1145/3613904.3642450,Memoro: Using Large Language Models to Realize a Concise Interface for Real-Time Memory Augmentation,2024,chi_2024.bib,True
10.1145/3613904.3642756,Designing Communication Feedback Systems To Reduce Healthcare Providers’ Implicit Biases In Patient Encounters,2024,chi_2024.bib,True
10.1145/3613904.3642214,Designing for Caregiver-facing Values Elicitation Tools,2024,chi_2024.bib,True
10.1145/3613904.3642201,Hospital Employee Experiences Caring for Patients in Smart Patient Rooms,2024,chi_2024.bib,True
10.1145/3613904.3641982,Investigating Why Clinicians Deviate from Standards of Care: Liberating Patients from Mechanical Ventilation in the ICU,2024,chi_2024.bib,True
10.1145/3613904.3642035,Perceived Empathy of Technology Scale (PETS): Measuring Empathy of Systems Toward the User,2024,chi_2024.bib,True
10.1145/3613904.3642453,"""I'd be watching him contour till 10 o'clock at night"": Understanding Tensions between Teaching Methods and Learning Needs in Healthcare Apprenticeship",2024,chi_2024.bib,True
10.1145/3613904.3642100,Facilitating Virtual Reality Integration in Medical Education: A Case Study of Acceptability and Learning Impact in Childbirth Delivery Training,2024,chi_2024.bib,True
10.1145/3613904.3641929,Looking Together ≠ Seeing the Same Thing: Understanding Surgeons' Visual Needs During Intra-operative Coordination and Instruction,2024,chi_2024.bib,True
10.1145/3613904.3642324,MR Microsurgical Suture Training System with Level-Appropriate Support,2024,chi_2024.bib,True
10.1145/3613904.3642587,Surgment: Segmentation-enabled Semantic Search and Creation of Visual Question and Feedback to Support Video-Based Surgery Learning,2024,chi_2024.bib,True
10.1145/3613904.3642187,LightSword: A Customized Virtual Reality Exergame for Long-Term Cognitive Inhibition Training in Older Adults,2024,chi_2024.bib,True
10.1145/3613904.3642390,Mentorable Interfaces for Automated Vehicles: A New Paradigm for Designing Learnable Technology for Older Adults,2024,chi_2024.bib,True
10.1145/3613904.3642842,Navigating the Maze of Routine Disruption: Exploring How Older Adults Living Alone Navigate Barriers to Establishing and Maintaining Physical Activity Habits,2024,chi_2024.bib,True
10.1145/3613904.3642170,Redefining Activity Tracking Through Older Adults' Reflections on Meaningful Activities,2024,chi_2024.bib,True
10.1145/3613904.3642644,“X-Ray Vision” as a Compensatory Augmentation for Slowing Cognitive Map Decay in Older Adults,2024,chi_2024.bib,True
10.1145/3613904.3641902,(Beyond) Reasonable Doubt: Challenges that Public Defenders Face in Scrutinizing AI in Court,2024,chi_2024.bib,True
10.1145/3613904.3642362,Amplifying Human Capabilities in Prostate Cancer Diagnosis: An Empirical Study of Current Practices and AI Potentials in Radiology,2024,chi_2024.bib,True
10.1145/3613904.3642296,Care-Based Eco-Feedback Augmented with Generative AI: Fostering Pro-Environmental Behavior through Emotional Attachment,2024,chi_2024.bib,True
10.1145/3613904.3642402,Data Ethics Emergency Drill: A Toolbox for Discussing Responsible AI for Industry Teams,2024,chi_2024.bib,True
10.1145/3613904.3642125,DeepTreeSketch: Neural Graph Prediction for Faithful 3D Tree Modeling from Sketches,2024,chi_2024.bib,True
10.1145/3613904.3642810,Guidelines for Integrating Value Sensitive Design in Responsible AI Toolkits,2024,chi_2024.bib,True
10.1145/3613904.3642280,I lose vs. I earn: Consumer perceived price fairness toward algorithmic (vs. human) price discrimination,2024,chi_2024.bib,True
10.1145/3613904.3641951,In-Between Visuals and Visible: The Impacts of Text-to-Image Generative AI Tools on Digital Image-making Practices in the Global South,2024,chi_2024.bib,True
10.1145/3613904.3642755,JupyterLab in Retrograde: Contextual Notifications That Highlight Fairness and Bias Issues for Data Scientists,2024,chi_2024.bib,True
10.1145/3613904.3642531,Mind The Gap: Designers and Standards on Algorithmic System Transparency for Users,2024,chi_2024.bib,True
10.1145/3613904.3642501,Towards a Non-Ideal Methodological Framework for Responsible ML,2024,chi_2024.bib,True
10.1145/3613904.3641898,Understanding Contestability on the Margins: Implications for the Design of Algorithmic Decision-making in Public Services,2024,chi_2024.bib,True
10.1145/3613904.3642714,“The bus is nothing without us”: Making Visible the Labor of Bus Operators amid the Ongoing Push Towards Transit Automation,2024,chi_2024.bib,True
10.1145/3613904.3642326,AI is Entering Regulated Territory: Understanding the Supervisors' Perspective for Model Justifiability in Financial Crime Detection,2024,chi_2024.bib,True
10.1145/3613904.3642122,Empowering Calibrated (Dis-)Trust in Conversational Agents: A User Study on the Persuasive Power of Limitation Disclaimers vs. Authoritative Style,2024,chi_2024.bib,True
10.1145/3613904.3642428,HILL: A Hallucination Identifier for Large Language Models,2024,chi_2024.bib,True
10.1145/3613904.3642517,ReactGenie: A Development Framework for Complex Multimodal Interactions Using Large Language Models,2024,chi_2024.bib,True
10.1145/3613904.3642046,Synlogue with Aizuchi-bot: Investigating the Co-Adaptive and Open-Ended Interaction Paradigm,2024,chi_2024.bib,True
10.1145/3613904.3642333,"""Community Guidelines Make this the Best Party on the Internet"": An In-Depth Study of Online Platforms' Content Moderation Policies",2024,chi_2024.bib,True
10.1145/3613904.3641963,A Quantitative Approach to Identifying Emergent Editor Roles in Open Street Map,2024,chi_2024.bib,True
10.1145/3613904.3642620,Insights Into Legacy: Issues of Handover from a Partner-Initiated Project,2024,chi_2024.bib,True
10.1145/3613904.3642449,SolarClub: Supporting Renewable Energy Communities through an Interactive Coordination System,2024,chi_2024.bib,True
10.1145/3613904.3642805,"Think Fast, Think Slow, Think Critical: Designing an Automated Propaganda Detection Tool",2024,chi_2024.bib,True
10.1145/3613904.3642177,“Caption It in an Accessible Way That Is Also Enjoyable”: Characterizing User-Driven Captioning Practices on TikTok,2024,chi_2024.bib,True
10.1145/3613904.3642171,Entangling Entanglement: A Diffractive Dialogue on HCI and Musical Interactions,2024,chi_2024.bib,True
10.1145/3613904.3642309,Heart and Soul: The Ethics of Biometric Capture in Immersive Artistic Performance,2024,chi_2024.bib,True
10.1145/3613904.3642655,The Illusion of Increased Customization: Framing Choices as a Creative Process Increases Perceived Customization,2024,chi_2024.bib,True
10.1145/3613904.3642616,Thinking with Sound: Exploring the Experience of Listening to an Ultrasonic Art Installation,2024,chi_2024.bib,True
10.1145/3613904.3642572,Designing a Data-Driven Survey System: Leveraging Participants' Online Data to Personalize Surveys,2024,chi_2024.bib,True
10.1145/3613904.3642808,Input Visualization: Collecting and Modifying Data with Visual Representations,2024,chi_2024.bib,True
10.1145/3613904.3643055,Multimedia-Enabled 911: Exploring 911 Callers’ Experience of Call Taker Controlled Video Calling in Simulated Emergencies,2024,chi_2024.bib,True
10.1145/3613904.3642470,What's the Rush?: Alternative Values in Navigation Technologies for Urban Placemaking,2024,chi_2024.bib,True
10.1145/3613904.3641926,Writing out the Storm: Designing and Evaluating Tools for Weather Risk Messaging,2024,chi_2024.bib,True
10.1145/3613904.3642099,eKichabi v2: Designing and Scaling a Dual-Platform Agricultural Technology in Rural Tanzania,2024,chi_2024.bib,True
10.1145/3613904.3642126,“Is Text-Based Music Search Enough to Satisfy Your Needs?” A New Way to Discover Music with Images,2024,chi_2024.bib,True
10.1145/3613904.3642784,A Playbook to be Proud of: Making the Case for LGBTQ+ Inclusive User Account Design,2024,chi_2024.bib,True
10.1145/3613904.3642199,Conceptualising Fatness within HCI: A Call for Fat Liberation,2024,chi_2024.bib,True
10.1145/3613904.3642494,Cruising Queer HCI on the DL: A Literature Review of LGBTQ+ People in HCI,2024,chi_2024.bib,True
10.1145/3613904.3642240,Designing Diverse Pathways for Participation,2024,chi_2024.bib,True
10.1145/3613904.3642312,Designing an Archive of Feelings: Queering Tangible Interaction with Button Portraits,2024,chi_2024.bib,True
10.1145/3613904.3642036,Deus Ex Machina and Personas from Large Language Models: Investigating the Composition of AI-Generated Persona Descriptions,2024,chi_2024.bib,True
10.1145/3613904.3642303,Silver-Tongued and Sundry: Exploring Intersectional Pronouns with ChatGPT,2024,chi_2024.bib,True
10.1145/3613904.3642704,Social Justice in HCI: A Systematic Literature Review,2024,chi_2024.bib,True
10.1145/3613904.3642404,SustAInable: How Values in the Form of Individual Motivation Shape Algorithms’ Outcomes. An Example Promoting Ecological and Social Sustainability,2024,chi_2024.bib,True
10.1145/3613904.3642600,"Unpacking Norms, Narratives, and Nourishment: A Feminist HCI Critique on Food Tracking Technologies",2024,chi_2024.bib,True
10.1145/3613904.3642396,Evaluating ActuAir: Building Occupants' Experiences of a Shape-Changing Air Quality Display,2024,chi_2024.bib,True
10.1145/3613904.3642565,ExCell: High Expansion Ratio Moisture-Responsive Wooden Actuators for DIY Shape-Changing and Deployable Structures,2024,chi_2024.bib,True
10.1145/3613904.3642848,Flextiles: Designing Customisable Shape-Change in Textiles with SMA-Actuated Smocking Patterns,2024,chi_2024.bib,True
10.1145/3613904.3642581,Towards More Sustainable Interactive Textiles: A Literature Review on The Use of Biomaterials for eTextiles.,2024,chi_2024.bib,True
10.1145/3613904.3642455,A Design Framework for Reflective Play,2024,chi_2024.bib,True
10.1145/3613904.3642275,Comic-making to Study Game-making: Using Comics in Qualitative Longitudinal Research on Game Development,2024,chi_2024.bib,True
10.1145/3613904.3642679,"Community, Storytelling, and Play: Making and Breaking Rituals in Destiny 2",2024,chi_2024.bib,True
10.1145/3613904.3642659,Ecological In/Congruence: Becoming Sensitised to Nature in Video Games through Humanistic First-Person Research,2024,chi_2024.bib,True
10.1145/3613904.3642048,Outplay Your Weaker Self: A Mixed-Methods Study on Gamification to Overcome Procrastination in Academia,2024,chi_2024.bib,True
10.1145/3613904.3642804,"Playing on Hard Mode: Accessibility, Difficulty and Joy in Video Game Adoption for Gamers with Disabilities",2024,chi_2024.bib,True
10.1145/3613904.3642809,Understanding Neurodiverse Social Play Between Autistic and Non-Autistic Children,2024,chi_2024.bib,True
10.1145/3613904.3642570,Digital Comprehensibility Assessment of Simplified Texts among Persons with Intellectual Disabilities,2024,chi_2024.bib,True
10.1145/3613904.3642562,Hostile Systems: A Taxonomy of Harms Articulated by Citizens Living with Socio-Economic Deprivation,2024,chi_2024.bib,True
10.1145/3613904.3642421,Let’s Talk About Death: Existential Conversations with Chatbots,2024,chi_2024.bib,True
10.1145/3613904.3642200,Networks of care in digital domestic labour economies,2024,chi_2024.bib,True
10.1145/3613904.3642584,Understanding Antenatal Care Needs through Co-Creation with Roma Women to Inform the Design of mHealth Technologies,2024,chi_2024.bib,True
10.1145/3613904.3642898,Unpacking ICT-supported Social Connections and Support of Late-life Migration: From the Lens of Social Convoys,2024,chi_2024.bib,True
10.1145/3613904.3641922,"""If This Person is Suicidal, What Do I Do?"": Designing Computational Approaches to Help Online Volunteers Respond to Suicidality",2024,chi_2024.bib,True
10.1145/3613904.3642916,"""It's Sink or Swim"": Exploring Patients' Challenges and Tool Needs for Self-Management of Postoperative Acute Pain",2024,chi_2024.bib,True
10.1145/3613904.3642388,"""Speech is Silver, Silence is Golden "" Analyzing Micro-communication Strategies between Visually Impaired Runners and their Guides",2024,chi_2024.bib,True
10.1145/3613904.3641950,Individual Differences and Technology Affordances Combine to Predict Mobile Social Media Distraction Behaviors and Consequences,2024,chi_2024.bib,True
10.1145/3613904.3642444,Learning About Social Context From Smartphone Data: Generalization Across Countries and Daily Life Moments,2024,chi_2024.bib,True
10.1145/3613904.3642463,Mindfulness-based Embodied Tangible Interactions for Stroke Rehabilitation at Home,2024,chi_2024.bib,True
10.1145/3613904.3642477,Quantifying the Pollan Effect: Investigating the Impact of Emerging Psychiatric Interventions on Online Mental Health Discourse,2024,chi_2024.bib,True
10.1145/3613904.3641894,Seeking in Cycles: How Users Leverage Personal Information Ecosystems to Find Mental Health Information,2024,chi_2024.bib,True
10.1145/3613904.3642557,Somaesthetic Meditation Wearable: Exploring the Effect of Targeted Warmth Technology on Meditators' Experiences,2024,chi_2024.bib,True
10.1145/3613904.3642694,Using and Appropriating Technology to Support The Menopause Journey in the UK,2024,chi_2024.bib,True
10.1145/3613904.3642383,A Survey On Measuring Presence in Mixed Reality,2024,chi_2024.bib,True
10.1145/3613904.3642123,ARCADIA: A Gamified Mixed Reality System for Emotional Regulation and Self-Compassion,2024,chi_2024.bib,True
10.1145/3613904.3642412,Behind the Scenes: Adapting Cinematography and Editing Concepts to Navigation in Virtual Reality,2024,chi_2024.bib,True
10.1145/3613904.3642281,Implementation of Virtual Reality Motivated Physical Activity via Omnidirectional Treadmill in a Supported Living Facility for Older Adults: A Mixed-Methods Evaluation.: Virtual reality to motivate physical activity for older adults,2024,chi_2024.bib,True
10.1145/3613904.3642658,MobileGravity: Mobile Simulation of a High Range of Weight in Virtual Reality,2024,chi_2024.bib,True
10.1145/3613904.3641933,The Impact of Avatar Completeness on Embodiment and the Detectability of Hand Redirection in Virtual Reality,2024,chi_2024.bib,True
10.1145/3613904.3642272,"Behavioral Differences between Tap and Swipe: Observations on Time, Error, Touch-point Distribution, and Trajectory for Tap-and-swipe Enabled Targets",2024,chi_2024.bib,True
10.1145/3613904.3642687,Controlling the Rooms: How People Prefer Using Gestures to Control Their Smart Homes,2024,chi_2024.bib,True
10.1145/3613904.3642183,Cooking With Agents: Designing Context-aware Voice Interaction,2024,chi_2024.bib,True
10.1145/3613904.3642022,Grip-Reach-Touch-Repeat: A Refined Model of Grasp to Encompass One-Handed Interaction with Arbitrary Form Factor Devices,2024,chi_2024.bib,True
10.1145/3613904.3642037,Impact of Fingernails Length on Mobile Tactile Interaction,2024,chi_2024.bib,True
10.1145/3613904.3642637,Model-based Evaluation of Recall-based Interaction Techniques,2024,chi_2024.bib,True
10.1145/3613904.3642028,"Take a Seat, Make a Gesture: Charting User Preferences for On-Chair and From-Chair Gesture Input",2024,chi_2024.bib,True
10.1145/3613904.3642590,Air/time Travel: Rethinking Appropriation in Global HCI and Futures of Electronic Exchange,2024,chi_2024.bib,True
10.1145/3613904.3641957,Better Little People Pictures: Generative Creation of Demographically Diverse Anthropographics,2024,chi_2024.bib,True
10.1145/3613904.3642547,Commoning as a Strategy for HCI Research and Design in South Asia,2024,chi_2024.bib,True
10.1145/3613904.3641990,Design With Rural-To-Urban Migrant Women: Opportunities and Challenges in Designing within a Precarious Marriage Context in South China,2024,chi_2024.bib,True
10.1145/3613904.3642039,Living with Cyanobacteria: Exploring Materiality in Caring for Microbes in Everyday Life,2024,chi_2024.bib,True
10.1145/3613904.3642605,Low-Resourced Languages and Online Knowledge Repositories: A Need-Finding Study.,2024,chi_2024.bib,True
10.1145/3613904.3642263,Migrant Farmworkers' Experiences of Agricultural Technologies: Implications for Worker Sociality and Desired Change,2024,chi_2024.bib,True
10.1145/3613904.3642273,Play Across Boundaries: Exploring Cross-Cultural Maldaimonic Game Experiences,2024,chi_2024.bib,True
10.1145/3613904.3642496,"Politics of the Past: Understanding the Role of Memory, Postmemory, and Remembrance in Navigating the History of Migrant Families",2024,chi_2024.bib,True
10.1145/3613904.3642559,Co-design Partners as Transformative Learners: Imagining Ideal Technology for Schools by Centering Speculative Relationships,2024,chi_2024.bib,True
10.1145/3613904.3641921,Emergency Remote Education in Nigeria: Challenges and Design Opportunities,2024,chi_2024.bib,True
10.1145/3613904.3642236,Envisioning Support-Centered Technologies for Language Practice and Use: Needs and Design Opportunities for Immigrant English Language Learners (ELLs),2024,chi_2024.bib,True
10.1145/3613904.3642087,Establishing Heuristics for Improving the Usability of GUI Machine Learning Tools for Novice Users,2024,chi_2024.bib,True
10.1145/3613904.3642778,Interrupting for Microlearning: Understanding Perceptions and Interruptibility of Proactive Conversational Microlearning Services,2024,chi_2024.bib,True
10.1145/3613904.3641985,Time-Turner: A Bichronous Learning Environment to Support Positive In-class Multitasking of Online Learners,2024,chi_2024.bib,True
10.1145/3613904.3641978,Understanding Takeovers and Telestration in Laparoscopic Surgery to Inform Telementoring System Design,2024,chi_2024.bib,True
10.1145/3613904.3642457,WriteUpRight: Regulating Children’s Handwriting Body Posture by Unobstrusively Error Amplification via Slow Visual Stimuli on Tablets,2024,chi_2024.bib,True
10.1145/3613904.3642826,Analyzing Security and Privacy Advice During the 2022 Russian Invasion of Ukraine on Twitter,2024,chi_2024.bib,True
10.1145/3613904.3642664,Counting Carrds: Investigating Personal Disclosure and Boundary Management in Transformative Fandom,2024,chi_2024.bib,True
10.1145/3613904.3642521,Exploring Privacy Practices of Female mHealth Apps in a Post-Roe World,2024,chi_2024.bib,True
10.1145/3613904.3642242,"In Focus, Out of Privacy: The Wearer's Perspective on the Privacy Dilemma of Camera Glasses",2024,chi_2024.bib,True
10.1145/3613904.3642206,Stochastic Machine Witnesses at Work: Today's Critiques of Taylorism are Inadequate for Workplace Surveillance Epistemologies of the Future,2024,chi_2024.bib,True
10.1145/3613904.3642524,The Impact of Risk Appeal Approaches on Users’ Sharing Confidential Information,2024,chi_2024.bib,True
10.1145/3613904.3642368,‘We Do Not Have the Capacity to Monitor All Media’: A Design Case Study on Cyber Situational Awareness in Computer Emergency Response Teams,2024,chi_2024.bib,True
10.1145/3613904.3642464,“I Can’t Believe It’s Not Custodial!”: Usable Trustless Decentralized Key Management,2024,chi_2024.bib,True
10.1145/3613904.3642290,"""Please Be Nice"": Robot Responses to User Bullying - Measuring Performance Across Aggression Levels",2024,chi_2024.bib,True
10.1145/3613904.3642082,A Robot Jumping the Queue: Expectations About Politeness and Power During Conflicts in Everyday Human-Robot Encounters,2024,chi_2024.bib,True
10.1145/3613904.3642038,Giving Robots a Voice: Human-in-the-Loop Voice Creation and open-ended Labeling,2024,chi_2024.bib,True
10.1145/3613904.3642231,PepperPose: Full-Body Pose Estimation with a Companion Robot,2024,chi_2024.bib,True
10.1145/3613904.3642389,From Agent Autonomy to Casual Collaboration: A Design Investigation on Help-Seeking Urban Robots,2024,chi_2024.bib,True
10.1145/3613904.3642561,"Investigating Effect of Altered Auditory Feedback on Self-Representation, Subjective Operator Experience, and Task Performance in Teleoperation of a Social Robot",2024,chi_2024.bib,True
10.1145/3613904.3642911,Robot-Assisted Decision-Making: Unveiling the Role of Uncertainty Visualisation and Embodiment,2024,chi_2024.bib,True
10.1145/3613904.3642465,The Adaptive Architectural Layout: How the Control of a Semi-Autonomous Mobile Robotic Partition was Shared to Mediate the Environmental Demands and Resources of an Open-Plan Office,2024,chi_2024.bib,True
10.1145/3613904.3642610,Trash in Motion: Emergent Interactions with a Robotic Trashcan,2024,chi_2024.bib,True
10.1145/3613904.3642875,"Co-design Accessible Public Robots: Insights from People with Mobility Disability, Robotic Practitioners and Their Collaborations",2024,chi_2024.bib,True
10.1145/3613904.3642115,"Designing Multispecies Worlds for Robots, Cats, and Humans",2024,chi_2024.bib,True
10.1145/3613904.3642795,Impact of Multi-Robot Presence and Anthropomorphism on Human Cognition and Emotion,2024,chi_2024.bib,True
10.1145/3613904.3642905,"Join Me Here if You Will: Investigating Embodiment and Politeness Behaviors When Joining Small Groups of Humans, Robots, and Virtual Characters",2024,chi_2024.bib,True
10.1145/3613904.3642181,Towards Robotic Companions: Understanding Handler-Guide Dog Interactions for Informed Guide Dog Robot Design,2024,chi_2024.bib,True
10.1145/3613904.3642821,"Cohabitant: The Design, Implementation, and Evaluation of a Virtual Reality Application for Interfaith Learning and Empathy Building",2024,chi_2024.bib,True
10.1145/3613904.3642359,Navigating the Virtual Gaze: Social Anxiety's Role in VR Proxemics,2024,chi_2024.bib,True
10.1145/3613904.3642725,Elastica: Adaptive Live Augmented Presentations with Elastic Mappings Across Modalities,2024,chi_2024.bib,True
10.1145/3613904.3642579,LLMR: Real-time Prompting of Interactive Worlds using Large Language Models,2024,chi_2024.bib,True
10.1145/3613904.3642519,Meaning Follows Purpose: Unravelling the Architectural Design Conventions in the Contemporary Metaverse,2024,chi_2024.bib,True
10.1145/3613904.3642491,Unlocking Understanding: An Investigation of Multimodal Communication in Virtual Reality Collaboration,2024,chi_2024.bib,True
10.1145/3613904.3642351,Using the Visual Language of Comics to Alter Sensations in Augmented Reality,2024,chi_2024.bib,True
10.1145/3613904.3642631,Assessing User Apprehensions About Mixed Reality Artifacts and Applications: The Mixed Reality Concerns (MRC) Questionnaire,2024,chi_2024.bib,True
10.1145/3613904.3642408,Development and Validation of the Collision Anxiety Questionnaire for VR Applications,2024,chi_2024.bib,True
10.1145/3613904.3642932,Evaluating Navigation and Comparison Performance of Computational Notebooks on Desktop and in Virtual Reality,2024,chi_2024.bib,True
10.1145/3613904.3642375,Milliways: Taming Multiverses through Principled Evaluation of Data Analysis Paths,2024,chi_2024.bib,True
10.1145/3613904.3642364,Virtual Unreality: Augmentation-Oriented Ideation Through Design Cards,2024,chi_2024.bib,True
10.1145/3613904.3642394,MineXR: Mining Personalized Extended Reality Interfaces,2024,chi_2024.bib,True
10.1145/3613904.3642527,ProInterAR: A Visual Programming Platform for Creating Immersive AR Interactions,2024,chi_2024.bib,True
10.1145/3613904.3642220,"UI Mobility Control in XR: Switching UI Positionings between Static, Dynamic, and Self Entities",2024,chi_2024.bib,True
10.1145/3613904.3642235,VirtuWander: Enhancing Multi-modal Interaction for Virtual Tour Guidance through Large Language Models,2024,chi_2024.bib,True
10.1145/3613904.3642026,Cultivating Spoken Language Technologies for Unwritten Languages,2024,chi_2024.bib,True
10.1145/3613904.3642682,Griot-Style Methodology: Longitudinal Study of Navigating Design With Unwritten Stories,2024,chi_2024.bib,True
10.1145/3613904.3642931,Where Generalized Equitable Design Practice Meet Specific Indigenous Communities,2024,chi_2024.bib,True
10.1145/3613904.3642598,Cosmovision Of Data: An Indigenous Approach to Technologies for Self-Determination,2024,chi_2024.bib,True
10.1145/3613904.3642748,"Examining the ""Local"" in ICT4D: A Postcolonial Perspective on Participation",2024,chi_2024.bib,True
10.1145/3613904.3642142,On the Role of Materials Experience for Novel Interactions with Digital Representations of Historical Pop-up and Movable Books,2024,chi_2024.bib,True
10.1145/3613904.3642141,Mouse2Vec: Learning Reusable Semantic Representations of Mouse Behaviour,2024,chi_2024.bib,True
10.1145/3613904.3642316,The Effect of Latency on Movement Time in Path-steering,2024,chi_2024.bib,True
10.1145/3613904.3642904,User Performance in Consecutive Temporal Pointing: An Exploratory Study,2024,chi_2024.bib,True
10.1145/3613904.3641942,Waiting Time Perceptions for Faster Count-downs/ups Are More Sensitive Than Slower Ones: Experimental Investigation and Its Application,2024,chi_2024.bib,True
10.1145/3613904.3641938,Call of the Wild Web: Comparing Parrot Engagement in Live vs. Pre-Recorded Video Calls,2024,chi_2024.bib,True
10.1145/3613904.3641994,Charting Ethical Tensions in Multispecies Technology Research through Beneficiary-Epistemology Space,2024,chi_2024.bib,True
10.1145/3613904.3643654,Ellie Talks About the Weather: Toward Evaluating the Expressive and Enrichment Potential of a Tablet-Based Speech Board in a Single Goffin’s Cockatoo,2024,chi_2024.bib,True
10.1145/3613904.3641888,"LemurLounge: Lemurs' Individual-Level, Group, and Cross-Species Use of an Interactive Audio Device in Zoos",2024,chi_2024.bib,True
10.1145/3613904.3642119,No More Angry Birds: Investigating Touchscreen Ergonomics to Improve Tablet-Based Enrichment for Parrots,2024,chi_2024.bib,True
10.1145/3613904.3642486,Effects of Device Environment and Information Layout on Spatial Memory and Performance in VR Selection Tasks,2024,chi_2024.bib,True
10.1145/3613904.3642192,Rowing Beyond: Investigating Steering Methods for Rowing-based Locomotion in Virtual Environments,2024,chi_2024.bib,True
10.1145/3613904.3641974,Sicknificant Steps: A Systematic Review and Meta-analysis of VR Sickness in Walking-based Locomotion for Virtual Reality,2024,chi_2024.bib,True
10.1145/3613904.3642811,Spatial Gaze Markers: Supporting Effective Task Switching in Augmented Reality,2024,chi_2024.bib,True
10.1145/3613904.3642147,The RayHand Navigation: A Virtual Navigation Method with Relative Position between Hand and Gaze-Ray,2024,chi_2024.bib,True
10.1145/3613904.3642154,Assessing the Influence of Visual Cues in Virtual Reality on the Spatial Perception of Physical Thermal Stimuli,2024,chi_2024.bib,True
10.1145/3613904.3642935,Exploring Visualizations for Precisely Guiding Bare Hand Gestures in Virtual Reality,2024,chi_2024.bib,True
10.1145/3613904.3642091,Improving Electromyographic Muscle Response Times through Visual and Tactile Prior Stimulation in Virtual Reality,2024,chi_2024.bib,True
10.1145/3613904.3642437,MAF: Exploring Mobile Acoustic Field for Hand-to-Face Gesture Interactions,2024,chi_2024.bib,True
10.1145/3613904.3642582,PhoneInVR: An Evaluation of Spatial Anchoring and Interaction Techniques for Smartphone Usage in Virtual Reality,2024,chi_2024.bib,True
10.1145/3613904.3642429,"""Are we all in the same boat?"" Customizable and Evolving Avatars to Improve Worker Engagement and Foster a Sense of Community in Online Crowd Work",2024,chi_2024.bib,True
10.1145/3613904.3642700,How Knowledge Workers Think Generative AI Will (Not) Transform Their Industries,2024,chi_2024.bib,True
10.1145/3613904.3642601,How Low is Low? Crowdworker Perceptions of Microtask Payments in Work versus Leisure Situations,2024,chi_2024.bib,True
10.1145/3613904.3642400,Luminate: Structured Generation and Exploration of Design Space with Large Language Models for Human-AI Co-Creation,2024,chi_2024.bib,True
10.1145/3613904.3642109,Model Compression in Practice: Lessons Learned from Practitioners Creating On-device Machine Learning Experiences,2024,chi_2024.bib,True
10.1145/3613904.3642032,Narrating Fitness: Leveraging Large Language Models for Reflective Fitness Tracker Data Interpretation,2024,chi_2024.bib,True
10.1145/3613904.3641904,RELIC: Investigating Large Language Model Responses using Self-Consistency,2024,chi_2024.bib,True
10.1145/3613904.3642628,Talaria: Interactively Optimizing Machine Learning Models for Efficient Inference,2024,chi_2024.bib,True
10.1145/3613904.3642229,ChatScratch: An AI-Augmented System Toward Autonomous Visual Programming Learning for Children Aged 6-12,2024,chi_2024.bib,True
10.1145/3613904.3642773,CodeAid: Evaluating a Classroom Deployment of an LLM-based Programming Assistant that Balances Student and Educator Needs,2024,chi_2024.bib,True
10.1145/3613904.3642706,How Beginning Programmers and Code LLMs (Mis)read Each Other,2024,chi_2024.bib,True
10.1145/3613904.3642349,Teach AI How to Code: Using Large Language Models as Teachable Agents for Programming Education,2024,chi_2024.bib,True
10.1145/3613904.3642070,EXPLORA: A teacher-apprentice methodology for eliciting natural child-computer interactions,2024,chi_2024.bib,True
10.1145/3613904.3642717,From Prisons to Programming: Fostering Self-Efficacy via Virtual Web Design Curricula in Prisons and Jails,2024,chi_2024.bib,True
10.1145/3613904.3641987,Interactive Murals: New Opportunities for Collaborative STEAM Learning,2024,chi_2024.bib,True
10.1145/3613904.3642097,Mapping Accessibility Assignments into Core Computer Science Topics: An Empirical Study with Interviews and Surveys of Instructors and Students,2024,chi_2024.bib,True
10.1145/3613904.3642475,The Matchmaker Inclusive Design Curriculum: A Faculty-Enabling Curriculum to Teach Inclusive Design Throughout Undergraduate CS,2024,chi_2024.bib,True
10.1145/3613904.3642423,Bridging the Literacy Gap for Adults: Streaming and Engaging in Adult Literacy Education through Livestreaming,2024,chi_2024.bib,True
10.1145/3613904.3642845,Investigating the Effects of Real-time Student Monitoring Interface on Instructors’ Monitoring Practices in Online Teaching,2024,chi_2024.bib,True
10.1145/3613904.3642914,Privacy Concerns of Student Data Shared with Instructors in an Online Learning Management System,2024,chi_2024.bib,True
10.1145/3613904.3642060,Simulator-based Mixed Reality eVTOL Pilot Training: The Instructor Operator Station,2024,chi_2024.bib,True
10.1145/3613904.3642487,ClassInSight: Designing Conversation Support Tools to Visualize Classroom Discussion for Personalized Teacher Professional Development,2024,chi_2024.bib,True
10.1145/3613904.3642221,Investigating Demographics and Motivation in Engineering Education Using Radio and Phone-Based Educational Technologies,2024,chi_2024.bib,True
10.1145/3613904.3642510,"Virtual Reality, Real Pedagogy: A Contextual Inquiry of Instructor Practices with VR Video",2024,chi_2024.bib,True
10.1145/3613904.3642098,Xylocode: A Novel Approach to Fostering Interest in Computer Science via an Embodied Music Simulation,2024,chi_2024.bib,True
10.1145/3613904.3642043,“Oh My God! It’s Recreating Our Room!” Understanding Children’s Experiences with A Room-Scale Augmented Reality Authoring Toolkit,2024,chi_2024.bib,True
10.1145/3613904.3642379,A Piece of Theatre: Investigating How Teachers Design LLM Chatbots to Assist Adolescent Cyberbullying Education,2024,chi_2024.bib,True
10.1145/3613904.3642366,Enhancing ESL Learners' Experience and Performance through Gradual Adjustment of Video Speed during Extensive Viewing,2024,chi_2024.bib,True
10.1145/3613904.3641956,Morphing Matter for Teens: Research Processes as a Template for Cross-Disciplinary Activities,2024,chi_2024.bib,True
10.1145/3613904.3642150,Toward Supporting Adaptation: Exploring Affect’s Role in Cognitive Load when Using a Literacy Game,2024,chi_2024.bib,True
10.1145/3613904.3642907,Contrasting Perspectives of Workers: Exploring Labor Relations in Workplace Automation and Potential Interventions,2024,chi_2024.bib,True
10.1145/3613904.3642136,Designing Instructions using Self-Determination Theory to Improve Motivation and Engagement for Learning Craft,2024,chi_2024.bib,True
10.1145/3613904.3642945,SharedNeRF: Leveraging Photorealistic and View-dependent Rendering for Real-time and Remote Collaboration,2024,chi_2024.bib,True
10.1145/3613904.3642887,BIDTrainer: An LLMs-driven Education Tool for Enhancing the Understanding and Reasoning in Bio-inspired Design,2024,chi_2024.bib,True
10.1145/3613904.3642393,Putting Things into Context: Generative AI-Enabled Context Personalization for Vocabulary Learning Improves Learning Motivation,2024,chi_2024.bib,True
10.1145/3613904.3642438,"Teachers, Parents, and Students' perspectives on Integrating Generative AI into Elementary Literacy Education",2024,chi_2024.bib,True
10.1145/3613904.3642460,Teaching Middle Schoolers about the Privacy Threats of Tracking and Pervasive Personalization: A Classroom Intervention Using Design-Based Research,2024,chi_2024.bib,True
10.1145/3613904.3642902,The Metacognitive Demands and Opportunities of Generative AI,2024,chi_2024.bib,True
10.1145/3613904.3642879,Doorways Do Not Always Cause Forgetting: Studying the Effect of Locomotion Technique and Doorway Visualization in Virtual Reality,2024,chi_2024.bib,True
10.1145/3613904.3641975,Exploring Experience Gaps Between Active and Passive Users During Multi-user Locomotion in VR,2024,chi_2024.bib,True
10.1145/3613904.3642088,Investigating Virtual Reality Locomotion Techniques with Blind People,2024,chi_2024.bib,True
10.1145/3613904.3642228,Stacked Retargeting: Combining Redirected Walking and Hand Redirection to Expand Haptic Retargeting's Coverage,2024,chi_2024.bib,True
10.1145/3613904.3641919,The Effect of Spatial Audio on Curvature Gains in VR Redirected Walking,2024,chi_2024.bib,True
10.1145/3613904.3642006,"""Islamically, I am not on my period"": A Study of Menstrual Tracking in Muslim Women in the US",2024,chi_2024.bib,True
10.1145/3613904.3642282,Functional Design Requirements to Facilitate Menstrual Health Data Exploration,2024,chi_2024.bib,True
10.1145/3613904.3642851,"My Data, My Choice, My Insights: Women's Requirements when Collecting, Interpreting and Sharing their Personal Health Data",2024,chi_2024.bib,True
10.1145/3613904.3642374,Tracking During Ramadan: Examining the Intersection of Menstrual and Religious Tracking Practices Among Muslim Women in the United States,2024,chi_2024.bib,True
10.1145/3613904.3642207,Understanding Cultural and Religious Values Relating to Awareness of Women’s Intimate Health among Arab Muslims,2024,chi_2024.bib,True
10.1145/3613904.3642723,'I Call Upon a Friend': Virtual Reality-Based Supports for Cognitive Reappraisal Identified through Co-designing with Adolescents,2024,chi_2024.bib,True
10.1145/3613904.3642624,HCI Contributions in Mental Health: A Modular Framework to Guide Psychosocial Intervention Design,2024,chi_2024.bib,True
10.1145/3613904.3642604,Multi-stakeholder Perspectives on Mental Health Screening Tools for Children,2024,chi_2024.bib,True
10.1145/3613904.3642488,"Supporting Cognitive Reappraisal With Digital Technology: A Content Analysis and Scoping Review of Challenges, Interventions, and Future Directions",2024,chi_2024.bib,True
10.1145/3613904.3643054,“Can you be with that feeling?”: Extending Design Strategies for Interoceptive Awareness for the Context of Mental Health,2024,chi_2024.bib,True
10.1145/3613904.3642856,Approaches for tailoring between-session mental health therapy activities,2024,chi_2024.bib,True
10.1145/3613904.3642641,Challenges and Opportunities for the Design of Inclusive Digital Mental Health Tools: Understanding Culturally Diverse Young People's Experiences,2024,chi_2024.bib,True
10.1145/3613904.3642649,Co-designing the Collaborative Digital Musical Instruments for Group Music Therapy,2024,chi_2024.bib,True
10.1145/3613904.3642846,Exploring Context-Aware Mental Health Self-Tracking Using Multimodal Smart Speakers in Home Environments,2024,chi_2024.bib,True
10.1145/3613904.3642761,Facilitating Self-Guided Mental Health Interventions Through Human-Language Model Interaction: A Case Study of Cognitive Restructuring,2024,chi_2024.bib,True
10.1145/3613904.3642937,MindfulDiary: Harnessing Large Language Model to Support Psychiatric Patients' Journaling,2024,chi_2024.bib,True
10.1145/3613904.3642369,Patient Perspectives on AI-Driven Predictions of Schizophrenia Relapses: Understanding Concerns and Opportunities for Self-Care and Treatment,2024,chi_2024.bib,True
10.1145/3613904.3641908,Simulating Emotions With an Integrated Computational Model of Appraisal and Reinforcement Learning,2024,chi_2024.bib,True
10.1145/3613904.3642764,Understanding Human-AI Collaboration in Music Therapy Through Co-Design with Therapists,2024,chi_2024.bib,True
10.1145/3613904.3642262,"(Re)activate, (Re)direct, (Re)arrange: Exploring the Design Space of Direct Interactions with Flavobacteria",2024,chi_2024.bib,True
10.1145/3613904.3642742,Go-Go Biome: Evaluation of a Casual Game for Gut Health Engagement and Reflection,2024,chi_2024.bib,True
10.1145/3613904.3641981,Microbial Revolt: Redefining biolab tools and practices for more-than-human care ecologies,2024,chi_2024.bib,True
10.1145/3613904.3642020,PaleoScan: Low-Cost Easy-to-use High-Volume Fossil Scanning,2024,chi_2024.bib,True
10.1145/3613904.3642439,Controlled-STM: A Two-stage Model to Predict User’s Perceived Intensity for Multi-point Spatiotemporal Modulation in Ultrasonic Mid-air Haptics,2024,chi_2024.bib,True
10.1145/3613904.3642522,Designing Distinguishable Mid-Air Ultrasound Tactons with Temporal Parameters,2024,chi_2024.bib,True
10.1145/3613904.3642735,Designing Haptic Feedback for Sequential Gestural Inputs,2024,chi_2024.bib,True
10.1145/3613904.3642417,Ultrasonic Mid-Air Haptics on the Face: Effects of Lateral Modulation Frequency and Amplitude on Users’ Responses,2024,chi_2024.bib,True
10.1145/3613904.3642608,"Fragmented Moments, Balanced Choices: How Do People Make Use of Their Waiting Time?",2024,chi_2024.bib,True
10.1145/3613904.3642430,Leveraging Idle Games to Incentivize Intermittent and Frequent Practice of Deep Breathing,2024,chi_2024.bib,True
10.1145/3613904.3642729,Mindful Scroll: An Infinite Scroll Abstract Colouring App for Mindfulness,2024,chi_2024.bib,True
10.1145/3613904.3641932,My Voice as a Daily Reminder: Self-Voice Alarm for Daily Goal Achievement,2024,chi_2024.bib,True
10.1145/3613904.3641986,Stairway to Heaven: A Gamified VR Journey for Breath Awareness,2024,chi_2024.bib,True
10.1145/3613904.3642859,Designing for Human Operations on the Moon: Challenges and Opportunities of Navigational HUD Interfaces,2024,chi_2024.bib,True
10.1145/3613904.3642131,Real-time 3D Target Inference via Biomechanical Simulation,2024,chi_2024.bib,True
10.1145/3613904.3642145,WAVE: Anticipatory Movement Visualization for VR Dancing,2024,chi_2024.bib,True
10.1145/3613904.3642550,Watch This! Observational Learning in VR Promotes Better Far Transfer than Active Learning for a Fine Psychomotor Task,2024,chi_2024.bib,True
10.1145/3613904.3642084,Better Definition and Calculation of Throughput and Effective Parameters for Steering to Account for Subjective Speed-accuracy Tradeoffs,2024,chi_2024.bib,True
10.1145/3613904.3642143,Design Space of Visual Feedforward And Corrective Feedback in XR-Based Motion Guidance Systems,2024,chi_2024.bib,True
10.1145/3613904.3642354,Metrics of Motor Learning for Analyzing Movement Mapping in Virtual Reality,2024,chi_2024.bib,True
10.1145/3613904.3642047,WieldingCanvas: Interactive Sketch Canvases for Freehand Drawing in VR,2024,chi_2024.bib,True
10.1145/3613904.3642665,A Way for Deaf and Hard of Hearing People to Enjoy Music by Exploring and Customizing Cross-modal Music Concepts,2024,chi_2024.bib,True
10.1145/3613904.3642153,Capturing Cancer as Music: Cancer Mechanisms Expressed through Musification,2024,chi_2024.bib,True
10.1145/3613904.3642376,MARingBA: Music-Adaptive Ringtones for Blended Audio Notification Delivery,2024,chi_2024.bib,True
10.1145/3613904.3642040,Sound Designer-Generative AI Interactions: Towards Designing Creative Support Tools for Professional Sound Designers,2024,chi_2024.bib,True
10.1145/3613904.3642433,Analyzing User Engagement with TikTok's Short Format Video Recommendations using Data Donations,2024,chi_2024.bib,True
10.1145/3613904.3642269,"How Founder Motivations, Goals, and Actions Influence Early Trajectories of Online Communities",2024,chi_2024.bib,True
10.1145/3613904.3642120,Mapping the Design Space of Teachable Social Media Feed Experiences,2024,chi_2024.bib,True
10.1145/3613904.3642520,“I Prefer Regular Visitors to Answer My Questions”: Users’ Desired Experiential Background of Contributors for Location-based Crowdsourcing Platform,2024,chi_2024.bib,True
10.1145/3613904.3642367,"Behind the Pup-ularity Curtain: Understanding the Motivations, Challenges, and Work Performed in Creating and Managing Pet Influencer Accounts",2024,chi_2024.bib,True
10.1145/3613904.3642869,Choosing What You Want Versus Getting What You Want: An Experiment with Choice in Video Ad Placement,2024,chi_2024.bib,True
10.1145/3613904.3642769,Not What it Used to Be: Characterizing Content and User-base Changes in Newly Created Online Communities,2024,chi_2024.bib,True
10.1145/3613904.3642078,Observer Effect in Social Media Use,2024,chi_2024.bib,True
10.1145/3613904.3642779,Recordkeeping in Voice-based Remote Community Engagement,2024,chi_2024.bib,True
10.1145/3613904.3642148,"""I Got Flagged for Supposed Bullying, Even Though It Was in Response to Someone Harassing Me About My Disability."": A Study of Blind TikTokers’ Content Moderation Experiences",2024,chi_2024.bib,True
10.1145/3613904.3642025,Counterspeakers’ Perspectives: Unveiling Barriers and AI Needs in the Fight against Online Hate,2024,chi_2024.bib,True
10.1145/3613904.3642045,"“It’s Not What We Were Trying to Get At, but I Think Maybe It Should Be”: Learning How to Do Trauma-Informed Design with a Data Donation Platform for Online Dating Sexual Violence",2024,chi_2024.bib,True
10.1145/3613904.3641949,"“Vulnerable, Victimized, and Objectified”: Understanding Ableist Hate and Harassment Experienced by Disabled Content Creators on Social Media",2024,chi_2024.bib,True
10.1145/3613904.3642563,Explaining It Your Way - Findings from a Co-Creative Design Workshop on Designing XAI Applications with AI End-Users from the Public Sector,2024,chi_2024.bib,True
10.1145/3613904.3642775,From Fitting Participation to Forging Relationships: The Art of Participatory ML,2024,chi_2024.bib,True
10.1145/3613904.3642160,"Generative AI in the Wild: Prospects, Challenges, and Strategies",2024,chi_2024.bib,True
10.1145/3613904.3642497,How Do Analysts Understand and Verify AI-Assisted Data Analyses?,2024,chi_2024.bib,True
10.1145/3613904.3642073,Beyond the Blink: Investigating Combined Saccadic & Blink-Suppressed Hand Redirection in Virtual Reality,2024,chi_2024.bib,True
10.1145/3613904.3642254,"Big or Small, It’s All in Your Head: Visuo-Haptic Illusion of Size-Change Using Finger-Repositioning",2024,chi_2024.bib,True
10.1145/3613904.3642085,Flicker Augmentations: Rapid Brightness Modulation for Real-World Visual Guidance using Augmented Reality,2024,chi_2024.bib,True
10.1145/3613904.3642702,STMG: A Machine Learning Microgesture Recognition System for Supporting Thumb-Based VR/AR Input,2024,chi_2024.bib,True
10.1145/3613904.3642323,TriPad: Touch Input in AR on Ordinary Surfaces with Hand Tracking Only,2024,chi_2024.bib,True
10.1145/3613904.3642786,Exploring the association between engagement with location-based game features and getting inspired about environmental issues and nature,2024,chi_2024.bib,True
10.1145/3613904.3642797,Quantifying Wrist-Aiming Habits with A Dual-Sensor Mouse: Implications for Player Performance and Workload,2024,chi_2024.bib,True
10.1145/3613904.3642611,Sweating the Details: Emotion Recognition and the Influence of Physical Exertion in Virtual Reality Exergaming,2024,chi_2024.bib,True
10.1145/3613904.3642137,Traumatizing or Just Annoying? Unveiling the Spectrum of Gamer Toxicity in the StarCraft II Community,2024,chi_2024.bib,True
10.1145/3613904.3642249,"``Backseat Gaming"" A Study of Co-Regulated Learning within a Collegiate Male Esports Community",2024,chi_2024.bib,True
10.1145/3613904.3642874,"""Things on the Ground are Different"": Utility, Survival and Ethics in Multi-Device Ownership and Smartphone Sharing Contexts",2024,chi_2024.bib,True
10.1145/3613904.3642749,A Canary in the AI Coal Mine: American Jews May Be Disproportionately Harmed by Intellectual Property Dispossession in Large Language Model Training,2024,chi_2024.bib,True
10.1145/3613904.3641890,Products of Positionality: How Tech Workers Shape Identity Concepts in Computer Vision,2024,chi_2024.bib,True
10.1145/3613904.3642942,SalChartQA: Question-driven Saliency on Information Visualisations,2024,chi_2024.bib,True
10.1145/3613904.3642056,When the Body Became Data: Historical Data Cultures and Anatomical Illustration,2024,chi_2024.bib,True
10.1145/3613904.3642014,Aligning Data with the Goals of an Organization and Its Workers: Designing Data Labeling for Social Service Case Notes,2024,chi_2024.bib,True
10.1145/3613904.3642830,Concept Induction: Analyzing Unstructured Text with High-Level Concepts Using LLooM,2024,chi_2024.bib,True
10.1145/3613904.3642452,Situating Datasets: Making Public Eviction Data Actionable for Housing Justice,2024,chi_2024.bib,True
10.1145/3613904.3642004,The Cadaver in the Machine: The Social Practices of Measurement and Validation in Motion Capture Technology,2024,chi_2024.bib,True
10.1145/3613904.3642669,"The ``Colonial Impulse"" of Natural Language Processing: An Audit of Bengali Sentiment Analysis Tools and Their Identity-based Biases",2024,chi_2024.bib,True
10.1145/3613904.3641967,Under the (neighbor)hood: Hyperlocal Surveillance on Nextdoor,2024,chi_2024.bib,True
10.1145/3613904.3642668,What You Experience is What We Collect: User Experience Based Fine-Grained Permissions for Everyday Augmented Reality,2024,chi_2024.bib,True
10.1145/3613904.3642770,What to the Muslim is Internet search: Digital Borders as Barriers to Information,2024,chi_2024.bib,True
10.1145/3613904.3642164,“I Don’t Want to Become a Number’’: Examining Different Stakeholder Perspectives on a Video-Based Monitoring System for Senior Care with Inherent Privacy Protection (by Design).,2024,chi_2024.bib,True
10.1145/3613904.3642116,"Deepfakes, Phrenology, Surveillance, and More! A Taxonomy of AI Privacy Risks",2024,chi_2024.bib,True
10.1145/3613904.3641973,Dungeons & Deepfakes: Using scenario-based role-play to study journalists' behavior towards using AI-based verification tools for video content,2024,chi_2024.bib,True
10.1145/3613904.3642103,Examining Human Perception of Generative Content Replacement in Image Privacy Protection,2024,chi_2024.bib,True
10.1145/3613904.3641999,It's Trying Too Hard To Look Real: Deepfake Moderation Mistakes and Identity-Based Bias,2024,chi_2024.bib,True
10.1145/3613904.3642382,"Non-Consensual Synthetic Intimate Imagery: Prevalence, Attitudes, and Knowledge in 10 Countries",2024,chi_2024.bib,True
10.1145/3613904.3642005,"Computing and the Stigmatized: Trust, Surveillance, and Spatial Politics with the Sex Workers in Bangladesh",2024,chi_2024.bib,True
10.1145/3613904.3642253,"Lies, Deceit, and Hallucinations: Player Perception and Expectations Regarding Trust and Deception in Games",2024,chi_2024.bib,True
10.1145/3613904.3642180,"""I know even if you don't tell me"": Understanding Users' Privacy Preferences Regarding AI-based Inferences of Sensitive Information for Personalization",2024,chi_2024.bib,True
10.1145/3613904.3642471,Kinetic Signatures: A Systematic Investigation of Movement-Based User Identification in Virtual Reality,2024,chi_2024.bib,True
10.1145/3613904.3642104,"Privacy in Immersive Extended Reality: Exploring User Perceptions, Concerns, and Coping Strategies",2024,chi_2024.bib,True
10.1145/3613904.3642831,Privacy of Default Apps in Apple’s Mobile Ecosystem,2024,chi_2024.bib,True
10.1145/3613904.3642815,PriviAware: Exploring Data Visualization and Dynamic Privacy Control Support for Data Collection in Mobile Sensing Research,2024,chi_2024.bib,True
10.1145/3613904.3642252,Websites Need Your Permission Too -- User Sentiment and Decision-Making on Web Permission Prompts in Desktop Chrome,2024,chi_2024.bib,True
10.1145/3613904.3642705,“That’s Kind of Sus(picious)”: The Comprehensiveness of Mental Health Application Users’ Privacy and Security Concerns,2024,chi_2024.bib,True
10.1145/3613904.3642208,“We Have No Security Concerns”: Understanding the Privacy-Security Nexus in Telehealth for Audiologists and Speech-Language Pathologists,2024,chi_2024.bib,True
10.1145/3613904.3642066,An Investigation of US Universities' Implementation of FERPA Student Directory Policies and Student Privacy Preferences,2024,chi_2024.bib,True
10.1145/3613904.3642500,On the Feasibility of Predicting Users' Privacy Concerns using Contextual Labels and Personal Preferences,2024,chi_2024.bib,True
10.1145/3613904.3642623,Out-of-Device Privacy Unveiled: Designing and Validating the Out-of-Device Privacy Scale (ODPS),2024,chi_2024.bib,True
10.1145/3613904.3642244,"Socially Late, Virtually Present: The Effects of Transforming Asynchronous Social Interactions in Virtual Reality",2024,chi_2024.bib,True
10.1145/3613904.3642072,The Effects of False but Stable Heart Rate Feedback on Cybersickness and User Experience in Virtual Reality,2024,chi_2024.bib,True
10.1145/3613904.3641992,Was it Real or Virtual? Confirming the Occurrence and Explaining Causes of Memory Source Confusion between Reality and Virtual Reality,2024,chi_2024.bib,True
10.1145/3613904.3642405,“I’d rather drink in VRChat”: Understanding Drinking in Social Virtual Reality,2024,chi_2024.bib,True
10.1145/3613904.3642293,Blended Whiteboard: Physicality and Reconfigurability in Remote Mixed Reality Collaboration,2024,chi_2024.bib,True
10.1145/3613904.3642844,From Real to Virtual: Exploring Replica-Enhanced Environment Transitions along the Reality-Virtuality Continuum,2024,chi_2024.bib,True
10.1145/3613904.3642395,Seated-WIP: Enabling Walking-in-Place Locomotion for Stationary Chairs in Confined Spaces,2024,chi_2024.bib,True
10.1145/3613904.3642358,SwitchSpace: Understanding Context-Aware Peeking Between VR and Desktop Interfaces,2024,chi_2024.bib,True
10.1145/3613904.3642814,Volumetric Hybrid Workspaces: Interactions with Objects in Remote and Co-located Telepresence,2024,chi_2024.bib,True
10.1145/3613904.3642322,AI-Driven Mediation Strategies for Audience Depolarisation in Online Debates,2024,chi_2024.bib,True
10.1145/3613904.3642284,"Capra: Making Use of Multiple Perspectives for Capturing, Noticing and Revisiting Hiking Experiences Over Time",2024,chi_2024.bib,True
10.1145/3613904.3642530,Help Me Reflect: Leveraging Self-Reflection Interface Nudges to Enhance Deliberativeness on Online Deliberation Platforms,2024,chi_2024.bib,True
10.1145/3613904.3642490,Viblio: Introducing Credibility Signals and Citations to Video-Sharing Platforms,2024,chi_2024.bib,True
10.1145/3613904.3642543,From Disorientation to Harmony: Autoethnographic Insights into Transformative Videogame Experiences,2024,chi_2024.bib,True
10.1145/3613904.3642662,Momentary Stressor Logging and Reflective Visualizations: Implications for Stress Management with Wearables,2024,chi_2024.bib,True
10.1145/3613904.3641968,New Understandings of Loss: Examining the Role of Reflective Technology Within Bereavement and Meaning-Making,2024,chi_2024.bib,True
10.1145/3613904.3642674,Supporting Experiential Learning in People with Gestational Diabetes Mellitus,2024,chi_2024.bib,True
10.1145/3613904.3642042,"""I Deleted It After the Overturn of Roe v. Wade"": Understanding Women's Privacy Concerns Toward Period-Tracking Apps in the Post Roe v. Wade Era",2024,chi_2024.bib,True
10.1145/3613904.3641934,Teen Reproductive Health Information Seeking and Sharing Post-Roe,2024,chi_2024.bib,True
10.1145/3613904.3642652,Unpacking the Lived Experience of Collaborative Pregnancy Tracking,2024,chi_2024.bib,True
10.1145/3613904.3642384,“Our Users' Privacy is Paramount to Us”: A Discourse Analysis of How Period and Fertility Tracking App Companies Address the Roe v Wade Overturn,2024,chi_2024.bib,True
10.1145/3613904.3642686,Designing a Card-Based Design Tool to Bridge Academic Research & Design Practice For Societal Resilience,2024,chi_2024.bib,True
10.1145/3613904.3642853,DiaryHelper: Exploring the Use of an Automatic Contextual Information Recording Agent for Elicitation Diary Study,2024,chi_2024.bib,True
10.1145/3613904.3642355,Playing with Perspectives and Unveiling the Autoethnographic Kaleidoscope in HCI – A Literature Review of Autoethnographies,2024,chi_2024.bib,True
10.1145/3613904.3642771,The Future of HCI-Policy Collaboration,2024,chi_2024.bib,True
10.1145/3613904.3642295,"""To Click or not to Click"": Back to Basic for Experience Sampling for Office Well-being in Shared Office Spaces",2024,chi_2024.bib,True
10.1145/3613904.3642397,Did You Misclick? Reversing 5-Point Satisfaction Scales Causes Unintended Responses,2024,chi_2024.bib,True
10.1145/3613904.3642833,Towards Estimating Missing Emotion Self-reports Leveraging User Similarity: A Multi-task Learning Approach,2024,chi_2024.bib,True
10.1145/3613904.3642732,Understanding fraudulence in online qualitative studies: From the researcher's perspective,2024,chi_2024.bib,True
10.1145/3613904.3642727,Who is “I”?: Subjectivity and Ethnography in HCI,2024,chi_2024.bib,True
10.1145/3613904.3642843,Better Together: The Interplay Between a Phishing Awareness Video and a Link-centric Phishing Support Tool,2024,chi_2024.bib,True
10.1145/3613904.3642951,Comparing the Use and Usefulness of Four IoT Security Labels,2024,chi_2024.bib,True
10.1145/3613904.3642493,Interdisciplinary Approaches to Cybervulnerability Impact Assessment for Energy Critical Infrastructure,2024,chi_2024.bib,True
10.1145/3613904.3641943,"The Effects of Group Discussion and Role-playing Training on Self-efficacy, Support-seeking, and Reporting Phishing Emails: Evidence from a Mixed-design Experiment",2024,chi_2024.bib,True
10.1145/3613904.3642331,Usable News Authentication: How the Presentation and Location of Cryptographic Information Impacts the Usability of Provenance Information and Perceptions of News Articles,2024,chi_2024.bib,True
10.1145/3613904.3642837,I see an IC: A Mixed-Methods Approach to Study Human Problem-Solving Processes in Hardware Reverse Engineering,2024,chi_2024.bib,True
10.1145/3613904.3642011,Is a Trustmark and QR Code Enough? The Effect of IoT Security and Privacy Label Information Complexity on Consumer Comprehension and Behavior,2024,chi_2024.bib,True
10.1145/3613904.3642310,"Mental Models, Expectations and Implications of Client-Side Scanning: An Interview Study with Experts",2024,chi_2024.bib,True
10.1145/3613904.3642506,SkullID: Through-Skull Sound Conduction based Authentication for Smartglasses,2024,chi_2024.bib,True
10.1145/3613904.3642027,VeriSMS: A Message Verification System for Inclusive Patient Outreach against Phishing Attacks,2024,chi_2024.bib,True
10.1145/3613904.3642149,Selenite: Scaffolding Online Sensemaking with Comprehensive Overviews Elicited from Large Language Models,2024,chi_2024.bib,True
10.1145/3613904.3642139,Supporting Sensemaking of Large Language Model Outputs at Scale,2024,chi_2024.bib,True
10.1145/3613904.3642934,Unraveling the Dilemma of AI Errors: Exploring the Effectiveness of Human and Machine Explanations for Large Language Models,2024,chi_2024.bib,True
10.1145/3613904.3642671,“Are You Really Sure?” Understanding the Effects of Human Self-Confidence Calibration in AI-Assisted Decision Making,2024,chi_2024.bib,True
10.1145/3613904.3642059,Dissecting users' needs for search result explanations,2024,chi_2024.bib,True
10.1145/3613904.3641969,Marco: Supporting Business Document Workflows via Collection-Centric Information Foraging with Large Language Models,2024,chi_2024.bib,True
10.1145/3613904.3642943,Natural Language Dataset Generation Framework for Visualizations Powered by Large Language Models,2024,chi_2024.bib,True
10.1145/3613904.3641971,Towards a Diffractive Analysis of Prompt-Based Generative AI,2024,chi_2024.bib,True
10.1145/3613904.3642726,Where Are We So Far? Understanding Data Storytelling Tools from the Perspective of Human-AI Collaboration,2024,chi_2024.bib,True
10.1145/3613904.3642193,Better to Ask Than Assume: Proactive Voice Assistants’ Communication Strategies That Respect User Agency in a Smart Home Environment,2024,chi_2024.bib,True
10.1145/3613904.3641991,FLUID-IoT : Flexible and Fine-Grained Access Control in Shared IoT Environments via Multi-user UI Distribution,2024,chi_2024.bib,True
10.1145/3613904.3642288,More than just informed: The importance of consent facets in smart homes,2024,chi_2024.bib,True
10.1145/3613904.3641931,Signs of the Smart City: Exploring the Limits and Opportunities of Transparency,2024,chi_2024.bib,True
10.1145/3613904.3642356,Tagnoo: Enabling Smart Room-Scale Environments with RFID-Augmented Plywood,2024,chi_2024.bib,True
10.1145/3613904.3642823,Understanding Users' Interaction with Login Notifications,2024,chi_2024.bib,True
10.1145/3613904.3642866,Who Should Hold Control? Rethinking Empowerment in Home Automation among Cohabitants through the Lens of Co-Design,2024,chi_2024.bib,True
10.1145/3613904.3642467,“You can’t write down the logic”: Bringing smart technology into the water infrastructure control room,2024,chi_2024.bib,True
10.1145/3613904.3642387,Desktop Biofibers Spinning: An Open-Source Machine for Exploring Biobased Fibers and Their Application Towards Sustainable Smart Textile Design,2024,chi_2024.bib,True
10.1145/3613904.3642718,EcoThreads: Prototyping Biodegradable E-textiles Through Thread-based Fabrication,2024,chi_2024.bib,True
10.1145/3613904.3642338,Expressive Clothing: Understanding Hobbyist-Sewers' Visions for Self-Expression Through Clothing,2024,chi_2024.bib,True
10.1145/3613904.3642759,IntelliTex: Fabricating Low-cost and Washable Functional Textiles using A Double-coating Process,2024,chi_2024.bib,True
10.1145/3613904.3642799,KnitScape: Computational Design and Yarn-Level Simulation of Slip and Tuck Colorwork Knitting Patterns,2024,chi_2024.bib,True
10.1145/3613904.3642920,Cymatics Cup: Shape-Changing Drinks by Leveraging Cymatics,2024,chi_2024.bib,True
10.1145/3613904.3642528,"Loopsense: low-scale, unobtrusive, and minimally invasive knitted force sensors for multi-modal input, enabled by selective loop-meshing",2024,chi_2024.bib,True
10.1145/3613904.3642058,"MagneSwift: Low-Cost, Interactive Shape Display Leveraging Magnetic Materials",2024,chi_2024.bib,True
10.1145/3613904.3642246,Shape-Changing Clay-Dough: Taking a Material-Oriented Approach to 3D Printing Ceramic Forms,2024,chi_2024.bib,True
10.1145/3613904.3642373,Waxpaper Actuator: Sequentially and Conditionally Programmable Wax Paper for Morphing Interfaces,2024,chi_2024.bib,True
10.1145/3613904.3642599,"""We happen to be different and different is not bad"": Designing for Intersectional Fat-Positive Information-Seeking",2024,chi_2024.bib,True
10.1145/3613904.3642509,Examining the Unique Online Risk Experiences and Mental Health Outcomes of LGBTQ+ versus Heterosexual Youth,2024,chi_2024.bib,True
10.1145/3613904.3642688,Negotiating Sociotechnical Boundaries: Moderation Work to Counter Racist Attacks in Online Communities,2024,chi_2024.bib,True
10.1145/3613904.3642893,"“Some Hope, Many Despair”: Experiences of the Normalization within Online Dating among Queer Women in a Closeted Society",2024,chi_2024.bib,True
10.1145/3613904.3642392,A Human-Centered Review of Algorithms in Homelessness Research,2024,chi_2024.bib,True
10.1145/3613904.3642895,Engaging recently incarcerated and gang affiliated Black and Latino/a young adults in designing social collocated applications for mixed reality smart glasses through community-based participatory design workshops.,2024,chi_2024.bib,True
10.1145/3613904.3642482,Evaluating the Experience of LGBTQ+ People Using Large Language Model Based Chatbots for Mental Health Support,2024,chi_2024.bib,True
10.1145/3613904.3642789,Socioeconomic Class in Physical Activity Wearables Research and Design,2024,chi_2024.bib,True
10.1145/3613904.3642962,"""Butt call me once you get a chance to chat 🙂"" : Designing Persuasive Reminders for Veterans to Facilitate Peer-Mentor Support",2024,chi_2024.bib,True
10.1145/3613904.3642034,Machine and Human Understanding of Empathy in Online Peer Support: A Cognitive Behavioral Approach,2024,chi_2024.bib,True
10.1145/3613904.3642617,Saharaline: A Collective Social Support Intervention for Teachers in Low-Income Indian Schools,2024,chi_2024.bib,True
10.1145/3613904.3642247,Transitioning Towards a Proactive Practice: A Longitudinal Field Study on the Implementation of a ML System in Adult Social Care,2024,chi_2024.bib,True
10.1145/3613904.3642900,Designing for Harm Reduction: Communication Repair for Multicultural Users' Voice Interactions,2024,chi_2024.bib,True
10.1145/3613904.3642279,Keyboard Fighters: The Use of ICTs by Activists in Times of Military Coup in Myanmar,2024,chi_2024.bib,True
10.1145/3613904.3642194,Persuasion or Insulting? Unpacking Discursive Strategies of Gender Debate in Everyday Feminism in China,2024,chi_2024.bib,True
10.1145/3613904.3642337,Seam Work and Simulacra of Societal Impact in Networking Research: A Critical Technical Practice Approach,2024,chi_2024.bib,True
10.1145/3613904.3642892,Starting a New Life after Crossing the Tumen River: How North Korean Defectors Use Digital Technology in Transition,2024,chi_2024.bib,True
10.1145/3613904.3642062,A Human-AI Collaborative Approach for Designing Sound Awareness Systems,2024,chi_2024.bib,True
10.1145/3613904.3642257,Interactive Shape Sonification for Tumor Localization in Breast Cancer Surgery,2024,chi_2024.bib,True
10.1145/3613904.3641940,Remembering through Sound: Co-creating Sound-based Mementos together with People with Blindness,2024,chi_2024.bib,True
10.1145/3613904.3642311,Using Low-frequency Sound to Create Non-contact Sensations On and In the Body,2024,chi_2024.bib,True
10.1145/3613904.3642710,Designing and Evaluating an Advanced Dance Video Comprehension Tool with In-situ Move Identification Capabilities,2024,chi_2024.bib,True
10.1145/3613904.3642346,DoodleTunes: Interactive Visual Analysis of Music-Inspired Children Doodles with Automated Feature Annotation,2024,chi_2024.bib,True
10.1145/3613904.3642677,Exploring Collaborative Movement Improvisation Towards the Design of LuminAI—a Co-Creative AI Dance Partner,2024,chi_2024.bib,True
10.1145/3613904.3642533,FabSound: Audio-Tactile and Affective Fabric Experiences Through Mid-air Haptics,2024,chi_2024.bib,True
10.1145/3613904.3642434,Understanding Feedback in Rhythmic Gymnastics Training: An Ethnographic-Informed Study of a Competition Class,2024,chi_2024.bib,True
10.1145/3613904.3642314,Constrained Highlighting in a Document Reader can Improve Reading Comprehension,2024,chi_2024.bib,True
10.1145/3613904.3642878,GazePrompt: Enhancing Low Vision People's Reading Experience with Gaze-Aware Augmentations,2024,chi_2024.bib,True
10.1145/3613904.3642839,Making Short-Form Videos Accessible with Hierarchical Video Summaries,2024,chi_2024.bib,True
10.1145/3613904.3642319,PhotoScout: Synthesis-Powered Multi-Modal Image Search,2024,chi_2024.bib,True
10.1145/3613904.3642238,“It’s Kind of Context Dependent”: Understanding Blind and Low Vision People’s Video Accessibility Preferences Across Viewing Scenarios,2024,chi_2024.bib,True
10.1145/3613904.3642699,An AI-Resilient Text Rendering Technique for Reading and Skimming Documents,2024,chi_2024.bib,True
10.1145/3613904.3642258,Caption Royale: Exploring the Design Space of Affective Captions from the Perspective of Deaf and Hard-of-Hearing Individuals,2024,chi_2024.bib,True
10.1145/3613904.3642325,From Provenance to Aberrations: Image Creator and Screen Reader User Perspectives on Alt Text for AI-Generated Images,2024,chi_2024.bib,True
10.1145/3613904.3642211,Investigating Use Cases of AI-Powered Scene Description Applications for Blind and Low Vision People,2024,chi_2024.bib,True
10.1145/3613904.3642632,SPICA: Interactive Video Content Exploration through Augmented Audio Descriptions for Blind or Low-Vision Viewers,2024,chi_2024.bib,True
10.1145/3613904.3642152,ChaCha: Leveraging Large Language Models to Prompt Children to Share Their Emotions about Personal Events,2024,chi_2024.bib,True
10.1145/3613904.3642297,For Me or Not for Me? The Ease With Which Teens Navigate Accurate and Inaccurate Personalized Social Media Content,2024,chi_2024.bib,True
10.1145/3613904.3642264,From Adolescents' Eyes: Assessing an Indicator-Based Intervention to Combat Misinformation on TikTok,2024,chi_2024.bib,True
10.1145/3613904.3642044,"Wrist-bound Guanxi, Jiazu, and Kuolie: Unpacking Chinese Adolescent Smartwatch-Mediated Socialization",2024,chi_2024.bib,True
10.1145/3613904.3642690,‘A Teaspoon of Authenticity’: Exploring How Young Adults BeReal on Social Media,2024,chi_2024.bib,True
10.1145/3613904.3642108,COR Themes for Readability from Iterative Feedback,2024,chi_2024.bib,True
10.1145/3613904.3642110,ChatDirector: Enhancing Video Conferencing with Space-Aware Scene Rendering and Speech-Driven Layout Transition,2024,chi_2024.bib,True
10.1145/3613904.3642080,Co-Designing QuickPic: Automated Topic-Specific Communication Boards from Photographs for AAC-Based Language Instruction,2024,chi_2024.bib,True
10.1145/3613904.3641911,Empowering Independence Through Design: Investigating Standard Digital Design Patterns For Easy-to-Read Users.,2024,chi_2024.bib,True
10.1145/3613904.3641893,"Lights, Camera, Access: A Closeup on Audiovisual Media Accessibility and Aphasia",2024,chi_2024.bib,True
10.1145/3613904.3642950,"""It Is Easy Using My Apps:"" Understanding Technology Use and Needs of Adults with Down Syndrome",2024,chi_2024.bib,True
10.1145/3613904.3642327,Breaking Badge: Augmenting Communication with Wearable AAC Smartbadges and Displays,2024,chi_2024.bib,True
10.1145/3613904.3642762,COMPA: Using Conversation Context to Achieve Common Ground in AAC,2024,chi_2024.bib,True
10.1145/3613904.3642746,Finding My Voice over Zoom: An Autoethnography of Videoconferencing Experience for a Person Who Stutters,2024,chi_2024.bib,True
10.1145/3613904.3642788,Voice Assistive Technology for Activities of Daily Living: Developing an Alexa Telehealth Training for Adults with Cognitive-Communication Disorders,2024,chi_2024.bib,True
10.1145/3613904.3642860,Seeking Soulmate via Voice: Understanding Promises and Challenges of Online Synchronized Voice-Based Mobile Dating,2024,chi_2024.bib,True
10.1145/3613904.3642818,Sharing Frissons among Online Video Viewers: Exploring the Design of Affective Communication for Aesthetic Chills,2024,chi_2024.bib,True
10.1145/3613904.3641980,Do We Run How We Say We Run? Formalization and Practice of Governance in OSS Communities,2024,chi_2024.bib,True
10.1145/3613904.3642541,In Between Users and Developers: Serendipitous Connections and Intermediaries in Volunteer-Driven Open-Source Software Development,2024,chi_2024.bib,True
10.1145/3613904.3642012,Pika: Empowering Non-Programmers to Author Executable Governance Policies in Online Communities,2024,chi_2024.bib,True
10.1145/3613904.3642787,Third-Party Developers and Tool Development For Community Management on Live Streaming Platform Twitch,2024,chi_2024.bib,True
10.1145/3613904.3642209,“I was able to give her the confidence”: Reciprocal Capacity Building in a Community-based Program for Digital Engagement,2024,chi_2024.bib,True
10.1145/3613904.3642752,AQuA: Automated Question-Answering in Software Tutorial Videos with Visual Anchors,2024,chi_2024.bib,True
10.1145/3613904.3642676,Meta-Manager: A Tool for Collecting and Exploring Meta Information about Code,2024,chi_2024.bib,True
10.1145/3613904.3641910,SQL Puzzles: Evaluating Micro Parsons Problems With Different Feedbacks as Practice for Novices,2024,chi_2024.bib,True
10.1145/3613904.3642683,Taking ASCII Drawings Seriously: How Programmers Diagram Code,2024,chi_2024.bib,True
10.1145/3613904.3642576,Understanding the Needs of Novice Developers in Creating Self-Powered IoT,2024,chi_2024.bib,True
10.1145/3613904.3642130,"""Do You Want Me to Participate or Not?"": Investigating the Accessibility of Software Development Meetings for Blind and Low Vision Professionals",2024,chi_2024.bib,True
10.1145/3613904.3642212,CoPrompt: Supporting Prompt Sharing and Referring in Collaborative Natural Language Programming,2024,chi_2024.bib,True
10.1145/3613904.3642596,Is Stack Overflow Obsolete? An Empirical Study of the Characteristics of ChatGPT Answers to Stack Overflow Questions,2024,chi_2024.bib,True
10.1145/3613904.3642186,MµSE: Supporting Exploration of Software-Hardware Interactions Through Examples,2024,chi_2024.bib,True
10.1145/3613904.3642721,Understanding Documentation Use Through Log Analysis: A Case Study of Four Cloud Services,2024,chi_2024.bib,True
10.1145/3613904.3642347,A Tool for Capturing Smartphone Screen Text,2024,chi_2024.bib,True
10.1145/3613904.3642772,ARTiST: Automated Text Simplification for Task Guidance in Augmented Reality,2024,chi_2024.bib,True
10.1145/3613904.3642757,Exploration of Foot-based Text Entry Techniques for Virtual Reality Environments,2024,chi_2024.bib,True
10.1145/3613904.3642569,PonDeFlick: A Japanese Text Entry on Smartwatch Commonalizing Flick Operation with Smartphone Interface,2024,chi_2024.bib,True
10.1145/3613904.3642918,CRTypist: Simulating Touchscreen Typing Behavior via Computational Rationality,2024,chi_2024.bib,True
10.1145/3613904.3642657,Sitting Posture Recognition and Feedback: A Literature Review,2024,chi_2024.bib,True
10.1145/3613904.3642555,WheelPose: Data Synthesis Techniques to Improve Pose Estimation Performance on Wheelchair Users,2024,chi_2024.bib,True
10.1145/3613904.3642473,A Browser Extension for in-place Signaling and Assessment of Misinformation,2024,chi_2024.bib,True
10.1145/3613904.3642927,Profiling the Dynamics of Trust & Distrust in Social Media: A Survey Study,2024,chi_2024.bib,True
10.1145/3613904.3641966,"Trust, Privacy, and Safety Factors Associated with Decision Making in P2P Markets Based on Social Networks: A Case Study of Facebook Marketplace in USA and Canada",2024,chi_2024.bib,True
10.1145/3613904.3642817,Uncovering Human Traits in Determining Real and Spoofed Audio: Insights from Blind and Sighted Individuals,2024,chi_2024.bib,True
10.1145/3613904.3642342,Understanding Underground Incentivized Review Services,2024,chi_2024.bib,True
10.1145/3613904.3642158,Fast-Forward Reality: Authoring Error-Free Context-Aware Policies with Real-Time Unit Tests in Extended Reality,2024,chi_2024.bib,True
10.1145/3613904.3642864,Just Undo It: Exploring Undo Mechanics in Multi-User Virtual Reality,2024,chi_2024.bib,True
10.1145/3613904.3642925,On the Benefits of Image-Schematic Metaphors when Designing Mixed Reality Systems,2024,chi_2024.bib,True
10.1145/3613904.3642399,Predicting the Noticeability of Dynamic Virtual Elements in Virtual Reality,2024,chi_2024.bib,True
10.1145/3613904.3642360,Towards Building Condition-Based Cross-Modality Intention-Aware Human-AI Cooperation under VR Environment,2024,chi_2024.bib,True
10.1145/3613904.3642426,"""I Know What You Mean"": Context-Aware Recognition to Enhance Speech-Based Games",2024,chi_2024.bib,True
10.1145/3613904.3642588,Characterizing and Quantifying Expert Input Behavior in League of Legends,2024,chi_2024.bib,True
10.1145/3613904.3642654,Screenless Interactive Tabletop Gaming with Capacitive Surface Sensing,2024,chi_2024.bib,True
10.1145/3613904.3642523,Toxicity in Online Games: The Prevalence and Efficacy of Coping Strategies,2024,chi_2024.bib,True
10.1145/3613904.3642418,Tunnel Runner: a Proof-of-principle for the Feasibility and Benefits of Facilitating Players' Sense of Control in Cognitive Assessment Games,2024,chi_2024.bib,True
10.1145/3613904.3641930,A Systematic Review of Ability-diverse Collaboration through Ability-based Lens in HCI,2024,chi_2024.bib,True
10.1145/3613904.3642777,AXNav: Replaying Accessibility Tests from Natural Language,2024,chi_2024.bib,True
10.1145/3613904.3642767,AccessLens: Auto-detecting Inaccessibility of Everyday Objects,2024,chi_2024.bib,True
10.1145/3613904.3642526,"Exploring Mobile Device Accessibility: Challenges, Insights, and Recommendations for Evaluation Methodologies",2024,chi_2024.bib,True
10.1145/3613904.3642065,Human I/O: Towards a Unified Approach to Detecting Situational Impairments,2024,chi_2024.bib,True
10.1145/3613904.3642380,A Design Space for Vision Augmentations and Augmented Human Perception using Digital Eyewear,2024,chi_2024.bib,True
10.1145/3613904.3642508,Empirical Investigation of Accessibility Bug Reports in Mobile Platforms: A Chromium Case Study,2024,chi_2024.bib,True
10.1145/3613904.3642140,RASSAR: Room Accessibility and Safety Scanning in Augmented Reality,2024,chi_2024.bib,True
10.1145/3613904.3642003,“I never realized sidewalks were a big deal”: A Case Study of a Community-Driven Sidewalk Accessibility Assessment using Project Sidewalk,2024,chi_2024.bib,True
10.1145/3613904.3642889,A Comparative Long-Term Study of Fallback Authentication Schemes,2024,chi_2024.bib,True
10.1145/3613904.3642301,A First Look into Targeted Clickbait and its Countermeasures: The Power of Storytelling,2024,chi_2024.bib,True
10.1145/3613904.3642456,Not as easy as just update: Survey of System Administrators and Patching Behaviours,2024,chi_2024.bib,True
10.1145/3613904.3642432,Self-Efficacy and Security Behavior: Results from a Systematic Review of Research Methods,2024,chi_2024.bib,True
10.1145/3613904.3642291,Understanding User-Perceived Security Risks and Mitigation Strategies in the Web3 Ecosystem,2024,chi_2024.bib,True
10.1145/3613904.3642462,DirectGPT: A Direct Manipulation Interface to Interact with Large Language Models,2024,chi_2024.bib,True
10.1145/3613904.3642335,Farsight: Fostering Responsible AI Awareness During AI Application Prototyping,2024,chi_2024.bib,True
10.1145/3613904.3641955,From Text to Self: Users’ Perception of AIMC Tools on Interpersonal Communication and Self,2024,chi_2024.bib,True
10.1145/3613904.3642076,The Effects of Perceived AI Use On Content Perceptions,2024,chi_2024.bib,True
10.1145/3613904.3642135,"“As an AI language model, I cannot”: Investigating LLM Denials of User Requests",2024,chi_2024.bib,True
10.1145/3613904.3642174,"""I know what you did last semester"": Understanding Privacy Expectations and Preferences in the Smart Campus",2024,chi_2024.bib,True
10.1145/3613904.3642863,Do You Need to Touch? Exploring Correlations between Personal Attributes and Preferences for Tangible Privacy Mechanisms,2024,chi_2024.bib,True
10.1145/3613904.3641962,Towards Understanding Family Privacy and Security Literacy Conversations at Home: Design Implications for Privacy Literacy Interfaces,2024,chi_2024.bib,True
10.1145/3613904.3642260,“It doesn’t tell me anything about how my data is used”: User Perceptions of Data Collection Purposes,2024,chi_2024.bib,True
10.1145/3613904.3642639,DynaVis: Dynamically Synthesized UI Widgets for Visualization Editing,2024,chi_2024.bib,True
10.1145/3613904.3642442,Erie: A Declarative Grammar for Data Sonification,2024,chi_2024.bib,True
10.1145/3613904.3642776,Glanceable Data Visualizations for Older Adults: Establishing Thresholds and Examining Disparities Between Age Groups,2024,chi_2024.bib,True
10.1145/3613904.3642822,Graph4GUI: Graph Neural Networks for Representing Graphical User Interfaces,2024,chi_2024.bib,True
10.1145/3613904.3642261,“It is hard to remove from my eye”: Design Makeup Residue Visualization System for Chinese Traditional Opera (Xiqu) Performers,2024,chi_2024.bib,True
10.1145/3613904.3642672,Beyond Static Labels: Unpacking Nutrition Comprehension in the Digital Age,2024,chi_2024.bib,True
10.1145/3613904.3641984,FoodCensor: Promoting Mindful Digital Food Content Consumption for People with Eating Disorders,2024,chi_2024.bib,True
10.1145/3613904.3641924,Integrating Expertise in LLMs: Crafting a Customized Nutrition Assistant with Refined Template Instructions,2024,chi_2024.bib,True
10.1145/3613904.3641993,Investigating Contextual Notifications to Drive Self-Monitoring in mHealth Apps for Weight Maintenance,2024,chi_2024.bib,True
10.1145/3613904.3642321,Predicting early user churn in a public digital weight loss intervention,2024,chi_2024.bib,True
10.1145/3613904.3642736,"""Waves Push Me to Slumberland"": Reducing Pre-Sleep Stress through Spatio-Temporal Tactile Displaying of Music.",2024,chi_2024.bib,True
10.1145/3613904.3642680,MoodCapture: Depression Detection using In-the-Wild Smartphone Images,2024,chi_2024.bib,True
10.1145/3613904.3643473,On Stress: Combining Human Factors and Biosignals to Inform the Placement and Design of a Skin-like Stress Sensor,2024,chi_2024.bib,True
10.1145/3613904.3642478,Reading Between the Lines: Identifying the Linguistic Markers of Anhedonia for the Stratification of Depression,2024,chi_2024.bib,True
10.1145/3613904.3642489,"""I'm gonna KMS"": From Imminent Risk to Youth Joking about Suicide and Self-Harm via Social Media",2024,chi_2024.bib,True
10.1145/3613904.3642766,DeepStress: Supporting Stressful Context Sensemaking in Personal Informatics Systems Using a Quasi-experimental Approach,2024,chi_2024.bib,True
10.1145/3613904.3642899,EmoEden: Applying Generative Artificial Intelligence to Emotional Learning for Children with High-Function Autism,2024,chi_2024.bib,True
10.1145/3613904.3642386,Maintaining Continuing Bonds in Bereavement: A Participatory Design Process of Be.side,2024,chi_2024.bib,True
10.1145/3613904.3642178,"“This app said I had severe depression, and now I don’t know what to do”: the unintentional harms of mental health applications",2024,chi_2024.bib,True
10.1145/3613904.3642285,Exploring an Extended Reality Floatation Tank Experience to Reduce the Fear of Being in Water,2024,chi_2024.bib,True
10.1145/3613904.3642832,S-ADL: Exploring Smartphone-based Activities of Daily Living to Detect Blood Alcohol Concentration in a Controlled Environment,2024,chi_2024.bib,True
10.1145/3613904.3642574,The Role of AI in Peer Support for Young People: A Study of Preferences for Human- and AI-Generated Responses,2024,chi_2024.bib,True
10.1145/3613904.3642411,The Social Journal: Investigating Technology to Support and Reflect on Social Interactions,2024,chi_2024.bib,True
10.1145/3613904.3642642,"“If Someone Walks In On Us Talking, Pretend to be My Friend, Not My Therapist"": Challenges and Opportunities for Digital Mental Health Support in Saudi Arabia",2024,chi_2024.bib,True
10.1145/3613904.3642595,An Iterative Participatory Design Approach to Develop Collaborative Augmented Reality Activities for Older Adults in Long-Term Care Facilities,2024,chi_2024.bib,True
10.1145/3613904.3642728,Dancing with the Roles: Towards Designing Technology that Supports the Multifaceted Roles of Caregivers for Older Adults,2024,chi_2024.bib,True
10.1145/3613904.3641892,Designing for Inclusive Experiences: Investigating Opportunities for Supporting Older Adults in Community-based Social Programs,2024,chi_2024.bib,True
10.1145/3613904.3642800,Exploring the Design of Generative AI in Supporting Music-based Reminiscence for Older Adults,2024,chi_2024.bib,True
10.1145/3613904.3642191,Deconstructing the Veneer of Simplicity: Co-Designing Introductory Generative AI Workshops with Local Entrepreneurs,2024,chi_2024.bib,True
10.1145/3613904.3641891,How Do Data Analysts Respond to AI Assistance? A Wizard-of-Oz Study,2024,chi_2024.bib,True
10.1145/3613904.3642650,"The Role of Inclusion, Control, and Ownership in Workplace AI-Mediated Communication",2024,chi_2024.bib,True
10.1145/3613904.3642959,“There is a Job Prepared for Me Here”: Understanding How Short Video and Live-streaming Platforms Empower Ageing Job Seekers in China,2024,chi_2024.bib,True
10.1145/3613904.3641964,"""If the Machine Is As Good As Me, Then What Use Am I?"" – How the Use of ChatGPT Changes Young Professionals' Perception of Productivity and Accomplishment",2024,chi_2024.bib,True
10.1145/3613904.3642667,ChunkyEdit: Text-first video interview editing via chunking,2024,chi_2024.bib,True
10.1145/3613904.3641972,"Lessons From Working in the Metaverse: Challenges, Choices, and Implications from a Case Study",2024,chi_2024.bib,True
10.1145/3613904.3642913,The Hidden Toll of Instant Messaging Use in Remote Work: Interaction Dynamics Between Subordinates and Supervisors,2024,chi_2024.bib,True
10.1145/3613904.3642175,Circle Back Next Week: The Effect of Meeting-Free Weeks on Distributed Workers’ Unstructured Time and Attention Negotiation,2024,chi_2024.bib,True
10.1145/3613904.3642774,"Exploring the Diminishing Allure of Paper and Low-Fidelity Prototyping Among Designers in the Software Industry: Impacts of Hybrid Work, Digital Tools, and Corporate Culture",2024,chi_2024.bib,True
10.1145/3613904.3642670,Mental Models of Meeting Goals: Supporting Intentionality in Meeting Technologies,2024,chi_2024.bib,True
10.1145/3613904.3642381,Reinforcing and Reclaiming The Home: Co-speculating Future Technologies to Support Remote and Hybrid Work,2024,chi_2024.bib,True
10.1145/3613904.3641928,The Impact of Social Norms on Hybrid Workers’ Well-Being: A Cross-Cultural Comparison of Japan and the United States,2024,chi_2024.bib,True
10.1145/3613904.3642685,DISCERN: Designing Decision Support Interfaces to Investigate the Complexities of Workplace Social Decision-Making With Line Managers,2024,chi_2024.bib,True
10.1145/3613904.3642469,Exploring the Effectiveness of Time-lapse Screen Recording for Self-Reflection in Work Context,2024,chi_2024.bib,True
10.1145/3613904.3642502,Practice-informed Patterns for Organising Large Groups in Distributed Mixed Reality Collaboration,2024,chi_2024.bib,True
10.1145/3613904.3642330,The Effects of Update Interval and Reveal Method on Writer Comfort in Synchronized Shared-Editors,2024,chi_2024.bib,True
10.1145/3613904.3642419,Whispering Through Walls: Towards Inclusive Backchannel Communication in Hybrid Meetings,2024,chi_2024.bib,True
10.1145/3613904.3642459,Generative Echo Chamber? Effect of LLM-Powered Search Systems on Diverse Information Seeking,2024,chi_2024.bib,True
10.1145/3613904.3641995,Odds and Insights: Decision Quality in Exploratory Data Analysis Under Uncertainty,2024,chi_2024.bib,True
10.1145/3613904.3642515,SwapVid: Integrating Video Viewing and Document Exploration with Direct Manipulation,2024,chi_2024.bib,True
10.1145/3613904.3642638,Using Open Data to Automatically Generate Localized Analogies,2024,chi_2024.bib,True
10.1145/3613904.3642267,rTisane: Externalizing conceptual models for data analysis prompts reconsideration of domain assumptions and facilitates statistical modeling,2024,chi_2024.bib,True
10.1145/3613904.3642074,Automatic Macro Mining from Interaction Traces at Scale,2024,chi_2024.bib,True
10.1145/3613904.3642754,Bridging the Gulf of Envisioning: Cognitive Challenges in Prompt Based Interactions with LLMs,2024,chi_2024.bib,True
10.1145/3613904.3642055,SEAM-EZ: Simplifying Stateful Analytics through Visual Programming,2024,chi_2024.bib,True
10.1145/3613904.3641899,ABScribe: Rapid Exploration & Organization of Multiple Writing Variations in Human-AI Co-Writing Tasks using Large Language Models,2024,chi_2024.bib,True
10.1145/3613904.3642217,Rambler: Supporting Writing With Speech via LLM-Assisted Gist Manipulation,2024,chi_2024.bib,True
10.1145/3613904.3642134,Shaping Human-AI Collaboration: Varied Scaffolding Levels in Co-writing with Language Models,2024,chi_2024.bib,True
10.1145/3613904.3641895,The HaLLMark Effect: Supporting Provenance and Transparent Use of Large Language Models in Writing with Interactive Visualization,2024,chi_2024.bib,True
10.1145/3613904.3642693,DiaryMate: Understanding User Perceptions and Experience in Human-AI Collaboration for Personal Journaling,2024,chi_2024.bib,True
10.1145/3613904.3642549,Intelligent Support Engages Writers Through Relevant Cognitive Processes,2024,chi_2024.bib,True
10.1145/3613904.3642625,"The Value, Benefits, and Concerns of Generative AI-Powered Assistance in Writing",2024,chi_2024.bib,True
10.1145/3613904.3642406,Writer-Defined AI Personas for On-Demand Feedback Generation,2024,chi_2024.bib,True
10.1145/3613904.3642414,AI-Augmented Brainwriting: Investigating the use of LLMs in group ideation,2024,chi_2024.bib,True
10.1145/3613904.3642105,CharacterMeet: Supporting Creative Writers' Entire Story Character Construction Processes Through Conversation with LLM-Powered Chatbot Avatars,2024,chi_2024.bib,True
10.1145/3613904.3642743,LegalWriter: An Intelligent Writing Support System for Structured and Persuasive Legal Case Writing for Novice Law Students,2024,chi_2024.bib,True
10.1145/3613904.3642320,PANDALens: Towards AI-Assisted In-Context Writing on OHMD During Travels,2024,chi_2024.bib,True
10.1145/3613904.3642697,A Design Space for Intelligent and Interactive Writing Assistants,2024,chi_2024.bib,True
10.1145/3613904.3642794,CreativeConnect: Supporting Reference Recombination for Graphic Design Ideation with Generative AI,2024,chi_2024.bib,True
10.1145/3613904.3642096,Neural Canvas: Supporting Scenic Design Prototyping by Integrating 3D Sketching and Generative AI,2024,chi_2024.bib,True
10.1145/3613904.3642218,The Impact of Sketch-guided vs. Prompt-guided 3D Generative AIs on the Design Exploration Process,2024,chi_2024.bib,True
10.1145/3706598.3714307,CompAct: Designing Interconnected Compliant Mechanisms with Targeted Actuation Transmissions,2025,chi_2025.bib,True
10.1145/3706598.3713866,Crafting the Curve: Automating Plaster Mold Design for Ceramic Slip Casting with Shape Cast,2025,chi_2025.bib,True
10.1145/3706598.3714312,"Dreamcrafter: Immersive Editing of 3D Radiance Fields Through Flexible, Generative Inputs and Outputs",2025,chi_2025.bib,True
10.1145/3706598.3713502,GenPara: Enhancing the 3D Design Editing Process by Inferring Users' Regions of Interest with Text-Conditional Shape Parameters,2025,chi_2025.bib,True
10.1145/3706598.3713424,Spatial Hand Actions: Exploring the Hand Actions used to Represent Spatial Thinking for 3D Assembling Tasks,2025,chi_2025.bib,True
10.1145/3706598.3714144,"""The Conduit by which Change Happens"": Processes, Barriers, and Support for Interpersonal Learning about Responsible AI",2025,chi_2025.bib,True
10.1145/3706598.3714098,AI Mismatches: Identifying Potential Algorithmic Harms Before AI Development,2025,chi_2025.bib,True
10.1145/3706598.3713292,AI Rules? Characterizing Reddit Community Policies Towards AI-Generated Content,2025,chi_2025.bib,True
10.1145/3706598.3713979,RiskRAG: A Data-Driven Solution for Improved AI Model Risk Reporting,2025,chi_2025.bib,True
10.1145/3706598.3713710,Surveillance on Exhibit: Using Problematic Technology To Teach About Problematic Technology,2025,chi_2025.bib,True
10.1145/3706598.3713429,The Dark Side of AI Companionship: A Taxonomy of Harmful Algorithmic Behaviors in Human-AI Relationships,2025,chi_2025.bib,True
10.1145/3706598.3714169,"""It's impressive, but in practice..."": Experiencing a Realistic Digital Transformation in and beyond the Classroom",2025,chi_2025.bib,True
10.1145/3706598.3713677,Designing LLM-Powered Multimodal Instructions to Support Rich Hands-on Skills Remote Learning: A Case Study with Massage Instructors and Learners,2025,chi_2025.bib,True
10.1145/3706598.3713513,From Passive Watching to Active Learning: Empowering Proactive Participation in Digital Classrooms with AI Video Assistant,2025,chi_2025.bib,True
10.1145/3706598.3713960,Learning Behaviors Mediate the Effect of AI-powered Support for Metacognitive Calibration on Learning Outcomes,2025,chi_2025.bib,True
10.1145/3706598.3714111,LitLinker: Supporting the Ideation of Interdisciplinary Contexts with Large Language Models for Teaching Literature in Elementary Schools,2025,chi_2025.bib,True
10.1145/3706598.3713349,Piecing Together Teamwork: A Responsible Approach to an LLM-based Educational Jigsaw Agent,2025,chi_2025.bib,True
10.1145/3706598.3713589,TutorUp: What If Your Students Were Simulated? Training Tutors to Address Engagement Challenges in Online Learning,2025,chi_2025.bib,True
10.1145/3706598.3714148,AIdeation: Designing a Human-AI Collaborative Ideation System for Concept Designers,2025,chi_2025.bib,True
10.1145/3706598.3713869,CoExploreDS: Framing and Advancing Collaborative Design Space Exploration Between Human and AI,2025,chi_2025.bib,True
10.1145/3706598.3714198,Human Creativity in the Age of LLMs: Randomized Experiments on Divergent and Convergent Thinking,2025,chi_2025.bib,True
10.1145/3706598.3713649,Productive vs. Reflective: How Different Ways of Integrating AI into Design Workflows Affect Cognition and Motivation,2025,chi_2025.bib,True
10.1145/3706598.3713146,Timing Matters: How Using LLMs at Different Timings Influences Writers' Perceptions and Ideation Outcomes in AI-Assisted Ideation,2025,chi_2025.bib,True
10.1145/3706598.3714120,"Understanding Screenwriters' Practices, Attitudes, and Future Expectations in Human-AI Co-Creation",2025,chi_2025.bib,True
10.1145/3706598.3713532,"Understanding the Dynamics in Deploying AI-Based Content Creation Support Tools in Broadcasting Systems - Benefits, Challenges, and Directions",2025,chi_2025.bib,True
10.1145/3706598.3713179,ARticulate: Interactive Visual Guidance for Demonstrated Rotational Degrees of Freedom in Mobile AR,2025,chi_2025.bib,True
10.1145/3706598.3713348,CARING-AI: Towards Authoring Context-aware Augmented Reality INstruction through Generative Artificial Intelligence,2025,chi_2025.bib,True
10.1145/3706598.3713415,DiminishAR: Diminishing Visual Distractions via Holographic AR Displays,2025,chi_2025.bib,True
10.1145/3706598.3713925,EchoSight: Streamlining Bidirectional Virtual-physical Interaction with In-situ Optical Tethering,2025,chi_2025.bib,True
10.1145/3706598.3714294,GazeNoter: Co-Piloted AR Note-Taking via Gaze Selection of LLM Suggestions to Match Users' Intentions,2025,chi_2025.bib,True
10.1145/3706598.3713389,PerspectAR: Addressing Perspective Distortion on Very Large Displays with Adaptive Augmented Reality Overlays,2025,chi_2025.bib,True
10.1145/3706598.3714170,"""Closer than Real"": How Social VR Platform Features Influence Friendship Dynamics",2025,chi_2025.bib,True
10.1145/3706598.3713794,Bridging Simulation and Reality: Augmented Virtuality for Mass Casualty Triage Training - From Landscape Analysis to Empirical Insights,2025,chi_2025.bib,True
10.1145/3706598.3713864,Modeling Locomotion with Body Angular Movements in Virtual Reality,2025,chi_2025.bib,True
10.1145/3706598.3713392,Modeling the Impact of Visual Stimuli on Redirection Noticeability with Gaze Behavior in Virtual Reality,2025,chi_2025.bib,True
10.1145/3706598.3714244,"Understanding ""Mutes"" in Social Virtual Reality",2025,chi_2025.bib,True
10.1145/3706598.3713628,Understanding Social Interactions in Reality Versus Virtuality,2025,chi_2025.bib,True
10.1145/3706598.3714121,"""I'd Never Actually Realized How Big An Impact It Had Until Now"": Perspectives of University Students with Disabilities on Generative Artificial Intelligence",2025,chi_2025.bib,True
10.1145/3706598.3713808,"""The Internet is Hard. Is Words"": Investigating Information Search Difficulties Experienced by People with Aphasia and Strategies for Combatting Them",2025,chi_2025.bib,True
10.1145/3706598.3713421,Accessibility for Whom? Perceptions of Mobility Barriers Across Disability Groups and Implications for Designing Personalized Maps,2025,chi_2025.bib,True
10.1145/3706598.3713335,CodeA11y: Making AI Coding Assistants Useful for Accessible Web Development,2025,chi_2025.bib,True
10.1145/3706598.3713784,Inaccessible and Deceptive: Examining Experiences of Deceptive Design with People Who Use Visual Accessibility Technology,2025,chi_2025.bib,True
10.1145/3706598.3713302,The Dilemma of Building Do-It-Yourself (DIY) Solutions For Workplace Accessibility,2025,chi_2025.bib,True
10.1145/3706598.3713084,Towards More Accessible Scientific PDFs for People with Visual Impairments: Step-by-Step PDF Remediation to Improve Tag Accuracy,2025,chi_2025.bib,True
10.1145/3706598.3713624,"""Even Though I Went Through Everything, I Didn't Feel Like I Learned a Lot"": Insights From Experiences of Non-Computer Science Students Learning to Code",2025,chi_2025.bib,True
10.1145/3706598.3713353,CPVis: Evidence-based Multimodal Learning Analytics for Evaluation in Collaborative Programming,2025,chi_2025.bib,True
10.1145/3706598.3714104,InterLink: Linking Text with Code and Output in Computational Notebooks,2025,chi_2025.bib,True
10.1145/3706598.3713832,PLAID: Supporting Computing Instructors to Identify Domain-Specific Programming Plans at Scale,2025,chi_2025.bib,True
10.1145/3706598.3713620,Pagebreaks: Multi-Cell Scopes in Computational Notebooks,2025,chi_2025.bib,True
10.1145/3706598.3713472,"Slowness, Politics, and Joy: Values That Guide Technology Choices in Creative Coding Classrooms",2025,chi_2025.bib,True
10.1145/3706598.3713446,Understanding the Challenges Students Face in Non-English Programming Environments Due to the Programming Language Transition: A Case Study of Keywords in the Chinese Version of Scratch,2025,chi_2025.bib,True
10.1145/3706598.3714311,"""You Can Fool Me, You Can’t Fool Her!"": Autoethnographic Insights from Equine-Assisted Interventions to Inform Therapeutic Robot Design",2025,chi_2025.bib,True
10.1145/3706598.3714233,DreamGarden: A Designer Assistant for Growing Games from a Single Prompt,2025,chi_2025.bib,True
10.1145/3706598.3713359,Leveraging AI-Generated Emotional Self-Voice to Nudge People towards their Ideal Selves,2025,chi_2025.bib,True
10.1145/3706598.3714317,Persistent Assistant: Seamless Everyday AI Interactions via Intent Grounding and Multimodal Feedback,2025,chi_2025.bib,True
10.1145/3706598.3714210,Beyond Visual Perception: Insights from Smartphone Interaction of Visually Impaired Users with Large Multimodal Models,2025,chi_2025.bib,True
10.1145/3706598.3713433,Everyday Uncertainty: How Blind People Use GenAI Tools for Information Access,2025,chi_2025.bib,True
10.1145/3706598.3713965,Lessons from Real-World Settings: What Makes It Uniquely Difficult to Design Cognitive Training Programs for Children with Autism Spectrum Disorder and Other Developmental Disabilities,2025,chi_2025.bib,True
10.1145/3706598.3714296,"Perceptions and Preferences: Deaf ASL-Signing Users' Insights on Video Elements, Styles and Layouts",2025,chi_2025.bib,True
10.1145/3706598.3713238,Speculating Deaf Tech: Reimagining Technologies Centering Deaf People,2025,chi_2025.bib,True
10.1145/3706598.3713721,SpellRing: Recognizing Continuous Fingerspelling in American Sign Language using a Ring,2025,chi_2025.bib,True
10.1145/3706598.3713304,Tactile Emotions: Multimodal Affective Captioning with Haptics Improves Narrative Engagement for d/Deaf and Hard-of-Hearing Viewers,2025,chi_2025.bib,True
10.1145/3706598.3713402,A Longitudinal Study on the Effects of Circadian Fatigue on Sound Source Identification and Localization using a Heads-Up Display,2025,chi_2025.bib,True
10.1145/3706598.3713600,AppAgent: Multimodal Agents as Smartphone Users,2025,chi_2025.bib,True
10.1145/3706598.3713911,OnomaCap: Making Non-speech Sound Captions Accessible and Enjoyable through Onomatopoeic Sound Representation,2025,chi_2025.bib,True
10.1145/3706598.3713294,SPECTRA: Personalizable Sound Recognition for Deaf and Hard of Hearing Users through Interactive Machine Learning,2025,chi_2025.bib,True
10.1145/3706598.3713631,SpeechCompass: Enhancing Mobile Captioning with Diarization and Directional Guidance via Multi-Microphone Localization,2025,chi_2025.bib,True
10.1145/3706598.3713786,Sprayable Sound: Exploring the Experiential and Design Potential of Physically Spraying Sound Interaction,2025,chi_2025.bib,True
10.1145/3706598.3714268,Weaving Sound Information to Support Real-Time Sensemaking of Auditory Environments: Co-Designing with a DHH User,2025,chi_2025.bib,True
10.1145/3706598.3713707,Actual Achieved Gain and Optimal Perceived Gain: Modeling Human Take-over Decisions Towards Automated Vehicles' Suggestions,2025,chi_2025.bib,True
10.1145/3706598.3714323,Augmented Journeys: Interactive Points of Interest for In-Car Augmented Reality,2025,chi_2025.bib,True
10.1145/3706598.3713185,Blending the Worlds: An evaluation of World-Fixed Visual Appearances in Automotive Augmented Reality,2025,chi_2025.bib,True
10.1145/3706598.3713373,I Want to Break Free: Enabling User-Applied Active Locomotion in In-Car VR through Contextual Cues,2025,chi_2025.bib,True
10.1145/3706598.3714187,Improving External Communication of Automated Vehicles Using Bayesian Optimization,2025,chi_2025.bib,True
10.1145/3706598.3713476,Introducing ROADS: A Systematic Comparison of Remote Control Interaction Concepts for Automated Vehicles at Road Works,2025,chi_2025.bib,True
10.1145/3706598.3713412,"evARything, evARywhere, all at once: Exploring Scalable Holistic Autonomous Vehicle-Cyclist Interfaces",2025,chi_2025.bib,True
10.1145/3706598.3714301,Explanations Help: Leveraging Human Capabilities to Detect Cyberattacks on Automated Vehicles,2025,chi_2025.bib,True
10.1145/3706598.3714007,Moving Beyond the Simulator: Interaction-Based Drunk Driving Detection in a Real Vehicle Using Driver Monitoring Cameras and Real-Time Vehicle Data,2025,chi_2025.bib,True
10.1145/3706598.3713514,OptiCarVis: Improving Automated Vehicle Functionality Visualizations Using Bayesian Optimization to Enhance User Experience,2025,chi_2025.bib,True
10.1145/3706598.3713509,People Attribute Purpose to Autonomous Vehicles When Explaining Their Behavior: Insights from Cognitive Science for Explainable AI,2025,chi_2025.bib,True
10.1145/3706598.3713188,"Predicting Trust In Autonomous Vehicles: Modeling Young Adult Psychosocial Traits, Risk-Benefit Attitudes, And Driving Factors With Machine Learning",2025,chi_2025.bib,True
10.1145/3706598.3713806,Trust and Visual Focus in Automated Vehicles: A Comparative Study of Beginner and Experienced Drivers,2025,chi_2025.bib,True
10.1145/3706598.3713088,"What Did My Car Say? Impact of Autonomous Vehicle Explanation Errors and Driving Context On Comfort, Reliance, Satisfaction, and Driving Confidence",2025,chi_2025.bib,True
10.1145/3706598.3713991,"""That Moment of Curiosity"": Augmented Reality Face Filters for Transgender Identity Exploration, Gender Affirmation, and Radical Possibility",2025,chi_2025.bib,True
10.1145/3706598.3713942,De-centering Inclusivity: Fitting Design for Aut-Ethnography,2025,chi_2025.bib,True
10.1145/3706598.3713802,Facilitators and Barriers of Wearable Stress Management Technology: A Narrative Review of User Perspectives,2025,chi_2025.bib,True
10.1145/3706598.3713805,Mining Evidence about Your Symptoms: Mitigating Availability Bias in Online Self-Diagnosis,2025,chi_2025.bib,True
10.1145/3706598.3713737,Unhealthy Comparisons to Promote Healthy Behavior? Exploring the Impact of Social Comparison Strategies in Personal Informatics.,2025,chi_2025.bib,True
10.1145/3706598.3713636,Voice by the Non-sighted: Practices and Challenges of Audiobook Voice Actors with Blind and Low Vision in China,2025,chi_2025.bib,True
10.1145/3706598.3713850,"""Who is running it?"" Towards Equitable AI Deployment in Home Care Work",2025,chi_2025.bib,True
10.1145/3706598.3713086,Exploring Data-Driven Advocacy in Home Health Care Work,2025,chi_2025.bib,True
10.1145/3706598.3713182,Flexible Platforms? An Ethnographic Study of Flexible Scheduling in Platform-Mediated Delivery,2025,chi_2025.bib,True
10.1145/3706598.3714398,"Gig2Gether: Datasharing to Empower, Unify and Demystify Gig Work",2025,chi_2025.bib,True
10.1145/3706598.3714206,Letters from Future Self: Augmenting the Letter-Exchange Exercise with LLM-based Agents to Enhance Young Adults' Career Exploration,2025,chi_2025.bib,True
10.1145/3706598.3713278,Nurturing Capabilities: Unpacking the Gap in Human-Centered Evaluations of AI-Based Systems,2025,chi_2025.bib,True
10.1145/3706598.3715271,Walk in Their Shoes to Navigate Your Own Path: Learning About Procrastination Through A Serious Game,2025,chi_2025.bib,True
10.1145/3706598.3713242,"""I am a Technology Creator"": Black Girls as Technosocial Change Agents in a Culturally-Responsive Robotics Camp",2025,chi_2025.bib,True
10.1145/3706598.3714081,Designed & Discovered Euphoria: Insights from Trans-Femme Players' Experiences of Gender Euphoria in Video Games,2025,chi_2025.bib,True
10.1145/3706598.3713702,Hidden in Plain Sight: a Structured Analysis of Privacy Policies in the Context of Body-worn 'FemTech' Technologies,2025,chi_2025.bib,True
10.1145/3706598.3713236,"Saying No to ""Yes Means Yes"": Limitations of Affirmative Consent for Mitigating Unwanted Behavior Online According to Women and LGBTQIA+ Stakeholders",2025,chi_2025.bib,True
10.1145/3706598.3714011,The Unintended Costs of Platform Interventions: Black-Owned Restaurants and Yelp Reputation,2025,chi_2025.bib,True
10.1145/3706598.3713842,Why Can't Black Women Just Be?: Black Femme Content Creators Navigating Algorithmic Monoliths,2025,chi_2025.bib,True
10.1145/3706598.3714059,“It feels like we're not meeting the criteria”: Examining and Mitigating the Cascading Effects of Bias in Automatic Speech Recognition in Spoken Language Interfaces.,2025,chi_2025.bib,True
10.1145/3706598.3714029,BallistoBud: Heart Rate Variability Monitoring using Earbud Accelerometry for Stress Assessment,2025,chi_2025.bib,True
10.1145/3706598.3713742,ECG Necklace: Low-power Wireless Necklace for Continuous ECG monitoring,2025,chi_2025.bib,True
10.1145/3706598.3713512,Exploring Flow in Real-World Knowledge Work Using Discrete cEEGrid Sensors,2025,chi_2025.bib,True
10.1145/3706598.3714185,ID.EARS: One-Ear EEG Device with Biosignal Noise for Real-Time Gesture Recognition and Various Interactions,2025,chi_2025.bib,True
10.1145/3706598.3713856,PPG Earring: Wireless Smart Earring for Heart Health Monitoring,2025,chi_2025.bib,True
10.1145/3706598.3713211,PalateTouch : Enabling Palate as a Touchpad to Interact with Earphones Using Acoustic Sensing,2025,chi_2025.bib,True
10.1145/3706598.3713221,Becoming One with Kuddi: Touching Data through an Intimate Data Physicalisation,2025,chi_2025.bib,True
10.1145/3706598.3714032,Designing Touch Technologies for and with Bodies in Menstrual Discomfort,2025,chi_2025.bib,True
10.1145/3706598.3714175,Identifying Critical Points of Departure for the Design of Self-Fashioning Technologies,2025,chi_2025.bib,True
10.1145/3706598.3713247,Integrating Technology into Self-Management Ecosystems: Young Adults with Type 1 Diabetes in the UK using Smartwatches,2025,chi_2025.bib,True
10.1145/3706598.3714150,Technical Responses To Critique: The Case Of Skin Tone,2025,chi_2025.bib,True
10.1145/3706598.3713607,The Body as Its Own Best Sensor - An Autoethnographic Study of the Sensitivities of the Body in Long-Distance Running,2025,chi_2025.bib,True
10.1145/3706598.3713466,Toward Feminist Ways of Sensing the Menstruating Body,2025,chi_2025.bib,True
10.1145/3706598.3713368,CT4ALL: Towards Putting Teachers in the Loop to Advance Automated Computational Thinking Metric Assessments in Game-Based Learning,2025,chi_2025.bib,True
10.1145/3706598.3713870,Exploring Security and Privacy Discourse on Twitter During the `Justice Pour Nahel' Movement in France,2025,chi_2025.bib,True
10.1145/3706598.3713644,Playing Dumb to Get Smart: Creating and Evaluating an LLM-based Teachable Agent within University Computer Science Classes,2025,chi_2025.bib,True
10.1145/3706598.3713843,"Social Wearables Edu-Larp: Insights From a Novel Camp Combining Crafting, Coding, and Larping Aimed at Non-traditional Steam Participants",2025,chi_2025.bib,True
10.1145/3706598.3713260,Tangible-MakeCode: Bridging Physical Coding Blocks with a Web-Based Programming Interface for Collaborative and Extensible Learning,2025,chi_2025.bib,True
10.1145/3706598.3713611,"""They're Scamming Me"": How Children Experience and Conceptualize Harm in Game Monetization",2025,chi_2025.bib,True
10.1145/3706598.3713602,CharacterCritique: Supporting Children's Development of Critical Thinking through Multi-Agent Interaction in Story Reading,2025,chi_2025.bib,True
10.1145/3706598.3714037,Escape or D13: Understanding Youth Perspectives of AI through Educational Game Co-design,2025,chi_2025.bib,True
10.1145/3706598.3713836,Noel: A Chatbot Persona to Support Children Designing for Others,2025,chi_2025.bib,True
10.1145/3706598.3713687,Oral History and Qualitative Analysis with Youth: Cultivating Attachments to Create Publics,2025,chi_2025.bib,True
10.1145/3706598.3713268,"The Good, The Bad and The Ugly: The Opportunities, Challenges and the Mitigation Strategies of the Young Indigenous Social Media Users of the Chittagong Hill Tracts in Bangladesh",2025,chi_2025.bib,True
10.1145/3706598.3713262,Understanding Children's Avatar Making in Social Online Games,2025,chi_2025.bib,True
10.1145/3706598.3713853,Breaking Barriers or Building Dependency? Exploring Team-LLM Collaboration in AI-infused Classroom Debate,2025,chi_2025.bib,True
10.1145/3706598.3713971,Co-designing Large Language Model Tools for Project-Based Learning with K12 Educators,2025,chi_2025.bib,True
10.1145/3706598.3714146,Exploring Multimodal Generative AI for Education through Co-design Workshops with Students,2025,chi_2025.bib,True
10.1145/3706598.3713690,Integrating Virtual Reality Head-Mounted Displays into Higher Education Classrooms on a Large Scale,2025,chi_2025.bib,True
10.1145/3706598.3714065,MaRginalia: Enabling In-person Lecture Capturing and Note-taking Through Mixed Reality,2025,chi_2025.bib,True
10.1145/3706598.3713169,Student Agency and Punishment Logics in Imagined Future Classroom Technologies,2025,chi_2025.bib,True
10.1145/3706598.3714313,Unlocking Scientific Concepts: How Effective Are LLM-Generated Analogies for Student Understanding and Classroom Practice?,2025,chi_2025.bib,True
10.1145/3706598.3713720,CreepyCoCreator? Investigating AI Representation Modes for 3D Object Co-Creation in Virtual Reality,2025,chi_2025.bib,True
10.1145/3706598.3714057,IdeaSynth: Iterative Research Idea Development Through Evolving and Composing Idea Facets with Literature-Grounded Feedback,2025,chi_2025.bib,True
10.1145/3706598.3713375,IdeationWeb: Tracking the Evolution of Design Ideas in Human-AI Co-Creation,2025,chi_2025.bib,True
10.1145/3706598.3713289,LADICA: A Large Shared Display Interface for Generative AI Cognitive Assistance in Co-located Team Collaboration,2025,chi_2025.bib,True
10.1145/3706598.3714051,PromptHive: Bringing Subject Matter Experts Back to the Forefront with Collaborative Prompt Engineering for Educational Content Creation,2025,chi_2025.bib,True
10.1145/3706598.3714034,Proxona: Supporting Creators' Sensemaking and Ideation with LLM-Powered Audience Personas,2025,chi_2025.bib,True
10.1145/3706598.3713259,Seeking Inspiration through Human-LLM Interaction,2025,chi_2025.bib,True
10.1145/3706598.3713250,"'It's a spectrum': Exploring Autonomy, Competence, and Relatedness in Software Development Processes and Tools",2025,chi_2025.bib,True
10.1145/3706598.3713357,Assistance or Disruption? Exploring and Evaluating the Design and Trade-offs of Proactive AI Programming Support,2025,chi_2025.bib,True
10.1145/3706598.3714154,Beyond Code Generation: LLM-supported Exploration of the Program Design Space,2025,chi_2025.bib,True
10.1145/3706598.3714141,Enhancing Computational Notebooks with Code+Data Space Versioning,2025,chi_2025.bib,True
10.1145/3706598.3713175,HaptiCoil: Soft Programmable Buttons with Hydraulically Coupled Haptic Feedback and Sensing,2025,chi_2025.bib,True
10.1145/3706598.3713581,Interactive Debugging and Steering of Multi-Agent AI Systems,2025,chi_2025.bib,True
10.1145/3706598.3714155,LogoMotion: Visually-Grounded Code Synthesis for Creating and Editing Animation,2025,chi_2025.bib,True
10.1145/3706598.3713829,"""Ronaldo's a poser!"": How the Use of Generative AI Shapes Debates in Online Forums",2025,chi_2025.bib,True
10.1145/3706598.3713568,"Back to the 1990s, BeeperRedux!: Revisiting Retro Technology to Reflect Communication Quality and Experience in the Digital Age",2025,chi_2025.bib,True
10.1145/3706598.3713674,Quantifying Social Connection With Verbal and Non-Verbal Behaviors in Virtual Reality Conversations,2025,chi_2025.bib,True
10.1145/3706598.3713749,Social-RAG: Retrieving from Group Interactions to Socially Ground AI Generation,2025,chi_2025.bib,True
10.1145/3706598.3714228,Toward Enabling Natural Conversation with Older Adults via the Design of LLM-Powered Voice Agents that Support Interruptions and Backchannels,2025,chi_2025.bib,True
10.1145/3706598.3713943,Women Security Experts Are Not The Enemy: A Qualitative Study on Gender-Related Communication Challenges,2025,chi_2025.bib,True
10.1145/3706598.3714192,"""It Actually Doesn't Feel Very Mutual:"" How Technology Impacts the Values of Mutual Aid Groups in Practice",2025,chi_2025.bib,True
10.1145/3706598.3713383,Exploring Design Spaces to Facilitate Household Collaboration for Cohabiting Couples,2025,chi_2025.bib,True
10.1145/3706598.3713640,InsightBridge: Enhancing Empathizing with Users through Real-Time Information Synthesis and Visual Communication,2025,chi_2025.bib,True
10.1145/3706598.3713562,Interpersonal Synchrony Over a Distance - the Effect of Network Noise on Synchronization and its Prosocial Consequences,2025,chi_2025.bib,True
10.1145/3706598.3713091,Into the Unknown: Leveraging Conversational AI in Supporting Young Migrants' Journeys Towards Cultural Adaptation,2025,chi_2025.bib,True
10.1145/3706598.3713757,Relational AI: Facilitating Intergroup Cooperation with Socially Aware Conversational Support,2025,chi_2025.bib,True
10.1145/3706598.3713219,Understanding and Supporting Peer Review Using AI-reframed Positive Summary,2025,chi_2025.bib,True
10.1145/3706598.3713114,"""I have never seen that for Deaf people's content:"" Deaf and Hard-of-Hearing User Experiences with Misinformation, Moderation, and Debunking on Social Media in the US",2025,chi_2025.bib,True
10.1145/3706598.3713997,"""Ignorance is not Bliss"": Designing Personalized Moderation to Address Ableist Hate on Social Media",2025,chi_2025.bib,True
10.1145/3706598.3713226,"""We're utterly ill-prepared to deal with something like this"": Teachers' Perspectives on Student Generation of Synthetic Nonconsensual Explicit Imagery",2025,chi_2025.bib,True
10.1145/3706598.3713998,Lost in Moderation: How Commercial Content Moderation APIs Over- and Under-Moderate Group-Targeted Hate Speech and Linguistic Variations,2025,chi_2025.bib,True
10.1145/3706598.3713662,The End of Trust and Safety?: Examining the Future of Content Moderation and Upheavals in Professional Online Safety Efforts,2025,chi_2025.bib,True
10.1145/3706598.3714013,The Virtual Jail: Content Moderation Challenges Faced by Chinese Queer Content Creators on Douyin,2025,chi_2025.bib,True
10.1145/3706598.3713150,Who should set the Standards? Analysing Censored Arabic Content on Facebook during the Palestine-Israel Conflict,2025,chi_2025.bib,True
10.1145/3706598.3713890,Content-Driven Local Response: Supporting Sentence-Level and Message-Level Mobile Email Replies With and Without AI,2025,chi_2025.bib,True
10.1145/3706598.3714222,Conversation Progress Guide : UI System for Enhancing Self-Efficacy in Conversational AI,2025,chi_2025.bib,True
10.1145/3706598.3713578,Designing Conversational AI for Aging: A Systematic Review of Older Adults' Perceptions and Needs,2025,chi_2025.bib,True
10.1145/3706598.3713503,Developing a Social Support Framework: Understanding the Reciprocity in Human-Chatbot Relationship,2025,chi_2025.bib,True
10.1145/3706598.3713760,Proactive Conversational Agents with Inner Thoughts,2025,chi_2025.bib,True
10.1145/3706598.3714016,Understanding and Supporting Formal Email Exchange by Answering AI-Generated Questions,2025,chi_2025.bib,True
10.1145/3706598.3713696,4D Bioforming with Bees: An Industry-Compatible Prototyping Method for Polymorphic Honeycomb Creation,2025,chi_2025.bib,True
10.1145/3706598.3713818,Amuse: Human-AI Collaborative Songwriting with Multimodal Inspirations,2025,chi_2025.bib,True
10.1145/3706598.3713401,Compositional Structures as Substrates for Human-AI Co-creation Environment: A Design Approach and A Case Study,2025,chi_2025.bib,True
10.1145/3706598.3714242,Paratrouper: Exploratory Creation of Character Cast Visuals Using Generative AI,2025,chi_2025.bib,True
10.1145/3706598.3713449,Reflecting on Design Paradigms of Animated Data Video Tools,2025,chi_2025.bib,True
10.1145/3706598.3714217,VAction: A Lightweight and Integrated VR Training System for Authentic Film-Shooting Experience,2025,chi_2025.bib,True
10.1145/3706598.3713305,XCam: Mixed-Initiative Virtual Cinematography for Live Production of Virtual Reality Experiences,2025,chi_2025.bib,True
10.1145/3706598.3714257,"""You'll Be Alice Adventuring in Wonderland!"" Processes, Challenges, and Opportunities of Creating Animated Virtual Reality Stories",2025,chi_2025.bib,True
10.1145/3706598.3713233,Catalyst for Creativity or a Hollow Trend?: A Cross-Level Perspective on The Role of Generative AI in Design,2025,chi_2025.bib,True
10.1145/3706598.3713886,CreAItive Collaboration? Users' Misjudgment of AI-Creativity Affects Their Collaborative Performance,2025,chi_2025.bib,True
10.1145/3706598.3713894,Exploring the Needs of Practising Musicians in Co-Creative AI Through Co-Design,2025,chi_2025.bib,True
10.1145/3706598.3713799,"Governance of Generative AI in Creative Work: Consent, Credit, Compensation, and Beyond",2025,chi_2025.bib,True
10.1145/3706598.3713447,How Do Hackathons Foster Creativity? Towards Automated Evaluation of Creativity at Scale,2025,chi_2025.bib,True
10.1145/3706598.3713952,Mentigo: An Intelligent Agent for Mentoring Students in the Creative Problem Solving Process,2025,chi_2025.bib,True
10.1145/3706598.3713510,"""Ethics is not neutral"": Understanding Ethical and Responsible AI Design from the Lenses of Black Youth",2025,chi_2025.bib,True
10.1145/3706598.3714049,AI and Non-Western Art Worlds: Reimagining Critical AI Futures through Artistic Inquiry and Situated Dialogue,2025,chi_2025.bib,True
10.1145/3706598.3713854,"Copying style, Extracting value: Illustrators' Perception of AI Style Transfer and its Impact on Creative Labor",2025,chi_2025.bib,True
10.1145/3706598.3713254,Empowering Adults with AI Literacy: Using Short Videos to Transform Understanding and Harness Fear for Critical Thinking,2025,chi_2025.bib,True
10.1145/3706598.3713322,Fictional Failures and Real-World Lessons: Ethical Speculation Through Design Fiction on Emotional Support Conversational AI,2025,chi_2025.bib,True
10.1145/3706598.3713137,Generative AI as a Playful yet Offensive Tourist: Exploring Tensions Between Playful Features and Citizen Concerns in Designing Urban Play,2025,chi_2025.bib,True
10.1145/3706598.3714227,How CO2STLY Is CHI? The Carbon Footprint of Generative AI in HCI Research and What We Should Do About It,2025,chi_2025.bib,True
10.1145/3706598.3714305,Crowdsourced Think-Aloud Studies,2025,chi_2025.bib,True
10.1145/3706598.3714240,Deploying and Examining Beacon for At-Home Patient Self-Monitoring with Critical Flicker Frequency,2025,chi_2025.bib,True
10.1145/3706598.3713695,Describing Explored Places through OpenStreetMap Data,2025,chi_2025.bib,True
10.1145/3706598.3713317,Friend or Foe? Navigating and Re-configuring “Snipers' Alley“,2025,chi_2025.bib,True
10.1145/3706598.3713575,"Snap, Sweat, and Sketch: Designing Home Exercise Experiences for Augmented Reality Head-mounted Displays",2025,chi_2025.bib,True
10.1145/3706598.3714195,Towards Fair and Equitable Incentives to Motivate Paid and Unpaid Crowd Contributions,2025,chi_2025.bib,True
10.1145/3706598.3713978,Why does Automation Adoption in Organizations Remain a Fallacy?: Scrutinizing Practitioners' Imaginaries in an International Airport,2025,chi_2025.bib,True
10.1145/3706598.3713124,"""It's about Research. It's Not about Language"": Understanding and Designing for Mitigating Non-Native English-Speaking Presenters' Challenges in Live Q&A Sessions at Academic Conferences",2025,chi_2025.bib,True
10.1145/3706598.3713451,All-inclusive TORs: Cross-Cultural and Age-Sensitive Design for Take-Over Requests in Level 3 Cars,2025,chi_2025.bib,True
10.1145/3706598.3713407,Around the World in 60 Cyclists: Evaluating Autonomous Vehicle-Cyclist Interfaces Across Cultures,2025,chi_2025.bib,True
10.1145/3706598.3713622,Toward Language Justice: Exploring Multilingual Captioning for Accessibility,2025,chi_2025.bib,True
10.1145/3706598.3713542,Towards Youth-Sensitive Hateful Content Reporting: An Inclusive Focus Group Study in Germany,2025,chi_2025.bib,True
10.1145/3706598.3713196,"Wordplay: Accessible, Multilingual, Interactive Typography",2025,chi_2025.bib,True
10.1145/3706598.3713666,"""They've Over-Emphasized That One Search"": Controlling Unwanted Content on TikTok's For You Page",2025,chi_2025.bib,True
10.1145/3706598.3713776,A Comparative Study of How People With and Without ADHD Recognise and Avoid Dark Patterns on Social Media,2025,chi_2025.bib,True
10.1145/3706598.3714138,Dark Patterns in the Opt-Out Process and Compliance with the California Consumer Privacy Act (CCPA),2025,chi_2025.bib,True
10.1145/3706598.3713493,From Awareness to Action: The Effects of Experiential Learning on Educating Users about Dark Patterns,2025,chi_2025.bib,True
10.1145/3706598.3713828,"Getting Trapped in Amazon's ""Iliad Flow"": A Foundation for the Temporal Analysis of Dark Patterns",2025,chi_2025.bib,True
10.1145/3706598.3714197,Placebo Effect of Control Settings in Feeds Are Not Always Strong,2025,chi_2025.bib,True
10.1145/3706598.3714128,Chatbots for Data Collection in Surveys: A Comparison of Four Theory-Based Interview Probes,2025,chi_2025.bib,True
10.1145/3706598.3714092,Data Bias Recognition in Museum Settings: Framework Development and Contributing Factors,2025,chi_2025.bib,True
10.1145/3706598.3713809,Effects of Alternative Scatterplot Designs on Belief,2025,chi_2025.bib,True
10.1145/3706598.3713525,Stills from the Inner Ear Shorts: Collecting and Living with Data,2025,chi_2025.bib,True
10.1145/3706598.3713504,Surrendering to Powerlesness: Governing Personal Data Flows in Generative AI,2025,chi_2025.bib,True
10.1145/3706598.3714265,TangibleNet: Synchronous Network Data Storytelling through Tangible Interactions in Augmented Reality,2025,chi_2025.bib,True
10.1145/3706598.3713941,"""I'm not as afraid as a woman might be about sharing my exact location:"" On the Intersection of Identity and Privacy Concerns in Fitness Tracking",2025,chi_2025.bib,True
10.1145/3706598.3713245,Exploring the use of Speculative Concept Films for Co-Speculation around Data Ethics,2025,chi_2025.bib,True
10.1145/3706598.3713654,"Out of Sight, Out of Mind? Exploring Data Protection Practices for Personal Data in Usable Security & Privacy Studies",2025,chi_2025.bib,True
10.1145/3706598.3713540,Privacy Perceptions of Custom GPTs by Users and Creators,2025,chi_2025.bib,True
10.1145/3706598.3714074,Raising Awareness of Location Information Vulnerabilities in Social Media Photos using LLMs,2025,chi_2025.bib,True
10.1145/3706598.3713912,The Illusion of Privacy: Investigating User Misperceptions in Browser Tracking Protection,2025,chi_2025.bib,True
10.1145/3706598.3713783,Understanding Users' Perception of Personally Identifiable Information,2025,chi_2025.bib,True
10.1145/3706598.3714085,ChainBuddy: An AI-assisted Agent System for Generating LLM Pipelines,2025,chi_2025.bib,True
10.1145/3706598.3713273,No Evidence for LLMs Being Useful in Problem Reframing,2025,chi_2025.bib,True
10.1145/3706598.3713633,Ontologies in Design: How Imagining a Tree Reveals Possibilities and Assumptions in Large Language Models,2025,chi_2025.bib,True
10.1145/3706598.3713701,Rescriber: Smaller-LLM-Powered User-Led Data Minimization for LLM-Based Chatbots,2025,chi_2025.bib,True
10.1145/3706598.3714113,VeriPlan: Integrating Formal Verification and LLMs into End-User Planning,2025,chi_2025.bib,True
10.1145/3706598.3713531,"BIASsist: Empowering News Readers via Bias Identification, Explanation, and Neutralization",2025,chi_2025.bib,True
10.1145/3706598.3713804,Generative AI and News Consumption: Design Fictions and Critical Analysis,2025,chi_2025.bib,True
10.1145/3706598.3714050,"The News Says, the Bot Says: How Immigrants and Locals Differ in Chatbot-Facilitated News Reading",2025,chi_2025.bib,True
10.1145/3706598.3714063,Underspecified Human Decision Experiments Considered Harmful,2025,chi_2025.bib,True
10.1145/3706598.3713295,"AI, Help Me Think—but for Myself: Assisting People in Complex Decision-Making by Providing Different Kinds of Cognitive Support",2025,chi_2025.bib,True
10.1145/3706598.3713341,From Scores to Careers: Understanding AI’s Role in Supporting Collaborative Family Decision-Making in Chinese College Applications,2025,chi_2025.bib,True
10.1145/3706598.3713372,How a Clinical Decision Support System Changed the Diagnosis Process: Insights from an Experimental Mixed-Method Study in a Full-Scale Anesthesiology Simulation,2025,chi_2025.bib,True
10.1145/3706598.3713985,Hype versus Historical Continuity: Situating the Rise of AI in Climate and Disaster Risk Modeling,2025,chi_2025.bib,True
10.1145/3706598.3713534,The Amplifying Effect of Explainability in AI-assisted Decision-making in Groups,2025,chi_2025.bib,True
10.1145/3706598.3713573,The Role of Initial Acceptance Attitudes Toward AI Decisions in Algorithmic Recourse,2025,chi_2025.bib,True
10.1145/3706598.3713423,Towards Human-AI Deliberation: Design and Evaluation of LLM-Empowered Deliberative AI for AI-Assisted Decision-Making,2025,chi_2025.bib,True
10.1145/3706598.3713753,ConTextural: A Toolpath-Based Texture Editing Tool for Extrusion 3D Printers,2025,chi_2025.bib,True
10.1145/3706598.3713225,How Can We Change the System? Understanding and Addressing Redesign Inertia in Digital Public Services,2025,chi_2025.bib,True
10.1145/3706598.3713267,How to Design with Ambiguity: Insights from Self-tracking Wearables,2025,chi_2025.bib,True
10.1145/3706598.3713190,SummAct: Uncovering User Intentions Through Interactive Behaviour Summarisation,2025,chi_2025.bib,True
10.1145/3706598.3714251,All in One: Rapid Game Prototyping in a Single View,2025,chi_2025.bib,True
10.1145/3706598.3713734,Creativity Supportive Ecosystems: A Framework for Understanding Function and Disruption in Online Art Worlds,2025,chi_2025.bib,True
10.1145/3706598.3713186,Design for Civic Quality of Life Things,2025,chi_2025.bib,True
10.1145/3706598.3713399,Designing Virtual Funerals as a Design Fiction: A Film-Based Exploration of Near-Future Memorial Rituals,2025,chi_2025.bib,True
10.1145/3706598.3713479,GeneyMAP: Exploring the Potential of GenAI to Facilitate Mapping User Journeys for UX Design,2025,chi_2025.bib,True
10.1145/3706598.3713846,Understanding Older Adults' (Dis)Engagement with Design Materials,2025,chi_2025.bib,True
10.1145/3706598.3713660,"""I Need Your Help!"" : Facilitating Psychological Communication Between Left-Behind Children and Their Parents with an AI-Powered Sandbox",2025,chi_2025.bib,True
10.1145/3706598.3713689,3D Printing for Accessible Education: A Case Study in Assistive Technology Adoption,2025,chi_2025.bib,True
10.1145/3706598.3713670,Autoethnographic Insights from Neurodivergent GAI “Power Users”,2025,chi_2025.bib,True
10.1145/3706598.3713117,Beyond the Buckets of Support: Designing for Agency and Interaction in Personalised Disability Systems,2025,chi_2025.bib,True
10.1145/3706598.3713438,Human Robot Interaction for Blind and Low Vision People: A Systematic Literature Review,2025,chi_2025.bib,True
10.1145/3706598.3714000,Sounds Accessible: Envisioning Accessible Audio-Media Futures with People with Aphasia,2025,chi_2025.bib,True
10.1145/3706598.3713855,Towards AI-driven Sign Language Generation with Non-manual Markers,2025,chi_2025.bib,True
10.1145/3706598.3713908,Automatic Tuning of Haptic Motion Effects to Evoke Specific Feelings in Multisensory Content,2025,chi_2025.bib,True
10.1145/3706598.3714077,Bumpy Ride? Understanding the Effects of External Forces on Spatial Interactions in Moving Vehicles,2025,chi_2025.bib,True
10.1145/3706598.3713815,ExoKit: A Toolkit for Rapid Prototyping of Interactions for Arm-based Exoskeletons,2025,chi_2025.bib,True
10.1145/3706598.3713325,ProxiCycle: Passively Mapping Cyclist Safety Using Smart Handlebars for Near-Miss Detection,2025,chi_2025.bib,True
10.1145/3706598.3713361,Slip-Grip: An Electrotactile Method to Simulate Weight,2025,chi_2025.bib,True
10.1145/3706598.3713193,"""I use video calling in all areas of my life"": Understanding the Video Calling Experiences of Chronically Ill People",2025,chi_2025.bib,True
10.1145/3706598.3713994,"A Critical Review of Sexuality, Technology and Disability",2025,chi_2025.bib,True
10.1145/3706598.3713563,Designing Accessible Audio Nudges for Voice Interfaces,2025,chi_2025.bib,True
10.1145/3706598.3714241,"Digital Technologies for Deaf and Hard of Hearing Children: a Systematic Review, Critical Reflections, and Future Research Directions",2025,chi_2025.bib,True
10.1145/3706598.3713899,Emotionally Challenging Games Can Satisfy Older Adults' Psychological Needs: From Empirical Study to Design Guidelines,2025,chi_2025.bib,True
10.1145/3706598.3713427,Envisioning Financial Technology Support for Older Adults Through Cognitive and Life Transitions,2025,chi_2025.bib,True
10.1145/3706598.3713496,DanmuA11y: Making Time-Synced On-Screen Video Comments (Danmu) Accessible to Blind and Low Vision Users via Multi-Viewer Audio Discussions,2025,chi_2025.bib,True
10.1145/3706598.3713706,Enhancing Tactile Learning: A Co-Designed System for Supporting Speech Interaction with Multi-Part 3D Printed Models by Students who are Blind,2025,chi_2025.bib,True
10.1145/3706598.3713486,LifeInsight: Design and Evaluation of an AI-Powered Assistive Wearable for Blind and Low Vision People Across Multiple Everyday Life Scenarios,2025,chi_2025.bib,True
10.1145/3706598.3713298,Project TapTap: A Longitudinal Study Exploring Non-Verbal Communication through Vibration Signals Between Teachers and Blind or Low Vision Music Learners,2025,chi_2025.bib,True
10.1145/3706598.3714329,TableNarrator: Making Image Tables Accessible to Blind and Low Vision People,2025,chi_2025.bib,True
10.1145/3706598.3713847,VisiMark: Characterizing and Augmenting Landmarks for People with Low Vision in Augmented Reality to Support Indoor Navigation,2025,chi_2025.bib,True
10.1145/3706598.3714290,3D Printing Eggshells: Exploring Eco-Socio-Technical Relations through Biomaterial Design,2025,chi_2025.bib,True
10.1145/3706598.3713159,American Indian Pottery and Clay 3D Printing: An Exploration of Opportunities and Risks in Professional Practice,2025,chi_2025.bib,True
10.1145/3706598.3714031,ColdGlass: Full-Color Desktop 3D Printing in Glass,2025,chi_2025.bib,True
10.1145/3706598.3714281,Draw2Cut: Direct On-Material Annotations for CNC Milling,2025,chi_2025.bib,True
10.1145/3706598.3714080,Enabling Recycling of Multi-Material 3D Printed Objects through Computational Design and Disassembly by Dissolution,2025,chi_2025.bib,True
10.1145/3706598.3713599,Layered Interactions: Exploring Non-Intrusive Digital Craftsmanship Design Through Lacquer Art Interfaces,2025,chi_2025.bib,True
10.1145/3706598.3714215,Wearable Material Properties: Passive Wearable Microstructures as Adaptable Interfaces for the Physical Environment,2025,chi_2025.bib,True
10.1145/3706598.3713883,ExploreSelf: Fostering User-driven Exploration and Reflection on Personal Challenges with Adaptive Guidance by Large Language Models,2025,chi_2025.bib,True
10.1145/3706598.3713199,How the Algorithmic Transparency of Search Engines Influences Health Anxiety: The Mediating Effects of Trust in Online Health Information Search,2025,chi_2025.bib,True
10.1145/3706598.3713316,Sonora: Human-AI Co-Creation of 3D Audio Worlds and its Impact on Anxiety and Cognitive Load,2025,chi_2025.bib,True
10.1145/3706598.3713395,TeamVision: An AI-powered Learning Analytics System for Supporting Reflection in Team-based Healthcare Simulation,2025,chi_2025.bib,True
10.1145/3706598.3714088,The Interaction Layer: An Exploration for Co-Designing User-LLM Interactions in Parental Wellbeing Support Systems,2025,chi_2025.bib,True
10.1145/3706598.3713244,Understanding Adolescents' Perceptions of Benefits and Risks in Health AI Technologies through Design Fiction,2025,chi_2025.bib,True
10.1145/3706598.3713729,“A Bridge to Nowhere”: A Healthcare Case Study for Non-Reformist Design,2025,chi_2025.bib,True
10.1145/3706598.3714272,CardioAI: A Multimodal AI-based System to Support Symptom Monitoring and Risk Prediction of Cancer Treatment-Induced Cardiotoxicity,2025,chi_2025.bib,True
10.1145/3706598.3713639,Exploring the Design of LLM-based Agent in Enhancing Self-disclosure Among the Older Adults,2025,chi_2025.bib,True
10.1145/3706598.3713345,Exploring the Effects of Social VR Coupling Modes on Engagement and Task Performance for Older Adults,2025,chi_2025.bib,True
10.1145/3706598.3713458,"From Concept to Clinic: Multidisciplinary Design, Development, and Clinical Validation of Augmented Reality-Assisted Open Pancreatic Surgery",2025,chi_2025.bib,True
10.1145/3706598.3713582,Promoting Cognitive Health in Elder Care with Large Language Model-Powered Socially Assistive Robots,2025,chi_2025.bib,True
10.1145/3706598.3714158,The Role of ICT Tools through a Community Program Co-creation in a Japanese Aging Community,2025,chi_2025.bib,True
10.1145/3706598.3713619,Towards Hormone Health: An Autoethnography of Long-Term Holistic Tracking to Manage PCOS,2025,chi_2025.bib,True
10.1145/3706598.3713902,Beyond Bridging Divides: Examining the Goals of Digital Inclusion Practice in Post-Digital Societies,2025,chi_2025.bib,True
10.1145/3706598.3714163,D-Twins: Your Digital Twin Designed for Real-Time Boredom Intervention,2025,chi_2025.bib,True
10.1145/3706598.3714084,"Digital Archives, Knowledge Conflicts, and Epistemic Injustices in the Himalayas",2025,chi_2025.bib,True
10.1145/3706598.3713764,Digital Legacy Systems for Young Adults: Emphasizing Relationship-Oriented Perspectives and Physical Artifacts in Death Preparation,2025,chi_2025.bib,True
10.1145/3706598.3713303,Digital Play in Nature: A Study of Digital Play Installations from a Nature Play Perspective,2025,chi_2025.bib,True
10.1145/3706598.3713258,Play It Till You Make It: The Potential of Playful Role Enactment to Foster Digital Agency,2025,chi_2025.bib,True
10.1145/3706598.3714048,Savouring Slow Gifts: Reflection from the Field Study of Hybrid Gifting,2025,chi_2025.bib,True
10.1145/3706598.3713840,From Camera-Eye to AI: Exploring the Interplay of Cinematography and Computational Visual Storytelling,2025,chi_2025.bib,True
10.1145/3706598.3713478,From Words to Wonder: Designing and Evaluating an AI-Empowered Creative Storytelling System for Elementary Children,2025,chi_2025.bib,True
10.1145/3706598.3714200,Generative AI in Documentary Photography: Exploring Opportunities and Challenges for Visual Storytelling,2025,chi_2025.bib,True
10.1145/3706598.3713999,Micro-narratives: A Scalable Method for Eliciting Stories of People’s Lived Experience,2025,chi_2025.bib,True
10.1145/3706598.3713435,Toyteller: AI-powered Visual Storytelling Through Toy-Playing with Character Symbols,2025,chi_2025.bib,True
10.1145/3706598.3713398,TravelGalleria: Supporting Remembrance and Reflection of Travel Experiences through Digital Storytelling in Virtual Reality,2025,chi_2025.bib,True
10.1145/3706598.3713363,WhatELSE: Shaping Narrative Spaces at Configurable Level of Abstraction for AI-bridged Interactive Storytelling,2025,chi_2025.bib,True
10.1145/3706598.3713414,"""Is This Seat Accessible for Me?"": An Autoethnography of a Person With a Mobility Disability Using Interactive Seat Plans for Public Events",2025,chi_2025.bib,True
10.1145/3706598.3713535,(Re)discovering Sexual Pleasure after Cancer: Understanding the Design Space,2025,chi_2025.bib,True
10.1145/3706598.3713127,Behavior Change Interventions Combating Online Misinformation: A Scoping Review,2025,chi_2025.bib,True
10.1145/3706598.3713939,Embracing Gender Diversity: Designing an Adaptive Pleasure Object for a Changing Body,2025,chi_2025.bib,True
10.1145/3706598.3713437,IncluSim: An Accessible Educational Electronic Circuit Simulator for Blind and Low-Vision Learners,2025,chi_2025.bib,True
10.1145/3706598.3713216,Translation and Validation of The Video Game Demand Scale to Spanish,2025,chi_2025.bib,True
10.1145/3706598.3713617,"""We Have to Be Advocates for Ourselves"": A Social-Ecological Approach to Mobile Health Design with Black Older Adults Living with Diabetes",2025,chi_2025.bib,True
10.1145/3706598.3713584,A Stakeholder Value Framework for Augmentative and Alternative Communication,2025,chi_2025.bib,True
10.1145/3706598.3713560,Designing for Difference: How We Learn to Stop Worrying and Love the Doppelganger,2025,chi_2025.bib,True
10.1145/3706598.3713176,Prestige and Prejudice: How the Interplay of Recruiting Work and Algorithms Reinforces Social Inequities in Software Engineering,2025,chi_2025.bib,True
10.1145/3706598.3713626,"Sustaining Human Agency, Attending to Its Cost: An Investigation into Generative AI Design for Non-Native Speakers' Language Use",2025,chi_2025.bib,True
10.1145/3706598.3713549,“My doctor didn't give me half of that privilege”: Incorporating Black Patients’ Lived Experiences in Virtual Patients for Racial Bias Mitigation Training,2025,chi_2025.bib,True
10.1145/3706598.3714133,BudsID: Mobile-Ready and Expressive Finger Identification Input for Earbuds,2025,chi_2025.bib,True
10.1145/3706598.3714171,EchoBreath: Continuous Respiratory Behavior Recognition in the Wild via Acoustic Sensing on Smart Glasses,2025,chi_2025.bib,True
10.1145/3706598.3713907,Effects of Acoustic Transparency of Wearable Audio Devices on Audio AR,2025,chi_2025.bib,True
10.1145/3706598.3714177,FlexEar-Tips: Shape-Adjustable Ear Tips Using Pressure Control,2025,chi_2025.bib,True
10.1145/3706598.3713893,SmarTeeth: Augmenting Manual Toothbrushing with In-ear Microphones,2025,chi_2025.bib,True
10.1145/3706598.3713745,Spatial Speech Translation: Translating Across Space With Binaural Hearables,2025,chi_2025.bib,True
10.1145/3706598.3713108,Living Bento: Heartbeat-Driven Noodles for Enriched Dining Dynamics,2025,chi_2025.bib,True
10.1145/3706598.3713183,Preparing and Experiencing Food During Life Events: Implications for Technology Supporting Social and Value Changes,2025,chi_2025.bib,True
10.1145/3706598.3713326,Rethinking Lived Experience in Chronic Illness: Navigating Bodily Doubt with Consumer Technology in Atrial Fibrillation Self-Care,2025,chi_2025.bib,True
10.1145/3706598.3713892,Sonic Delights: Exploring the Design of Food as An Auditory-Gustatory Interface,2025,chi_2025.bib,True
10.1145/3706598.3714404,T2 Coach: A Qualitative Study of an Automated Health Coach for Diabetes Self-Management,2025,chi_2025.bib,True
10.1145/3706598.3714237,Towards Understanding Interactive Sonic Gastronomy with Chefs and Diners,2025,chi_2025.bib,True
10.1145/3706598.3713793,ViFeed: Promoting Slow Eating and Food Awareness through Strategic Video Manipulation during Screen-Based Dining,2025,chi_2025.bib,True
10.1145/3706598.3713223,A Route to Somatic Literacy of the Pelvic Floor through Technology-Initiated Touch,2025,chi_2025.bib,True
10.1145/3706598.3713676,Adaptive Electrical Muscle Stimulation Improves Muscle Memory,2025,chi_2025.bib,True
10.1145/3706598.3713605,Improving Putting Accuracy with Electrical Muscle Stimulation Feedback Guided by Muscle Synergy Analysis,2025,chi_2025.bib,True
10.1145/3706598.3713872,NeuResonance: Exploring Feedback Experiences for Fostering the Inter-brain Synchronization,2025,chi_2025.bib,True
10.1145/3706598.3713465,PiaMuscle: Improving Piano Skill Acquisition by Cost-effectively Estimating and Visualizing Activities of Miniature Hand Muscles,2025,chi_2025.bib,True
10.1145/3706598.3713767,TelePulse: Enhancing the Teleoperation Experience through Biomechanical Simulation-Based Electrical Muscle Stimulation in Virtual Reality,2025,chi_2025.bib,True
10.1145/3706598.3714183,Understanding the Influence of Electrical Muscle Stimulation on Motor Learning: Enhancing Motor Learning or Disrupting Natural Progression?,2025,chi_2025.bib,True
10.1145/3706598.3713158,"""It Brought the Model to Life"": Exploring the Embodiment of Multimodal I3Ms for People who are Blind or have Low Vision",2025,chi_2025.bib,True
10.1145/3706598.3713586,Being in Virtual Worlds: How Interaction Environment and Touch Shape Embodiment in Immersive Experiences,2025,chi_2025.bib,True
10.1145/3706598.3713506,Does Random Movements mean Random Results? Why Asynchrony in Experiments on Body Ownership does not Work as Intended,2025,chi_2025.bib,True
10.1145/3706598.3713750,Owning the (Virtual) World: A Systematic Review of Psychological Ownership of Interactive Virtual Objects and Environments,2025,chi_2025.bib,True
10.1145/3706598.3714201,RemapVR: An Immersive Authoring Tool for Rapid Prototyping of Remapped Interaction in VR,2025,chi_2025.bib,True
10.1145/3706598.3713255,The Effect of In-Car Agent Embodiment on Different Types of Information Delivery,2025,chi_2025.bib,True
10.1145/3706598.3714182,Virtual Voyages: Evaluating the Role of Real-Time and Narrated Virtual Tours in Shaping User Experience and Memories,2025,chi_2025.bib,True
10.1145/3706598.3713588,"""All Day, Every Day, Listening to Trauma"": Investigating Features of Digital Interventions for Empathy-Based Stress and Burnout",2025,chi_2025.bib,True
10.1145/3706598.3714072,A Systematic Review and Meta-Analysis of Research on Goals for Behavior Change,2025,chi_2025.bib,True
10.1145/3706598.3713453,Customizing Emotional Support: How Do Individuals Construct and Interact With LLM-Powered Chatbots,2025,chi_2025.bib,True
10.1145/3706598.3714260,Relatedness Technologies: An Online Compendium and Systematic Review,2025,chi_2025.bib,True
10.1145/3706598.3713483,Squeeze Away the Worries: Exploring the Potential of Squeezable Interactions for Emotion Regulation for Desk Workers,2025,chi_2025.bib,True
10.1145/3706598.3714122,Toward Affective Empathy via Personalized Analogy Generation: A Case Study on Microaggression,2025,chi_2025.bib,True
10.1145/3706598.3713986,“I Want to Think Like an SLP”: A Design Exploration of AI-Supported Home Practice in Speech Therapy,2025,chi_2025.bib,True
10.1145/3706598.3714019,"""Watch My Health, Not My Data"": Understanding Perceptions, Barriers, Emotional Impact, & Coping Strategies Pertaining to IoT Privacy and Security in Health Monitoring for Older Adults",2025,chi_2025.bib,True
10.1145/3706598.3714043,Choose From a List: A User Study of Random Password Memorability,2025,chi_2025.bib,True
10.1145/3706598.3713452,"I Was Told to Install the Antivirus App, but I'm Not Sure I Need It: Understanding Smartphone Antivirus Software Adoption and User Perceptions",2025,chi_2025.bib,True
10.1145/3706598.3714318,Measuring Risks to Users' Health Privacy Posed by Third-Party Web Tracking and Targeted Advertising,2025,chi_2025.bib,True
10.1145/3706598.3713928,PrivCAPTCHA: Interactive CAPTCHA to Facilitate Effective Comprehension of APP Privacy Policy,2025,chi_2025.bib,True
10.1145/3706598.3713284,Understanding and Improving User Adoption and Security Awareness in Password Checkup Services,2025,chi_2025.bib,True
10.1145/3706598.3713719,“All Sorts of Other Reasons to Do It”: Explaining the Persistence of Sub-optimal IoT Security Advice,2025,chi_2025.bib,True
10.1145/3706598.3713963,Access Denied: Meaningful Data Access for Quantitative Algorithm Audits,2025,chi_2025.bib,True
10.1145/3706598.3714135,Dango: A Mixed-Initiative Data Wrangling System using Large Language Model,2025,chi_2025.bib,True
10.1145/3706598.3713703,Disentangling the Power Dynamics in Participatory Data Physicalisation,2025,chi_2025.bib,True
10.1145/3706598.3713121,"Management, Cooperation, and Sustainability: Unpacking the Data Practices of Housing Cooperatives",2025,chi_2025.bib,True
10.1145/3706598.3714209,RidgeBuilder: Interactive Authoring of Expressive Ridgeline Plots,2025,chi_2025.bib,True
10.1145/3706598.3713484,StructVizor: Interactive Profiling of Semi-Structured Textual Data,2025,chi_2025.bib,True
10.1145/3706598.3713551,Unveiling High-dimensional Backstage: A Survey for Reliable Visual Analytics with Dimensionality Reduction,2025,chi_2025.bib,True
10.1145/3706598.3713264,"""Why do we do this?"": Moral Stress and the Affective Experience of Ethics in Practice",2025,chi_2025.bib,True
10.1145/3706598.3713950,A Feminist Care Ethics Toolkit for Community-Based Design: Bridging Theory and Practice,2025,chi_2025.bib,True
10.1145/3706598.3713774,Design Courts: Workshops for Exploring Emerging Technology Ethics,2025,chi_2025.bib,True
10.1145/3706598.3713189,Development of the Critical Reflection and Agency in Computing Index,2025,chi_2025.bib,True
10.1145/3706598.3713574,Ethics Reflexivity Canvas: Resourcing Ethical Sensitivity for HCI Educators,2025,chi_2025.bib,True
10.1145/3706598.3714123,Friction in Processual Ethics: Reconfiguring Ethical Relations in Interdisciplinary Research,2025,chi_2025.bib,True
10.1145/3706598.3713755,"Meaningful Engagement, Ethical Care, and Design Opportunities: An Ethnographic Study on Social Activities in Long-term Care",2025,chi_2025.bib,True
10.1145/3706598.3713473,"""Comforting and Small Like a House Cat, Big and Intimidating Like a Bodyguard"": How Women Perceive and Envision AI Companions as a New Harassment Mitigation Approach in Social VR",2025,chi_2025.bib,True
10.1145/3706598.3713195,"""Like a Love Language"": Understanding Communication in Disabled LGBTQIA+ Romantic Relationships",2025,chi_2025.bib,True
10.1145/3706598.3714248,Child Centred Ethics (CCE): A Practical Framework for Enhanced Child Participation in HCI,2025,chi_2025.bib,True
10.1145/3706598.3713253,Designing for Resilience: Fostering Ponds of Stability with Computer Clubs in Palestine,2025,chi_2025.bib,True
10.1145/3706598.3713975,Imagining with the Body: Speculative Designs for Women's Embodied Empowerment in Feminist Self-Defense,2025,chi_2025.bib,True
10.1145/3706598.3713632,In the Moment of Glitch: Engaging with Misalignments in Ethical Practice,2025,chi_2025.bib,True
10.1145/3706598.3714108,Leaky Cups: Tinkering with Hydrofeminist Temporalities for HCI,2025,chi_2025.bib,True
10.1145/3706598.3713381,ClueCart: Supporting Game Story Interpretation and Narrative Inference from Fragmented Clues,2025,chi_2025.bib,True
10.1145/3706598.3713937,From Solo to Social: Exploring the Dynamics of Player Cooperation in a Co-located Cooperative Exergame,2025,chi_2025.bib,True
10.1145/3706598.3714226,"Less Talk, More Trust: Understanding Players' In-game Assessment of Communication Processes in League of Legends",2025,chi_2025.bib,True
10.1145/3706598.3713218,Plan-Then-Execute: An Empirical Study of User Trust and Team Performance When Using LLM Agents As A Daily Assistant,2025,chi_2025.bib,True
10.1145/3706598.3714293,"Queue Player: Investigating Distributed Co-Listening Experiences for Social Connection across Space, Time, and Tempo",2025,chi_2025.bib,True
10.1145/3706598.3713771,(Mis)Communicating with our AI Systems,2025,chi_2025.bib,True
10.1145/3706598.3713406,Abstraction Alignment: Comparing Model-Learned and Human-Encoded Conceptual Relationships,2025,chi_2025.bib,True
10.1145/3706598.3714058,Diagrammatization and Abduction to Improve AI Interpretability With Domain-Aligned Explanations for Medical Diagnosis,2025,chi_2025.bib,True
10.1145/3706598.3714020,"Fostering Appropriate Reliance on Large Language Models: The Role of Explanations, Sources, and Inconsistencies",2025,chi_2025.bib,True
10.1145/3706598.3713277,Show Me the Work: Fact-Checkers' Requirements for Explainable Automated Fact-Checking,2025,chi_2025.bib,True
10.1145/3706598.3714015,eXplainMR: Generating Real-time Textual and Visual eXplanations to Facilitate UltraSonography Learning in MR,2025,chi_2025.bib,True
10.1145/3706598.3713816,A Scaffold-Based Tool for Product Design Variations in Virtual Reality,2025,chi_2025.bib,True
10.1145/3706598.3714087,Brickify: Enabling Expressive Design Intent Specification through Direct Manipulation on Design Tokens,2025,chi_2025.bib,True
10.1145/3706598.3714211,DesignWeaver: Dimensional Scaffolding for Text-to-Image Product Design,2025,chi_2025.bib,True
10.1145/3706598.3713934,I-Card: A Generative AI-Supported Intelligent Design Method Card Deck,2025,chi_2025.bib,True
10.1145/3706598.3713397,Inkspire: Supporting Design Exploration with Generative AI through Analogical Sketching,2025,chi_2025.bib,True
10.1145/3706598.3713935,ProductMeta: An Interactive System for Metaphorical Product Design Ideation with Multimodal Large Language Models,2025,chi_2025.bib,True
10.1145/3706598.3713144,Understanding Practical Challenges and Enablers for Embedding Environmental Perspectives in Digital Product Design and Development,2025,chi_2025.bib,True
10.1145/3706598.3714038,A Taxonomy of Linguistic Expressions That Contribute To Anthropomorphism of Language Technologies,2025,chi_2025.bib,True
10.1145/3706598.3713533,"Acceptability, Acceptance and Adoption of Telepresence Robots in Museums: The Museum Professionals' Perspectives",2025,chi_2025.bib,True
10.1145/3706598.3714172,Firefighting with Drone Assistance: User Needs and Design Considerations for Thailand,2025,chi_2025.bib,True
10.1145/3706598.3714238,GenComUI: Exploring Generative Visual Aids as Medium to Support Task-Oriented Human-Robot Communication,2025,chi_2025.bib,True
10.1145/3706598.3713228,Living Alongside Areca: Exploring Human Experiences with Things Expressing Thoughts and Emotions,2025,chi_2025.bib,True
10.1145/3706598.3713459,Non-Natural Interaction Design,2025,chi_2025.bib,True
10.1145/3706598.3713180,PlantPal: Leveraging Precision Agriculture Robots to Facilitate Remote Engagement in Urban Gardening,2025,chi_2025.bib,True
10.1145/3706598.3714165,BioTube: Designing and Fabricating Biodegradable Hollow Tubular Devices Through Progressive Crosslinking Alginate,2025,chi_2025.bib,True
10.1145/3706598.3713735,Creating Furniture-Scale Deployable Objects with a Computer-Controlled Sewing Machine,2025,chi_2025.bib,True
10.1145/3706598.3713167,IntelliLining: Activity Sensing through Textile Interlining Sensors Using TENGs,2025,chi_2025.bib,True
10.1145/3706598.3713860,LuxKnit: Fabricating Interactive Display Textiles Integrated with Sensing by Machine Knitting,2025,chi_2025.bib,True
10.1145/3706598.3714309,Selective Water-Based Hardening of Polyvinyl Alcohol (PVA) Knitted Textiles,2025,chi_2025.bib,True
10.1145/3706598.3714396,Slip Casting as a Machine for Making Textured Ceramic Interfaces,2025,chi_2025.bib,True
10.1145/3706598.3713740,TactStyle: Generating Tactile Textures with Generative AI for Digital Fabrication,2025,chi_2025.bib,True
10.1145/3706598.3713366,"""A Tool for Freedom"": Co-Designing Mobility Aid Improvements Using Personal Fabrication and Physical Interface Modules with Primarily Young Adults",2025,chi_2025.bib,True
10.1145/3706598.3714152,Crafting Interactive Paper Composites through Ancient Papermaking Techniques,2025,chi_2025.bib,True
10.1145/3706598.3713286,Imprinto: Enhancing Infrared Inkjet Watermarking for Human and Machine Perception,2025,chi_2025.bib,True
10.1145/3706598.3713692,Intermittent Interaction in Digital Fabrication: User Perception of Periodic Intervention in Semi-Automated Creation Tasks,2025,chi_2025.bib,True
10.1145/3706598.3713354,"It's Not the Shape, It's the Settings: Tools for Exploring, Documenting, and Sharing Physical Fabrication Parameters in 3D Printing",2025,chi_2025.bib,True
10.1145/3706598.3714129,SplatOverflow: Asynchronous Hardware Troubleshooting,2025,chi_2025.bib,True
10.1145/3706598.3713280,"Exploring Positionality in HCI: Perspectives, Trends, and Challenges",2025,chi_2025.bib,True
10.1145/3706598.3713556,"Past, Present, and Future of Citation Practices in HCI",2025,chi_2025.bib,True
10.1145/3706598.3713917,The Sharply Decreasing Disruptiveness of HCI,2025,chi_2025.bib,True
10.1145/3706598.3713884,"Translating HCI Research to Broader Audiences: Motivation, Inspiration, and Critical Factors on Alternative Research Outcomes",2025,chi_2025.bib,True
10.1145/3706598.3713726,Understanding the LLM-ification of CHI: Unpacking the Impact of LLMs at CHI through a Systematic Literature Review,2025,chi_2025.bib,True
10.1145/3706598.3713505,What is User Engagement?: A Systematic Review of 241 Research Articles in Human-Computer Interaction and Beyond,2025,chi_2025.bib,True
10.1145/3706598.3714075,"""Don't You Dare Go Hollow"": How Dark Souls Helps Players Cope with Depression, a Thematic Analysis of Reddit Discussions",2025,chi_2025.bib,True
10.1145/3706598.3713561,"""Grab the Chat and Stick It to My Wall"": Understanding How Social VR Streamers Bridge Immersive VR Experiences with Streaming Audiences Outside VR",2025,chi_2025.bib,True
10.1145/3706598.3713177,Co-Design & Evaluation of Visual Interventions for Head Posture Correction in Virtual Reality Games,2025,chi_2025.bib,True
10.1145/3706598.3713403,Light Up Fireflies: Exploring the Design of Interpersonal Bodily Intertwinement in Social Body Games,2025,chi_2025.bib,True
10.1145/3706598.3713191,Pathways of Desire: Enhancing Navigation and Sense of Community Through Player-Generated Desire Paths,2025,chi_2025.bib,True
10.1145/3706598.3713957,RetroSketch: A Retrospective Method for Measuring Emotions and Presence in Virtual Reality,2025,chi_2025.bib,True
10.1145/3706598.3713576,Support Autonomy: Exploring Player Perspectives on AI-Supported Onboarding in Video Games,2025,chi_2025.bib,True
10.1145/3706598.3714036,Archaeological Gameworld Affordances: A Grounded Theory of How Players Interpret Environmental Storytelling,2025,chi_2025.bib,True
10.1145/3706598.3713543,Designing Biofeedback Board Games: The Impact of Heart Rate on Player Experience,2025,chi_2025.bib,True
10.1145/3706598.3714247,Investigating the Motivational Game Elements in Game-based Interventions in School Context: A Literature Review,2025,chi_2025.bib,True
10.1145/3706598.3713162,"Progression Balancing × Baldur's Gate 3: Insights, Terms and Tools for Multi-Dimensional Video Game Balance",2025,chi_2025.bib,True
10.1145/3706598.3713246,This Game SUX: Why & How to Design Sh@*!y User Experiences,2025,chi_2025.bib,True
10.1145/3706598.3713591,User Preferences for Interaction Timing in Smartwatch Sleep Hygiene Games,2025,chi_2025.bib,True
10.1145/3706598.3713170,"“The System is Made to Inherently Push Child Gambling in my Opinion”: Child Safety, Monetization, and Moderation on Roblox",2025,chi_2025.bib,True
10.1145/3706598.3714055,Embodied Measurement: Tangible Interactions to Enhance the Validity of Self-Report Measures,2025,chi_2025.bib,True
10.1145/3706598.3713450,How Do HCI Researchers Study Cognitive Biases? A Scoping Review,2025,chi_2025.bib,True
10.1145/3706598.3714252,Moving Towards Epistemic Autonomy: A Paradigm Shift for Centering Participant Knowledge,2025,chi_2025.bib,True
10.1145/3706598.3714160,ReverSim: An Open-Source Environment for the Controlled Study of Human Aspects in Hardware Reverse Engineering,2025,chi_2025.bib,True
10.1145/3706598.3713149,The TAEG Questionnaire: Assessing Individual Affinity for Technology Across Different Countries,2025,chi_2025.bib,True
10.1145/3706598.3713565,Triangulating on Possible Futures: Conducting User Studies on Several Futures Instead of Only One,2025,chi_2025.bib,True
10.1145/3706598.3714022,A Qualitative Study on How Usable Security and HCI Researchers Judge the Size and Importance of Odds Ratio and Cohen's d Effect Sizes,2025,chi_2025.bib,True
10.1145/3706598.3713106,Configuring Participatory Research as Give and Take Relationships: Methodological Reflections on Co-Designing Booklets with a Men Shed,2025,chi_2025.bib,True
10.1145/3706598.3713120,"Large Language Models in Qualitative Research: Uses, Tensions, and Intentions",2025,chi_2025.bib,True
10.1145/3706598.3714422,Micro-Phenomenology as a Method for Studying User Experience in Human-Computer Interaction,2025,chi_2025.bib,True
10.1145/3706598.3713671,"Small, Medium, Large? A Meta-Study of Effect Sizes at CHI to Aid Interpretation of Effect Sizes and Power Calculation",2025,chi_2025.bib,True
10.1145/3706598.3713789,Theorising in HCI using Causal Models,2025,chi_2025.bib,True
10.1145/3706598.3713087,Developing and Validating the Perceived System Curiosity Scale (PSC): Measuring Users' Perceived Curiosity of Systems,2025,chi_2025.bib,True
10.1145/3706598.3713759,Let's Talk Futures: A Literature Review of HCI's Future Orientation,2025,chi_2025.bib,True
10.1145/3706598.3713214,Making Hardware Devices at Scale is Still Hard: Challenges and Opportunities for the HCI Community.,2025,chi_2025.bib,True
10.1145/3706598.3713220,Simulacrum of Stories: Examining Large Language Models as Qualitative Research Participants,2025,chi_2025.bib,True
10.1145/3706598.3713958,Talking About the Assumption in the Room,2025,chi_2025.bib,True
10.1145/3706598.3714073,The Power of Language: Resisting Western Heteropatriarchal Normative Writing Standards,2025,chi_2025.bib,True
10.1145/3706598.3713834,Development and Initial Validation of the Haptic Experience Inventory (HXI),2025,chi_2025.bib,True
10.1145/3706598.3714225,Diversifying Grain-Based Compliance Illusion by Varying Base Compliance,2025,chi_2025.bib,True
10.1145/3706598.3713821,"Hapticus: Exploring the Effects of Haptic Feedback and its Customization on Motor Skill Learning: Tactile, Haptic, and Somatosensory Approaches",2025,chi_2025.bib,True
10.1145/3706598.3713355,Real-time Semantic Full-Body Haptic Feedback Converted from Sound for Virtual Reality Gameplay,2025,chi_2025.bib,True
10.1145/3706598.3713891,SkinHaptics: Exploring Skin Softness Perception and Virtual Body Embodiment Techniques to Enhance Self-Haptic Interactions,2025,chi_2025.bib,True
10.1145/3706598.3714264,Birds of a Rhythm: The Effects of Haptic Pattern Similarity on People's Social Perceptions in Virtual Reality,2025,chi_2025.bib,True
10.1145/3706598.3713555,Distal-Haptic Touchscreens: Understanding the User Experience of Vibrotactile Feedback Decoupled from the Touch Point,2025,chi_2025.bib,True
10.1145/3706598.3714139,Haptic Empathy: Investigating Individual Differences in Affective Haptic Communications,2025,chi_2025.bib,True
10.1145/3706598.3713396,Invisible Light Touch: Standing Balance Improvement by Mid-Air Haptic Feedback,2025,chi_2025.bib,True
10.1145/3706598.3713987,"Power-on-Touch: Powering Actuators, Sensors, and Devices during Interaction",2025,chi_2025.bib,True
10.1145/3706598.3713981,Shape-Kit: A Design Toolkit for Crafting On-Body Expressive Haptics,2025,chi_2025.bib,True
10.1145/3706598.3713736,Towards Caring Touch From Technologies: Knowledge From Healthcare Practitioners,2025,chi_2025.bib,True
10.1145/3706598.3713498,Digital technology for supporting Aged Care Services: A Scoping Review,2025,chi_2025.bib,True
10.1145/3706598.3713852,"Exploring Personalized Health Support through Data-Driven, Theory-Guided LLMs: A Case Study in Sleep Health",2025,chi_2025.bib,True
10.1145/3706598.3713669,Expression-in-action and Expression-on-action: A Systematic Review of Mediums for Expression in Mental Health,2025,chi_2025.bib,True
10.1145/3706598.3713859,Identifying Opportunities and Envisioning Ecological Momentary Interoceptive Awareness Interventions With Young Women,2025,chi_2025.bib,True
10.1145/3706598.3713105,Infrastructures for Inspiration: The Routine of Creative Identity Through Inspiration on the Creative Internet,2025,chi_2025.bib,True
10.1145/3706598.3713839,Voice Assistants for Health Self-Management: Designing for and with Older Adults,2025,chi_2025.bib,True
10.1145/3706598.3713699,“Bring them back to life”: LifeLink Application for Caregivers Dealing with Suicidality,2025,chi_2025.bib,True
10.1145/3706598.3714134,Co-Creating Reassurance Journey Maps to Foster Engagement in Remote Patient Monitoring for Post-Operative Cancer Care,2025,chi_2025.bib,True
10.1145/3706598.3714399,Digital Phenotyping as Felt Informatics: Designing AI-Based Mental Health Diagnostic Tools Through Aesthetics,2025,chi_2025.bib,True
10.1145/3706598.3714189,Enhancing Deliberativeness: Evaluating the Impact of Multimodal Reflection Nudges,2025,chi_2025.bib,True
10.1145/3706598.3713224,Evaluation of a Tailored Mobile Application for Self-Management of Low Back Pain: Towards a Metamodel for Designing Behavior Change Technologies,2025,chi_2025.bib,True
10.1145/3706598.3713545,Prevalence and Impacts of Image-Based Sexual Abuse Victimization: A Multinational Study,2025,chi_2025.bib,True
10.1145/3706598.3713940,The Centers and Margins of Modeling Humans in Well-being Technologies,2025,chi_2025.bib,True
10.1145/3706598.3714040,The Voice of Endo: Leveraging Speech for an Intelligent System That Can Forecast Illness Flare-ups,2025,chi_2025.bib,True
10.1145/3706598.3713989,Exploring the Impact of Intervention Methods on Developers’ Security Behavior in a Manipulated ChatGPT Study,2025,chi_2025.bib,True
10.1145/3706598.3714423,"Hear Us, then Protect Us: Navigating Deepfake Scams and Safeguard Interventions with Older Adults through Participatory Design",2025,chi_2025.bib,True
10.1145/3706598.3713567,Human-Precision Medicine Interaction: Public Perceptions of Polygenic Risk Score for Genetic Health Prediction,2025,chi_2025.bib,True
10.1145/3706598.3713282,Investigating the Effects of Simulated Eye Contact in Video Call Interviews,2025,chi_2025.bib,True
10.1145/3706598.3713524,Perceptions of the Fairness Impacts of Multiplicity in Machine Learning,2025,chi_2025.bib,True
10.1145/3706598.3713501,Public Perceptions About Emotion AI Use Across Contexts in the United States,2025,chi_2025.bib,True
10.1145/3706598.3713426,Signals Beyond Text: Understanding How Accessing Peer Concept Mapping and Commenting Augments Reflective Mind for High-Stake Videos,2025,chi_2025.bib,True
10.1145/3706598.3713906,"""Housing Diversity Means Diverse Housing"": Blending Generative AI into Speculative Design in Rural Co-Housing Communities",2025,chi_2025.bib,True
10.1145/3706598.3713319,"""When Two Wrongs Don't Make a Right"" - Examining Confirmation Bias and the Role of Time Pressure During Human-AI Collaboration in Computational Pathology",2025,chi_2025.bib,True
10.1145/3706598.3713248,A Matter of Perspective(s): Contrasting Human and LLM Argumentation in Subjective Decision-Making on Subtle Sexism,2025,chi_2025.bib,True
10.1145/3706598.3713946,How the Role of Generative AI Shapes Perceptions of Value in Human-AI Collaborative Work,2025,chi_2025.bib,True
10.1145/3706598.3713861,Intent Tagging: Exploring Micro-Prompting Interactions for Supporting Granular Human-GenAI Co-Creation Workflows,2025,chi_2025.bib,True
10.1145/3706598.3714119,Script&Shift: A Layered Interface Paradigm for Integrating Content Development and Rhetorical Strategy with LLM Writing Assistants,2025,chi_2025.bib,True
10.1145/3706598.3713708,Supporting Co-Adaptive Machine Teaching through Human Concept Learning and Cognitive Theories,2025,chi_2025.bib,True
10.1145/3706598.3713085,An Approach to Elicit Human-Understandable Robot Expressions to Support Human-Robot Interaction,2025,chi_2025.bib,True
10.1145/3706598.3713168,Echoes of Care: Unveiling the Intertwined Tensions between Childcare Work and Voice Assistants,2025,chi_2025.bib,True
10.1145/3706598.3713758,Generative Ghosts: Anticipating Benefits and Risks of AI Afterlives,2025,chi_2025.bib,True
10.1145/3706598.3713926,MedAI-SciTS: Enhancing Interdisciplinary Collaboration between AI Researchers and Medical Experts,2025,chi_2025.bib,True
10.1145/3706598.3713697,Synthetic Human Memories: AI-Edited Images and Videos Can Implant False Memories and Distort Recollection,2025,chi_2025.bib,True
10.1145/3706598.3713751,What Lies Beneath? Exploring the Impact of Underlying AI Model Updates in AI-Infused Systems,2025,chi_2025.bib,True
10.1145/3706598.3713522,Which Contributions Deserve Credit? Perceptions of Attribution in Human-AI Co-Creation,2025,chi_2025.bib,True
10.1145/3706598.3714292,AdaptiveSliders: User-aligned Semantic Slider-based Editing of Text-to-Image Model Output,2025,chi_2025.bib,True
10.1145/3706598.3713683,Creative Blends of Visual Concepts,2025,chi_2025.bib,True
10.1145/3706598.3713529,Creative Reflections on Image-Making with Artificial Intelligence: Interactions with a Provocative 'Camera',2025,chi_2025.bib,True
10.1145/3706598.3713418,GenColor: Generative Color-Concept Association in Visual Design,2025,chi_2025.bib,True
10.1145/3706598.3713722,Reimagining Personal Data: Unlocking the Potential of AI-Generated Images in Personal Data Meaning-Making,2025,chi_2025.bib,True
10.1145/3706598.3713227,Understanding User Perceptions and the Role of AI Image Generators in Image Creation Workflows,2025,chi_2025.bib,True
10.1145/3706598.3714179,HaloTouch: Using IR Multi-Path Interference to Support Touch Interactions with General Surfaces,2025,chi_2025.bib,True
10.1145/3706598.3713964,Mid-Air Gestures for Proactive Olfactory Interactions in Virtual Reality,2025,chi_2025.bib,True
10.1145/3706598.3713461,Online-EYE: Multimodal Implicit Eye Tracking Calibration for XR,2025,chi_2025.bib,True
10.1145/3706598.3714130,Palmpad: Enabling Real-Time Index-to-Palm Touch Interaction with a Single RGB Camera,2025,chi_2025.bib,True
10.1145/3706598.3713388,"PatternTrack: Multi-Device Tracking Using Infrared, Structured-Light Projections from Built-in LiDAR",2025,chi_2025.bib,True
10.1145/3706598.3713467,Sketch2Terrain: AI-Driven Real-Time Terrain Sketch Mapping in Augmented Reality,2025,chi_2025.bib,True
10.1145/3706598.3713874,Understanding Usability of VR Pointing Methods with a Handheld-style HMD for Onsite Exhibitions,2025,chi_2025.bib,True
10.1145/3706598.3714005,"""Put Your Hands Up"": How Joint Attention Is Initiated Between Blind Children And Their Sighted Peers",2025,chi_2025.bib,True
10.1145/3706598.3713792,AACessTalk: Fostering Communication between Minimally Verbal Autistic Children and Parents with Contextual Guidance and Card Recommendation,2025,chi_2025.bib,True
10.1145/3706598.3713851,Cultivating Computational Thinking and Social Play among Neurodiverse Preschoolers in Inclusive Classrooms,2025,chi_2025.bib,True
10.1145/3706598.3714131,Exploring AI-Based Support in Speech-Language Pathology for Culturally and Linguistically Diverse Children,2025,chi_2025.bib,True
10.1145/3706598.3713878,FluidTrack: Investigating Child-Parent Collaborative Tracking for Pediatric Voiding Dysfunction Management,2025,chi_2025.bib,True
10.1145/3706598.3714230,Inclusive Avatar Guidelines for People with Disabilities: Supporting Disability Representation in Social Virtual Reality,2025,chi_2025.bib,True
10.1145/3706598.3713637,Shifting the Focus: Exploring Video Accessibility Strategies and Challenges for People with ADHD,2025,chi_2025.bib,True
10.1145/3706598.3713160,Beyond the 'Unofficial Proxy' - Navigating Technology Support for Older Adults' Banking Activities with Close Others,2025,chi_2025.bib,True
10.1145/3706598.3713704,"Cataloging Augmented, Ambivalent Transgender Futures: Designing Inclusive AR Technologies for Trans Communities Through Speculative, Participatory Zine-Making",2025,chi_2025.bib,True
10.1145/3706598.3714397,Challenges and Opportunities for the Design of Inclusive Social Media Experiences with LGBT+ Older Adults,2025,chi_2025.bib,True
10.1145/3706598.3713194,DysVis: A User-Centred Data Visualization System for Dyslexia Pre-screening,2025,chi_2025.bib,True
10.1145/3706598.3713973,ELMI: Interactive and Intelligent Sign Language Translation of Lyrics for Song Signing,2025,chi_2025.bib,True
10.1145/3706598.3713333,Promoting Comprehension and Engagement in Introductory Data and Statistics for Blind and Low-Vision Students: A Co-Design Study,2025,chi_2025.bib,True
10.1145/3706598.3714302,Touching Experiences: How Older Adults Envision Ambient and Tangible Social Technology Through the Lens of Time,2025,chi_2025.bib,True
10.1145/3706598.3713752,"Bridging Borders, Breaking Biases: Envisioning Technologies to Support North Korean Defectors in South Korea",2025,chi_2025.bib,True
10.1145/3706598.3713107,Exploring the Experiences of Individuals Who are Blind or Low-Vision Using Object-Recognition Technologies in India,2025,chi_2025.bib,True
10.1145/3706598.3714322,"Initiating the Global AI Dialogues: Laypeople Perspectives on the Future Role of genAI in Society from Nigeria, Germany and Japan",2025,chi_2025.bib,True
10.1145/3706598.3713217,Investigating the Capabilities and Limitations of Machine Learning for Identifying Bias in English Language Data with Information and Heritage Professionals,2025,chi_2025.bib,True
10.1145/3706598.3713867,Perspectives on Mixed-Ability Competition,2025,chi_2025.bib,True
10.1145/3706598.3714151,The Future Is Rosie?: Disempowering Arguments About Automation and What to Do About It,2025,chi_2025.bib,True
10.1145/3706598.3713090,Exploring the Design of Human Speech Indicators to Enhance Waiting Experience in Voice User Interface,2025,chi_2025.bib,True
10.1145/3706598.3714149,Exploring the Impacts of HEXACO Personality Traits on Text Composition and Transcription,2025,chi_2025.bib,True
10.1145/3706598.3714288,FreeForm: Flexibly Augmenting Formulas with Synchronized Markup and Graphical Edits,2025,chi_2025.bib,True
10.1145/3706598.3714213,Leveraging Multimodal LLM for Inspirational User Interface Search,2025,chi_2025.bib,True
10.1145/3706598.3713370,Toward Human-Quantum Computer Interaction: Interface Techniques for Usable Quantum Computing,2025,chi_2025.bib,True
10.1145/3706598.3713595,Understanding Break-ability through Screen-based Affordances,2025,chi_2025.bib,True
10.1145/3706598.3713770,Understanding How Psychological Distance Influences User Preferences in Conversational versus Web Search,2025,chi_2025.bib,True
10.1145/3706598.3713984,A Reflective Journey for Individuals with Intellectual Disabilities: Rediscovering Competency Through AI-Enhanced Iron Beads Crafting,2025,chi_2025.bib,True
10.1145/3706598.3714261,AutoPBL: An LLM-powered Platform to Guide and Support Individual Learners Through Self Project-based Learning,2025,chi_2025.bib,True
10.1145/3706598.3713748,DBox: Scaffolding Algorithmic Programming Learning through Learner-LLM Co-Decomposition,2025,chi_2025.bib,True
10.1145/3706598.3713125,Embracing Social Justice within a Computing Curriculum to Foster Social Change,2025,chi_2025.bib,True
10.1145/3706598.3714062,Enhancing the Educational Potential of Online Movement Videos: System Development and Empirical Studies with TikTok Dance Challenges,2025,chi_2025.bib,True
10.1145/3706598.3713811,From Locked Rooms to Open Minds: Escape Room Best Practices to Enhance Reflection in Extended Reality Learning Environments,2025,chi_2025.bib,True
10.1145/3706598.3714295,MILESTONES: The Design and Field Evaluation of a Semi-Automated Tool for Promoting Self-Directed Learning Among Online Learners,2025,chi_2025.bib,True
10.1145/3706598.3713951,Curious Shorts: Curiosity-Driven Exploration and Learning on Short-Form Video Platforms,2025,chi_2025.bib,True
10.1145/3706598.3713507,Generative Role-Play Communication Training in Virtual Reality for Autistic Individuals: A Study on Job Coach Experiences in Vocational Training Programs,2025,chi_2025.bib,True
10.1145/3706598.3713845,It's a Match - Enhancing the Fit between Users and Phishing Training through Personalisation,2025,chi_2025.bib,True
10.1145/3706598.3714014,Scaffolding Empathy: Training Counselors with Simulated Patients and Utterance-level Performance Visualizations,2025,chi_2025.bib,True
10.1145/3706598.3714023,Stop the Clock - Counteracting Bias Exploited by Attackers through an Interactive Augmented Reality Phishing Training,2025,chi_2025.bib,True
10.1145/3706598.3713515,The Impact of Observer Presence on Trainees' Mental States and Performance in Remote Military Training with Virtual Humans in Mixed Reality Environment,2025,chi_2025.bib,True
10.1145/3706598.3714004,Visual Augmentations for Ultrasound Assessment Training of Medical Students,2025,chi_2025.bib,True
10.1145/3706598.3713306,3HANDS Dataset: Learning from Humans for Generating Naturalistic Handovers with Supernumerary Robotic Limbs,2025,chi_2025.bib,True
10.1145/3706598.3713825,Crossmodal Interactions in Human-Robot Communication: Exploring the Influences of Scent and Voice Congruence on User Perceptions of Social Robots,2025,chi_2025.bib,True
10.1145/3706598.3713923,Investigating LLM-Driven Curiosity in Human-Robot Interaction,2025,chi_2025.bib,True
10.1145/3706598.3713996,Playing with Robots: Performing Arts Techniques for Designing and Understanding Robot Group Movement,2025,chi_2025.bib,True
10.1145/3706598.3713471,"Promises, Promises: Understanding Claims Made in Social Robot Consumer Experiences",2025,chi_2025.bib,True
10.1145/3706598.3714283,SafeSpect: Safety-First Augmented Reality Heads-up Display for Drone Inspections,2025,chi_2025.bib,True
10.1145/3706598.3714235,Signaling Human Intentions to Service Robots: Understanding the Use of Social Cues during In-Person Conversations,2025,chi_2025.bib,True
10.1145/3706598.3714308,"Cross, Dwell, or Pinch: Designing and Evaluating Around-Device Selection Methods for Unmodified Smartwatches",2025,chi_2025.bib,True
10.1145/3706598.3713929,FingerGlass: Enhancing Smart Glasses Interaction via Fingerprint Sensing,2025,chi_2025.bib,True
10.1145/3706598.3714114,How your Physical Environment Affects Spatial Presence in Virtual Reality,2025,chi_2025.bib,True
10.1145/3706598.3713694,"InterFACE: Establishing a Facial Action Unit Input Vocabulary for Hands-Free Extended Reality Interactions, From VR Gaming to AR Web Browsing",2025,chi_2025.bib,True
10.1145/3706598.3713837,MotionBlocks: Modular Geometric Motion Remapping for More Accessible Upper Body Movement in Virtual Reality,2025,chi_2025.bib,True
10.1145/3706598.3713340,Over the Mouse: Navigating across the GUI with Finger-Lifting Operation Mouse,2025,chi_2025.bib,True
10.1145/3706598.3713615,"Reel Feel: Rich Haptic XR Experiences Using an Active, Worn, Multi-String Device",2025,chi_2025.bib,True
10.1145/3706598.3713590,Evaluating In-Car Tasks’ Distraction Effects with Drive-In Lab,2025,chi_2025.bib,True
10.1145/3706598.3713858,HAI-AR: Exploring Hand-Anchored Interfaces in Augmented Reality while Walking,2025,chi_2025.bib,True
10.1145/3706598.3713313,RedirectedStepper: Exploring Walking-In-Place Locomotion in VR Using a Mini Stepper for Ascents,2025,chi_2025.bib,True
10.1145/3706598.3713659,SeeThroughBody: Mitigating Occlusion through Body Transparency to Enhance Foot-Floor Touch Interaction,2025,chi_2025.bib,True
10.1145/3706598.3713208,The Walking Meditation Mat: Leveraging Targeted Heat Sensation to Guide Attention Inward,2025,chi_2025.bib,True
10.1145/3706598.3714254,VibWalk: Mapping Lower-limb Haptic Experiences of Everyday Walking,2025,chi_2025.bib,True
10.1145/3706598.3714270,"""Piecing Data Connections Together Like a Puzzle"": Effects of Increasing Task Complexity on the Effectiveness of Data Storytelling Enhanced Visualisations",2025,chi_2025.bib,True
10.1145/3706598.3714320,Augmenting Realistic Charts with Virtual Overlays,2025,chi_2025.bib,True
10.1145/3706598.3713612,"Intra, Extra, Read all about it! How Readers Interpret Visualizations with Intra- and Extratextual Information",2025,chi_2025.bib,True
10.1145/3706598.3713352,Sequential Visual Cues from Gaze Patterns: Reasoning Assistance for Bar Charts,2025,chi_2025.bib,True
10.1145/3706598.3713499,The Interaction Geography Slicer: Designing Exploratory Spatial Data Visualization Tools for Teachers' Reflective Practice,2025,chi_2025.bib,True
10.1145/3706598.3714229,Toward Filling a Critical Knowledge Gap: Charting the Interactions of Age with Task and Visualization,2025,chi_2025.bib,True
10.1145/3706598.3713385,Visualization Guardrails: Designing Interventions Against Cherry-Picking in Interactive Data Explorers,2025,chi_2025.bib,True
10.1145/3706598.3713623,A Systematic Review of Fitts' Law in 3D Extended Reality,2025,chi_2025.bib,True
10.1145/3706598.3713230,Ad-Blocked Reality: Evaluating User Perceptions of Content Blocking Concepts Using Extended Reality,2025,chi_2025.bib,True
10.1145/3706598.3714249,AlphaPIG: The Nicest Way to Prolong Interactive Gestures in Extended Reality,2025,chi_2025.bib,True
10.1145/3706598.3713982,Educator Perceptions of XRAuthor: An Accessible Tool for Authoring Learning Content with Different Immersion Levels,2025,chi_2025.bib,True
10.1145/3706598.3713954,On-body Icons: Designing a 3D Interface for Launching Apps in Augmented Reality,2025,chi_2025.bib,True
10.1145/3706598.3713656,Transparent Barriers: Natural Language Access Control Policies for XR-Enhanced Everyday Objects,2025,chi_2025.bib,True
10.1145/3706598.3713953,AiGet: Transforming Everyday Moments into Hidden Knowledge Discovery with AI Assistance on Smart Glasses,2025,chi_2025.bib,True
10.1145/3706598.3713682,CoKnowledge: Supporting Assimilation of Time-synced Collective Knowledge in Online Science Videos,2025,chi_2025.bib,True
10.1145/3706598.3714262,Exploring the Design Space of Real-time LLM Knowledge Support Systems: A Case Study of Jargon Explanations,2025,chi_2025.bib,True
10.1145/3706598.3713337,Generative AI in Knowledge Work: Design Implications for Data Navigation and Decision-Making,2025,chi_2025.bib,True
10.1145/3706598.3713448,OmniQuery: Contextually Augmenting Captured Multimodal Memories to Enable Personal Question Answering,2025,chi_2025.bib,True
10.1145/3706598.3714044,PlanTogether: Facilitating AI Application Planning Using Information Graphs and Large Language Models,2025,chi_2025.bib,True
10.1145/3706598.3715579,Talk to the Hand: an LLM-powered Chatbot with Visual Pointer as Proactive Companion for On-Screen Tasks,2025,chi_2025.bib,True
10.1145/3706598.3713362,"""Kya family planning after marriage hoti hai?"": Integrating Cultural Sensitivity in an LLM Chatbot for Reproductive Health",2025,chi_2025.bib,True
10.1145/3706598.3713613,"A Comparative Analysis of Information Gathering by Chatbots, Questionnaires, and Humans in Clinical Pre-Consultation",2025,chi_2025.bib,True
10.1145/3706598.3713918,Beyond the Dialogue: Multi-chatbot Group Motivational Interviewing for Premenstrual Syndrome (PMS) Management,2025,chi_2025.bib,True
10.1145/3706598.3713485,Private Yet Social: How LLM Chatbots Support and Challenge Eating Disorder Recovery,2025,chi_2025.bib,True
10.1145/3706598.3714196,Scaffolded Turns and Logical Conversations: Designing Humanized LLM-Powered Conversational Agents for Hospital Admission Interviews,2025,chi_2025.bib,True
10.1145/3706598.3713307,The Last JITAI? Exploring Large Language Models for Issuing Just-in-Time Adaptive Interventions: Fostering Physical Activity in a Prospective Cardiac Rehabilitation Setting,2025,chi_2025.bib,True
10.1145/3706598.3714212,BrickSmart: Leveraging Generative AI to Support Children's Spatial Language Learning in Family Block Play,2025,chi_2025.bib,True
10.1145/3706598.3713394,Designing for Transactional Moments: Features of Tools for Child-centred Speech Language Teletherapy,2025,chi_2025.bib,True
10.1145/3706598.3713386,Lookee: Gaze Tracking-based Infant Vocabulary Comprehension Assessment and Analysis,2025,chi_2025.bib,True
10.1145/3706598.3713380,Lost in Translation: How Does Bilingualism Shape Reader Preferences for Annotated Charts?,2025,chi_2025.bib,True
10.1145/3706598.3713376,Tap&Say: Touch Location-Informed Large Language Model for Multimodal Text Correction on Smartphones,2025,chi_2025.bib,True
10.1145/3706598.3714181,Unknown Word Detection for English as a Second Language (ESL) Learners using Gaze and Pre-trained Language Models,2025,chi_2025.bib,True
10.1145/3706598.3713945,Unlocking the Power of Speech: Game-Based Accent and Oral Communication Training for Immigrant English Language Learners via Large Language Models,2025,chi_2025.bib,True
10.1145/3706598.3713820,"""A five-year-old could understand it"" versus ""This is way too confusing"": Exploring Non-expert Understandings and Perceptions of Cybersecurity Definitions",2025,chi_2025.bib,True
10.1145/3706598.3714053,BioSpark: Beyond Analogical Inspiration to LLM-augmented Transfer,2025,chi_2025.bib,True
10.1145/3706598.3713312,Diagnosing and Prioritizing Issues in Automated Order-Taking Systems: A Machine-Assisted Error Discovery Approach,2025,chi_2025.bib,True
10.1145/3706598.3713164,Learning Curiosity through Play: Exploring the Role of Games and Interactive Design in Museums,2025,chi_2025.bib,True
10.1145/3706598.3713480,PeerEdu: Bootstrapping Online Learning Behaviors via Asynchronous Area of Interest Sharing from Peer Gaze,2025,chi_2025.bib,True
10.1145/3706598.3713321,"""It's Like Being On Stage"": Conveying Dancers' Expressiveness Through A Haptic-Installed Contemporary Dance Performance",2025,chi_2025.bib,True
10.1145/3706598.3713281,AIFiligree: A Generative AI Framework for Designing Exquisite Filigree Artworks,2025,chi_2025.bib,True
10.1145/3706598.3713274,ArtMentor: AI-Assisted Evaluation of Artworks to Explore Multimodal Large Language Models Capabilities,2025,chi_2025.bib,True
10.1145/3706598.3714042,EyeSee: Enhancing Art Appreciation through Anthropomorphic Interpretations from Multiple Perspectives,2025,chi_2025.bib,True
10.1145/3706598.3714159,HarmonyCut: Supporting Creative Chinese Paper-cutting Design with Form and Connotation Harmony,2025,chi_2025.bib,True
10.1145/3706598.3714157,Reviving Mural Art through Generative AI: A Comparative Study of AI-Generated and Hand-Crafted Recreations,2025,chi_2025.bib,True
10.1145/3706598.3714166,"""Watch, Smell, Ask, Touch"": Practices, Challenges, and Technological Support in Ability Assessment of Older Adults from Practitioners' Perspectives in China",2025,chi_2025.bib,True
10.1145/3706598.3714105,Designing with Dynamics: Reflections on Co-design Workshops Between People Living with Dementia and Their Care Partners,2025,chi_2025.bib,True
10.1145/3706598.3714012,Hidden Opportunities for Elder Living: Understanding Shared Technology Troubles and Benefits for Older Adults in the UK Cost of Living Crisis,2025,chi_2025.bib,True
10.1145/3706598.3713339,JournalAIde: Empowering Older Adults in Digital Journal Writing,2025,chi_2025.bib,True
10.1145/3706598.3714234,Sticking With Electronics for Crafting Practices: An Inclusive Approach to Promote Making Literacy Among Older Adults,2025,chi_2025.bib,True
10.1145/3706598.3714207,Surfacing Technology Routines While Studying Videoconferencing Among Older Adults with Cognitive Concerns,2025,chi_2025.bib,True
10.1145/3706598.3713823,Towards Personalized Physiotherapy through Interactive Machine Learning: A Conceptual Infrastructure Design for In-Clinic and Out-of-Clinic Support,2025,chi_2025.bib,True
10.1145/3706598.3714112,Beyond Omakase: Designing Shared Control for Navigation Robots with Blind People,2025,chi_2025.bib,True
10.1145/3706598.3713727,Challenging Futures: Using Chatbots to Reflect on Aging and Dementia,2025,chi_2025.bib,True
10.1145/3706598.3714101,Creating with Care: Co-Designing Immersive Experiences through Art-Making with People Living with Dementia,2025,chi_2025.bib,True
10.1145/3706598.3713938,Mano: Designing for Tactile Experiences in Advanced Dementia Care,2025,chi_2025.bib,True
10.1145/3706598.3713930,Open-ended Play For People With Dementia,2025,chi_2025.bib,True
10.1145/3706598.3713788,WanderGuide: Indoor Map-less Robotic Guide for Exploration by Blind People,2025,chi_2025.bib,True
10.1145/3706598.3713296,"Data Formulator 2: Iterative Creation of Data Visualizations, with AI Transforming Data Along the Way",2025,chi_2025.bib,True
10.1145/3706598.3713490,Exploratory Visual Analysis of Transcripts for Interaction Analysis in Human-Computer Interaction,2025,chi_2025.bib,True
10.1145/3706598.3713881,GistVis: Automatic Generation of Word-scale Visualizations from Data-rich Documents,2025,chi_2025.bib,True
10.1145/3706598.3713243,The Social Construction of Visualizations: Practitioner Challenges and Experiences of Visualizing Race and Gender,2025,chi_2025.bib,True
10.1145/3706598.3713976,Uncovering How Scatterplot Features Skew Visual Class Separation,2025,chi_2025.bib,True
10.1145/3706598.3713276,ZuantuSet: A Collection of Historical Chinese Visualizations and Illustrations,2025,chi_2025.bib,True
10.1145/3706598.3714194,Designing Physical Interactions with Triboelectric Material Sensing,2025,chi_2025.bib,True
10.1145/3706598.3713356,From Operation to Cognition: Automatic Modeling Cognitive Dependencies from User Demonstrations for GUI Task Automation,2025,chi_2025.bib,True
10.1145/3706598.3713686,FusionProtor: A Mixed-Prototype Tool for Component-level Physical-to-Virtual 3D Transition and Simulation,2025,chi_2025.bib,True
10.1145/3706598.3713285,Generative and Malleable User Interfaces with Generative and Evolving Task-Driven Data Model,2025,chi_2025.bib,True
10.1145/3706598.3714006,Interaction Substrates: Combining Power and Simplicity in Interactive Systems,2025,chi_2025.bib,True
10.1145/3706598.3714164,Malleable Overview-Detail Interfaces,2025,chi_2025.bib,True
10.1145/3706598.3713331,XR-penter: Material-Aware and In Situ Design of Scrap Wood Assemblies,2025,chi_2025.bib,True
10.1145/3706598.3714271,Does Care Lead to Bonds? Exploring the Relationship Between Human Caregiving for Robots and Human-Robot Bonding,2025,chi_2025.bib,True
10.1145/3706598.3713969,Leveling Up Together: Fostering Positive Growth and Safe Online Spaces for Teen Roblox Developers,2025,chi_2025.bib,True
10.1145/3706598.3713404,Peerspective: A Study on Reciprocal Tracking for Self-awareness and Relational Insight,2025,chi_2025.bib,True
10.1145/3706598.3713371,Realism Drives Interpersonal Reciprocity but Yields to AI-Assisted Egocentrism in a Coordination Experiment,2025,chi_2025.bib,True
10.1145/3706598.3713598,The Design Space for Online Restorative Justice Tools: A Case Study with ApoloBot,2025,chi_2025.bib,True
10.1145/3706598.3713413,The Gulf of Interpretation: From Chart to Message and Back Again,2025,chi_2025.bib,True
10.1145/3706598.3713653,"Virtual Solidarity, Concrete Care: A Review of Mutual Aid Online",2025,chi_2025.bib,True
10.1145/3706598.3713807,"""But I Won't Say That It Was Bad Seeing a Real Vagina"": Understanding Perspectives toward Learning Sensitive-Critical Health Topic",2025,chi_2025.bib,True
10.1145/3706598.3713680,ASHABot: An LLM-Powered Chatbot to Support the Informational Needs of Community Health Workers,2025,chi_2025.bib,True
10.1145/3706598.3713350,An Evaluation of Spatial Anchoring to position AR Guidance in Arthroscopic Surgery,2025,chi_2025.bib,True
10.1145/3706598.3714285,Exploring the Remapping Impact of Spatial Head-hand Relations in Immersive Telesurgery,2025,chi_2025.bib,True
10.1145/3706598.3713756,Patient Handover in the Emergency Department Is Not Just a Point Event: Insights for Designing Information Support Tools,2025,chi_2025.bib,True
10.1145/3706598.3713129,A Systematic Literature Review to Characterize Asymmetric Interaction in Collaborative Systems,2025,chi_2025.bib,True
10.1145/3706598.3714052,Are We On Track? AI-Assisted Active and Passive Goal Reflection During Meetings,2025,chi_2025.bib,True
10.1145/3706598.3713993,Co-Designing Multimodal Tools for Radically Mobile Hybrid Meetings,2025,chi_2025.bib,True
10.1145/3706598.3714064,Manifesting Architectural Subspaces with Two Mobile Robotic Partitions to Facilitate Spontaneous Office Meetings,2025,chi_2025.bib,True
10.1145/3706598.3714328,MiniMates: Miniature Avatars for AR Remote Meetings within Limited Physical Spaces,2025,chi_2025.bib,True
10.1145/3706598.3713838,"Observe, Ask, Intervene: Designing AI Agents for More Inclusive Meetings",2025,chi_2025.bib,True
10.1145/3706598.3713684,"Understanding Cyber Hostility, Gossip, Exclusion, and Social Support in Remote and Hybrid Work Settings: Benefits and Challenges of Remote Work",2025,chi_2025.bib,True
10.1145/3706598.3713269,"""I spent 14 hours debugging just one assignment"": Toward Computer-Mediated Personal Informatics for Computer Science Student Mental Health",2025,chi_2025.bib,True
10.1145/3706598.3713800,Affective Interactions in Therapeutic Virtual Reality: A Critical Perspective,2025,chi_2025.bib,True
10.1145/3706598.3713730,CounterStress: Enhancing Stress Coping Planning through Counterfactual Explanations in Personal Informatics,2025,chi_2025.bib,True
10.1145/3706598.3714142,Healing Through Stories: Co-designing Digital Mental Health with Asian Americans,2025,chi_2025.bib,True
10.1145/3706598.3713115,"Social Simulation for Everyday Self-Care: Design Insights from Leveraging VR, AR, and LLMs for Practicing Stress Relief",2025,chi_2025.bib,True
10.1145/3706598.3713638,Cyberoception: Finding A Painlessly-Measurable New Sense In The Cyberworld Towards Emotion-awareness In Computing,2025,chi_2025.bib,True
10.1145/3706598.3713848,Designing Daily Supports for Parent-Child Conversations about Emotion: Ecological Momentary Assessment as Intervention,2025,chi_2025.bib,True
10.1145/3706598.3713947,Promoting Prosociality via Micro-acts of Joy: A Large-Scale Well-Being Intervention Study,2025,chi_2025.bib,True
10.1145/3706598.3713116,The Benefits of Prosociality towards AI Agents: Examining the Effects of Helping AI Agents on Human Well-Being,2025,chi_2025.bib,True
10.1145/3706598.3713434,The Cruel Optimism of Tech Work: Tech Workers' Affective Attachments in the Aftermath of 2022-23 Tech Layoffs,2025,chi_2025.bib,True
10.1145/3706598.3713585,What's In Your Kit? Mental Health Technology Kits for Depression Self-Management,2025,chi_2025.bib,True
10.1145/3706598.3713936,Enhancing Smartphone Eye Tracking with Cursor-Based Interactive Implicit Calibration,2025,chi_2025.bib,True
10.1145/3706598.3714021,Everything to Gain: Combining Area Cursors with increased Control-Display Gain for Fast and Accurate Touchless Input,2025,chi_2025.bib,True
10.1145/3706598.3713554,Exploring Mobile Touch Interaction with Large Language Models,2025,chi_2025.bib,True
10.1145/3706598.3714314,LLM Powered Text Entry Decoding and Flexible Typing on Smartphones,2025,chi_2025.bib,True
10.1145/3706598.3713956,MagPie: Extending a Smartphone’s Interaction Space via a Customizable Magnetic Back-of-Device Input Accessory,2025,chi_2025.bib,True
10.1145/3706598.3714056,PropType: Everyday Props as Typing Surfaces in Augmented Reality,2025,chi_2025.bib,True
10.1145/3706598.3714066,WritingRing: Enabling Natural Handwriting Input with a Single IMU Ring,2025,chi_2025.bib,True
10.1145/3706598.3714109,Articulating Human-World Relations from Co-Designing a Collaborative Robotic System,2025,chi_2025.bib,True
10.1145/3706598.3714266,Beyond Vacuuming: How Can We Exploit Domestic Robots' Idle Time?,2025,chi_2025.bib,True
10.1145/3706598.3713673,Encounter with the Giants: Understanding Interaction with Large-scale Inflatable Soft Robots,2025,chi_2025.bib,True
10.1145/3706598.3713790,Peek into the `White-Box': A Field Study on Bystander Engagement with Urban Robot Uncertainty,2025,chi_2025.bib,True
10.1145/3706598.3713237,The People Behind the Robots: How Wizards Wrangle Robots in Public Deployments,2025,chi_2025.bib,True
10.1145/3706598.3714009,The Robotability Score: Enabling Harmonious Robot Navigation on Urban Streets,2025,chi_2025.bib,True
10.1145/3706598.3713440,corobos: A Design for Mobile Robots Enabling Cooperative Transitions between Table and Wall Surfaces,2025,chi_2025.bib,True
10.1145/3706598.3713343,Aesthetics in Designing with the Living: A Systematic Review of Critical Perspectives and Artefacts,2025,chi_2025.bib,True
10.1145/3706598.3713713,Being The Creek: Mobile Augmented Reality Experience as an Invitation for Exploring More-Than-Human Perspectives,2025,chi_2025.bib,True
10.1145/3706598.3713977,Designing Urban Noticing Probes for Community Animals and Cohabitation in Türkiye,2025,chi_2025.bib,True
10.1145/3706598.3713151,How Can Interactive Technology Help Us to Experience Joy With(in) the Forest? Towards a Taxonomy of Tech for Joyful Human-Forest Interactions,2025,chi_2025.bib,True
10.1145/3706598.3713272,Labour Provenance as a Lens to Reveal More-Than-Human Ecologies in Biological Design and HCI,2025,chi_2025.bib,True
10.1145/3706598.3713311,"Reshaping Human-Animal Relationships: Exploring Lemur and Human Enrichment through Smell, Sound, and Sight",2025,chi_2025.bib,True
10.1145/3706598.3714304,TH-Wood: Developing Thermo-Hygro-Coordinating Driven Wood Actuators to Enhance Human-Nature Interaction,2025,chi_2025.bib,True
10.1145/3706598.3714221,"""Through the Looking Glass, and What We Found There"": A Comprehensive Study of User Experiences with Pass-Through Devices in Everyday Activities",2025,chi_2025.bib,True
10.1145/3706598.3713914,Does Adding Visual Signifiers in Animated Transitions Improve Interaction Discoverability?,2025,chi_2025.bib,False
10.1145/3706598.3713411,Modeling User Performance in Multi-Lane Moving-Target Acquisition,2025,chi_2025.bib,True
10.1145/3706598.3713152,Perceived Asynchrony of Rhythmic Stimuli Affects Pupil Diameter and Smooth Pursuit Eye Movements,2025,chi_2025.bib,True
10.1145/3706598.3713910,SocialEyes: Scaling Mobile Eye-tracking to Multi-person Social Settings,2025,chi_2025.bib,True
10.1145/3706598.3713092,Stretch Gaze Targets Out: Experimenting with Target Sizes for Gaze-Enabled Interfaces on Mobile Devices,2025,chi_2025.bib,True
10.1145/3706598.3713270,Effects of Information Widgets on Time Perception during Mentally Demanding Tasks,2025,chi_2025.bib,True
10.1145/3706598.3714269,Looking but Not Focusing: Defining Gaze-Based Indices of Attention Lapses and Classifying Attentional States,2025,chi_2025.bib,True
10.1145/3706598.3714174,M2SILENT: Enabling Multi-user Silent Speech Interactions via Multi-directional Speakers in Shared Spaces,2025,chi_2025.bib,True
10.1145/3706598.3714263,SpeakEasy: Enhancing Text-to-Speech Interactions for Expressive Content Creation,2025,chi_2025.bib,True
10.1145/3706598.3714186,VRCaptions: Design Captions for DHH Users in Multiplayer Communication in VR,2025,chi_2025.bib,True
10.1145/3706598.3714161,Vision-Based Multimodal Interfaces: A Survey and Taxonomy for Enhanced Context-Aware System Design,2025,chi_2025.bib,True
10.1145/3706598.3713222,Exploring the Effect of Music on User Typing and Identification through Keystroke Dynamics,2025,chi_2025.bib,True
10.1145/3706598.3714298,Exploring the Potential of Music Generative AI for Music-Making by Deaf and Hard of Hearing People,2025,chi_2025.bib,True
10.1145/3706598.3713489,Investigating Composite Relation with a Data-Physicalized Thing through the Deployment of the WavData Lamp,2025,chi_2025.bib,True
10.1145/3706598.3713876,MVPrompt: Building Music-Visual Prompts for AI Artists to Craft Music Video Mise-en-scène,2025,chi_2025.bib,True
10.1145/3706598.3713601,Movement Sonification of Familiar Music to Support the Agency of People with Chronic Pain,2025,chi_2025.bib,True
10.1145/3706598.3713762,Understanding the Potentials and Limitations of Prompt-based Music Generative AI,2025,chi_2025.bib,True
10.1145/3706598.3713384,Animals' Entanglement with Technology: a Scoping Review,2025,chi_2025.bib,True
10.1145/3706598.3713291,Backyard Practices: A Liminal Approach to Designing in More-than-Human Worlds,2025,chi_2025.bib,True
10.1145/3706598.3713916,Constituency as a Matter of Practice: Moving a Plant Studio,2025,chi_2025.bib,True
10.1145/3706598.3713833,Diving into the Abyss: Exploring Deep Sea Connection and Curiosity through Virtual Reality,2025,chi_2025.bib,True
10.1145/3706598.3714067,Fabulating Bog Girl: Queer Entanglements of Body and Land Histories in More-than-Human AutoFiction and Design,2025,chi_2025.bib,True
10.1145/3706598.3713207,Human-Nature Relationships through Video Games: An Exploration of Players' Sense-Making,2025,chi_2025.bib,True
10.1145/3706598.3713156,LivingLoom: Investigating Human-Plant Symbiosis Through Integrating Living Plants Into (E-)Textiles,2025,chi_2025.bib,True
10.1145/3706598.3713420,"""As an Autistic Person Myself:"" The Bias Paradox Around Autism in LLMs",2025,chi_2025.bib,True
10.1145/3706598.3714094,"""Ultimately, it's a matter of safety, and resisting ostracization"": Understanding Neurodivergent Masking with Online Communities",2025,chi_2025.bib,True
10.1145/3706598.3713961,Involvement of Autistic Adults in the Participatory Design of Technology: A Scoping Review,2025,chi_2025.bib,True
10.1145/3706598.3714287,Reimagining Support: Exploring Autistic Individuals' Visions for AI in Coping with Negative Self-Talk,2025,chi_2025.bib,True
10.1145/3706598.3713539,Towards Neuroqueer Spatial Justice: A Critical Literature Review of Public Space Technologies for Neurodivergent Populations,2025,chi_2025.bib,True
10.1145/3706598.3713344,Working Together Toward Interdependence: Chatbot-Based Support for Balanced Social Interactions Between Neurodivergent and Neurotypical Individuals,2025,chi_2025.bib,True
10.1145/3706598.3713738,“It Helps Us Express Our Feelings Without Having To Say Anything”: Exploring 'Accompanying Social Play Things' Designed With and For Neurodiverse Groups of Children,2025,chi_2025.bib,True
10.1145/3706598.3713780,Can you pass that tool?: Implications of Indirect Speech in Physical Human-Robot Collaboration,2025,chi_2025.bib,True
10.1145/3706598.3713635,Decoding Driver Intention Cues: Exploring Non-verbal Communication for Human-Centered Automotive Interfaces,2025,chi_2025.bib,True
10.1145/3706598.3713571,Emotion-aware Design in Automobiles: Embracing Technology Advancements to Enhance Human-vehicle Interaction,2025,chi_2025.bib,True
10.1145/3706598.3713428,From Alien to Ally: Exploring Non-Verbal Communication with Non-Anthropomorphic Avatars in a Collaborative Escape-Room,2025,chi_2025.bib,True
10.1145/3706598.3714078,Since U Been Gone: Augmenting Context-Aware Transcriptions for Re-Engaging in Immersive VR Meetings,2025,chi_2025.bib,True
10.1145/3706598.3714306,Trusting Tracking: Perceptions of Non-Verbal Communication Tracking in Videoconferencing,2025,chi_2025.bib,True
10.1145/3706598.3714147,User-Defined Co-Speech Gesture Design with Swarm Robots,2025,chi_2025.bib,True
10.1145/3706598.3713773,Classroom Simulacra: Building Contextual Student Generative Agents in Online Education for Learning Behavioral Simulation,2025,chi_2025.bib,True
10.1145/3706598.3713716,Media Bias Detector: Designing and Implementing a Tool for Real-Time Selection and Framing Bias Analysis in News Coverage,2025,chi_2025.bib,True
10.1145/3706598.3713618,Mediating The Marginal: A Quantitative Analysis of Curated LGBTQ+ Content on Instagram,2025,chi_2025.bib,True
10.1145/3706598.3713728,Artificial Intimacy: Exploring Normativity and Personalization Through Fine-tuning LLM Chatbots,2025,chi_2025.bib,True
10.1145/3706598.3713962,Characterizing Photorealism and Artifacts in Diffusion Model-Generated Images,2025,chi_2025.bib,True
10.1145/3706598.3713603,Continual Human-in-the-Loop Optimization,2025,chi_2025.bib,True
10.1145/3706598.3713200,Coordination Mechanisms in AI Development: Practitioner Experiences on Integrating UX Activities,2025,chi_2025.bib,True
10.1145/3706598.3713863,FontCraft: Multimodal Font Design Using Interactive Bayesian Optimization,2025,chi_2025.bib,True
10.1145/3706598.3714199,OptiSub: Optimizing Video Subtitle Presentation for Varied Display and Font Sizes via Speech Pause-Driven Chunking,2025,chi_2025.bib,True
10.1145/3706598.3714060,"Domain Experts, Design Novices: How Community Practitioners Enact Participatory Design Values",2025,chi_2025.bib,True
10.1145/3706598.3713717,Exploring the Fit: Analysing Material Selection for Interactive Markers in MAR Games through Co-Design,2025,chi_2025.bib,True
10.1145/3706598.3713658,Facilitation Skills in Participatory Design,2025,chi_2025.bib,True
10.1145/3706598.3713165,Participatory AI Considerations for Advancing Racial Health Equity,2025,chi_2025.bib,True
10.1145/3706598.3713436,"Participatory Design in Human-Computer Interaction: Cases, Characteristics, and Lessons",2025,chi_2025.bib,True
10.1145/3706598.3713865,PolicyCraft: Supporting Collaborative and Participatory Policy Design through Case-Grounded Deliberation,2025,chi_2025.bib,True
10.1145/3706598.3713482,Preventing Harmful Data Practices by using Participatory Input to Navigate the Machine Learning Multiverse,2025,chi_2025.bib,True
10.1145/3706598.3713594,A Placebo Concert: The Placebo Effect for Visualization of Physiological Audience Data during Experience Recreation in Virtual Reality,2025,chi_2025.bib,True
10.1145/3706598.3713921,A Qualitative Investigation of User Transitions and Frictions in Cross-Reality Applications,2025,chi_2025.bib,True
10.1145/3706598.3714110,DobbyEar: Inducing Body Illusion of Ear Deformation with Haptic Retargeting,2025,chi_2025.bib,True
10.1145/3706598.3713455,The Spin Doctor: Leveraging Insensitivity to Passive Rotational & Translational Gain For Unbounded Motion-Based VR Experiences,2025,chi_2025.bib,True
10.1145/3706598.3713400,Virtual Worlds Beyond Sight: Designing and Evaluating an Audio-Haptic System for Non-Visual VR Exploration,2025,chi_2025.bib,True
10.1145/3706598.3714291,iGripper: A Semi-Active Handheld Haptic VR Controller Based on Variable Stiffness Mechanism,2025,chi_2025.bib,True
10.1145/3706598.3713171,Labeling Synthetic Content: User Perceptions of Label Designs for AI-Generated Content on Social Media,2025,chi_2025.bib,True
10.1145/3706598.3713301,Towards AI Accountability Infrastructure: Gaps and Opportunities in AI Audit Tooling,2025,chi_2025.bib,True
10.1145/3706598.3713887,Understanding End-User Perception of Transfer Risks in Smart Contracts,2025,chi_2025.bib,True
10.1145/3706598.3713256,``Impressively Scary:' Exploring User Perceptions and Reactions to Unraveling Machine Learning Models in Social Media Applications,2025,chi_2025.bib,True
10.1145/3706598.3713378,Investigating User Perceptions of Epilepsy-Related Seizure Triggers in Mobile Apps: An Analysis of User Reviews,2025,chi_2025.bib,True
10.1145/3706598.3714124,LumosX: 3D Printed Anisotropic Light-Transfer,2025,chi_2025.bib,True
10.1145/3706598.3713775,RadEye: Tracking Eye Motion Using FMCW Radar,2025,chi_2025.bib,True
10.1145/3706598.3713439,SpineLoft: Interactive Spine-based 2D-to-3D Modeling,2025,chi_2025.bib,True
10.1145/3706598.3713744,Do Expressions Change Decisions? Exploring the Impact of AI's Explanation Tone on Decision-Making,2025,chi_2025.bib,True
10.1145/3706598.3713520,"Encountering Friction, Understanding Crises: How Do Digital Natives Make Sense of Crisis Maps?",2025,chi_2025.bib,True
10.1145/3706598.3713332,PAIRcolator: Pair Collaboration for Sensemaking and Reflection on Personal Data,2025,chi_2025.bib,True
10.1145/3706598.3713300,Reciportrait: a Data Humanism Approach for Collaborative Sensemaking of Personal Data,2025,chi_2025.bib,True
10.1145/3706598.3713664,Tempo: Helping Data Scientists and Domain Experts Collaboratively Specify Predictive Modeling Tasks,2025,chi_2025.bib,True
10.1145/3706598.3713232,The Datafication of Care in Public Homelessness Services,2025,chi_2025.bib,True
10.1145/3706598.3714202,Achieving Resilience: Data Loss and Recovery on Devices for Personal Use in Three Countries,2025,chi_2025.bib,True
10.1145/3706598.3713546,Design Patterns for the Common Good: Building Better Technologies Using the Wisdom of Virtue Ethics,2025,chi_2025.bib,True
10.1145/3706598.3713544,Digital Technologies and Human Trafficking: Combating Coercive Control and Navigating Digital Autonomy,2025,chi_2025.bib,True
10.1145/3706598.3713882,InteRecon: Towards Reconstructing Interactivity of Personal Memorable Items in Mixed Reality,2025,chi_2025.bib,True
10.1145/3706598.3713495,LumaDreams: Designing Positive Dream Meaning-Making for Daily Empowerment,2025,chi_2025.bib,True
10.1145/3706598.3714145,Pixel Memories: Do Lifelog Summaries Fail to Enhance Memory but Offer Privacy-Aware Memory Assessments?,2025,chi_2025.bib,True
10.1145/3706598.3713365,Responsible Prompting Recommendation: Fostering Responsible AI Practices in Prompting-Time,2025,chi_2025.bib,True
10.1145/3706598.3713416,Blending Code and Cause: Understanding the Dynamic Motivations of Volunteer Developers in community-driven FOSS projects,2025,chi_2025.bib,True
10.1145/3706598.3713157,Building the Beloved Community: Designing Technologies for Neighborhood Safety,2025,chi_2025.bib,True
10.1145/3706598.3714246,Exploring Place-Belongingness through Magic Machine Workshops in Refugee Communities,2025,chi_2025.bib,True
10.1145/3706598.3713163,In Suspense About Suspensions? The Relative Effectiveness of Suspension Durations on a Popular Social Platform,2025,chi_2025.bib,True
10.1145/3706598.3714184,User Motivations to Participate in Crowdsourcing and Contribute User-generated Content on Location-based Media: A Literature Review,2025,chi_2025.bib,True
10.1145/3706598.3713763,"“Even When Success Seems Impossible, I Keep Streaming”: How Do Chinese Elderly Streamers Interact with Platform Algorithmic (In)visibility",2025,chi_2025.bib,True
10.1145/3706598.3713314,DataSentry: Building Missing Data Management System for In-the-Wild Mobile Sensor Data Collection through Multi-Year Iterative Design Approach,2025,chi_2025.bib,True
10.1145/3706598.3713103,Divisi: Interactive Search and Visualization for Scalable Exploratory Subgroup Analysis,2025,chi_2025.bib,True
10.1145/3706598.3714069,Emerging Data Practices: Data Work in the Era of Large Language Models,2025,chi_2025.bib,True
10.1145/3706598.3713491,Exploring Empty Spaces: Human-in-the-Loop Data Augmentation,2025,chi_2025.bib,True
10.1145/3706598.3715269,How To Draw Commands? An Elicitation Study for Sketching on Spreadsheets,2025,chi_2025.bib,True
10.1145/3706598.3714321,"TableCanoniser: Interactive Grammar-Powered Transformation of Messy, Non-Relational Tables to Canonical Tables",2025,chi_2025.bib,True
10.1145/3706598.3714239,Xavier: Toward Better Coding Assistance in Authoring Tabular Data Wrangling Scripts,2025,chi_2025.bib,True
10.1145/3706598.3714076,Hardware-Embedded Pointing Transfer Function Capable of Canceling OS Gains,2025,chi_2025.bib,True
10.1145/3706598.3713530,PinchCatcher: Enabling Multi-selection for Gaze+Pinch,2025,chi_2025.bib,True
10.1145/3706598.3713442,T2IRay: Design of Thumb-to-Index based Indirect Pointing for Continuous and Robust AR/VR Input,2025,chi_2025.bib,True
10.1145/3706598.3713410,Understanding User Behavior in Window Selection using Dragging for Multiple Targets,2025,chi_2025.bib,True
10.1145/3706598.3713083,"""Create a Fear of Missing Out"" - ChatGPT Implements Unsolicited Deceptive Designs in Generated Websites Without Warning",2025,chi_2025.bib,True
10.1145/3706598.3713648,A Cross-Country Analysis of GDPR Cookie Banners and Flexible Methods For Scraping Them,2025,chi_2025.bib,True
10.1145/3706598.3713779,AEGIS: Human Attention-based Explainable Guidance for Intelligent Vehicle Systems,2025,chi_2025.bib,True
10.1145/3706598.3713308,Exploring Users' Perspectives on a Solid-Enabled Personal Data Store Enhanced Streaming Service,2025,chi_2025.bib,True
10.1145/3706598.3713897,Generative AI and Perceptual Harms: Who's Suspected of using LLMs?,2025,chi_2025.bib,True
10.1145/3706598.3713318,Mind the Kayak! Informing UX Design of Autonomous Vehicles through Edge Case Testing in the Field,2025,chi_2025.bib,True
10.1145/3706598.3713768,You Shall Not Pass: Warning Drivers of Unsafe Overtaking Maneuvers on Country Roads by Predicting Safe Sight Distance,2025,chi_2025.bib,True
10.1145/3706598.3714137,"""Auntie, Please Don't Fall for Those Smooth Talkers"": How Chinese Younger Family Members Safeguard Seniors from Online Fraud",2025,chi_2025.bib,True
10.1145/3706598.3713652,Collaborative Work in Malware Analysis: Understanding the Roles and Challenges of Malware Analysts,2025,chi_2025.bib,True
10.1145/3706598.3713257,From Knowledge to Practice: Co-Designing Privacy Controls with Children,2025,chi_2025.bib,True
10.1145/3706598.3713251,Investigating Users' Decision-making for Data Privacy Controls in the Context of Internet of Things (IoT) Devices Using an Incentive-compatible Lottery Study,2025,chi_2025.bib,True
10.1145/3706598.3713283,OSINT Clinic: Co-designing AI-Augmented Collaborative OSINT Investigations for Vulnerability Assessment,2025,chi_2025.bib,True
10.1145/3706598.3713798,"Systemization of Knowledge (SoK): Goals, Coverage, and Evaluation in Cybersecurity and Privacy Games",2025,chi_2025.bib,True
10.1145/3706598.3713711,Understanding and Empowering Intelligence Analysts: User-Centered Design for Deepfake Detection Tools,2025,chi_2025.bib,True
10.1145/3706598.3713630,An Investigation of Interaction and Information Needs for Protocol Reverse Engineering Automation,2025,chi_2025.bib,True
10.1145/3706598.3713822,Code Shaping: Iterative Code Editing with Free-form AI-Interpreted Sketching,2025,chi_2025.bib,True
10.1145/3706598.3714115,DynEx: Dynamic Code Synthesis with Structured Design Exploration for Accelerated Exploratory Programming,2025,chi_2025.bib,True
10.1145/3706598.3714027,FusAIn: Composing Generative AI Visual Prompts Using Pen-based Interaction,2025,chi_2025.bib,True
10.1145/3706598.3713271,How Humans Communicate Programming Tasks in Natural Language and Implications For End-User Programming with LLMs,2025,chi_2025.bib,True
10.1145/3706598.3713668,How Scientists Use Large Language Models to Program,2025,chi_2025.bib,True
10.1145/3706598.3713905,InstructPipe: Generating Visual Blocks Pipelines with Human Instructions and LLMs,2025,chi_2025.bib,True
10.1145/3706598.3713234,"""React"", ""Command"", or ""Instruct""? Teachers Mental Models on End-User Development",2025,chi_2025.bib,True
10.1145/3706598.3713932,Closing the Loop between User Stories and GUI Prototypes: An LLM-Based Assistant for Cross-Functional Integration in Software Development,2025,chi_2025.bib,True
10.1145/3706598.3713431,Do It For Me vs. Do It With Me: Investigating User Perceptions of Different Paradigms of Automation in Copilots for Feature-Rich Software,2025,chi_2025.bib,True
10.1145/3706598.3714002,Need Help? Designing Proactive AI Assistants for Programming,2025,chi_2025.bib,True
10.1145/3706598.3713166,Prototyping with Prompts: Emerging Approaches and Challenges in Generative AI Design for Collaborative Software Teams,2025,chi_2025.bib,True
10.1145/3706598.3713723,The Shapes of Abstraction in Data Structure Diagrams,2025,chi_2025.bib,True
10.1145/3706598.3713621,Understanding Marine Scientist Software Tool Use,2025,chi_2025.bib,True
10.1145/3706598.3713198,A Critical Analysis of Machine Learning Eco-feedback Tools through the Lens of Sustainable HCI,2025,chi_2025.bib,True
10.1145/3706598.3713665,"Make Making Sustainable: Exploring Sustainability Practices, Challenges, and Opportunities in Making Activities",2025,chi_2025.bib,True
10.1145/3706598.3714276,PCB Renewal: Iterative Reuse of PCB Substrates for Sustainable Electronic Making,2025,chi_2025.bib,True
10.1145/3706598.3714095,ProtoPCB: Reclaiming Printed Circuit Board E-waste as Prototyping Material,2025,chi_2025.bib,True
10.1145/3706598.3713663,"Sustainability, Development, and Human–Computer Interaction",2025,chi_2025.bib,True
10.1145/3706598.3713948,Voxel Invention Kit: Reconfigurable Building Blocks for Prototyping Interactive Electronic Structures,2025,chi_2025.bib,True
10.1145/3706598.3713239,What Comes After Noticing?: Reflections on Noticing Solar Energy and What Came Next,2025,chi_2025.bib,True
10.1145/3706598.3713241,Beyond Explicit and Implicit: How Users Provide Feedback to Shape Personalized Recommendation Content,2025,chi_2025.bib,True
10.1145/3706598.3714106,Briteller: Shining a Light on AI Recommendations for Children,2025,chi_2025.bib,True
10.1145/3706598.3713379,Hashtag Re-Appropriation for Audience Control on Recommendation-Driven Social Media Xiaohongshu (rednote),2025,chi_2025.bib,True
10.1145/3706598.3713460,PAIGE: Examining Learning Outcomes and Experiences with Personalized AI-Generated Educational Podcasts,2025,chi_2025.bib,True
10.1145/3706598.3713347,User Experience with LLM-powered Conversational Recommendation Systems: A Case of Music Recommendation,2025,chi_2025.bib,True
10.1145/3706598.3713826,"``I am not the primary focus"" - Understanding the Perspectives of Bystanders in Photos Shared Online",2025,chi_2025.bib,True
10.1145/3706598.3714245,"""They are responsible for ensuring that I can continue to use the service."" Investigating Users' Expectations Towards 2FA Recovery in Germany",2025,chi_2025.bib,True
10.1145/3706598.3713334,A Law of One's Own: The Inefficacy of the DMCA for Non-Consensual Intimate Media,2025,chi_2025.bib,True
10.1145/3706598.3713391,Bystander Privacy in Video Sharing Era: Automated Consent Compliance through Platform Censorship,2025,chi_2025.bib,True
10.1145/3706598.3713795,"Cyber Threat Awareness, Protective Measures and Communication Preferences in Germany: Implications from Three Representative Surveys (2021-2024)",2025,chi_2025.bib,True
10.1145/3706598.3714136,Interaction Techniques for Providing Sensitive Location Data of Interpersonal Violence with User-Defined Privacy Preservation,2025,chi_2025.bib,True
10.1145/3706598.3714097,To Rely or Not to Rely? Evaluating Interventions for Appropriate Reliance on Large Language Models,2025,chi_2025.bib,True
10.1145/3706598.3713812,AvatARoid: A Motion-Mapped AR Overlay to Bridge the Embodiment Gap Between Robots and Teleoperators in Robot-Mediated Telepresence,2025,chi_2025.bib,True
10.1145/3706598.3713889,Real-Time Adaptive Industrial Robots: Improving Safety And Comfort In Human-Robot Collaboration,2025,chi_2025.bib,True
10.1145/3706598.3713113,RoboTeach: How Student Robots' Preexisting Proficiency and Learning Rate Affect Human Teachers Demonstrating Object Placement,2025,chi_2025.bib,True
10.1145/3706598.3713477,User-Driven Value Alignment: Understanding Users' Perceptions and Strategies for Addressing Biased and Discriminatory Statements in AI Companions,2025,chi_2025.bib,True
10.1145/3706598.3713983,Bridging the Gap Between Usable Security Research and Open-Source Practice - Lessons From a Long-Term Engagement With VeraCrypt,2025,chi_2025.bib,True
10.1145/3706598.3713966,Decline Now: A Combinatorial Model for Algorithmic Collective Action,2025,chi_2025.bib,True
10.1145/3706598.3713959,Heartbeat Resonance: Inducing Non-contact Heartbeat Sensations in the Chest,2025,chi_2025.bib,True
10.1145/3706598.3713097,"More Attention, Transformation, Acceleration, and Exploration: Freelance Developers' Take on Hypes",2025,chi_2025.bib,True
10.1145/3706598.3713931,No Silver Bullet: Towards Demonstrating Secure Software Development for Small and Medium Enterprises in a Business-to-Business Model,2025,chi_2025.bib,True
10.1145/3706598.3713980,Security Knight in Shining Armor: What and Who VPN Providers Claim to Shield Consumers Against,2025,chi_2025.bib,True
10.1145/3706598.3713104,VisUnit: Literate Visualisation Studies Assembled from Reusable Test-Suites,2025,chi_2025.bib,True
10.1145/3706598.3713895,"""Perfect is the Enemy of Good"": The CISO's Role in Enterprise Security as a Business Enabler",2025,chi_2025.bib,True
10.1145/3706598.3713122,Beyond Deterrence: A Systematic Review of the Role of Autonomous Motivation in Organizational Security Behavior Studies,2025,chi_2025.bib,True
10.1145/3706598.3713616,Exploring the Privacy and Security Challenges Faced by Migrant Domestic Workers in Chinese Smart Homes,2025,chi_2025.bib,True
10.1145/3706598.3713209,Of Secrets and Seedphrases: Conceptual Misunderstandings and Security Challenges for Seed Phrase Management among Cryptocurrency Users,2025,chi_2025.bib,True
10.1145/3706598.3713547,Permission Rationales in the Web Ecosystem: An Exploration of Rationale Text and Design Patterns,2025,chi_2025.bib,True
10.1145/3706598.3713968,The TaPSI Research Framework - A Systematization of Knowledge on Tangible Privacy and Security Interfaces,2025,chi_2025.bib,True
10.1145/3706598.3713290,Using Anonymous Discussion Platforms to Support Open Conversations about Cybersecurity in Organisations,2025,chi_2025.bib,True
10.1145/3706598.3714030,Attracting Fingers with Waves: Potential Fields Using Active Lateral Forces Enhance Touch Interactions,2025,chi_2025.bib,True
10.1145/3706598.3713100,"BIT: Battery-free, IC-less and Wireless Smart Textile Interface and Sensing System",2025,chi_2025.bib,True
10.1145/3706598.3714140,FIP: Endowing Robust Motion Capture on Daily Garment by Fusing Flex and Inertial Sensors,2025,chi_2025.bib,True
10.1145/3706598.3713835,"RheoMap: Mapping Inks, Gels, Pastes, and Slurries within a Rheological Embedding Space using Retraction-Extrusion Pressure Sensor Vectors",2025,chi_2025.bib,True
10.1145/3706598.3713419,Seeing with the Hands: A Sensory Substitution That Supports Manual Interactions,2025,chi_2025.bib,True
10.1145/3706598.3713369,SqueezeMe: Creating Soft Inductive Pressure Sensors with Ferromagnetic Elastomers,2025,chi_2025.bib,True
10.1145/3706598.3714132,Tactile Vega-Lite: Rapidly Prototyping Tactile Charts with Smart Defaults,2025,chi_2025.bib,True
10.1145/3706598.3713139,Canvil: Designerly Adaptation for LLM-Powered User Experiences,2025,chi_2025.bib,True
10.1145/3706598.3713408,Deceptive Explanations by Large Language Models Lead People to Change their Beliefs About Misinformation More Often than Honest Explanations,2025,chi_2025.bib,True
10.1145/3706598.3713327,"Encountering Robotic Art: The Social, Material, and Temporal Processes of Creation with Machines",2025,chi_2025.bib,True
10.1145/3706598.3714316,Friction: Deciphering Writing Feedback into Writing Revisions through LLM-Assisted Reflection,2025,chi_2025.bib,True
10.1145/3706598.3714327,GenieWizard: Multimodal App Feature Discovery with Large Language Models,2025,chi_2025.bib,True
10.1145/3706598.3713201,Mind the Gap! Choice Independence in Using Multilingual LLMs for Persuasive Co-Writing Tasks in Different Languages,2025,chi_2025.bib,True
10.1145/3706598.3714068,Reimagining Misuse as Creative Practice: Impressions and Implications of Usage Norms on Digital Artists,2025,chi_2025.bib,True
10.1145/3706598.3713138,Dramatic Things: Investigating Value Conflicts in Smart Home through Enactment and Co-speculation,2025,chi_2025.bib,True
10.1145/3706598.3713712,Folk Tales of IoT: Understanding the Impact of Stories on Users' Positive and Negative Perceptions of Smart Home IoT Devices,2025,chi_2025.bib,True
10.1145/3706598.3713517,PrivacyHub: A Functional Tangible and Digital Ecosystem for Interoperable Smart Home Privacy Awareness and Control,2025,chi_2025.bib,True
10.1145/3706598.3714231,Understanding Home Router Configuration Habits & Attitudes,2025,chi_2025.bib,True
10.1145/3706598.3713903,"What Do We Design for When We Design ""Smart Buildings""? - A Scoping Review of Human Experience Design Research in Buildings",2025,chi_2025.bib,True
10.1145/3706598.3713265,What If Smart Homes Could See Our Homes?: Exploring DIY Smart Home Building Experiences with VLM-Based Camera Sensors,2025,chi_2025.bib,True
10.1145/3706598.3713645,A House Divided: How U.S. Politics Could Shape Contact-Tracing Adoption in Future Pandemics,2025,chi_2025.bib,True
10.1145/3706598.3713266,Generative Politics and Labour Markets: Unions and Collective Life in a City in Crisis,2025,chi_2025.bib,True
10.1145/3706598.3714299,NightLight: Passively Mapping Nighttime Sidewalk Light Data for Improved Pedestrian Routing,2025,chi_2025.bib,True
10.1145/3706598.3713643,Normalizing Grit: The Futility of Personal Informatics for Farm Workers and Climate Change,2025,chi_2025.bib,True
10.1145/3706598.3713261,The Role of ICTs in the Maintenance and Reproduction of Digital Border Assemblages,2025,chi_2025.bib,True
10.1145/3706598.3713593,Understanding Public Agencies' Expectations and Realities of AI-Driven Chatbots for Public Health Monitoring,2025,chi_2025.bib,True
10.1145/3706598.3714250,What's in a Place? On Platformization of Traditional Agricultural Marketplaces,2025,chi_2025.bib,True
10.1145/3706598.3713901,Building a Better Social Media Platform: Can We Codesign With Equity in Mind?,2025,chi_2025.bib,True
10.1145/3706598.3713592,Queer Joy on Social Media: Exploring the Expression and Facilitation of Queer Joy in Online Platforms,2025,chi_2025.bib,True
10.1145/3706598.3713136,Social Media as Marginalisation Machine: The Trans Desire for Solidarity Spaces,2025,chi_2025.bib,True
10.1145/3706598.3713351,"Social Media for Activists: Reimagining Safety, Content Presentation, and Workflows",2025,chi_2025.bib,True
10.1145/3706598.3713813,Tracing Change in Social Media Use: A Qualitative Longitudinal Study,2025,chi_2025.bib,True
10.1145/3706598.3713263,Using Affordance to Understand Usability of Web3 Social Media,2025,chi_2025.bib,True
10.1145/3706598.3714126,“It's Too Much On Top of Your Own Food Drama”: Exploring Food Allergy Identity and Experience Through Social Media,2025,chi_2025.bib,True
10.1145/3706598.3713094,"Autonomous Regulation of Social Media Use: Implications for Self-control, Well-Being, and UX",2025,chi_2025.bib,True
10.1145/3706598.3714243,Beyond Click to Cognition: Effective Interventions for Promoting Examination of False Beliefs in Misinformation,2025,chi_2025.bib,True
10.1145/3706598.3713909,Community Fact-Checks Trigger Moral Outrage in Replies to Misleading Posts on Social Media,2025,chi_2025.bib,True
10.1145/3706598.3713131,Does the Story Matter? Applying Narrative Theory to an Educational Misinformation Escape Room Game,2025,chi_2025.bib,True
10.1145/3706598.3713187,Scrolling in the Deep: Analysing Contextual Influences on Intervention Effectiveness during Infinite Scrolling on Social Media,2025,chi_2025.bib,True
10.1145/3706598.3713098,The Influence of Content Modality on Perceptions of Online Misinformation,2025,chi_2025.bib,True
10.1145/3706598.3713516,"User Experiences with Abortion Misinformation on TikTok: Encounters, Assessment Strategies, and Response",2025,chi_2025.bib,True
10.1145/3706598.3713988,"""Business on WhatsApp is tough now-- but am I really a businesswoman?"" Exploring Challenges with Adapting to Changes in WhatsApp Business",2025,chi_2025.bib,True
10.1145/3706598.3713119,In the Balance: Insights from Collaborative Financial Technologies,2025,chi_2025.bib,True
10.1145/3706598.3713178,Reselling Practices in a Textile Bazaar: Translating E-Commerce Platforms to WhatsApp,2025,chi_2025.bib,True
10.1145/3706598.3713583,The Many Tendrils of the Octopus Map,2025,chi_2025.bib,True
10.1145/3706598.3715270,"Understanding Pakistani Mothers' Use and Non-Use of Screen Media-based Devices: Gratifications, Strategies, and Design Implications",2025,chi_2025.bib,True
10.1145/3706598.3713724,What Social Media Use Do People Regret? An Analysis of 34K Smartphone Screenshots with Multimodal LLM,2025,chi_2025.bib,True
10.1145/3706598.3713672,What-if Analysis for Business Professionals: Current Practices and Future Opportunities,2025,chi_2025.bib,True
10.1145/3706598.3714125,"""It Brought Me Joy"": Opportunities for Spatial Browsing in Desktop Screen Readers",2025,chi_2025.bib,True
10.1145/3706598.3713102,Curves Ahead: Enhancing the Steering Law for Complex Curved Trajectories,2025,chi_2025.bib,True
10.1145/3706598.3713849,Ego vs. Exo and Active vs. Passive: Investigating the Individual and Combined Effects of Viewpoint and Navigation on Spatial Immersion and Understanding in Immersive Storytelling,2025,chi_2025.bib,True
10.1145/3706598.3714315,FlexiVol: a Volumetric Display with an Elastic Diffuser to Enable Reach-Through Interaction,2025,chi_2025.bib,True
10.1145/3706598.3713747,SpatIO: Spatial Physical Computing Toolkit Based on Extended Reality,2025,chi_2025.bib,True
10.1145/3706598.3714083,Spatial Haptics: A Sensory Substitution Method for Distal Object Detection Using Tactile Cues,2025,chi_2025.bib,True
10.1145/3706598.3714033,Spatial Heterogeneity in Distributed Mixed Reality Collaboration,2025,chi_2025.bib,True
10.1145/3706598.3713933,"""AI Afterlife"" as Digital Legacy: Perceptions, Expectations, and Concerns",2025,chi_2025.bib,True
10.1145/3706598.3713111,Effects of Visual Modality on Conversations with Interactive Digital Testimonies: Preparing for the Post-Witness Era,2025,chi_2025.bib,True
10.1145/3706598.3713215,Journey to My Past: Exploring and Journaling Past Memories Evoked by Questions Framed as Proud Moments,2025,chi_2025.bib,True
10.1145/3706598.3713172,"Meditating Together: Practices, Benefits and Challenges of Meditation on Social Virtual Reality",2025,chi_2025.bib,True
10.1145/3706598.3714297,ShamAIn: Designing Superior Conversational AI Inspired by Shamanism,2025,chi_2025.bib,True
10.1145/3706598.3713552,"Unintended, Percolated Work: Overlooked Opportunities for Collaboration Between Informal Caregivers and Healthcare Professionals During the End-Of-Life Care Process",2025,chi_2025.bib,True
10.1145/3706598.3713557,Walking in My Shoes: An Autoethnography of Techno-Spiritual Practices,2025,chi_2025.bib,True
10.1145/3706598.3714178,BleacherBot: AI Agent as a Sports Co-Viewing Partner,2025,chi_2025.bib,True
10.1145/3706598.3713324,Bridging Coaching Knowledge and AI Feedback to Enhance Motor Learning in Basketball Shooting Mechanics Through a Knowledge-Based SOP Framework,2025,chi_2025.bib,True
10.1145/3706598.3714026,"Coach, Data Analyst, and Protector: Exploring Data Practices of Collegiate Coaching Staff",2025,chi_2025.bib,True
10.1145/3706598.3713141,Crafting Champions: An Observation Study of Esports Coaching Processes,2025,chi_2025.bib,True
10.1145/3706598.3713606,Efficient Management of LLM-Based Coaching Agents' Reasoning While Maintaining Interaction Quality and Speed,2025,chi_2025.bib,True
10.1145/3706598.3713819,GPTCoach: Towards LLM-Based Physical Activity Coaching,2025,chi_2025.bib,True
10.1145/3706598.3713627,Understanding the Training Experiences of Competitive Skiers with Tetraplegia,2025,chi_2025.bib,True
10.1145/3706598.3713093,A Scoping Review of Gender Stereotypes in Artificial Intelligence,2025,chi_2025.bib,True
10.1145/3706598.3713430,Beyond the “Industry Standard”: Focusing Gender-Affirming Voice Training Technologies on Individualized Goal Exploration.,2025,chi_2025.bib,True
10.1145/3706598.3713608,Breaking the Binary: A Systematic Review of Gender-Ambiguous Voices in Human-Computer Interaction,2025,chi_2025.bib,True
10.1145/3706598.3713681,Doing the Feminist Work in AI: Reflections from an AI Project in Latin America,2025,chi_2025.bib,True
10.1145/3706598.3713709,"Super Kawaii Vocalics: Amplifying the ""Cute"" Factor in Computer Voice",2025,chi_2025.bib,True
10.1145/3706598.3713235,"“Python is for girls!”: Masculinity, Femininity, and Queering Inclusion at Hackathons",2025,chi_2025.bib,True
10.1145/3706598.3713275,Characterizing LLM-Empowered Personalized Story Reading and Interaction for Children: Insights From Multi-Stakeholder Perspectives,2025,chi_2025.bib,True
10.1145/3706598.3713715,Finding Needles in Document Haystacks: Augmenting Serendipitous Claim Retrieval Workflows,2025,chi_2025.bib,True
10.1145/3706598.3713309,Influencer: Empowering Everyday Users in Creating Promotional Posts via AI-infused Exploration and Customization,2025,chi_2025.bib,True
10.1145/3706598.3713913,Jupybara: Operationalizing a Design Space for Actionable Data Analysis and Storytelling with LLMs,2025,chi_2025.bib,True
10.1145/3706598.3713132,Strollytelling: Coupling Animation with Physical Locomotion to Explore Immersive Data Stories,2025,chi_2025.bib,True
10.1145/3706598.3713367,Supporting Mobile Reading While Walking with Automatic and Customized Font Size Adaptations,2025,chi_2025.bib,True
10.1145/3706598.3713240,"""Should I choose a smaller model?': Understanding ML Model Selection and Its Impact on Sustainability",2025,chi_2025.bib,False
10.1145/3706598.3713118,Architecting Utopias: How AI in Healthcare Envisions Societal Ideals and Human Flourishing,2025,chi_2025.bib,True
10.1145/3706598.3713990,Cripping the Co-Design of Pacing Technologies For Energy-Limiting Conditions,2025,chi_2025.bib,True
10.1145/3706598.3713101,Designing with the Solar Internet: Towards Constraint-Based Design for Sustainable Consumption,2025,chi_2025.bib,True
10.1145/3706598.3714001,Exploring Assumptions about Sustainability: Towards a Constructive Framework for Action in Sustainable HCI,2025,chi_2025.bib,True
10.1145/3706598.3713299,Incorporating Sustainability in Electronics Design: Obstacles and Opportunities,2025,chi_2025.bib,True
10.1145/3706598.3713754,Of Ironies and Agency: Energy Professionals' Views on Digital Interventions and Their Users,2025,chi_2025.bib,True
10.1145/3706598.3713714,"""Here the GPT made a choice, and every choice can be biased"": How Students Critically Engage with LLMs through End-User Auditing Activity",2025,chi_2025.bib,True
10.1145/3706598.3713148,A Pandemic for the Good of Digital Literacy? An Empirical Investigation of Newly Improved Digital Skills during COVID-19 Lockdowns,2025,chi_2025.bib,True
10.1145/3706598.3713173,AI Literacy for Underserved Students: Leveraging Cultural Capital from Underserved Communities for AI Education Research,2025,chi_2025.bib,True
10.1145/3706598.3713841,Exploring What People Need to Know to be AI Literate: Tailoring for a Diversity of AI Roles and Responsibilities,2025,chi_2025.bib,True
10.1145/3706598.3713667,How Students in Creative Educations Appropriate Technology: A phenomenological analysis.,2025,chi_2025.bib,True
10.1145/3706598.3713126,Responsibility Attribution in Human Interactions with Everyday AI Systems,2025,chi_2025.bib,True
10.1145/3706598.3713297,Understanding the Security Advice Mechanisms of Low Socioeconomic Pakistanis,2025,chi_2025.bib,True
10.1145/3706598.3713772,Advancing Problem-Based Learning with Clinical Reasoning for Improved Differential Diagnosis in Medical Education,2025,chi_2025.bib,True
10.1145/3706598.3714024,Beyond Time and Accuracy: Strategies in Visual Problem-Solving,2025,chi_2025.bib,True
10.1145/3706598.3713229,Contrastive Explanations That Anticipate Human Misconceptions Can Improve Human Decision-Making Skills,2025,chi_2025.bib,True
10.1145/3706598.3714082,"Effects of LLM-based Search on Decision Making: Speed, Accuracy, and Overreliance",2025,chi_2025.bib,True
10.1145/3706598.3713462,Selective Trust: Understanding Human-AI Partnerships in Personal Health Decision-Making Process,2025,chi_2025.bib,True
10.1145/3706598.3713508,Supporting Contraceptive Decision-Making in the Intermediated Pharmacy Setting in Kenya,2025,chi_2025.bib,True
10.1145/3706598.3714280,AI-Enabled Conversational Journaling for Advancing Parkinson's Disease Symptom Tracking,2025,chi_2025.bib,True
10.1145/3706598.3714256,Bittersweet Snapshots of Life: Designing to Address Complex Emotions in a Reminiscence Interaction between Older Adults and a Robot,2025,chi_2025.bib,True
10.1145/3706598.3713810,Chorus of the Past: Toward Designing a Multi-agent Conversational Reminiscence System with Digital Artifacts for Older Adults,2025,chi_2025.bib,True
10.1145/3706598.3713135,Increased Use of Asocial Technologies Is Associated with Reduced Well-being Among Older Adults,2025,chi_2025.bib,True
10.1145/3706598.3713920,PANDA: Parkinson's Assistance and Notification Driving Aid,2025,chi_2025.bib,True
10.1145/3706598.3714277,"RemiHaven: Integrating ""In-Town"" and ""Out-of-Town"" Peers to Provide Personalized Reminiscence Support for Older Drifters",2025,chi_2025.bib,True
10.1145/3706598.3714093,Tracking and its Potential for Older Adults with Memory Concerns,2025,chi_2025.bib,True
10.1145/3706598.3713614,"""Leave our kids alone!"": Exploring Concerns Reported by Parents in 1-star Reviews",2025,chi_2025.bib,True
10.1145/3706598.3713596,Collaborative Health-Tracking Technologies for Children and Parents: A Review of Current Studies and Directions for Future Research,2025,chi_2025.bib,True
10.1145/3706598.3713548,One Size Doesn't Fit All: Towards Design and Evaluation of Developmentally Appropriate Parental Control Tool,2025,chi_2025.bib,True
10.1145/3706598.3713330,SET-PAiREd: Designing for Parental Involvement in Learning with an AI-Assisted Educational Robot,2025,chi_2025.bib,True
10.1145/3706598.3713422,Weighing Benefits and Harms: Parental Mediation on Social Video Platforms,2025,chi_2025.bib,True
10.1145/3706598.3713360,YouthCare: Building a Personalized Collaborative Video Censorship Tool to Support Parent-Child Joint Media Engagement,2025,chi_2025.bib,True
10.1145/3706598.3713655,'Douyin is My Nourishment of the Mind': Exploring the Infrastructuralization Process of Short Video Sharing Platforms From Rural People’s Perspective,2025,chi_2025.bib,True
10.1145/3706598.3713661,Can AI Prompt Humans? Multimodal Agents Prompt Players? Game Actions and Show Consequences to Raise Sustainability Awareness,2025,chi_2025.bib,True
10.1145/3706598.3713782,Designing Health Technologies for Immigrant Communities: Exploring Healthcare Providers' Communication Strategies with Patients,2025,chi_2025.bib,True
10.1145/3706598.3714232,Live-Streaming-Based Dual-Teacher Classes for Equitable Education: Insights and Challenges From Local Teachers' Perspective in Disadvantaged Areas,2025,chi_2025.bib,True
10.1145/3706598.3713817,Reimagining Wearable-Based Digital Contact Tracing: Insights from Kenya and Côte d'Ivoire,2025,chi_2025.bib,True
10.1145/3706598.3713315,The Odyssey Journey: Top-Tier Medical Resource Seeking for Specialized Disorder in China,2025,chi_2025.bib,True
10.1145/3706598.3714324,The User Perspective on Island-Ready 6G Communication: A Survey of Future Smartphone Usage in Crisis-Struck Areas with Local Cellular Connectivity,2025,chi_2025.bib,True
10.1145/3706598.3713249,Advancing HCI with Neuromorphic Technology: Guidelines for Designing User-Friendly Developer Tools for Neuromorphic Development,2025,chi_2025.bib,True
10.1145/3706598.3714045,EvAlignUX: Advancing UX Evaluation through LLM-Supported Metrics Exploration,2025,chi_2025.bib,True
10.1145/3706598.3713678,Exploring Deaf And Hard of Hearing Peoples' Perspectives On Tasks In Augmented Reality: Interacting With 3D Objects And Instructional Comprehension,2025,chi_2025.bib,True
10.1145/3706598.3713900,Exploring the Nexus of Technology and Food Practices in Young Adults: A Value-Sensitive Design Perspective towards Human-Food Interaction,2025,chi_2025.bib,True
10.1145/3706598.3714224,"LLM Integration in Extended Reality: A Comprehensive Review of Current Trends, Challenges, and Future Perspectives",2025,chi_2025.bib,True
10.1145/3706598.3714096,VideoA11y: Method and Dataset for Accessible Video Description,2025,chi_2025.bib,True
10.1145/3706598.3713877,Who Reaps All the Superchats? A Large-Scale Analysis of Income Inequality in Virtual YouTuber Livestreaming,2025,chi_2025.bib,True
10.1145/3706598.3713390,"""Becoming My Own Audience"": How Dancers React to Avatars Unlike Themselves in Motion Capture-Supported Live Improvisational Performance.",2025,chi_2025.bib,True
10.1145/3706598.3714176,CalliSense: An Interactive Educational Tool for Process-based Learning in Chinese Calligraphy,2025,chi_2025.bib,True
10.1145/3706598.3714220,ChoreoCraft: In-situ Crafting of Choreography in Virtual Reality through Creativity Support Tool,2025,chi_2025.bib,True
10.1145/3706598.3713432,Human-Computer Counter-Choreographies: Raising Awareness of Data Tracking through Live Coding,2025,chi_2025.bib,True
10.1145/3706598.3714190,Ink Restorer: Virtual Restoration of Ancient Chinese Paintings Inheriting Traditional Restoration Processes,2025,chi_2025.bib,True
10.1145/3706598.3714156,MR.Drum: Designing Mixed Reality Interfaces to Support Structured Learning Micro-Progression in Drumming,2025,chi_2025.bib,True
10.1145/3706598.3714325,Sensing Movement: Contemporary Dance Workshops with People who are Blind or have Low Vision and Dance Teachers,2025,chi_2025.bib,True
10.1145/3706598.3713210,"""Don't Forget the Teachers"": Towards an Educator-Centered Understanding of Harms from Large Language Models in Education",2025,chi_2025.bib,True
10.1145/3706598.3713646,Exploring K-12 Physical Education Teachers’ Perspectives on Opportunities and Challenges of AI Integration through Ideation Workshops,2025,chi_2025.bib,True
10.1145/3706598.3713109,Exploring LLM-Powered Role and Action-Switching Pedagogical Agents for History Education in Virtual Reality,2025,chi_2025.bib,True
10.1145/3706598.3714402,Fairness by Design: Cross-Cultural Perspectives from Children on AI and Fair Data Processing in their Education Futures,2025,chi_2025.bib,True
10.1145/3706598.3713995,Interactions Beyond the Pandemic: Lessons Learned from Large-scale Emergency Remote Teaching in Higher Education,2025,chi_2025.bib,True
10.1145/3706598.3713698,Towards Dialogic and On-Demand Metaphors for Interdisciplinary Reading,2025,chi_2025.bib,True
10.1145/3706598.3713310,Development of an LLM-Based Chatbot to Support Learnability in Stardew Valley: A Diary Study Approach,2025,chi_2025.bib,True
10.1145/3706598.3713393,Examining Student and Teacher Perspectives on Undisclosed Use of Generative AI in Academic Work,2025,chi_2025.bib,True
10.1145/3706598.3713456,Exploring the Impact of Avatar Representations in AI Chatbot Tutors on Learning Experiences,2025,chi_2025.bib,True
10.1145/3706598.3714054,TeachTune: Reviewing Pedagogical Agents Against Diverse Student Profiles with Simulated Students,2025,chi_2025.bib,True
10.1145/3706598.3713919,The World is Not Enough: Growing Waste in HPC-enabled Academic Practice,2025,chi_2025.bib,True
10.1145/3706598.3714047,Toward Living Narrative Reviews: An Empirical Study of the Processes and Challenges in Updating Survey Articles in Computing Research,2025,chi_2025.bib,True
10.1145/3706598.3713731,TutorCraftEase: Enhancing Pedagogical Question Creation with Large Language Models,2025,chi_2025.bib,True
10.1145/3706598.3713718,Bridging Generations using AI-Supported Co-Creative Activities,2025,chi_2025.bib,True
10.1145/3706598.3713746,Children using Tabletop Telepresence Robots for Collaboration: A Longitudinal Case Study of Hybrid and Online Intergenerational Participatory Design,2025,chi_2025.bib,True
10.1145/3706598.3713134,Enhancing Pediatric Communication: The Role of an AI-Driven Chatbot in Facilitating Child-Parent-Provider Interaction,2025,chi_2025.bib,True
10.1145/3706598.3714018,"Virtual Visits, Real Emotions: Designing Social VR Experiences for Imprisoned Fathers and their Children",2025,chi_2025.bib,True
10.1145/3706598.3714039,`I don't want to watch grown-up stuff': Children's and Parents' Perspectives and Recommendations for Health-Centered Digital Media Design,2025,chi_2025.bib,True
10.1145/3706598.3713405,eaSEL: Promoting Social-Emotional Learning and Parent-Child Interaction through AI-Mediated Content Consumption,2025,chi_2025.bib,True
10.1145/3706598.3714278,FineType: Fine-grained Tapping Gesture Recognition for Text Entry,2025,chi_2025.bib,True
10.1145/3706598.3713944,Investigating Context-Aware Collaborative Text Entry on Smartphones using Large Language Models,2025,chi_2025.bib,True
10.1145/3706598.3713580,Plume: Scaffolding Text Composition in Dashboards,2025,chi_2025.bib,True
10.1145/3706598.3713153,Simulating Errors in Touchscreen Typing,2025,chi_2025.bib,True
10.1145/3706598.3713862,Textoshop: Interactions Inspired by Drawing Software to Facilitate Text Editing,2025,chi_2025.bib,True
10.1145/3706598.3713781,There Is More to Dwell Than Meets the Eye: Toward Better Gaze-Based Text Entry Systems With Multi-Threshold Dwell,2025,chi_2025.bib,True
10.1145/3706598.3713181,Think Together and Work Better: Combining Humans' and LLMs' Think-Aloud Outcomes for Effective Text Evaluation,2025,chi_2025.bib,True
10.1145/3706598.3713252,A Qualitative Study of Adoption Barriers and Challenges for Passwordless Authentication in German Public Administrations,2025,chi_2025.bib,True
10.1145/3706598.3713538,"Fear, Fun or None: A Qualitative Quest Towards Unlocking Cybersecurity Attitudes",2025,chi_2025.bib,True
10.1145/3706598.3714143,Precision Email Simulator for Research on Safety-Critical Phishing Behaviour,2025,chi_2025.bib,True
10.1145/3706598.3714117,The Hall of AI Fears and Hopes: Comparing the Views of AI Influencers and those of Members of the U.S. Public Through an Interactive Platform,2025,chi_2025.bib,True
10.1145/3706598.3713824,Trustworthy by Design: The Viewer's Perspective on Trust in Data Visualization,2025,chi_2025.bib,True
10.1145/3706598.3713972,Uncertainty in Science is Malleable. Advocating for User-Agency in Defining Uncertainty in Visualizations: a Case Study in Geology,2025,chi_2025.bib,True
10.1145/3706598.3713463,"Usability, Efficacy, and Acceptability of the U.S. Cyber Trust Mark",2025,chi_2025.bib,True
10.1145/3706598.3713468,"""It's Not the AI's Fault Because It Relies Purely on Data"": How Causal Attributions of AI Decisions Shape Trust in AI Systems",2025,chi_2025.bib,True
10.1145/3706598.3713184,Bridging AI and Humanitarianism: An HCI-Informed Framework for Responsible AI Adoption,2025,chi_2025.bib,True
10.1145/3706598.3713570,Bridging the Trust Gap: Investigating the Role of Trust Transfer in the Adoption of AI Instructors for Digital Privacy Education,2025,chi_2025.bib,True
10.1145/3706598.3713099,Good Performance Isn't Enough to Trust AI: Lessons from Logistics Experts on their Long-Term Collaboration with an AI Planning System,2025,chi_2025.bib,True
10.1145/3706598.3713130,"Robots, Chatbots, Self-Driving Cars: Perceptions of Mind and Morality Across Artificial Intelligences",2025,chi_2025.bib,True
10.1145/3706598.3713527,Trusting Autonomous Teammates in Human-AI Teams - A Literature Review,2025,chi_2025.bib,True
10.1145/3706598.3713787,Unpacking Trust Dynamics in the LLM Supply Chain: An Empirical Exploration to Foster Trustworthy LLM Production & Use,2025,chi_2025.bib,True
10.1145/3706598.3714259,AI-Instruments: Embodying Prompts as Instruments to Abstract & Reflect Graphical Interface Commands as General-Purpose Tools,2025,chi_2025.bib,True
10.1145/3706598.3713500,Beyond Automation: How Designers Perceive AI as a Creative Partner in the Divergent Thinking Stages of UI/UX Design,2025,chi_2025.bib,True
10.1145/3706598.3713785,Dancing With Chains: Ideating Under Constraints With UIDEC in UI/UX Design,2025,chi_2025.bib,True
10.1145/3706598.3713739,GazeSwipe: Enhancing Mobile Touchscreen Reachability through Seamless Gaze and Finger-Swipe Integration,2025,chi_2025.bib,True
10.1145/3706598.3713924,Misty: UI Prototyping Through Interactive Conceptual Blending,2025,chi_2025.bib,True
10.1145/3706598.3713445,Persona-L has Entered the Chat: Leveraging LLMs and Ability-based Framework for Personas of People with Complex Needs,2025,chi_2025.bib,False
10.1145/3706598.3713140,Understanding Socio-technical Factors Configuring AI Non-Use in UX Work Practices,2025,chi_2025.bib,True
10.1145/3706598.3713336,As Confidence Aligns: Understanding the Effect of AI Confidence on Human Self-confidence in Human-AI Decision Making,2025,chi_2025.bib,True
10.1145/3706598.3713475,Cognitive Integration of Delays: Anticipated System Delays Slow Down User Actions,2025,chi_2025.bib,True
10.1145/3706598.3713444,How Do People Perceive Bundling? An Experiment,2025,chi_2025.bib,True
10.1145/3706598.3713536,Lay Perceptions of Algorithmic Discrimination in the Context of Systemic Injustice,2025,chi_2025.bib,True
10.1145/3706598.3713279,Let's Influence Algorithms Together: How Millions of Fans Build Collective Understanding of Algorithms and Organize Coordinated Algorithmic Actions,2025,chi_2025.bib,True
10.1145/3706598.3714300,RouteFlow: Trajectory-Aware Animated Transitions,2025,chi_2025.bib,True
10.1145/3706598.3713564,AI Suggestions Homogenize Writing Toward Western Styles and Diminish Cultural Nuances,2025,chi_2025.bib,True
10.1145/3706598.3713287,Creative Writers' Attitudes on Writing as Training Data for Large Language Models,2025,chi_2025.bib,True
10.1145/3706598.3713497,Explanatory Debiasing: Involving Domain Experts in the Data Generation Process to Mitigate Representation Bias in AI Systems,2025,chi_2025.bib,True
10.1145/3706598.3713338,"Public Opinions About Copyright for AI-Generated Art: The Role of Egocentricity, Competition, and Experience",2025,chi_2025.bib,True
10.1145/3706598.3713778,The Impact of Generative AI on Critical Thinking: Self-Reported Reductions in Cognitive Effort and Confidence Effects From a Survey of Knowledge Workers,2025,chi_2025.bib,True
10.1145/3706598.3714103,To Use or Not to Use: Impatience and Overreliance When Using Generative AI Productivity Support Tools,2025,chi_2025.bib,True
10.1145/3706598.3714286,Understanding Attitudes and Trust of Generative AI Chatbots for Social Anxiety Support,2025,chi_2025.bib,True
10.1145/3706598.3714127,Breaking the Familiarity Bias: Employing Virtual Reality Environments to Enhance Team Formation and Inclusion,2025,chi_2025.bib,True
10.1145/3706598.3714041,Estimating Detection Thresholds of Being Looked at in Virtual Reality for Avatar Redirection,2025,chi_2025.bib,True
10.1145/3706598.3713409,Facilitating Daily Practice in Intangible Cultural Heritage through Virtual Reality: A Case Study of Traditional Chinese Flower Arrangement,2025,chi_2025.bib,True
10.1145/3706598.3714099,Origami Sensei: A Mixed Reality AI-Assistant,2025,chi_2025.bib,True
10.1145/3706598.3714236,RemoteChess: Enhancing Older Adults' Social Connectedness via Designing a Virtual Reality Chinese Chess (Xiangqi) Community,2025,chi_2025.bib,True
10.1145/3706598.3713700,"The Triangle of Misunderstanding in Interactive Virtual Narratives: Gulfs Between System, Designers and Players",2025,chi_2025.bib,True
10.1145/3706598.3713441,ChatHAP: A Chat-Based Haptic System for Designing Vibrations through Conversation,2025,chi_2025.bib,True
10.1145/3706598.3713469,CollabJam: Studying Collaborative Haptic Experience Design for On-Body Vibrotactile Patterns,2025,chi_2025.bib,True
10.1145/3706598.3714310,Gesture and Audio-Haptic Guidance Techniques to Direct Conversations with Intelligent Voice Interfaces,2025,chi_2025.bib,True
10.1145/3706598.3713358,Motion-Coupled Asymmetric Vibration for Pseudo Force Rendering in Virtual Reality,2025,chi_2025.bib,True
10.1145/3706598.3713629,ReachPad: Interacting with Multiple Virtual Screens using a Single Physical Pad through Haptic Retargeting,2025,chi_2025.bib,True
10.1145/3706598.3714003,Tendon Vibration for Creating Movement Illusions in Virtual Reality,2025,chi_2025.bib,True
10.1145/3706598.3714273,VibraForge: A Scalable Prototyping Toolkit For Creating Spatialized Vibrotactile Feedback Systems,2025,chi_2025.bib,True
10.1145/3706598.3713880,Generating Highlight Videos of a User-Specified Length using Most Replayed Data,2025,chi_2025.bib,True
10.1145/3706598.3713206,More Than 'ticking-a-box': The Affordances of Short-form Video for Community Reporting to Government,2025,chi_2025.bib,True
10.1145/3706598.3713741,ProTAL: A Drag-and-Link Video Programming Framework for Temporal Action Localization,2025,chi_2025.bib,True
10.1145/3706598.3713342,Underground AI? Critical Approaches to Generative Cinema through Amateur Filmmaking,2025,chi_2025.bib,True
10.1145/3706598.3713857,VidSTR: Automatic Spatiotemporal Retargeting of Speech-Driven Video Compositions,2025,chi_2025.bib,True
10.1145/3706598.3713417,VideoDiff: Human-AI Video Co-Creation with Alternatives,2025,chi_2025.bib,True
10.1145/3706598.3714061,Where is the Boundary? Understanding How People Recognize and Evaluate Generative AI-extended Videos,2025,chi_2025.bib,True
10.1145/3706598.3714279,"A Concept at Work: A Review of Motivations, Operationalizations, and Conclusions in VR Research about Presence",2025,chi_2025.bib,True
10.1145/3706598.3713610,Awareness in Collaborative Mixed-Visual Ability Tangible Programming Activities,2025,chi_2025.bib,True
10.1145/3706598.3714162,Illusion Spaces in VR: The Interplay Between Size and Taper Angle Perception in Grasping,2025,chi_2025.bib,True
10.1145/3706598.3714303,Immersive Biography: Supporting Intercultural Empathy and Understanding for Displaced Cultural Objects in Virtual Reality,2025,chi_2025.bib,True
10.1145/3706598.3713328,ReMirrorFugue: Examining the Emotional Experience of Presence and (Illusory) Communications Across Time,2025,chi_2025.bib,True
10.1145/3706598.3713566,The Fidelity-based Presence Scale (FPS): Modeling the Effects of Fidelity on Sense of Presence,2025,chi_2025.bib,True
10.1145/3706598.3714204,When Do We Feel Present in a Virtual Reality? Towards Sensitivity and User Acceptance of Presence Questionnaires,2025,chi_2025.bib,True
10.1145/3706598.3713777,A Multimodal Approach for Targeting Error Detection in Virtual Reality Using Implicit User Behavior,2025,chi_2025.bib,True
10.1145/3706598.3713492,Estimating the Effects of Encumbrance and Walking on Mixed Reality Interaction,2025,chi_2025.bib,True
10.1145/3706598.3713766,Exploring Joint Effects of Locomotion Continuity and Wayfinding Assistance in Non-Embodied VR Game Navigation,2025,chi_2025.bib,True
10.1145/3706598.3714214,HeadTurner: Enhancing Viewing Range and Comfort of using Virtual and Mixed-Reality Headsets while Lying Down via Assisted Shoulder and Head Actuation,2025,chi_2025.bib,True
10.1145/3706598.3713647,Juggling Extra Limbs: Identifying Control Strategies for Supernumerary Multi-Arms in Virtual Reality,2025,chi_2025.bib,True
10.1145/3706598.3714180,Modes of Interaction with Navigation Apps,2025,chi_2025.bib,True
10.1145/3706598.3714289,On the Go with AR: Attention to Virtual and Physical Targets while Varying Augmentation Density,2025,chi_2025.bib,True
10.1145/3706598.3714173,"""What Would I Want to Make? Probably Everything"": Practices and Speculations of Blind and Low Vision Tactile Graphics Creators",2025,chi_2025.bib,True
10.1145/3706598.3714205,"How Users Who are Blind or Low Vision Play Mobile Games: Perceptions, Challenges, and Strategies",2025,chi_2025.bib,True
10.1145/3706598.3713553,I-Scratch: Independent Slide Creation With Auditory Comment and Haptic Interface for the Blind and Visually Impaired,2025,chi_2025.bib,True
10.1145/3706598.3713454,Light My Way: Developing and Exploring a Multimodal Interface to Assist People With Visual Impairments to Exit Highly Automated Vehicles,2025,chi_2025.bib,True
10.1145/3706598.3713797,ScreenAudit: Detecting Screen Reader Accessibility Errors in Mobile Apps Using Large Language Models,2025,chi_2025.bib,True
10.1145/3706598.3714008,The Impact of Generative AI Coding Assistants on Developers Who Are Visually Impaired,2025,chi_2025.bib,True
10.1145/3706598.3713634,The Sky is the Limit: Understanding How Generative AI can Enhance Screen Reader Users' Experience with Productivity Applications,2025,chi_2025.bib,True
10.1145/3706598.3713364,AVEC: An Assessment of Visual Encoding Ability in Visualization Construction,2025,chi_2025.bib,True
10.1145/3706598.3713128,Chartist: Task-driven Eye Movement Control for Chart Reading,2025,chi_2025.bib,True
10.1145/3706598.3714191,How Visualization Designers Perceive and Use Inspiration,2025,chi_2025.bib,True
10.1145/3706598.3713769,Libra: An Interaction Model for Data Visualization,2025,chi_2025.bib,True
10.1145/3706598.3713487,Lost in Magnitudes: Exploring Visualization Designs for Large Value Ranges,2025,chi_2025.bib,True
10.1145/3706598.3714070,Seeing Through the Overlap: The Impact of Color and Opacity on Depth Order Perception in Visualization,2025,chi_2025.bib,True
10.1145/3706598.3714400,A Novel Lens on Metacognition in Visualization,2025,chi_2025.bib,True
10.1145/3706598.3713693,Comparing Native and Non-native English Speakers' Behaviors in Collaborative Writing through Visual Analytics,2025,chi_2025.bib,True
10.1145/3706598.3713831,Confirmation Bias: The Double-Edged Sword of Data Facts in Visual Data Communication,2025,chi_2025.bib,True
10.1145/3706598.3713212,Data at Hand: Exploring the Tactile Perception of Data Physicalizations,2025,chi_2025.bib,True
10.1145/3706598.3713096,"The Anatomy of a Plea: How Uncertainty, Visualizations & Individual Differences Shape Plea Bargain Decisions",2025,chi_2025.bib,True
10.1145/3706598.3713425,"""Did you sleep well?"": A Multimodal Sleep Diary for Sustained Self-Reporting by Children",2025,chi_2025.bib,True
10.1145/3706598.3713844,"""You Go Through So Many Emotions Scrolling Through Instagram"": How Teens Use Instagram To Regulate Their Emotions",2025,chi_2025.bib,True
10.1145/3706598.3713868,Beyond the Circadian Rhythm: Variable Cycles of Regularity Found in Long-Term Sleep Tracking,2025,chi_2025.bib,True
10.1145/3706598.3713888,Exploring Modular Prompt Design for Emotion and Mental Health Recognition,2025,chi_2025.bib,True
10.1145/3706598.3714086,Feasibility and Utility of Multimodal Micro Ecological Momentary Assessment on a Smartwatch,2025,chi_2025.bib,True
10.1145/3706598.3713875,Foody Talk: Exploring Opportunities for Conversational Food Journaling,2025,chi_2025.bib,True
10.1145/3706598.3714089,Intimate Data Sharing: Enhancing Transparency and Control in Fertility Tracking,2025,chi_2025.bib,True
10.1145/3706598.3713732,"""I Don't Know Why I Should Use This App"": Holistic Analysis on User Engagement Challenges in Mobile Mental Health",2025,chi_2025.bib,True
10.1145/3706598.3713481,"Designing Technologies for Value-based Mental Healthcare: Centering Clinicians' Perspectives on Outcomes Data Specification, Collection, and Use",2025,chi_2025.bib,True
10.1145/3706598.3713537,Exploring Alternative Socio-Technical Systems for Careful Data Work in Recovery Contexts,2025,chi_2025.bib,True
10.1145/3706598.3714208,Like Adding a Small Weight to a Scale About to Tip: Personalizing Micro-Financial Incentives for Digital Wellbeing,2025,chi_2025.bib,True
10.1145/3706598.3713650,The Framework of the Lived Experience of Metrics: Understanding the Purposes and Activities of Self-Tracking Metrics,2025,chi_2025.bib,True
10.1145/3706598.3713143,Understanding Mental Wellbeing and Tools for Support with Taiwanese Emerging Adults: An Eastern Cultural Perspective,2025,chi_2025.bib,True
10.1145/3706598.3713197,Understanding Temporality of Reflection in Personal Informatics through Baby Tracking,2025,chi_2025.bib,True
10.1145/3706598.3714219,Evaluating Non-AI Experts' Interaction with AI: A Case Study In Library Context,2025,chi_2025.bib,True
10.1145/3706598.3713133,From Text to Trust: Empowering AI-assisted Decision Making with Adaptive LLM-powered Analysis,2025,chi_2025.bib,True
10.1145/3706598.3713814,Improving Governance Outcomes Through AI Documentation: Bridging Theory and Practice,2025,chi_2025.bib,True
10.1145/3706598.3714319,Prompting in the Dark: Assessing Human Performance in Prompt Engineering for Data Labeling When Gold Labels Are Absent,2025,chi_2025.bib,True
10.1145/3706598.3713443,Technologies for Children's AI Learning: Design Features and Future Opportunities,2025,chi_2025.bib,True
10.1145/3706598.3714090,"""It Might be Technically Impressive, But It's Practically Useless to us"": Motivations, Practices, Challenges, and Opportunities for Cross-Functional Collaboration around AI within the News Industry",2025,chi_2025.bib,True
10.1145/3706598.3714035,AI Rivalry as a Craft: How Resisting and Embracing Generative AI Are Reshaping the Writing Profession,2025,chi_2025.bib,True
10.1145/3706598.3713827,Generative AI Uses and Risks for Knowledge Workers in a Science Organization,2025,chi_2025.bib,True
10.1145/3706598.3714267,Judging Phishing Under Uncertainty: How Do Users Handle Inaccurate Automated Advice?,2025,chi_2025.bib,True
10.1145/3706598.3713470,"Objection Overruled! Lay People can Distinguish Large Language Models from Lawyers, but still Favour Advice from an LLM",2025,chi_2025.bib,True
10.1145/3706598.3715019,Social by Nature: How Socio-tecture Shapes the Work of SMBs and Considerations for Reimagining Collaborative Human-AI Systems,2025,chi_2025.bib,True
10.1145/3706598.3713112,The Making of Performative Accuracy in AI Training: Precision Labor and Its Consequences,2025,chi_2025.bib,True
10.1145/3706598.3713550,Beyond the Watercooler: Designing for Computer-Mediated Self-Disclosure among Work Colleagues,2025,chi_2025.bib,True
10.1145/3706598.3713651,Boss is aWare—Are you? Employee Comprehension and Legal Awareness of Workplace Monitoring,2025,chi_2025.bib,True
10.1145/3706598.3713625,DistKey: Incorporating Physical Activities into Daily Workflow through Spatially Distributed Hotkeys,2025,chi_2025.bib,True
10.1145/3706598.3714100,Knowledge Workers' Perspectives on AI Training for Responsible AI Use,2025,chi_2025.bib,True
10.1145/3706598.3713885,Speculative Job Design: Probing Alternative Opportunities for Gig Workers in an Automated Future,2025,chi_2025.bib,True
10.1145/3706598.3713915,"Work Hard, Play Harder: Intense Games Enable Recovery from High Mental Workload Tasks",2025,chi_2025.bib,True
10.1145/3706598.3713974,CorpusStudio: Surfacing Emergent Patterns In A Corpus Of Prior Work While Writing,2025,chi_2025.bib,True
10.1145/3706598.3713521,Creator Hearts: Investigating the Impact Positive Signals from YouTube Creators in Shaping Comment Section Behavior,2025,chi_2025.bib,True
10.1145/3706598.3713830,Does Positive Reinforcement Work?: A Quasi-Experimental Study of the Effects of Positive Feedback on Reddit,2025,chi_2025.bib,True
10.1145/3706598.3713691,"End User Authoring of Personalized Content Classifiers: Comparing Example Labeling, Rule Writing, and LLM Prompting",2025,chi_2025.bib,True
10.1145/3706598.3713205,Investigating How Computer Science Researchers Design Their Co-Writing Experiences With AI,2025,chi_2025.bib,True
10.1145/3706598.3713161,Making the Write Connections: Linking Writing Support Tools with Writer Needs,2025,chi_2025.bib,True
10.1145/3706598.3714258,AR You on Track? Investigating Effects of Augmented Reality Anchoring on Dual-Task Performance While Walking,2025,chi_2025.bib,True
10.1145/3706598.3713518,Documents in Your Hands: Exploring Interaction Techniques for Spatial Arrangement of Augmented Reality Documents,2025,chi_2025.bib,True
10.1145/3706598.3713377,Exclusion Rates among Disabled and Older Users of Virtual and Augmented Reality,2025,chi_2025.bib,True
10.1145/3706598.3713288,Fly Away: Evaluating the Impact of Motion Fidelity on Optimized User Interface Design via Bayesian Optimization in Automated Urban Air Mobility Simulations,2025,chi_2025.bib,True
10.1145/3706598.3713203,Investigating the Impact of Customized Avatars and the Proteus Effect during Physical Exercise in Virtual Reality,2025,chi_2025.bib,True
10.1145/3706598.3713743,Seeing and Touching the Air: Unraveling Eye-Hand Coordination in Mid-Air Gesture Typing for Mixed Reality,2025,chi_2025.bib,True
10.1145/3706598.3713382,Text Entry for XR Trove (TEXT): Collecting and Analyzing Techniques for Text Input in XR,2025,chi_2025.bib,True
10.1145/3706598.3713685,AR Cue Reliability for Interrupted Task Resumption Affects Users' Resumption Strategies and Performance,2025,chi_2025.bib,True
10.1145/3706598.3713519,Designing Effective Consent Mechanisms for Spontaneous Interactions in Augmented Reality,2025,chi_2025.bib,True
10.1145/3706598.3713320,Exploring the Design Space of Privacy-Driven Adaptation Techniques for Future Augmented Reality Interfaces,2025,chi_2025.bib,True
10.1145/3706598.3713293,From Following to Understanding: Investigating the Role of Reflective Prompts in AR-Guided Tasks to Promote User Understanding,2025,chi_2025.bib,True
10.1145/3706598.3713970,Long-Term Effects of User Expertise and Application Design on Collision Anxiety in VR Games,2025,chi_2025.bib,True
10.1145/3706598.3714188,Satori 悟り: Towards Proactive AR Assistant with Belief-Desire-Intention User Modeling,2025,chi_2025.bib,True
10.1145/3706598.3713765,Who is in Control? Understanding User Agency in AR-assisted Construction Assembly,2025,chi_2025.bib,True
10.1145/3706598.3713879,AReading with Smartphones: Understanding the Trade-offs between Enhanced Legibility and Display Switching Costs in Hybrid AR Interfaces,2025,chi_2025.bib,True
10.1145/3706598.3714274,CoCreatAR: Enhancing Authoring of Outdoor Augmented Reality Experiences Through Asymmetric Collaboration,2025,chi_2025.bib,True
10.1145/3706598.3713095,"Intriguing, Concerning, and Questioning the Impact on Immersion: An Exploration of VR Users' Advertising Experiences and Attitudes",2025,chi_2025.bib,True
10.1145/3706598.3713597,Next-Generation Navigation: Evaluating the Impact of Augmented Reality on Situation Awareness in General Aviation Cockpits,2025,chi_2025.bib,True
10.1145/3706598.3713922,The Effect of Augmented Reality on Involuntary Autobiographical Memory,2025,chi_2025.bib,True
10.1145/3706598.3714216,"""Can't believe I'm crying over an anime girl"": Public Parasocial Grieving and Coping Towards VTuber Graduation and Termination",2025,chi_2025.bib,True
10.1145/3706598.3713577,Democratic Moderation: Exploring the Use and Perception of Votekicking in Social Virtual Reality,2025,chi_2025.bib,True
10.1145/3706598.3714218,I Stan Alien Idols and Also the People Behind Them: Understanding How Seams Between Virtual and Real Identities Engage VTuber Fans – A Case Study of PLAVE,2025,chi_2025.bib,True
10.1145/3706598.3714253,MoWa: An Authoring Tool for Refining AI-Generated Human Avatar Motions Through Latent Waveform Manipulation,2025,chi_2025.bib,True
10.1145/3706598.3713688,Raise Your Eyebrows Higher: Facilitating Emotional Communication in Social Virtual Reality Through Region-Specific Facial Expression Exaggeration,2025,chi_2025.bib,True
10.1145/3706598.3714107,"VTuber's Atelier: The Design Space, Challenges, and Opportunities for VTubing",2025,chi_2025.bib,True
10.1145/3706598.3713572,Wearable AR in Everyday Contexts: Insights from a Digital Ethnography of YouTube Videos,2025,chi_2025.bib,True
10.1145/3706598.3714284,"“I can run at night!"": Using Augmented Reality to Support Nighttime Guided Running for Low-vision Runners",2025,chi_2025.bib,True
10.1145/3706598.3713558,Asleep at the Virtual Wheel: The Increasing Inaccessibility of Virtual Reality Applications,2025,chi_2025.bib,True
10.1145/3706598.3713374,Designing and Evaluating a VR Boxing Experience with Blind People,2025,chi_2025.bib,True
10.1145/3706598.3713346,Examining the Effects of Immersive and Non-Immersive Presenter Modalities on Engagement and Social Interaction in Co-located Augmented Presentations,2025,chi_2025.bib,True
10.1145/3706598.3713541,Get Real With Me: Effects of Avatar Realism on Social Presence and Comfort in Augmented Reality Remote Collaboration and Self-Disclosure,2025,chi_2025.bib,True
10.1145/3706598.3713927,Understanding VR Accessibility Practices of VR Professionals,2025,chi_2025.bib,True
10.1145/3772318.3790431,"Rethinking External Communication of Autonomous Vehicles: Is the Field Converging, Diverging, or Stalling?",2026,chi_2026.bib,True
10.1145/3772318.3791940,Supporting Learners' Use of Imperfect Generative Pedagogical Chatbots: The Role of Chatbot Response Uncertainty and Reduced Verbosity,2026,chi_2026.bib,True
10.1145/3772318.3790430,From Discovery to Decisions: Archetypal Journeys of Mobile App Users and Their Implications on Privacy,2026,chi_2026.bib,True
10.1145/3772318.3790500,Botender: Supporting Communities in Collaboratively Designing AI Agents through Case-Based Provocations,2026,chi_2026.bib,True
10.1145/3772318.3791056,An Empirical Study to Understand How Students Use ChatGPT for Writing Essays,2026,chi_2026.bib,True
10.1145/3772318.3790745,"Why stressed, Mom?: Exploring Family Reflection on Social and Emotional Sensor Data through Family Informatics",2026,chi_2026.bib,True
10.1145/3772318.3791947,I Feel We Are Together: How People Perceive Personalized Face-Swapped GIFs in Text-Based Communication,2026,chi_2026.bib,True
10.1145/3772318.3790623,FlowGait: Enabling Robust Long-Term Gait Recognition Across Real-World Covariates with mmWave Radar,2026,chi_2026.bib,True
10.1145/3772318.3790937,‘I Will Dream Sweet Dreams’: Understanding Remote Companionship Volunteer Activities for Factual Orphans in Rural China,2026,chi_2026.bib,True
10.1145/3772318.3791351,"""Please, don’t kill the only model that still feels human"": Understanding the #Keep4o Backlash",2026,chi_2026.bib,True
10.1145/3772318.3791671,Investigating AI-induced Technostress and Coping Strategies of Professionals,2026,chi_2026.bib,True
10.1145/3772318.3790468,Chaplains' Reflections on the Design and Usage of AI for Conversational Care,2026,chi_2026.bib,True
10.1145/3772318.3791750,"Reminiscences of Futures (RoF): Designing and Studying Encounters with Embodied, AI-Generated Future Selves",2026,chi_2026.bib,True
10.1145/3772318.3791309,"""It's trained by non-disabled people"": Evaluating How Image Quality Affects Product Captioning with Vision-Language Models",2026,chi_2026.bib,True
10.1145/3772318.3790622,Campus AI vs. Commercial AI: Comparing How Students and Employees Perceive their University’s LLM Chatbot vs. ChatGPT,2026,chi_2026.bib,True
10.1145/3772318.3791650,Circuit2Yarn: From Planar Circuits to Electronic Yarns for Textile-based Interactions,2026,chi_2026.bib,True
10.1145/3772318.3790791,"Prism of Labour: Unsettling Knowledge, Skill, and Technology in Work Infrastructures",2026,chi_2026.bib,True
10.1145/3772318.3791663,HaRing: A Haptic Ring Interface for One-Handed Interaction with High-Dimensional Spatial Information,2026,chi_2026.bib,True
10.1145/3772318.3790669,Dispray: The Design of an AR-Augmented Airbrush for Electroluminescent Display Fabrication,2026,chi_2026.bib,True
10.1145/3772318.3791648,More Isn't Always Better: Balancing Decision Accuracy and Conformity Pressures in Multi-AI Advice,2026,chi_2026.bib,True
10.1145/3772318.3790927,“I’m happy even though it’s not real”: GenAI Photo Editing as a Remembering Experience,2026,chi_2026.bib,True
10.1145/3772318.3790814,EvaluAId: Human-AI Collaborative Evaluation of Open-Ended Student Essays,2026,chi_2026.bib,True
10.1145/3772318.3791305,Storycaster: An AI System for Immersive Room-based Storytelling,2026,chi_2026.bib,True
10.1145/3772318.3791006,"""That's another doom I haven't thought about"": A User Study on AI Labels as a Safeguard Against Image-Based Misinformation",2026,chi_2026.bib,True
10.1145/3772318.3791912,From One World to Another: Interfaces for Efficiently Transitioning Between Virtual Environments,2026,chi_2026.bib,True
10.1145/3772318.3791736,Player Discretion is Advised: Designing for Rule-Changing Play,2026,chi_2026.bib,True
10.1145/3772318.3790499,Reclaiming VR Design Authority: Deaf Signers Shaping Immersive Classrooms,2026,chi_2026.bib,True
10.1145/3772318.3790544,What Users Like and Don’t Like About Occupational Exoskeletons: Experiences and Implications From a Focus Group Study,2026,chi_2026.bib,True
10.1145/3772318.3791352,Inferring Affect and Intervention Opportunities for Cancer Survivors from Digital Diaries with Context-Aware LLMs,2026,chi_2026.bib,True
10.1145/3772318.3791239,AI That Moves With You: A Review of Interactive Technologies Powered by Large Foundation Models for Mobility Impairment,2026,chi_2026.bib,True
10.1145/3772318.3790735,Lexara: A User-Centered Toolkit for Evaluating Large Language Models for Conversational Visual Analytics,2026,chi_2026.bib,True
10.1145/3772318.3791516,Surveilling Suitability: How AI Hiring Interviews Impact Job Seekers with Disabilities,2026,chi_2026.bib,True
10.1145/3772318.3790969,Examining Interpretation Strategies for Multiple Forecast Visualizations with Two and Four Forecasts,2026,chi_2026.bib,True
10.1145/3772318.3791517,When Scaffolding Breaks: Investigating Student Interaction with LLM-Based Writing Support in Real-Time K-12 EFL Classrooms,2026,chi_2026.bib,True
10.1145/3772318.3791617,Resilience to Disruption: Accessible Navigation for People with Visual Impairment,2026,chi_2026.bib,True
10.1145/3772318.3790321,Do-It-Yourself AAC: Co-Designing User-Programmable AI Communication Tools with People with Aphasia,2026,chi_2026.bib,True
10.1145/3772318.3791695,Moments That Matter: Co-designing Just-in-Time Support for Disordered Eating Behaviors,2026,chi_2026.bib,True
10.1145/3772318.3790951,"Thriving, Not Just Growing: Structural Sustainability as the Key to Quality in Online Wellness Communities",2026,chi_2026.bib,True
10.1145/3772318.3790498,From Efficiency to Meaning: Adolescents’ Envisioned Role of AI in Health Management,2026,chi_2026.bib,True
10.1145/3772318.3791640,Forage: Understanding LLM-facilitated sensemaking of conversation data,2026,chi_2026.bib,True
10.1145/3772318.3790319,Staring at Tables: Exploring Conceptual Data Modeling as a Rich Collaborative Activity,2026,chi_2026.bib,True
10.1145/3772318.3791401,Drawing Attention: A Field Study of Sketch-Based Penguin Identification for Aquarium Visitor Engagement,2026,chi_2026.bib,True
10.1145/3772318.3790320,A Scoping Review and Guidelines on Privacy Policy's Visualization from an HCI Perspective,2026,chi_2026.bib,True
10.1145/3772318.3791563,AuslanSpell: An Interactive Technology for Improving Auslan Fingerspelling Comprehension,2026,chi_2026.bib,True
10.1145/3772318.3791334,"Navigating Neurodivergence with AI Chatbots: Benefits, Tensions, and Implications for HCI",2026,chi_2026.bib,True
10.1145/3772318.3791817,MindfulAgents: Personalizing Mindfulness Meditation via an Expert-Aligned Multi-Agent System,2026,chi_2026.bib,True
10.1145/3772318.3790751,Quantifying Low-Level Motor Effects of Emotion: Validating Fitts’ Law in Affective Contexts,2026,chi_2026.bib,True
10.1145/3772318.3790821,"Better Assumptions, Stronger Conclusions: The Case for Ordinal Regression in HCI",2026,chi_2026.bib,True
10.1145/3772318.3791533,Opportunities for Technology to Facilitate Treatment for People with Disorders of Consciousness,2026,chi_2026.bib,True
10.1145/3772318.3790833,"""Similar-Self"" vs. ""Alt-Self"": How Avatar Customization Impacts Trust Formation in Social VR and Its Transfer to Face-to-Face between Unacquainted Individuals",2026,chi_2026.bib,True
10.1145/3772318.3790370,Actor’s Note: Examining the Role of AI-Generated Questions in Character Journaling for Actor Training,2026,chi_2026.bib,True
10.1145/3772318.3790369,From Using to Infrastructuring: Grassroots VPN-Building in Iran’s Women–Life–Freedom Movement,2026,chi_2026.bib,True
10.1145/3772318.3790474,Conversing with Objects toward Fluid Human and Artificial Identities during Life Transitions,2026,chi_2026.bib,True
10.1145/3772318.3791956,Motion-Touch: Kinematic-based Adaptive Switch for Enhancing Virtual-Hand Selection with Target Prediction in AR/VR,2026,chi_2026.bib,True
10.1145/3772318.3791800,Flow on Social Media? Rarer Than You'd Think,2026,chi_2026.bib,True
10.1145/3772318.3791164,When a Robot Communicates Through Air: Contextual Interpretations of Wind and Olfactory Cues,2026,chi_2026.bib,True
10.1145/3772318.3791307,Empowered XR through Generative AI: Balancing Superpowers and Risks,2026,chi_2026.bib,True
10.1145/3772318.3790475,Counting the Wait: Effects of Temporal Feedback on Downstream Task Performance and Perceived Wait-Time Experience during System-Imposed Delays,2026,chi_2026.bib,True
10.1145/3772318.3790797,PointAloud: An Interaction Suite for AI-Supported Pointer-Centric Think-Aloud Computing,2026,chi_2026.bib,True
10.1145/3772318.3790550,When Nobody Around Is Real: Exploring Public Opinions and User Experiences On the Multi-Agent AI Social Platform,2026,chi_2026.bib,True
10.1145/3772318.3790880,SoundWeAR: Co-Designing AR Sound Cues to Support Outdoor Awareness for DHH Individuals,2026,chi_2026.bib,True
10.1145/3772318.3791090,Player Safety by Design: Co-Designing Child-Centered Safety Mechanisms with Children,2026,chi_2026.bib,True
10.1145/3772318.3791484,Retelling the News: Exploring AI-Driven Conversational News Interactions,2026,chi_2026.bib,True
10.1145/3772318.3791247,TF-Shell: Facilitating Physical Deformation with Iterative and Shape Memory Thermoforming for 3D Printing,2026,chi_2026.bib,True
10.1145/3772318.3790549,Control in Context: How Smart Home Users Navigate Proxy-based Schemes,2026,chi_2026.bib,True
10.1145/3772318.3790548,VR Calm Plus: Coupling a Squeezable Tangible Interaction with Immersive VR for Stress Regulation,2026,chi_2026.bib,True
10.1145/3772318.3790433,"""I have a plan to start"": Empowering Awareness and Behavior Change through a Collaborative Flood Resilience Game",2026,chi_2026.bib,True
10.1145/3772318.3791118,A Dot on the Map: Co-Designing for Technological and Social Disconnection on an Arctic Expedition,2026,chi_2026.bib,True
10.1145/3772318.3791260,New Enactions of Expertise: Software Engineers’ Evaluation and Demonstration of Coding Expertise with AI Coding Assistants,2026,chi_2026.bib,True
10.1145/3772318.3790774,Toward Equitable ASL Education: Egocentric Stereo Sensing with LLM Feedback for Error-Aware Learning,2026,chi_2026.bib,True
10.1145/3772318.3791128,"Revisiting Worker-Centered Design: Tensions, Blind Spots, and Action Spaces",2026,chi_2026.bib,True
10.1145/3772318.3791633,Passing Down Passwords: How Older Adults Approach Postmortem Account Access and Digital Estate Planning,2026,chi_2026.bib,True
10.1145/3772318.3790473,Playing the Imitation Game: How Perceived Generated Content Shapes Player Experience,2026,chi_2026.bib,True
10.1145/3772318.3791251,Between Control and Uncertainty: Understanding Self-Tracking Practices in Enigmatic Disease Management,2026,chi_2026.bib,True
10.1145/3772318.3791891,Towards Considerate Embodied AI: Co-Designing Situated Multi-Site Healthcare Robots from Abstract Concepts to High-Fidelity Prototypes,2026,chi_2026.bib,True
10.1145/3772318.3791573,"""Having Confidence in My Confidence Intervals"": How Data Users Engage with Privacy-Protected Wikipedia Data",2026,chi_2026.bib,True
10.1145/3772318.3790471,Once Upon AI Time: Combining Narrative and Games for Early AI Literacy,2026,chi_2026.bib,True
10.1145/3772318.3791038,How Do Future Visions Shape the Field of Human-Computer Interaction?,2026,chi_2026.bib,True
10.1145/3772318.3790746,Hitchhiking Hands: Enabling “Virtually Direct” VR Manipulation by Switching Multiple Hand Avatars with Gaze,2026,chi_2026.bib,True
10.1145/3772318.3790547,Sociotechnical Challenge Modeling: A Design Method for Responsible AI in Healthcare and Social Welfare,2026,chi_2026.bib,True
10.1145/3772318.3791799,"Beyond the Naked Eye: Empirical Study of How People Perceive, Detect, and Respond to AI-Manipulated Videos",2026,chi_2026.bib,True
10.1145/3772318.3791419,A Sound Understanding --- An In-Situ Deployment of an Accessible Audio-Media Player with People Living with Aphasia,2026,chi_2026.bib,True
10.1145/3772318.3790625,Deconstructing Open-World Game Mission Design Formula: A Thematic Analysis Using an Action-Block Framework,2026,chi_2026.bib,True
10.1145/3772318.3791485,Disqualified by Disability: The Exclusion of Disabled Workers by Digitized Hiring Assessments,2026,chi_2026.bib,True
10.1145/3772318.3791322,VueBuds: Visual Intelligence with Wireless Earbuds,2026,chi_2026.bib,True
10.1145/3772318.3790322,"""I Wouldn't Really Use It as a Practice Tool"": Understanding Medical Students’ Perspectives and Needs on LLM-Enhanced Clinical Skills Training",2026,chi_2026.bib,True
10.1145/3772318.3790472,Supporting Informed Self-Disclosure: Design Recommendations for Presenting AI-Estimates of Privacy Risks to Users,2026,chi_2026.bib,True
10.1145/3772318.3791256,"Click, Don’t Steer: A Quantitative Comparison of Tele-Driving and Tele-Assistance User Interfaces for Remote Operation of Autonomous Vehicles",2026,chi_2026.bib,True
10.1145/3772318.3791053,Access Over Deception: Fighting Deceptive Patterns through Accessibility,2026,chi_2026.bib,True
10.1145/3772318.3793213,"Development, Evaluation, and Implementation of SEQR -- a Usable Secure QR Code Scanner",2026,chi_2026.bib,True
10.1145/3772318.3790432,FIXical I/O: Exploring the Effects of Real-time Error Sensing and Physical Intervention on Finger-based Motor Sequence Learning,2026,chi_2026.bib,True
10.1145/3772318.3791346,Who Gets to Define Safety? A Systematic Review of How Generative AI Research Addresses Youth Online Safety,2026,chi_2026.bib,True
10.1145/3772318.3791526,Video Game Archaeology as Hauntological Practice: A Collaborative Autoethnography in Elden Ring Shadow of the Erdtree,2026,chi_2026.bib,True
10.1145/3772318.3790545,Is That You or The Machine? Translating Sociocultural Norms Across Distributed Spaces in Blended Realities,2026,chi_2026.bib,True
10.1145/3772318.3790469,Volunteer Moderation as Situated Civic Labor in Local Information Infrastructures,2026,chi_2026.bib,True
10.1145/3772318.3791727,What Does AI Do for Cultural Interpretation? A Randomized Experiment on Close Reading Poems with Exposure to AI Interpretation,2026,chi_2026.bib,True
10.1145/3772318.3794641,"""Chasing Shadows”: Understanding Personal Data Externalization and Self-Tracking for Neurodivergent Individuals",2026,chi_2026.bib,True
10.1145/3772318.3791442,How Do Operators Use Network Diagrams? Characterising Visualisation Tasks in an Energy Control Room,2026,chi_2026.bib,True
10.1145/3772318.3790470,When Seconds Count: Designing Real-Time VR Interventions for Stress Inoculation Training in Novice Physicians,2026,chi_2026.bib,True
10.1145/3772318.3790546,Exploring the Effects of Different Chatbot Voice Identities on Self-Disclosure,2026,chi_2026.bib,True
10.1145/3772318.3790624,Reimagining Sign Language Technologies: Analyzing Translation Work of Chinese Deaf Online Content Creators,2026,chi_2026.bib,True
10.1145/3772318.3790822,Stop Fiddling With Your Phone and Go Offline: People Experiencing High Information Overload Have Sparse Online Sessions,2026,chi_2026.bib,True
10.1145/3772318.3790671,From Fragmentation to Integration: Exploring the Design Space of AI Agents for Human-as-the-Unit Privacy Management,2026,chi_2026.bib,True
10.1145/3772318.3791742,Objestures: Everyday Objects Meet Mid-Air Gestures for Expressive Interaction,2026,chi_2026.bib,True
10.1145/3772318.3791060,``It Hasn’t Lived in Our Society”: Investigating Cultural Sensitivity in LLM Chatbots for Emotional Support,2026,chi_2026.bib,True
10.1145/3772318.3790524,Request a Note: How the Request Function Shapes X's Community Notes System,2026,chi_2026.bib,True
10.1145/3772318.3791823,Exploring Teacher-Chatbot Interaction and Affect in Block-Based Programming,2026,chi_2026.bib,True
10.1145/3772318.3790601,The Emotional Dimensions of Young Adults’ Encounters with Online Information,2026,chi_2026.bib,True
10.1145/3772318.3791304,"“All I was told is that I’m not clean, I’m impure”: Understanding Muslim Women’s Experience of Menstrual Education",2026,chi_2026.bib,True
10.1145/3772318.3790481,Robot-Assisted Social Dining as a White Glove Service,2026,chi_2026.bib,True
10.1145/3772318.3790826,GG Go Next... Lobby: How Players Use Queue Dodging to Anticipate and Avoid Negative Experiences in League of Legends,2026,chi_2026.bib,True
10.1145/3772318.3790480,"Seeing, Hearing, and Knowing Together: Multimodal Strategies in Deepfake Videos Detection",2026,chi_2026.bib,True
10.1145/3772318.3791345,"""If we post, what will people think of us?”: Offline Norms, Online Engagement and Unpacking Gendered Experiences in a Pakistani Facebook Tech Community",2026,chi_2026.bib,True
10.1145/3772318.3791451,Promise or Peril? Exploring Black Adults' Perspectives on the Use of Artificial Intelligence in Health Contexts,2026,chi_2026.bib,True
10.1145/3772318.3791257,"ENtry, Occupancy, EXit (NOX): A Model of Human-Robot Territorial Dynamics",2026,chi_2026.bib,True
10.1145/3772318.3791488,EmotiV: Exploring Automatic Emotion Sharing through Facial Expression Recognition (FER) for Online Co-Watching,2026,chi_2026.bib,True
10.1145/3772318.3790704,Scrollytelling as an Alternative Format for Privacy Policies,2026,chi_2026.bib,True
10.1145/3772318.3791030,The Nuances of Creepiness: A Systematic Literature Review of Creepy Technology,2026,chi_2026.bib,True
10.1145/3772318.3791382,The Choreography of Care: An Ethnographic Study of Human-Robot Collaboration in Makoplasty Surgeries,2026,chi_2026.bib,True
10.1145/3772318.3793706,Exploring Student Feedback Needs and Design Opportunities in Data Storytelling Education,2026,chi_2026.bib,True
10.1145/3772318.3791098,Do We Need Subsidiarity in Software?,2026,chi_2026.bib,True
10.1145/3772318.3791715,InkStack: A Programmable E-Paper Card System for Board Games,2026,chi_2026.bib,True
10.1145/3772318.3790954,Conversational Inoculation to Enhance Resistance to Misinformation,2026,chi_2026.bib,True
10.1145/3772318.3791501,A Critical Reflection on the Values and Assumptions in Data Visualization,2026,chi_2026.bib,True
10.1145/3772318.3790600,Rethinking Interdependence in HCI: A Systematic Literature Review for Understanding its Use in Accessibility Studies,2026,chi_2026.bib,True
10.1145/3772318.3791614,Affective and Goal-Oriented Factors of Relationship Formation in the Digital Therapeutic Alliance: A Longitudinal Study of Mental Health Chatbots,2026,chi_2026.bib,True
10.1145/3772318.3790479,Understanding Parents’ Perspectives on Responsible AI for Children’s Self-Directed Learning,2026,chi_2026.bib,True
10.1145/3772318.3791964,Responsible Trauma Research: Designing Effective and Sustainable Virtual Reality Exposure Studies,2026,chi_2026.bib,True
10.1145/3772318.3791592,Exploring The Impact of Proactive Generative AI Agent Roles In Time-Sensitive Collaborative Problem-Solving Tasks,2026,chi_2026.bib,True
10.1145/3772318.3790705,Rethinking Knowledge Sharing as (Re)Orientations through Intergenerational Participatory Speculative Design,2026,chi_2026.bib,True
10.1145/3772318.3790646,Counter-Visual Artifacts: Negotiating Surveillance and Carceral Visuality in Public Housing through Videovoice,2026,chi_2026.bib,True
10.1145/3772318.3790647,"""Words are not enough"": Examining Emotional Support by Conversational AI for Caregivers",2026,chi_2026.bib,True
10.1145/3772318.3791329,Decoupling of Usefulness and Novelty: Evaluating the Impact of Generative AI on Design Outputs and Novice Designers' Creative Thinking,2026,chi_2026.bib,True
10.1145/3772318.3790670,Understanding User Requirements for Creating Sensor-Powered Smart Car Cabins Through Retrofitting,2026,chi_2026.bib,True
10.1145/3772318.3790934,Does Sycophancy Change Decisions? Effect of LLM Sycophancy on AI-Assisted Decision-Making,2026,chi_2026.bib,True
10.1145/3772318.3790522,"When Generative AI Is Intimate, Sexy, and Violent: Examining Not-Safe-For-Work (NSFW) Chatbots on FlowGPT",2026,chi_2026.bib,True
10.1145/3772318.3790373,Usability Hasn’t Peaked: Exploring How Expressive Design Overcomes the Usability Plateau,2026,chi_2026.bib,True
10.1145/3772318.3791234,3DInkGen: Extending Traditional Ink-Painting Artistry with Generative 3D Creation for Novices,2026,chi_2026.bib,True
10.1145/3772318.3790477,Grassroots Maker Perspectives on Participation in Do-It-Yourself Assistive Technology Development,2026,chi_2026.bib,True
10.1145/3772318.3791011,Digital territories: Entwining technology with Indigenous knowledges,2026,chi_2026.bib,True
10.1145/3772318.3790976,Searching Through Complex Worlds: Visual Search and Spatial Regularity Memory in Mixed Reality,2026,chi_2026.bib,True
10.1145/3772318.3791580,The Hidden Desires: Exploring Chinese Women's Erotic Role-Play with AI Chatbots,2026,chi_2026.bib,True
10.1145/3772318.3791023,Diffusing Social Boundaries through Virtual Bodies: How Mixed Reality Embodied Experiences Can Foster Social Connection.,2026,chi_2026.bib,True
10.1145/3772318.3790523,Anticipation Before Action: EEG-Based Implicit Intent Detection for Adaptive Gaze Interaction in Mixed Reality,2026,chi_2026.bib,True
10.1145/3772318.3790478,Roger That: Firefighters’ Perspectives on Integrating Drones in Radio Communication,2026,chi_2026.bib,True
10.1145/3772318.3791433,"One Body, Two Minds: Alternating VR Perspective During Remote Teleoperation of Supernumerary Limbs",2026,chi_2026.bib,True
10.1145/3772318.3791686,Civic Data at the Seams,2026,chi_2026.bib,True
10.1145/3772318.3790799,Understanding the Sociocultural Role of Makerspace Infrastructure When Developing Community-based Technology-rich Learning Programs,2026,chi_2026.bib,True
10.1145/3772318.3791246,"Queer, Nonbinary, or Ambiguous? Rethinking Voice Labels through Queer Theory in HCI",2026,chi_2026.bib,True
10.1145/3772318.3791960,Exploring Collaboration Breakdowns Between Provider Teams and Patients in Post-Surgery Care,2026,chi_2026.bib,True
10.1145/3772318.3791486,From Harm to Healing: Understanding Individual Resilience after Cybercrimes,2026,chi_2026.bib,True
10.1145/3772318.3790371,ConCon: A Wrist-Worn Clutch-Coupled Force-Feedback Device for VR Controller,2026,chi_2026.bib,True
10.1145/3772318.3791966,Bridging Gulfs in UI Generation through Semantic Guidance,2026,chi_2026.bib,True
10.1145/3772318.3790476,The Language of Approval: Identifying the Drivers of Positive Feedback Online,2026,chi_2026.bib,True
10.1145/3772318.3791084,Lost in Translation: The Value of Verbalizations in Interpreting 3D Computer-Aided Design Workflows,2026,chi_2026.bib,True
10.1145/3772318.3791119,"Making the Sacred: Craft, Ritual, and Computational Imaginaries in Postcolonial HCI",2026,chi_2026.bib,True
10.1145/3772318.3790763,ImmersiProtor: A Collaborative Mixed-Prototype Tool Integrating Spatial Augmented Reality and Component-layered Generation,2026,chi_2026.bib,True
10.1145/3772318.3790570,The Hidden Load: Parenting Young Children While Leading in Critical Professions,2026,chi_2026.bib,True
10.1145/3772318.3790528,Hinge Gestures: Leveraging Foldable Phone Hinges to Enrich Dual-Screen Tactile Interaction,2026,chi_2026.bib,True
10.1145/3772318.3791771,SparkTales: Facilitating Cross-Language Collaborative Storytelling through Coordinator-AI Collaboration,2026,chi_2026.bib,True
10.1145/3772318.3791199,"Nudging Attention to Workplace Meeting Goals: A Large-Scale, Preregistered Field Experiment",2026,chi_2026.bib,True
10.1145/3772318.3790527,Protocol Futuring: Speculating Second-Order Dynamics of Protocols in Sociotechnical Infrastructural Futures,2026,chi_2026.bib,True
10.1145/3772318.3791790,3D Printing Soap: Exploring New Biodegrdable Materials and Creative Possibilities,2026,chi_2026.bib,True
10.1145/3772318.3791726,Who Controls the Conversation? User Perspectives On Generative AI (LLM) System Prompts,2026,chi_2026.bib,True
10.1145/3772318.3790412,Unpacking How Pole Dancers Experience the Use of Fitness Trackers,2026,chi_2026.bib,True
10.1145/3772318.3791910,Should the AI Speak First? Evaluating Proactive vs. Reactive Facilitation in Mixed-Reality Medical Training,2026,chi_2026.bib,True
10.1145/3772318.3793190,Tattered Teddies and Pentagram Charms: How People Use Touchable Comfort Objects and What This Means for Designing Affective Haptic Systems,2026,chi_2026.bib,True
10.1145/3772318.3790708,Exploring the Paradox of Using Digital Technologies in Nature,2026,chi_2026.bib,True
10.1145/3772318.3791803,Roomify: Spatially-Grounded Style Transformation for Immersive Virtual Environments,2026,chi_2026.bib,True
10.1145/3772318.3790709,"Touching Emotions, Smelling Shapes: Exploring Tactile, Olfactory and Emotional Cross-sensory Correspondences in Preschool-aged Children",2026,chi_2026.bib,True
10.1145/3772318.3791285,“I Don’t Think RAI Applies to My Model” – Engaging Non-champions with Sticky Stories for Responsible AI Work,2026,chi_2026.bib,True
10.1145/3772318.3790526,Looking Beyond the Screen to Study the Technology Use of Older People Experiencing Cognitive Concerns,2026,chi_2026.bib,True
10.1145/3772318.3791415,TaskAudit: Detecting Functiona11ity Errors in Mobile Apps via Agentic Task Execution,2026,chi_2026.bib,True
10.1145/3772318.3791369,“Even Breathing Feels Like Suffering”: Rethinking Information Infrastructures for Pollution and Marginalized Livelihoods,2026,chi_2026.bib,True
10.1145/3772318.3790299,"Social, Spatial, and Self-Presence as Predictors of Basic Psychological Need Satisfaction in Social VR",2026,chi_2026.bib,True
10.1145/3772318.3790707,Notational Animating: An Interactive Approach to Creating and Editing Animation Keyframes,2026,chi_2026.bib,True
10.1145/3772318.3790648,Collaborative Document Editing with Multiple Users and AI Agents,2026,chi_2026.bib,True
10.1145/3772318.3791678,"""Not Human, Funnier"": How Machine Identity Shapes Humor Perception in Online AI Stand-up Comedy",2026,chi_2026.bib,True
10.1145/3772318.3790754,StreamFog: Using ultrasonic streaming for controlling aerosols in fog-based displays,2026,chi_2026.bib,True
10.1145/3772318.3790569,Exploring Customizable Interactive Tools for Therapeutic Homework Support in Mental Health Counseling,2026,chi_2026.bib,True
10.1145/3772318.3791710,Beyond the Spotlight: Co-Designing AI for Theatre Audience Communication,2026,chi_2026.bib,True
10.1145/3772318.3791139,Inclusive Mobile Learning: How Technology-Enabled Language Choice Supports Multilingual Students,2026,chi_2026.bib,True
10.1145/3772318.3791548,(Re)mediators of Epistemic Injustice: Generative AI and Hermeneutic Resource Provision in Intimate Partner Violence,2026,chi_2026.bib,True
10.1145/3772318.3791286,Comparing Scoring Mechanics for Encouraging Technique Adoption in a Sport Training Game,2026,chi_2026.bib,True
10.1145/3772318.3790649,Sound2Hap: Learning Audio-to-Vibrotactile Haptic Generation from Human Ratings,2026,chi_2026.bib,True
10.1145/3772318.3791918,Interview-Informed Generative Agents for Product Discovery: A Validation Study,2026,chi_2026.bib,True
10.1145/3772318.3791816,MlondaCam: Designing Context-Aware Smart Cameras for Supporting Domestic Security and Privacy in Malawian Homes,2026,chi_2026.bib,True
10.1145/3772318.3790298,Who You Explain To Matters: Learning by Explaining to Conversational Agents with Different Pedagogical Roles,2026,chi_2026.bib,True
10.1145/3772318.3791512,Redirected Pinch: Efficient and Comfortable Bare-Hand Interaction for 2D Windows in VR,2026,chi_2026.bib,True
10.1145/3772318.3791443,Preference-Guided Prompt Optimization for Text-to-Image Generation,2026,chi_2026.bib,True
10.1145/3772318.3791628,Consensus and Contradictions: A Cross-Organizational Analysis of Visualization Style Guides,2026,chi_2026.bib,True
10.1145/3772318.3791368,Ambiguous Loss: Facilitating Refugee Families’ Sense of Home through AI-Powered Storytelling,2026,chi_2026.bib,True
10.1145/3772318.3791561,From Participation to Relational Engagement: Psychological Ownership in Digital Petitions,2026,chi_2026.bib,True
10.1145/3772318.3790858,"Stories for I, They and You: Exploring In-situ Virtual Camera Setups for Live Streaming in Virtual Reality",2026,chi_2026.bib,True
10.1145/3772318.3790525,A Taxonomy of Design Futures Processes for Ethical Reflection on Technologies,2026,chi_2026.bib,True
10.1145/3772318.3790706,"""Tech'' a Deep Breath: Technology-guided Breathing Practise With or Without a Social Robot for Psychological and Emotional Well-Being",2026,chi_2026.bib,True
10.1145/3772318.3791355,Differences in Individual Metacognitive Awareness Make Cognitive Offloading Tools a Double-Edged Sword: The case of Spell-Checking Tools,2026,chi_2026.bib,True
10.1145/3772318.3791044,ReTouche: Embodied Representations for Self-Guided Piano Learning,2026,chi_2026.bib,True
10.1145/3772318.3791313,ScamPilot: Simulating Conversations with LLMs to Protect Against Online Scams,2026,chi_2026.bib,True
10.1145/3772318.3791581,Challenges in Automatic Speech Recognition for Adults with Cognitive Impairment,2026,chi_2026.bib,True
10.1145/3772318.3791258,Co-Ideation Across Time: Revitalizing Legacy Design Sketchnotes with Conversational AI Agents to Foster Intergenerational Collaboration,2026,chi_2026.bib,True
10.1145/3772318.3790573,I Can Do It: Exploring Voice Assistants for Adults with Intellectual Disabilities,2026,chi_2026.bib,True
10.1145/3772318.3791268,Degraded Data in Nonprofit Homebrew Databases,2026,chi_2026.bib,True
10.1145/3772318.3791979,From Tabs to Structures: Understanding and Supporting Web Page Management,2026,chi_2026.bib,True
10.1145/3772318.3790415,Governance of AI-Generated Content: A Case Study on Social Media Platforms,2026,chi_2026.bib,True
10.1145/3772318.3790348,GastroConcerto: Towards Designing Dining–Sound Pairings to Support Culinary Creativity,2026,chi_2026.bib,True
10.1145/3772318.3790887,Beyond the Silence: How Men Navigate Infertility Through Digital Communities and Data Sharing,2026,chi_2026.bib,True
10.1145/3772318.3790347,Temporal Snapshots: Probing and Designing for Subjective Time in Dementia,2026,chi_2026.bib,True
10.1145/3772318.3790765,"Do Children Trust AI, and Should They? Designing and Validating a Child-Centred K-AI Trust Scale for Intelligent Systems",2026,chi_2026.bib,True
10.1145/3772318.3791387,TermSight: Making Service Contracts Approachable,2026,chi_2026.bib,True
10.1145/3772318.3790829,On the Open Access of SIGCHI,2026,chi_2026.bib,True
10.1145/3772318.3790652,"“I Don't Trust it, but I Use it”: Navigating Trust, Privacy, and Identity in Disabled People’s Use of Generative AI",2026,chi_2026.bib,True
10.1145/3772318.3790653,GenFaceUI: Meta-Design of Generative Personalized Facial Expression Interfaces for Intelligent Agents,2026,chi_2026.bib,True
10.1145/3772318.3791456,Bodyfulness VR: Exploring Virtual Reality as a Medium for Somatic Meditative Practices,2026,chi_2026.bib,True
10.1145/3772318.3791886,"Towards Accessible Mobility Support: User-Centered Design of a Passive, Multi-Functional, Low-Cost Knee Exoskeleton",2026,chi_2026.bib,True
10.1145/3772318.3790975,ContAQT: Designing an Interactive Data Display to Make Multi-Pollutant Air Quality Data Accessible,2026,chi_2026.bib,True
10.1145/3772318.3791149,The Siren Song of LLMs: How Users Perceive and Respond to Dark Patterns in Large Language Models,2026,chi_2026.bib,True
10.1145/3772318.3791048,Chewing It Over: Revealing Tensions And New Directions For More-Than-Human Relational Ethics Through Speculative Design,2026,chi_2026.bib,True
10.1145/3772318.3791059,Seeing Eye to Eye: Enabling Cognitive Alignment Through Shared First-Person Perspective in Human–AI Collaboration,2026,chi_2026.bib,True
10.1145/3772318.3791271,Everyday Practitioner Experiences of AI-First Policies Adopted by U.S. Big Tech Companies,2026,chi_2026.bib,True
10.1145/3772318.3790651,Nudging the Somas: Exploring How Live-Configurable Mixed Reality Objects Shape Open-Ended Intercorporeal Movements,2026,chi_2026.bib,True
10.1145/3772318.3791314,CHOIR: A Chatbot-mediated Organizational Memory Leveraging Communication in University Research Labs,2026,chi_2026.bib,True
10.1145/3772318.3790767,Connected Material Experiences using Bimanual Vibrotactile Crosstalk in Virtual Reality,2026,chi_2026.bib,True
10.1145/3772318.3790572,DiaryPlay: AI-Assisted Creation of Interactive Story Vignettes for Everyday Storytelling,2026,chi_2026.bib,True
10.1145/3772318.3793809,“Standing Out While Blending In:” Learning from Experts about Designing Fashionable Wearable Experiences,2026,chi_2026.bib,True
10.1145/3772318.3791618,"Promise, Power, and Charisma: Evaluating the Realities of Integrating Blockchain Technologies into Humanitarian Contexts",2026,chi_2026.bib,True
10.1145/3772318.3791479,Dark Patterns and the EU Digital Services Act: Mapping Autonomy Violations and Design Factors,2026,chi_2026.bib,True
10.1145/3772318.3790738,Towards Inclusive External Human-Machine Interface: Exploring the Effects of Visual and Auditory eHMI for Deaf and Hard-of-Hearing People,2026,chi_2026.bib,True
10.1145/3772318.3791372,MarioChart: Autonomous Tangibles as Active Proxy Interfaces for Embodied Casual Data Exploration,2026,chi_2026.bib,True
10.1145/3772318.3791297,Scene2Hap: Generating Scene-Wide Haptics for VR from Scene Context with Multimodal LLMs,2026,chi_2026.bib,True
10.1145/3772318.3793214,Extending the Child-Centered Ethics Framework: Researchers' Reflections on Multiple Projects with Children and Teenagers,2026,chi_2026.bib,True
10.1145/3772318.3791876,Negotiating Work-Life Boundaries in a Collectivist Context: The Case of Chinese Teachers on WeChat,2026,chi_2026.bib,True
10.1145/3772318.3790413,Co-Designing Islamic AI Ethics: Insights from the UK Muslim Community,2026,chi_2026.bib,True
10.1145/3772318.3791037,GatheringSense: AI-Generated Imagery and Embodied Experiences for Understanding Literati Gatherings,2026,chi_2026.bib,True
10.1145/3772318.3791596,SensoryBlox: Plug-and-Feel Modular Multi-Sensory User Interface for Immersive Cardboard VR,2026,chi_2026.bib,True
10.1145/3772318.3790571,ASafePlace: User-Led Personalization of VR Relaxation via an Art Therapy Activity,2026,chi_2026.bib,True
10.1145/3772318.3791638,Infrastructuring as Collective Resistance: How Disabled Students Negotiate Access Through Technology in Universities,2026,chi_2026.bib,True
10.1145/3772318.3790414,A-MIrror: Augmented Reality Mirror System for Enhanced Visual Illusion in Post-Stroke Upper-Limb Rehabilitation,2026,chi_2026.bib,True
10.1145/3772318.3791100,Bridging Technology and Policy Design: A Robot Policy Design Toolkit to Support Collaborations in Policymaking,2026,chi_2026.bib,True
10.1145/3772318.3791148,skCAD: A Design Tool for Solid Knitting with Automatic Pattern Generation,2026,chi_2026.bib,True
10.1145/3772318.3791069,Results-Actionability Gap: Understanding How Practitioners Evaluate LLM Products in the Wild,2026,chi_2026.bib,True
10.1145/3772318.3791330,EcoAssist: Embedding Sustainability into AI-Assisted Frontend Development,2026,chi_2026.bib,True
10.1145/3772318.3791288,More Human or More AI? Visualizing Human-AI Collaboration Disclosures in Journalistic News Production,2026,chi_2026.bib,True
10.1145/3772318.3791230,Beyond Scores: Explainable Intelligent Assessment Strengthens Pre-service Teachers' Assessment Literacy,2026,chi_2026.bib,True
10.1145/3772318.3790839,Holding MenstaRay: Expressing Menstrual Pain through Tactile and Knitted Soft Robotic Interactions,2026,chi_2026.bib,True
10.1145/3772318.3790920,How Do We Research Human-Robot Interaction in the Age of Large Language Models? A Systematic Review,2026,chi_2026.bib,True
10.1145/3772318.3791379,“I Was Told to Come Back and Share This”: Social Media-Based Near-Death Experience Disclosures as Expressions of Spiritual Beliefs,2026,chi_2026.bib,True
10.1145/3772318.3791908,Clarifying or Complicating?: Understanding Older Adults' Engagement with Real-World XAI in E-Commerce,2026,chi_2026.bib,True
10.1145/3772318.3790396,DroidRetriever: A Transparent and Steerable Automation System for Collaborative Mobile Information Seeking,2026,chi_2026.bib,True
10.1145/3772318.3790273,Thinking in Graphs with CoMAP: A Shared Visual Workspace for Designing Project--Based Learning,2026,chi_2026.bib,True
10.1145/3772318.3791055,"Shared Stories, Shared Bonds: People with Dementia Exploring Generative AI Together",2026,chi_2026.bib,True
10.1145/3772318.3790349,PriorWeaver: Prior Elicitation via Iterative Dataset Construction,2026,chi_2026.bib,True
10.1145/3772318.3791500,"Rough Meanings: Cross-sensory correspondences linking surface textures with sound symbolism, colours, and emotions",2026,chi_2026.bib,True
10.1145/3772318.3791189,Mediating Urban Social Encounters – Co-Design of Robotic Street Furniture with Adolescents,2026,chi_2026.bib,True
10.1145/3772318.3790576,Thing Ethnography in a Factory: Exploring Emergent and Dynamic Relations of Cobots and Workers,2026,chi_2026.bib,True
10.1145/3772318.3790272,Exploring Aggressors’ In‑Match Cognitive and Emotional Formation and Toxic Behavior Trajectories in MOBA Games,2026,chi_2026.bib,True
10.1145/3772318.3790271,LLM-box vs. Thinking-box: Designing for Deliberate User Engagement with Distorted Information in Conversational Search,2026,chi_2026.bib,True
10.1145/3772318.3790802,"""I Need to Find That One Chart"": How Data Workers Navigate, Summarize and Communicate Analytical Conversations",2026,chi_2026.bib,True
10.1145/3772318.3791620,Does My Chatbot Have an Agenda? Understanding Human and AI Agency in Human-Human-like Chatbot Interaction,2026,chi_2026.bib,True
10.1145/3772318.3790575,Understanding Haptic Authoring Tools through a Taxonomy and Descriptive Analysis,2026,chi_2026.bib,True
10.1145/3772318.3790819,EmoFlow: From Tracking to Sense-Making of Emotions Through Creative Drawing,2026,chi_2026.bib,True
10.1145/3772318.3790270,From Tool to Partner: Expressive Behaviors as the Bridge to Human-Robot Creative Collaboration,2026,chi_2026.bib,True
10.1145/3772318.3791093,Beyond the Desk: Barriers and Future Opportunities for AI to Assist Scientists in Embodied Physical Tasks,2026,chi_2026.bib,True
10.1145/3772318.3790924,"Risk, Data, Alignment: Making Credit Scoring Work in Kenya",2026,chi_2026.bib,True
10.1145/3772318.3791802,When Feasibility of Fairness Audits Relies on Willingness to Share Data: Examining User Acceptance of Multi-Party Computation Protocols for Fairness Monitoring,2026,chi_2026.bib,True
10.1145/3772318.3791828,Walking with robots: Video analysis of human-robot interactions in transit spaces,2026,chi_2026.bib,True
10.1145/3772318.3790900,Understanding Workplace Relatedness Support among Healthcare Professionals: A Four-Layer Model and Implications for Technology Design,2026,chi_2026.bib,True
10.1145/3772318.3791026,"Less Redraw, More Explore: Suggestion and Completion for Sketch-to-Image",2026,chi_2026.bib,True
10.1145/3772318.3790452,From Performers to Creators: Understanding Retired Women's Perceptions of Technology-Enhanced Dance Performance,2026,chi_2026.bib,True
10.1145/3772318.3791865,Hesitation and Tolerance in Recommender Systems,2026,chi_2026.bib,True
10.1145/3772318.3790693,Satisficing vs. Maximizing in Prompt Writing: Trait and Task Effects in Human–AI Interaction,2026,chi_2026.bib,True
10.1145/3772318.3791907,The Impacts of Transparency and Personalization on Feelings of Agency and Connection in Democratic Decision Making,2026,chi_2026.bib,True
10.1145/3772318.3790574,Designing for Long-Term Emotion Regulation: A Breathing Biofeedback Game for Women in Compulsory Isolation Drug Rehabilitation Centers,2026,chi_2026.bib,True
10.1145/3772318.3791857,DataSpeck: An AI-Driven Human-in-the-Loop System for Automating Transformations in Data Conversion Workflows,2026,chi_2026.bib,True
10.1145/3772318.3791079,"Be Friendly, Not Friends: How LLM Sycophancy Shapes User Trust",2026,chi_2026.bib,True
10.1145/3772318.3790416,NarrativeLoom: Enhancing Creative Storytelling through Multi-Persona Collaborative Improvisation,2026,chi_2026.bib,True
10.1145/3772318.3791063,Deception at Scale: Deceptive Designs in 1K LLM-Generated E-Commerce Components,2026,chi_2026.bib,True
10.1145/3772318.3790300,How Do Human Creators Embrace Human-AI Co-Creation? A Perspective on Human Agency of Screenwriters,2026,chi_2026.bib,True
10.1145/3772318.3790758,Co-Constructed or Constrained? How AI Collaboration Tools Reshape UI Design Practice in a Time-Boxed Design Challenge,2026,chi_2026.bib,True
10.1145/3772318.3791191,Sensing What Surveys Miss: Understanding and Personalizing Proactive LLM Support by User Modeling,2026,chi_2026.bib,True
10.1145/3772318.3791752,Neither Tool nor Collaborator: Rethinking Human–AI Co-Creativity in Artistic Practice with Material Engagement Theory,2026,chi_2026.bib,True
10.1145/3772318.3790451,"More Aware and More Curious to Understand"": Emotionally Challenging Experiences in Psychological Horror Games",2026,chi_2026.bib,True
10.1145/3772318.3790324,Exploring Communication and Collaboration in Distributed AR Escape Rooms: Design Opportunities to Support Social Play,2026,chi_2026.bib,True
10.1145/3772318.3791974,ShakeSense: An Electrotactile System to Simulate Shaking a Container with Fluid Contents,2026,chi_2026.bib,True
10.1145/3772318.3790397,HumanoidTurk: Expanding VR Haptics with Humanoids for Driving Simulations,2026,chi_2026.bib,True
10.1145/3772318.3791296,"""Let’s talk about data"": Co-Designing Critical Data Literacy Tools for K-12 Education through Dialogic Learning",2026,chi_2026.bib,True
10.1145/3772318.3790276,Authorship Drift: How Self-Efficacy and Trust Evolve During LLM-Assisted Writing,2026,chi_2026.bib,True
10.1145/3772318.3790350,XSynth: GenAI-Empowered Shared Mental Model Building for Conceptual Design Collaboration in Extended Reality,2026,chi_2026.bib,True
10.1145/3772318.3791338,Game-Based and Gamified Robotics Education: A Comparative Systematic Review and Design Guidelines,2026,chi_2026.bib,True
10.1145/3772318.3791232,Regaining Personhood: A Longitudinal Ethnography of North Korean Defectors’ First-Year Digital Transition in South Korea,2026,chi_2026.bib,True
10.1145/3772318.3791337,Vidmento: Scaffolded Expansion for Video Storytelling with Generative Video,2026,chi_2026.bib,True
10.1145/3772318.3791192,SVATA: A Spatial Visual Attention Tracking and Analysis Platform for Embodied Cognition Research,2026,chi_2026.bib,True
10.1145/3772318.3791898,"``No One Should Know I Used This App"": Challenges and Design Opportunities for Digital Mental Well-Being Support for Young Saudi Women",2026,chi_2026.bib,True
10.1145/3772318.3790275,"CaseCompass: Designing Sustainable, Community-Led Socio-Technical Systems for Gender-Based Violence Support Work",2026,chi_2026.bib,True
10.1145/3772318.3791591,Framing Helper Therapy to Support User Engagement: Causal Evidence from a Public Deployment of a Mental Health Support Text Messaging Program,2026,chi_2026.bib,True
10.1145/3772318.3791933,VR for Design: Exploring Long-Term Experiences and Workflows of 3D Designing in Virtual Reality,2026,chi_2026.bib,True
10.1145/3772318.3790501,Collab: Fostering Critical Identification of Deepfake Videos on Social Media via Synergistic Annotation,2026,chi_2026.bib,True
10.1145/3772318.3790323,Normalizing Speed-accuracy Biases in 2D Pointing Tasks with Better Calculation of Effective Target Widths,2026,chi_2026.bib,True
10.1145/3772318.3790870,SoundStager: Interactive Design of Story-Driven GenAI Soundscapes for Video,2026,chi_2026.bib,True
10.1145/3772318.3790733,When Stereotypes GTG: The Impact of Predictive Text Suggestions on Gender Bias in Human-AI Co-Writing,2026,chi_2026.bib,True
10.1145/3772318.3791308,TouchScribe: Augmenting Non-Visual Hand-Object Interactions with Automated Live Visual Descriptions,2026,chi_2026.bib,True
10.1145/3772318.3790922,GazeCoT: Unleashing Social Intelligence in Multimodal LLMs With Gaze-Informed Chain-of-Thought Reasoning,2026,chi_2026.bib,True
10.1145/3772318.3791937,Navigating Marginalization: Toward Justice-Oriented Sociotechnical Design for Parent–Child Learning among Southeast Asian Immigrant Mothers in Taiwan,2026,chi_2026.bib,True
10.1145/3772318.3791682,Leveraging Biometric-Rich Hand Gestures for Head-Mounted Display Authentication,2026,chi_2026.bib,True
10.1145/3772318.3790963,Investigating How Types of Data Associated With Smart Home Devices Influence Privacy Concerns and Perceived Benefits,2026,chi_2026.bib,True
10.1145/3772318.3790417,Towards Better Reflexive Thematic Analysis in HCI: A Scoping Review of Practice at CHI,2026,chi_2026.bib,True
10.1145/3772318.3790753,"Inside the Mirror, Wearing My own Body: Why UX Should Engage Monstrous Experiences",2026,chi_2026.bib,True
10.1145/3772318.3790742,HistoryPalette: Supporting Exploration and Reuse of Past Alternatives in Image Generation and Editing,2026,chi_2026.bib,True
10.1145/3772318.3790995,"""Should I Rely on You or the AI?"" Leaders' Trust and Perceptions in Mixed Human-AI Teams",2026,chi_2026.bib,True
10.1145/3772318.3790274,Cohort Differences in Internet Use Among Older Adults: Evidence from the English Longitudinal Study of Ageing (ELSA),2026,chi_2026.bib,True
10.1145/3772318.3791162,MoSound: An Interactive Tool for Generative Sound Design in Motion Graphics,2026,chi_2026.bib,True
10.1145/3772318.3790888,Toolset Action Coding System: A Generalized Method for Tool Measurement,2026,chi_2026.bib,True
10.1145/3772318.3791231,Stories Left Unsaid: Navigating Stigmatized Identity Disclosure and Storytelling Among North Korean Defector Mothers,2026,chi_2026.bib,True
10.1145/3772318.3790756,Data-Driven Policymaking: Understanding the Needs and Preferences of Disadvantaged Communities,2026,chi_2026.bib,True
10.1145/3772318.3791950,Sci-Fi Spark: A Human-AI Co-Creation System for Science Fiction Ideation,2026,chi_2026.bib,True
10.1145/3772318.3791270,The People's Gaze: Co-Designing and Refining Gaze Gestures with Users and Experts,2026,chi_2026.bib,True
10.1145/3772318.3790971,"Design and Multi-level Evaluation of MAP-X: a Medically Aligned, Patient-Centered AI Explanation System",2026,chi_2026.bib,True
10.1145/3772318.3791188,"""Can LLMs Persuade Humans with Deception?"": From a Deceptive Strategy Taxonomy to a Large-Scale Empirical Study",2026,chi_2026.bib,True
10.1145/3772318.3791332,Improving Data Quality via Pre-Task Participant Screening in Crowdsourced GUI Experiments,2026,chi_2026.bib,True
10.1145/3772318.3791078,"“I followed what felt right, not what I was told”: Autonomy, Coaching, and Recognizing Bias Through AI-Mediated Dialogue",2026,chi_2026.bib,True
10.1145/3772318.3790327,"Same Patient, Same Space, Divergent Needs: Revealing Gaps and Design Opportunities in Surgeon–Anesthesiologist Collaboration",2026,chi_2026.bib,True
10.1145/3772318.3790329,Uncertain Pointer: Situated Feedforward Visualizations for Ambiguity-Aware AR Target Selection,2026,chi_2026.bib,True
10.1145/3772318.3790328,AskNow: An LLM-powered Interactive System for Real-Time Question Answering in Large-Scale Classrooms,2026,chi_2026.bib,True
10.1145/3772318.3790399,VoiceRay: 3D Object Selection Technique for Occluded and Dense Environments in Virtual Reality,2026,chi_2026.bib,True
10.1145/3772318.3791549,Leveraging Head Movement for Navigating Off-Screen Content on Large Curved Displays,2026,chi_2026.bib,True
10.1145/3772318.3790798,What do we mean by social support? A systematic review of HCI research investigating and designing for social support,2026,chi_2026.bib,True
10.1145/3772318.3791861,Evaluating Peer Fact-Checking on WhatsApp,2026,chi_2026.bib,True
10.1145/3772318.3790627,Practitioners' Perspectives on Designing Data Visualizations for the General Public,2026,chi_2026.bib,True
10.1145/3772318.3791495,"Creating Disability Story Videos with Generative AI: Motivation, Expression, and Sharing",2026,chi_2026.bib,True
10.1145/3772318.3790330,Texterial: A Text-as-Material Interaction Paradigm for LLM-Mediated Writing,2026,chi_2026.bib,True
10.1145/3772318.3791789,Decomposing Autonomy: Explaining AI Technology Acceptance Through a Liberty-Based Framework,2026,chi_2026.bib,True
10.1145/3772318.3790628,Help me and I’ll help you: Speakers’ and listeners’ collaborative effort and the division of labour in human-agent collaborative communication,2026,chi_2026.bib,True
10.1145/3772318.3793333,User-reconfigured Haptics: Combining User-Reconfiguration and Visual Manipulations to Enhance Dynamic Passive Haptic Experiences for VR,2026,chi_2026.bib,True
10.1145/3772318.3791016,Security at the Border? The Lived Experiences of Refugees and Asylum Seekers in the UK,2026,chi_2026.bib,True
10.1145/3772318.3791406,Surfacing Problematic Recommender System Behaviors Affecting Music Discoverability: A Think-Aloud Protocol,2026,chi_2026.bib,True
10.1145/3772318.3790502,Feel the Sync: The Effects of Shared Haptic Feedback on Short-Cycle Repetitive Turn-Taking Collaboration of Remote Users in Virtual Reality,2026,chi_2026.bib,True
10.1145/3772318.3790834,"""An Experience That Could Not be Found Anywhere Else"": Resonance as an Explanatory Concept for Player Experience Research and Game Design",2026,chi_2026.bib,True
10.1145/3772318.3791767,Anticipating Physical Processes in VR: Environment Type and Scale Alter Temporal Expectations,2026,chi_2026.bib,True
10.1145/3772318.3791851,"Personal Validation Effect in LLMs: Positive AI Responses Bias Perceptions of Validity, Reliability, Personalization, and Usefulness of Fictitious Predictions",2026,chi_2026.bib,True
10.1145/3772318.3790953,Intelligent Reasoning Cues: A Framework and Case Study of the Roles of AI Information in Complex Decisions,2026,chi_2026.bib,True
10.1145/3772318.3790866,InterFlow: Designing Unobtrusive AI to Empower Interviewers in Semi-Structured Interviews,2026,chi_2026.bib,True
10.1145/3772318.3790551,"""Shall We Dig Deeper?"": Designing and Evaluating Strategies for LLM Agents to Advance Knowledge Co-Construction in Asynchronous Online Discussions",2026,chi_2026.bib,True
10.1145/3772318.3791034,Open-ended Structured Question Assessment with Human-LLM Collaboration,2026,chi_2026.bib,True
10.1145/3772318.3791356,DALL: Data Labeling via Data Programming and Active Learning Enhanced by Large Language Models,2026,chi_2026.bib,True
10.1145/3772318.3790987,When Your Boss Is an AI Bot: Exploring Opportunities and Risks of Manager Clone Agents in the Future Workplace,2026,chi_2026.bib,True
10.1145/3772318.3790626,WristPP: A Wrist-Worn System for Hand Pose and Pressure Estimation,2026,chi_2026.bib,True
10.1145/3772318.3791467,Do People Appropriately Rely on AI-Advice? An Analytical Review of HCI Research on Human-AI Decision-Making,2026,chi_2026.bib,True
10.1145/3772318.3791325,Memory Printer: Exploring Everyday Reminiscing by Combining Slow Design with Generative AI-based Image Creation,2026,chi_2026.bib,True
10.1145/3772318.3791280,"""If I hadn't seen it that day, I wouldn't be here today"": The Role of Digital Awareness Content on Social Media in Recognizing Gender-based Violence",2026,chi_2026.bib,True
10.1145/3772318.3791184,How They Type: Eye and Finger Movement Strategies in Typing of Individuals with Cerebral Palsy,2026,chi_2026.bib,True
10.1145/3772318.3791483,Talking About Brainrot: Youth Engagement with AI-Generated Content and the Dynamics of Intergenerational Communication,2026,chi_2026.bib,True
10.1145/3772318.3791025,"""Computer Says No"": Disabled Welfare Experiences and Envisioned Futures Under AI Governance",2026,chi_2026.bib,True
10.1145/3772318.3791737,Exploring Women’s Perspectives on Learning and Trust in Automated Vehicles: A Socio-Ecological Lens,2026,chi_2026.bib,True
10.1145/3772318.3791529,Reactive Writers: How Co-Writing with AI Changes How We Engage with Ideas,2026,chi_2026.bib,True
10.1145/3772318.3791457,Breaking News or Breaking Trust? Exploring Challenges and a Design Space for Trustworthy LLM Integration in Journalism,2026,chi_2026.bib,True
10.1145/3772318.3791418,CrossLit: Connecting Visual and Textual Sensemaking for Literature Review,2026,chi_2026.bib,True
10.1145/3772318.3790966,PASTA: A Scalable Framework for Multi-Policy AI Compliance Evaluation,2026,chi_2026.bib,True
10.1145/3772318.3791667,"The Elephant in the Syntax: A Comparative Study of Semantics‑First, Block‑Based, and Textual Programming",2026,chi_2026.bib,True
10.1145/3772318.3790398,"Artists on a Decade of AI Evolution: An Interview Study of Affordances, Culture, and Artistic Practice with Machine Learning",2026,chi_2026.bib,True
10.1145/3772318.3790843,Navigating Ethical Dilemmas: The Value Landscape Behind Fieldwork Decisions,2026,chi_2026.bib,True
10.1145/3772318.3793421,Fuzzy Feelings: Arousal’s Interpretive Noise and the Case for Acoustic-Based Haptics,2026,chi_2026.bib,True
10.1145/3772318.3791477,Supporting Holistic AI Ethics Literacy Education Through Critical Reflection: Three Recommendations for Fostering Children’s Ethical Growth,2026,chi_2026.bib,True
10.1145/3772318.3791440,Exploring Co-located Collaborative Visual Programming of Industrial Robotic Workplaces in Handheld AR,2026,chi_2026.bib,True
10.1145/3772318.3790970,Toward Flexible Psychiatric History-Taking and Visualization: Exploring Clinician Perspectives with Large Language Models,2026,chi_2026.bib,True
10.1145/3772318.3791616,RAVEN: Realtime Accessibility in Virtual ENvironments for Blind and Low-Vision People,2026,chi_2026.bib,True
10.1145/3772318.3793266,How Multimodal Large Language Models Support Access to Visual Information: A Diary Study With Blind and Low Vision People,2026,chi_2026.bib,True
10.1145/3772318.3790759,"""Alone and Adrift in Analytics"" - Insights from Long-term Involvements with stroke Clinicians when Using Care Quality Monitoring Systems",2026,chi_2026.bib,True
10.1145/3772318.3791521,Verbal Descriptors for Electrotactile Stimulation,2026,chi_2026.bib,True
10.1145/3772318.3791558,Worker Discretion Advised: Co-designing Risk Disclosure in Crowdsourced Responsible AI (RAI) Content Work,2026,chi_2026.bib,True
10.1145/3772318.3790855,Governing Together: Toward Infrastructure for Community-Run Social Media,2026,chi_2026.bib,True
10.1145/3772318.3791470,Redesigning Educational Videos for Deaf and Hard-of-Hearing Learners,2026,chi_2026.bib,True
10.1145/3772318.3791590,Anu.js: Accelerating Web-based Immersive Analytics,2026,chi_2026.bib,True
10.1145/3772318.3790606,Grand Challenges around Designing Computers’ Control Over Our Bodies,2026,chi_2026.bib,True
10.1145/3772318.3791877,ProVoice: Designing Proactive Functionality for In-Vehicle Conversational Assistants using Multi-Objective Bayesian Optimization to Enhance Driver Experience,2026,chi_2026.bib,True
10.1145/3772318.3791601,"Thermal Masking Across the Human Body: Patterns, Pathways, and Perceptual Boundaries",2026,chi_2026.bib,True
10.1145/3772318.3791634,ATRU: A Stage-based Framework for Designing Ethology-Inspired Social Robots,2026,chi_2026.bib,True
10.1145/3772318.3791514,SimStep: Human-in-the-Loop Authoring of Interactive Educational Simulations Through Task-Level Abstractions,2026,chi_2026.bib,True
10.1145/3772318.3790605,"Data Migration in HCI: The Politics of Invisible Borders, Informal Networks, and Immigrants’ Data",2026,chi_2026.bib,True
10.1145/3772318.3790630,From TikTok to Telegram: Cross-Platform Efficacy and User Acceptance of Erroneous and Flawless Misinformation Interventions,2026,chi_2026.bib,True
10.1145/3772318.3790607,PianoBand: A Multimodal Wristband Interface for Portable Piano Interaction,2026,chi_2026.bib,True
10.1145/3772318.3791125,The Three Praxes Framework - A Thematic Review and Map of Social Accessibility Research,2026,chi_2026.bib,True
10.1145/3772318.3791863,Tell Me What I Missed: Interacting with GPT during Recalling of One-Time Witnessed Events,2026,chi_2026.bib,True
10.1145/3772318.3791490,Lending a Hand: The Effectiveness of Support Systems in Assisting Users to Detect Phishing Attacks,2026,chi_2026.bib,True
10.1145/3772318.3791795,Exploring and Probing the Algorithmic Gaze on Bodies and Well-being,2026,chi_2026.bib,True
10.1145/3772318.3791220,Unveiling Road Rage Dynamics: Recreating and Modeling Road Rage in Audiovisual and Simulating Environments Based on Real-World Footage,2026,chi_2026.bib,True
10.1145/3772318.3791610,How Well do LLMs Assist Parents in Assessing Child Appropriateness of Videos?,2026,chi_2026.bib,True
10.1145/3772318.3791902,The Personalization Paradox: Trade-offs Between Social Presence and Task Efficiency in Embodied AR Instructors,2026,chi_2026.bib,True
10.1145/3772318.3791957,MoveTogether: Exploring Physical Co-op Gameplay in Mixed-Reality,2026,chi_2026.bib,True
10.1145/3772318.3791398,Beyond Links: Exploring Visual Representations of Multi-View Relations in Mixed Reality,2026,chi_2026.bib,True
10.1145/3772318.3791959,Endless Swipes and Recommendations: The Impact of Short-Form Video Platforms on Context-Switching and Children’s Working Memory,2026,chi_2026.bib,True
10.1145/3772318.3790629,Out of Control: Effects of Multimodal Self-similarity on Embodiment During Autonomous Avatar Demonstrations in Virtual Reality,2026,chi_2026.bib,True
10.1145/3772318.3790844,From Ephemeral to Actionable: Parent Perspectives on Speculative Family Speech Tracking,2026,chi_2026.bib,True
10.1145/3772318.3791169,DensityBars: A Space-Efficient Visualization for Event Temporal Distribution,2026,chi_2026.bib,True
10.1145/3772318.3791586,Transient Non-Use: How People in Migration Experience Digital Disconnection,2026,chi_2026.bib,True
10.1145/3772318.3790504,Beyond a Neutral Tool or Teammate: Envisioning AI Interventions for Women’s Equity in Male-Dominated Teams,2026,chi_2026.bib,True
10.1145/3772318.3791834,Say It My Way: Exploring Control in Conversational Visual Question Answering with Blind Users,2026,chi_2026.bib,True
10.1145/3772318.3791942,Vipera: Blending Visual and LLM-Driven Guidance for Systematic Auditing of Text-to-Image Generative AI,2026,chi_2026.bib,True
10.1145/3772318.3791631,Exploring the Design and Impact of Interactive Worked Examples for Learners with Varying Prior Knowledge,2026,chi_2026.bib,True
10.1145/3772318.3791853,Lost in Translation: Understanding Autistic–Neurotypical Communication Style Differences in Job Postings,2026,chi_2026.bib,True
10.1145/3772318.3790553,PaperTok: Exploring the Use of Generative AI for Creating Short-form Videos for Research Communication,2026,chi_2026.bib,True
10.1145/3772318.3790672,Sensemaking With/About AI: Unpacking Design Professionals’ Data Sensemaking Styles in a High-Stakes Industrial Context,2026,chi_2026.bib,True
10.1145/3772318.3790375,Towards AI as Colleagues: Multi-Agent System Improves Structured Ideation Processes,2026,chi_2026.bib,True
10.1145/3772318.3791625,Beyond Accuracy: Experts See AI Fact-Checks as Accurate but Less Useful,2026,chi_2026.bib,True
10.1145/3772318.3791515,Designing Movement Generation Models in Collaboration With Voguing And Dancehall Dancers,2026,chi_2026.bib,True
10.1145/3772318.3793557,Reconfiguring the Home: Co-Designing the Future of Adaptive Domestic Environments,2026,chi_2026.bib,True
10.1145/3772318.3791197,Signals of Success and Struggle: Early Prediction and Physiological Signatures of Human Performance across Task Complexity,2026,chi_2026.bib,True
10.1145/3772318.3790552,"""If you are a Star Wars fan, use the force"": Exploring Children's Virtual-Object Interaction Preferences in AR Headsets",2026,chi_2026.bib,True
10.1145/3772318.3790332,Behavioral Indicators of Overreliance During Interaction with Conversational Language Models,2026,chi_2026.bib,True
10.1145/3772318.3791619,Ecological Systems Theory for Studying and Designing Menstrual Technologies,2026,chi_2026.bib,True
10.1145/3772318.3791328,"The Ocular Command Center: How Eye Responses to Luminance, Color, Tunneling, and Visual Suppression Mediate Users' Physiological States in VR",2026,chi_2026.bib,True
10.1145/3772318.3791932,"""What Keeps Fans on the Silent Field?"": Understanding Lean-Back Football Fans via AI Sports Broadcasting in Non-Event Time",2026,chi_2026.bib,True
10.1145/3772318.3791160,Collaposer: Transforming Photo Collections into Visual Assets for Storytelling with Collages,2026,chi_2026.bib,True
10.1145/3772318.3791864,Negotiating the Real World of Domestic Service Robotics,2026,chi_2026.bib,True
10.1145/3772318.3790503,Water On My Block: Reflections on Building A Participatory Artificial Intelligence System For Precision Weather With Scientists and An Urban Community,2026,chi_2026.bib,True
10.1145/3772318.3790940,Haptic Representation Method for Material Properties utilizing Pseudo-weight Shifting,2026,chi_2026.bib,True
10.1145/3772318.3790331,Can AI be a Social Buffer? Investigating the Effect of AI-assisted Cognitive Reappraisal and Narrative Perspectives on Managing Difficult Workplace Conversations over Email,2026,chi_2026.bib,True
10.1145/3772318.3791540,FretFlow: Adaptive Haptics for Rhythm and Articulation in Guitar Learning,2026,chi_2026.bib,True
10.1145/3772318.3790374,Funding AI for Good: A Call for Meaningful Engagement,2026,chi_2026.bib,True
10.1145/3772318.3790994,Silencing \& Surging: A Layered Ecology of Algorithmic Repression and Resistance in the Gaza Escalations,2026,chi_2026.bib,True
10.1145/3772318.3791728,Harassment in Virtual Reality: A Systematic Review,2026,chi_2026.bib,True
10.1145/3772318.3790674,Exploring the Effects of Support Type and Task Difficulty for Virtual Assistants as Social Companions,2026,chi_2026.bib,True
10.1145/3772318.3790736,Representation on Our Terms: How Trans and Gender Diverse People Prioritize Inclusivity in University Information Systems,2026,chi_2026.bib,True
10.1145/3772318.3791414,Unit-Less Measurements with StoryStick++: Rethinking Measurement as Interactive Processes,2026,chi_2026.bib,True
10.1145/3772318.3790379,Skin-Deep Bias: How Avatar Appearances Shape Perceptions of AI Hiring,2026,chi_2026.bib,True
10.1145/3772318.3791954,Decoding Islamic HCI: What Current Patterns Reveal About Future Possibilities,2026,chi_2026.bib,True
10.1145/3772318.3791871,"CalmReminder: A Design Probe for Parental Engagement with Children with Hyperactivity, Augmented by Real-Time Motion Sensing with a Watch",2026,chi_2026.bib,True
10.1145/3772318.3791327,Programming By Scaffolded Demonstration with Perpend,2026,chi_2026.bib,True
10.1145/3772318.3790610,Confronting the Discursive–Material Power of Storyboards: Toward Participatory Storyboarding,2026,chi_2026.bib,True
10.1145/3772318.3790675,MagFace: Interference-Resistant Facial Gesture Recognition System on Cycling Glasses with Low-Power Magnetic Sensing,2026,chi_2026.bib,True
10.1145/3772318.3790868,Beyond Age-Based Restrictions: Rethinking Children's Online Safety Through Comparing Parent–Child Perspectives of Risks in User-Generated Content Games,2026,chi_2026.bib,True
10.1145/3772318.3791381,Autiverse: Eliciting Autistic Adolescents' Daily Narratives through AI-guided Multimodal Journaling,2026,chi_2026.bib,True
10.1145/3772318.3790673,AR-Cues Change Users’ Strategy for Dealing with Deferrable Interruptions,2026,chi_2026.bib,True
10.1145/3772318.3791399,Cognitive Bridge: AI-Generated Boundary Objects for Cross-Functional Collaboration,2026,chi_2026.bib,True
10.1145/3772318.3791587,Effects of Virtual Reality System Fidelity on Presence using the Fidelity-based Presence Scale,2026,chi_2026.bib,True
10.1145/3772318.3790944,EmojiFan: Designing A Social Interface Supporting Facial Expression Interaction for Blind and Low Vision People in Party Settings,2026,chi_2026.bib,True
10.1145/3772318.3790419,Understanding How Accessibility Practices Impact Teamwork in Mixed-Ability Teams that Collaborate Virtually,2026,chi_2026.bib,True
10.1145/3772318.3791116,Sharing the Care: Investigating How Conversational AI Might Facilitate Coordination Among Home Care Workers and Family Caregivers,2026,chi_2026.bib,True
10.1145/3772318.3790967,Empathy Practices in Social Media Discourse: A Multidimensional and Relational Perspective,2026,chi_2026.bib,True
10.1145/3772318.3790818,Touching a Cat Without Touch: Does Mid-Air Ultrasound Haptic Feedback Promote Relaxation in Virtual Cat Interaction?,2026,chi_2026.bib,True
10.1145/3772318.3790609,Capability at a Glance: Design Guidelines for Intuitive Avatars Communicating Augmented Actions in Virtual Reality,2026,chi_2026.bib,True
10.1145/3772318.3791846,From Squishing to Meaning: Exploring Data Physicalization Through Children’s Embodied Experiences,2026,chi_2026.bib,True
10.1145/3772318.3791975,Chromotion: Controlling Motion-Induced Color on Object Motion Paths via High-Speed Temporal Additive Projection,2026,chi_2026.bib,True
10.1145/3772318.3791156,PosProjector: An Ambient Projection Notification System for Posture Correction During Desk-Based Study,2026,chi_2026.bib,True
10.1145/3772318.3791341,"""I just have faith in my wallet to not mismanage my crypto"": Investigating Changes in Users' Security Perceptions Post-FTX Collapse",2026,chi_2026.bib,True
10.1145/3772318.3791077,Beyond a Conventional Chatbot: How AI Streamers Transcend Live Streaming Experiences from Viewers’ Perspectives,2026,chi_2026.bib,True
10.1145/3772318.3790782,Understanding the Feasibility of Auditory Hand-Steering Guidance for Blind and Low-Vision People,2026,chi_2026.bib,True
10.1145/3772318.3790608,Creating and Evaluating Personas Using Generative AI: A Scoping Review of 81 Articles,2026,chi_2026.bib,True
10.1145/3772318.3790436,“Are Compliments Bad Now?”: Comparing LLMs and Human Interpretations of Gender Microaggressions in the Workplace,2026,chi_2026.bib,True
10.1145/3772318.3791585,From Autonomy to Sovereignty - A New Telos for Socially Assistive Technology,2026,chi_2026.bib,True
10.1145/3772318.3790483,When Hands Meet Physics in Virtual Reality: Effects of Interaction Fidelity on User Experience,2026,chi_2026.bib,True
10.1145/3772318.3791216,CoNode: Visualizing Workflows for Knowledge Reuse and Recombination in Team–AI Collaborative Design,2026,chi_2026.bib,True
10.1145/3772318.3790435,"Actions, Speech, and Looks: What Shapes How We Feel About In-Vehicle AI Assistants?",2026,chi_2026.bib,True
10.1145/3772318.3790853,Toward Pluralizing Reflection in HCI through Daoism,2026,chi_2026.bib,True
10.1145/3772318.3791489,Defining Reality in Dementia VR: Stakeholder Perspectives on Ecological Validity for Functional Activity Training,2026,chi_2026.bib,True
10.1145/3772318.3791550,When Less Can Be More: Evaluating the Impact of Animated and Interactive Demonstrations in Voice-Assisted Counting Games for Young Children,2026,chi_2026.bib,True
10.1145/3772318.3790739,"""Chat, Should I Leave Him?"" Risks, Rewards, and Roles for AI in Relationship Advice",2026,chi_2026.bib,True
10.1145/3772318.3790418,Codesigning Ripplet: an LLM-Assisted Assessment Authoring System Grounded in a Conceptual Model of Teachers’ Workflows,2026,chi_2026.bib,True
10.1145/3772318.3790484,Investigating How Leaders Decide on AI Innovations: Opportunities for HCI,2026,chi_2026.bib,True
10.1145/3772318.3790378,Collective Privacy Sensemaking of Everyday Lived Experiences: A Study of Reddit and Discord Teen Communities,2026,chi_2026.bib,True
10.1145/3772318.3791602,Why Don't People Follow Robot Leaders? Understanding the Effects of Power Legitimacy on Compliance with Agents,2026,chi_2026.bib,True
10.1145/3772318.3790710,Can AR Embedded Visualizations Foster Appropriate Reliance on AI in Spatial Decision-Making? A Comparative Study of AR X-Ray vs. 2D Minimap,2026,chi_2026.bib,True
10.1145/3772318.3791480,When AI Gets It Wrong: Scaffolding AI Hallucination Detection for Children Through Chatbot Creation,2026,chi_2026.bib,True
10.1145/3772318.3790711,Investigating the Effects of Eco-Friendly Service Options on Rebound Behavior in Ride-Hailing,2026,chi_2026.bib,True
10.1145/3772318.3790376,SonicSieve: Bringing Directional Speech Extraction to Smartphones Using Acoustic Microstructures,2026,chi_2026.bib,True
10.1145/3772318.3790771,Envisioning Posthuman/More-than-Human Futures for XR through HCI: A Critical Reorientation,2026,chi_2026.bib,True
10.1145/3772318.3791642,From Junior to Senior: Allocating Agency and Navigating Professional Growth in Agentic AI-Mediated Software Engineering,2026,chi_2026.bib,True
10.1145/3772318.3791778,When to Explain: Modeling User Need for Explanations in Real-World Autonomous Driving,2026,chi_2026.bib,True
10.1145/3772318.3790795,Balancing Automation and Discretion: How Decision Stakes and Human-AI Collaboration Affect Citizen Perceptions in Public Administration,2026,chi_2026.bib,True
10.1145/3772318.3791449,SemTabla: A Human-in-the-Loop Framework for Semantic Enrichment and Validation of Data Tables,2026,chi_2026.bib,True
10.1145/3772318.3791826,"Pixels, Plants, and People: Affective Evaluation of Urban Green Spaces",2026,chi_2026.bib,True
10.1145/3772318.3790482,"Oscillation Design in Online Pet Loss Support Groups: Understanding Motivations, Outcomes, and Challenges",2026,chi_2026.bib,True
10.1145/3772318.3791209,Desirable Unfamiliarity: Insights from Eye Movements on Engagement and Readability of Dictation Interfaces,2026,chi_2026.bib,True
10.1145/3772318.3791363,How Generative AI Empowers Attackers and Defenders Across the Trust & Safety Landscape,2026,chi_2026.bib,True
10.1145/3772318.3790792,Red Teaming LLMs as Socio-Technical Practice: From Exploration and Data Creation to Evaluation,2026,chi_2026.bib,True
10.1145/3772318.3790434,"A Framework for Adapting In-Car Touchscreen Interfaces to Driver Behaviors, Perception, and Cognition",2026,chi_2026.bib,True
10.1145/3772318.3791685,Quantifying the Novelty Bias when Evaluating Interactive Prototypes,2026,chi_2026.bib,True
10.1145/3772318.3793148,Human-AI Interaction for Time-Critical Sensemaking in Missing Persons Investigations,2026,chi_2026.bib,True
10.1145/3772318.3791385,Designing a Generative AI-Assisted Music Psychotherapy Tool for Deaf and Hard-of-Hearing Individuals,2026,chi_2026.bib,True
10.1145/3772318.3791965,Building Care That Fits Its People: Insights from Social-Media–Enabled Community-Based Rehabilitation in Thailand,2026,chi_2026.bib,True
10.1145/3772318.3791274,Certified AI System = Trustworthy? Exploring Expert and Lay User Perceptions and Needs Regarding AI Certification,2026,chi_2026.bib,True
10.1145/3772318.3790577,ProjecTA: A Semi-Humanoid Robotic Teaching Assistant with In-Situ Projection for Guided Tours,2026,chi_2026.bib,True
10.1145/3772318.3790925,Does Longer Phone Use Always Feel Worse? Examining How Intention and Duration Shape Evaluations of Time Use,2026,chi_2026.bib,True
10.1145/3772318.3790423,Let's Make a Community [of Practice]: Using Community-Based Participatory Design to Support Interdependence,2026,chi_2026.bib,True
10.1145/3772318.3791716,Effects of Adding Friction to Attention-Capture Patterns in TikTok,2026,chi_2026.bib,True
10.1145/3772318.3791491,"""Bespoke Bots'': Diverse Instructor Needs for Customizing Generative AI Classroom Chatbots",2026,chi_2026.bib,True
10.1145/3772318.3790946,How Humans Naturally Refer to Targets: Understanding Multimodal Instruction Patterns in Human–Robot Interaction,2026,chi_2026.bib,True
10.1145/3772318.3791632,"What is Safety? Corporate Discourse, Power, and the Politics of Generative AI Safety",2026,chi_2026.bib,True
10.1145/3772318.3791349,PerEye: Co-Designing Extended Reality Rendering Attributes for Vision Health Diagnosis and Education,2026,chi_2026.bib,True
10.1145/3772318.3791809,The Privacy Paradox of LLMs: User Perceptions and the Reality of PII Leakage,2026,chi_2026.bib,True
10.1145/3772318.3790899,What Happened to Scenario-Based Design in HCI?: A Scoping Review,2026,chi_2026.bib,True
10.1145/3772318.3790860,SYNAPSE: A Sociotechnical Taxonomy of Bioadaptive Media,2026,chi_2026.bib,True
10.1145/3772318.3791691,Reflective AI: A Slow Technology Approach for Design Education,2026,chi_2026.bib,True
10.1145/3772318.3791096,CoBreath: Designing a VR-Based Dyadic Biofeedback System to Support Breathing Exercise for Breast Cancer Survivors,2026,chi_2026.bib,True
10.1145/3772318.3793425,Unleashing Personalized Museum Experiences: Insights from Comparative Structured Observation of Museo* design alternatives,2026,chi_2026.bib,True
10.1145/3772318.3793385,"Through a Live Elections Dashboard, Darkly: Managing Expectations and Trust in Progressive Vote Counting During the 2024 U.S. Election",2026,chi_2026.bib,True
10.1145/3772318.3791925,Your Call—Keep or Wrap: Examining the Impact of Self-regulatory Intervention on Short-form Video Consumption Behavior,2026,chi_2026.bib,True
10.1145/3772318.3790611,Designing for Resistance: Analyzing Data Work Among Direct Service Providers,2026,chi_2026.bib,True
10.1145/3772318.3791155,Embracing Chaos Again: Tracing Boundary Negotiating Artifacts in Knowledge Workers’ Data Practices for Collaborative Public Health Crisis Response,2026,chi_2026.bib,True
10.1145/3772318.3791424,Regulating AI: Where U.S. State Policy and HCI (Mis)align,2026,chi_2026.bib,True
10.1145/3772318.3790959,The Limits of Stakeholder Participation in Safety-Critical Contexts: Lessons from Air Traffic Control,2026,chi_2026.bib,True
10.1145/3772318.3790714,RECALLbot: Designing Agentic Memory and Reciprocal Disclosure for Human–Chatbot Relationships,2026,chi_2026.bib,True
10.1145/3772318.3791492,DeepAware: Using Experiential Deepfake Simulations to Enhance Cybersecurity Awareness in Older Adults,2026,chi_2026.bib,True
10.1145/3772318.3790898,Understanding How Creativity Support Tools Can Foster Happiness,2026,chi_2026.bib,True
10.1145/3772318.3791541,"‘In a Pinch, If You Have Nothing’: An Exploration of Money-Making Apps in Homeless Shelters",2026,chi_2026.bib,True
10.1145/3772318.3791411,Change is Hard: Consistent Player Behavior Across Games with Conflicting Incentives,2026,chi_2026.bib,True
10.1145/3772318.3791575,Human-centered Perspectives on a Clinical Decision Support System for Intensive Outpatient Veteran PTSD Care,2026,chi_2026.bib,True
10.1145/3772318.3790713,Just-In-Time Objectives: A General Approach for Specialized AI Interactions,2026,chi_2026.bib,True
10.1145/3772318.3790875,"Spotify Warped: Reshaping Personal Informatics via Music Listening, Casual Users, Passive Data and Episodic Reflection",2026,chi_2026.bib,True
10.1145/3772318.3790789,Learning Ecological Justice and Game Design by Creating Transformational Games,2026,chi_2026.bib,True
10.1145/3772318.3791312,Reimagining Participatory Agile Development in Community-Industry Partnerships,2026,chi_2026.bib,True
10.1145/3772318.3791259,BAIT: Visual-illusion-inspired Privacy Preservation for Mobile Data Visualization,2026,chi_2026.bib,True
10.1145/3772318.3790421,Zenergy: Designing Taoist-Inspired Transformative Nature Imagery for Everyday Empowerment,2026,chi_2026.bib,True
10.1145/3772318.3790712,"Agent-Supported Foresight for AI Systemic Risks: AI Agents for Breadth, Experts for Judgment",2026,chi_2026.bib,True
10.1145/3772318.3791172,Building Benchmarks from the Ground Up: Community-Centered Evaluation of LLMs in Healthcare Chatbot Settings,2026,chi_2026.bib,True
10.1145/3772318.3790981,Understanding User Needs Underlying the Expected Roles of LLM-Based Chatbots in Privacy Decision-Making,2026,chi_2026.bib,True
10.1145/3772318.3791914,Rethinking User Empowerment in AI Recommender System: Innovating Transparent and Controllable Interfaces,2026,chi_2026.bib,True
10.1145/3772318.3791046,To reward or not reward: how the interpretation of virtual rewards affects intrinsic motivation in gamified learning,2026,chi_2026.bib,True
10.1145/3772318.3790655,When Should Users Check? Modeling Confirmation Frequency in Multi-Step Agentic AI Tasks,2026,chi_2026.bib,True
10.1145/3772318.3790529,MIND: Empowering Mental Health Clinicians with Multimodal Data Insights through a Narrative Dashboard,2026,chi_2026.bib,True
10.1145/3772318.3790656,Dialogues with AI Reduce Beliefs in Misinformation but Build No Lasting Discernment Skills,2026,chi_2026.bib,True
10.1145/3772318.3791569,Social Media Feed Elicitation,2026,chi_2026.bib,True
10.1145/3772318.3791054,Privacy Control in Conversational LLM Platforms: A Walkthrough Study,2026,chi_2026.bib,True
10.1145/3772318.3790530,CommSense: Facilitating Bias-Aware and Reflective Navigation of Online Comments for Rational Judgment,2026,chi_2026.bib,True
10.1145/3772318.3790803,Understanding Behind the Smile of Emotion Workers: Detecting After-Call Stress in Call Agents,2026,chi_2026.bib,True
10.1145/3772318.3791862,When Metrics Mislead: Parents’ Lived Realities in the Public Safety Net,2026,chi_2026.bib,True
10.1145/3772318.3791390,Remembering with Reminiscope: Codesigning with Generative AI for Reminiscence Among Older Adults,2026,chi_2026.bib,True
10.1145/3772318.3791142,From Oversight to Insight: Transforming Cybersecurity Governance in Boardrooms,2026,chi_2026.bib,True
10.1145/3772318.3791097,'The plan is just survival': Data Work in Kenya and the Regime of Entrapment,2026,chi_2026.bib,True
10.1145/3772318.3790878,Idea11y: Enhancing Accessibility in Collaborative Ideation for Blind or Low Vision Screen Reader Users,2026,chi_2026.bib,True
10.1145/3772318.3791434,"""Deprived of support because we're born women"": Emerging Socio-Technical Pathways and Evolving Struggles for Women Entrepreneurs in Bangladesh",2026,chi_2026.bib,True
10.1145/3772318.3791321,From Copy/Paste to Copying Pastes: Supporting Replication in an Online Digital Fabrication Community,2026,chi_2026.bib,True
10.1145/3772318.3791326,When Your Therapist Is an Algorithm: Understanding the Role of AI in Mental Health Mobile Applications,2026,chi_2026.bib,True
10.1145/3772318.3791613,Belidor: A Specification Language for Operationalizing Structural Analogies Between User Interfaces,2026,chi_2026.bib,True
10.1145/3772318.3791324,AI of Oz: Enhancing Wizard of Oz Studies in HCI with AI Assistance for Human Moderation,2026,chi_2026.bib,True
10.1145/3772318.3791759,Boundary Switching and Cursor Warping: A Comparative Study of Performance and Comfort in Multi-Display XR Environments,2026,chi_2026.bib,True
10.1145/3772318.3790796,Exploring Learners' Expectations and Engagement When Collaborating with Constructively Controversial Peer Agents,2026,chi_2026.bib,True
10.1145/3772318.3791117,Challenges in Synchronous & Remote Collaboration Around Visualization,2026,chi_2026.bib,True
10.1145/3772318.3791263,Tracing Creativity: A Design Space For Creative Activity Traces in HCI,2026,chi_2026.bib,True
10.1145/3772318.3790840,Unpacking Visual Metaphors in Infographics: A Design Space,2026,chi_2026.bib,True
10.1145/3772318.3791559,A11yExtensions: Accessibility Extensions to Augment Mobile AI Assistive Technology In-Situ,2026,chi_2026.bib,True
10.1145/3772318.3791946,More than Decision Support: Exploring Patients' Longitudinal Usage of Large Language Models in Real-World Healthcare Settings,2026,chi_2026.bib,True
10.1145/3772318.3791168,Exploring Meaningful Hybridity in Hybrid Digital Boardgames,2026,chi_2026.bib,True
10.1145/3772318.3791050,A New Taxonomy of Web Search: A User-Centered Framework for Search Intent in the AI Era,2026,chi_2026.bib,True
10.1145/3772318.3791725,Transformer Explainer: Learning LLM Transformers with Interactive Visual Explanation and Experimentation,2026,chi_2026.bib,True
10.1145/3772318.3791476,From Answer Engines to Learning Partners: A Dual-ZPD Design Framework for AI-Supported Learning,2026,chi_2026.bib,True
10.1145/3772318.3791429,Beyond Technical Metrics: Understanding the Gap Between AI Performance and Deaf User Experience in Chinese Natural Sign Language Generation,2026,chi_2026.bib,True
10.1145/3772318.3791654,Towards Designing for Resilience: Community-Centered Deployment of an AI Business Planning Tool in a Pittsburgh Small Business Center,2026,chi_2026.bib,True
10.1145/3772318.3791859,Collaborative Upstanding: Exploring Conversational Strategies for Cyberbullying Upstanding Education,2026,chi_2026.bib,True
10.1145/3772318.3791904,Relief or displacement? How teachers are negotiating generative AI's role in their professional practice,2026,chi_2026.bib,True
10.1145/3772318.3790694,Iconix: Controlling Semantics and Style in Progressive Icon Grids Generation,2026,chi_2026.bib,True
10.1145/3772318.3791132,Reimagining Data Work: Participatory Annotation Workshops as Feminist Practice,2026,chi_2026.bib,True
10.1145/3772318.3791808,Introducing Blockchains at School Without Computers: Hands-On Sense-Making for Young Learners,2026,chi_2026.bib,True
10.1145/3772318.3791711,Roaming with a Robot: Analyzing the Experiences and Understanding the Dimensions of Designing Human-Robot Walking Interactions,2026,chi_2026.bib,True
10.1145/3772318.3791708,(Computer) Vision in Action: Comparing Remote Sighted Assistance and a Multimodal Voice Agent in Inspection Sequences,2026,chi_2026.bib,True
10.1145/3772318.3791745,"Improve my Performance, Protect my State of Mind: How Collegiate Student-Athletes Engage with their Sports Data",2026,chi_2026.bib,True
10.1145/3772318.3791350,Sketching vs. AI Prompt Based Design Intent Evolution in Undergraduate Students: an Exploratory Study,2026,chi_2026.bib,True
10.1145/3772318.3791157,Sensemaking in Multi-Agent LLM Interfaces: How Users Interpret Transparency and Trustworthiness Cues,2026,chi_2026.bib,True
10.1145/3772318.3790695,Designing for Proactive Accountability: Lessons on Governing Technology from Detroit’s Food Sovereignty Movement,2026,chi_2026.bib,True
10.1145/3772318.3791248,InnerPond: Fostering Inter-Self Dialogue with a Multi-Agent Approach for Introspection,2026,chi_2026.bib,True
10.1145/3772318.3790424,From Blank Box to Creative Partner: Designing Ecological On-Ramps for First-Time AI Artists,2026,chi_2026.bib,True
10.1145/3772318.3791916,Are You Comfortable Sharing It?: Leveraging Image Obfuscation Techniques to Enhance Sharing Privacy for Blind and Visually Impaired Users,2026,chi_2026.bib,True
10.1145/3772318.3791820,"SwEYEpinch and Beyond: Exploring Intuitive, Efficient Text Entry for Extended Reality via Eye and Hand Tracking",2026,chi_2026.bib,True
10.1145/3772318.3791562,``What If My Face Gets Scanned Without Consent'': Older Adults' Experiences with Biometric Payment,2026,chi_2026.bib,True
10.1145/3772318.3791513,Designing Culturally Aligned AI Systems For Social Good in Non-Western Contexts,2026,chi_2026.bib,True
10.1145/3772318.3790654,AI-exhibited Personality Traits Can Shape Human Self-concept through Conversations,2026,chi_2026.bib,True
10.1145/3772318.3791300,"All Accept, No Reject: Evaluating LLMs as “Peer” Reviewers",2026,chi_2026.bib,True
10.1145/3772318.3791953,Designing Computational Tools for Exploring Causal Relationships in Qualitative Data,2026,chi_2026.bib,True
10.1145/3772318.3790581,"Usage Matters: The Role of Frequency, Duration, and Experience in Presence Formation in Social Virtual Reality",2026,chi_2026.bib,True
10.1145/3772318.3790697,Scaffolding Metacognition with GenAI: Exploring Design Opportunities to Support Task Management for University Students with ADHD,2026,chi_2026.bib,True
10.1145/3772318.3790633,RoboHaptics: Designing Haptic Interactions for Lower Body with Quadruped Robot Dogs,2026,chi_2026.bib,True
10.1145/3772318.3791735,HapPalm : Providing Rich Spatio-Temporal Vibrotactile Feedback on the Palm for Laptop Gaming,2026,chi_2026.bib,True
10.1145/3772318.3790993,Harmonizing the Senses: Designing a Cross-Modal Interactive Art System to Enhance Older Adults’ Affective Experiences,2026,chi_2026.bib,True
10.1145/3772318.3790930,ElectroGrasp: Electrotactile Aids for Visually Impaired Individuals in Anticipatory Planning and Control of Grasp,2026,chi_2026.bib,True
10.1145/3772318.3790303,When Workout Buddies Are Virtual: AI Agents and Human Peers in a Longitudinal Physical Activity Study,2026,chi_2026.bib,True
10.1145/3772318.3790352,TwistLens: A Docent-Informed Image Transformation to Create Previews That Prompt Anticipation and Interpretive Experiences Before Museum Visits,2026,chi_2026.bib,True
10.1145/3772318.3790278,"""Our Secret Language"": Co-Creating and Ritualizing Affective Haptics in Long-Distance Relationships",2026,chi_2026.bib,True
10.1145/3772318.3791284,"Unpacking Space, Place, and Labor in Experiences of Menopause",2026,chi_2026.bib,True
10.1145/3772318.3791174,Mapping the Wizards' Path: A Systematic Review of Wizard-of-Oz in HCI,2026,chi_2026.bib,True
10.1145/3772318.3791903,AAC: An Acoustic Actor-Critic Trajectory Planning and Correction System for Stable Multi-Particle Levitation Displays,2026,chi_2026.bib,True
10.1145/3772318.3791422,"""It Seems to Understand My Heart"": An Empirical Study of Persona-Driven Persuasive AI Agent for Aging-in-Place in Singapore",2026,chi_2026.bib,True
10.1145/3772318.3791560,Perspectra: Choosing Your Experts Enhances Critical Thinking in Multi-Agent Research Ideation,2026,chi_2026.bib,True
10.1145/3772318.3790696,Characterizing Unintended Consequences of GUI Agents For Web Browsing,2026,chi_2026.bib,True
10.1145/3772318.3790824,ClassAid: A Real-time Instructor-AI-Student Orchestration System for Classroom Programming Activities,2026,chi_2026.bib,True
10.1145/3772318.3791190,Design Explorations of Instruments and Interactions with Bidirectional Haptic Couplings,2026,chi_2026.bib,True
10.1145/3772318.3790863,Informal Embodied Auditing: Exploring Facial Emotion AI (FEAI) through Community Workshops,2026,chi_2026.bib,True
10.1145/3772318.3791213,Visualization of Tracking Uncertainty in AR-based Surgical Guidance,2026,chi_2026.bib,True
10.1145/3772318.3791120,Are Conversational AI Agents the Way Out? Co-Designing Reader-Oriented News Experiences with Immigrants and Journalists,2026,chi_2026.bib,True
10.1145/3772318.3791071,SketchDynamics: Exploring Free-Form Sketches for Dynamic Intent Expression in Animation Generation,2026,chi_2026.bib,True
10.1145/3772318.3791302,Reconfiguring through Ruptures: Material Reconfigurations and Un/Making as Tangible Tactics for Queering AI-Generated Histories,2026,chi_2026.bib,True
10.1145/3772318.3790734,Exploring the Design of a LLM-Based AI Assistant for Mindfulness Practice With Older Adults,2026,chi_2026.bib,True
10.1145/3772318.3791359,The Promise and Peril of On-Device AI for Conservation Work,2026,chi_2026.bib,True
10.1145/3772318.3790453,To Slide or Not To Slide: Exploring Techniques for Comparing Immersive Videos,2026,chi_2026.bib,True
10.1145/3772318.3791732,``God says we are right!'': The Interplay between Religion and Propaganda on Arabic Social Media,2026,chi_2026.bib,True
10.1145/3772318.3791784,"Credibility Matters: Motivations, Characteristics, and Influence Mechanisms of Crypto Key Opinion Leaders",2026,chi_2026.bib,True
10.1145/3772318.3791714,Mind the SIM: Awareness and Mental Models in a South Korean Case Study,2026,chi_2026.bib,True
10.1145/3772318.3791976,Efficient Human-in-the-Loop Optimization via Priors Learned from User Models,2026,chi_2026.bib,True
10.1145/3772318.3791827,Expanding a Temporal Vocabulary Towards Designing for “Undiscoverable Learning”,2026,chi_2026.bib,True
10.1145/3772318.3790772,GTA: Generative Traffic Agents for Simulating Realistic Mobility Behavior,2026,chi_2026.bib,True
10.1145/3772318.3790632,Guided Reflection in AI-Assisted Decision-Making: Effects on AI Overreliance and Decision Accuracy,2026,chi_2026.bib,True
10.1145/3772318.3790579,Improving the Steering Law Throughput Calculation by Defining Effective Parameters for 3D Virtual Environments,2026,chi_2026.bib,True
10.1145/3772318.3790631,FeelWave: Enabling Emotion-Aware Voice Interaction through Noise-Robust mmWave Emotion Sensing,2026,chi_2026.bib,True
10.1145/3772318.3790578,Steering through a Dynamically Varying Path,2026,chi_2026.bib,True
10.1145/3772318.3791445,Knitted Inductive Flex Sensors for Wearable Applications,2026,chi_2026.bib,True
10.1145/3772318.3791896,A11y-CUA Dataset: Characterizing the Accessibility Gap in Computer Use Agents,2026,chi_2026.bib,True
10.1145/3772318.3790302,Robust Methods for Developer Screening in Rapidly Evolving AI Contexts,2026,chi_2026.bib,True
10.1145/3772318.3791605,Touch with Meaning: A Contextual Analysis of Social Touch,2026,chi_2026.bib,True
10.1145/3772318.3790351,Mental Models of Autonomy and Sentience Shape Reactions to AI,2026,chi_2026.bib,True
10.1145/3772318.3791028,3DRing: Enabling Low-Cost 3D Hand Position Tracking by Fusing Inertial and Low-Framerate Optical Sensing,2026,chi_2026.bib,True
10.1145/3772318.3790657,Entangled Life and Code: A Computational Design Taxonomy for Synergistic Bio-Digital Systems,2026,chi_2026.bib,True
10.1145/3772318.3791927,Beyond Accuracy: Auditing Allocative Harms in Facial-Gesture Recognition for People with Motor Impairments,2026,chi_2026.bib,True
10.1145/3772318.3791520,Social Play Between Deaf and Hard of Hearing Children and Hearing Peers: Learning from Children and School Ecosystems,2026,chi_2026.bib,True
10.1145/3772318.3791597,Linting Style and Substance in READMEs,2026,chi_2026.bib,True
10.1145/3772318.3791460,PoemPalette: Facilitating Poetry Creative Exploration and Foundational Understanding through the Ideorealm Alignment of Paintings and Poems,2026,chi_2026.bib,True
10.1145/3772318.3790935,AmIWrite: Exploring Scalable One-on-One Handwriting-Based Tutoring for Mathematical Problem-Solving with an LLM-Powered AI Tutor,2026,chi_2026.bib,True
10.1145/3772318.3791282,"Scattered Searches, Broken Apps, Quiet Repairs: A Feminist Autoethnographic Critique of Technology and Research on Gender-Based Violence",2026,chi_2026.bib,True
10.1145/3772318.3791466,"Does Background Music Matter in Data Videos? A Study of Music's Impact on Persuasion, Engagement, and Recall",2026,chi_2026.bib,True
10.1145/3772318.3791245,"Becoming the Center of Other People's Identity Struggles: Content Creators Who Question, Critique, and Leave High-Pressure, Identity-Defining Communities via Social Media",2026,chi_2026.bib,True
10.1145/3772318.3793150,Chasing Meaning and/or Insight? A Survey on Evaluation Practices at the Intersection of Visualization and the Humanities,2026,chi_2026.bib,True
10.1145/3772318.3791885,Will They Try Again? A Large-Scale RCT on Scaffolds that Support Persistence in an Intelligent Tutoring System,2026,chi_2026.bib,True
10.1145/3772318.3791339,HiFiGaze: Improving Eye Tracking Accuracy Using Screen Content Knowledge,2026,chi_2026.bib,True
10.1145/3772318.3790635,“We Figure It Out Together”: A Framework for Relational Communication in Disabled and Neurodivergent LGBTQIA+ Romantic Partnerships,2026,chi_2026.bib,True
10.1145/3772318.3791494,The AI Memory Gap: Users Misremember What They Created With AI or Without,2026,chi_2026.bib,True
10.1145/3772318.3791636,Applying Value Sensitive Design to Location-Based Services: Designing for Shared Spaces and Local Conditions,2026,chi_2026.bib,True
10.1145/3772318.3790800,Prototyping Multimodal GenAI Real-Time Agents with Counterfactual Replays and Hybrid Wizard-of-Oz,2026,chi_2026.bib,True
10.1145/3772318.3790998,BadminSense: Enabling Fine-Grained Badminton Strokes Evaluation on Single Smartwatch,2026,chi_2026.bib,True
10.1145/3772318.3790907,"Generative AI in Children's Creative Collaboration: Impact, Perception, and Design Guidelines",2026,chi_2026.bib,True
10.1145/3772318.3791061,Untangling the Timeline: Challenges and Opportunities in Supporting Version Control in Modern Computer-Aided Design,2026,chi_2026.bib,True
10.1145/3772318.3791683,Don’t Let the Pigeon Drive the Bus! The Impact of a Bird’s Eye View on Situational Awareness in Remote Driving,2026,chi_2026.bib,True
10.1145/3772318.3790401,Running into Traffic: Investigating External Human-Machine Interfaces for Automated Vehicle-Runner Interaction,2026,chi_2026.bib,True
10.1145/3772318.3791897,From Barriers to Blueprints: A Critical Systematic Review of Older Adults and Social VR,2026,chi_2026.bib,True
10.1145/3772318.3790958,Whose Knowledge Counts? Co-Designing Community-Centered AI Auditing Tools with Educators in Hawai`i,2026,chi_2026.bib,True
10.1145/3772318.3791522,Breaking Rotational Symmetry: Minimal Landmarks Stabilize Orientation in Screen-Based 3D Games,2026,chi_2026.bib,True
10.1145/3772318.3790355,Sex after Cancer: Co-Designing Bespoke Care Technologies for Post-Cancer Bodies,2026,chi_2026.bib,True
10.1145/3772318.3791931,"""Think about it like you're a firefighter"": Understanding How Reddit Moderators Use the Modqueue",2026,chi_2026.bib,True
10.1145/3772318.3790983,Certified But Imperfect: Investigating The Role of AI Certifications And System Performance on Trust in And Reliance on AI Systems,2026,chi_2026.bib,True
10.1145/3772318.3790700,Exploring Design Practice with Generative AI: Perspectives from AEC Design Professionals,2026,chi_2026.bib,True
10.1145/3772318.3791556,"Framing Responsible Design of AI for Mental Well-Being: AI as Primary Care, Nutritional Supplement, or Yoga Instructor?",2026,chi_2026.bib,True
10.1145/3772318.3790698,Self-management for Chronic Illness: A Scoping Review on Designing Virtual Assistants for Patient-Centered Care,2026,chi_2026.bib,True
10.1145/3772318.3790699,Mind in the Machine? Cross-Disciplinary Perceptions of Consciousness in Artificial Intelligence,2026,chi_2026.bib,True
10.1145/3772318.3791207,Scaling Care-fully: Uncovering Labours of Care When Scaling Participatory Design in the Public Sector,2026,chi_2026.bib,True
10.1145/3772318.3791441,Debugging Defective Visualizations: Empirical Insights Informing a Human-AI Co‑Debugging System,2026,chi_2026.bib,True
10.1145/3772318.3791371,Wire Your Way: Hardware-Contextualized Guidance and In-situ Tests for Personalized Circuit Prototyping,2026,chi_2026.bib,True
10.1145/3772318.3791911,SCORE: A Framework for Quantifying Diegesis in Situated Visualization for Augmented Reality,2026,chi_2026.bib,True
10.1145/3772318.3791873,CodeStream: Augmenting Timelines with Code Annotation for Navigating Large Coding Histories,2026,chi_2026.bib,True
10.1145/3772318.3791235,Escape From Human: An Interview Study of Social VR Players Practicing Self-Expression Through Avatars that Self-Identify as “Non-Human”,2026,chi_2026.bib,True
10.1145/3772318.3790400,Vistoria: A Multimodal System to Support Fictional Story Writing through Instrumental Image-Text Co-Editing,2026,chi_2026.bib,True
10.1145/3772318.3790353,Designing Emotion Feedback for Embodied Virtual Agents: A Continuous Emotional Intensity Model,2026,chi_2026.bib,True
10.1145/3772318.3790921,Prosocial AI Apologies on the Road: Emotional Compensation for Other Drivers' Misbehavior,2026,chi_2026.bib,True
10.1145/3772318.3791929,MoXaRt: Audio-Visual Object-Guided Sound Interaction for XR,2026,chi_2026.bib,True
10.1145/3772318.3793194,InSituWear: On-body Fabrication of Custom-fit Wearable Structures using Melt-drawn PCL Filaments,2026,chi_2026.bib,True
10.1145/3772318.3791679,Feeling the Facts: Real-time wearable fact-checkers can use nudges to reduce user belief in false information,2026,chi_2026.bib,True
10.1145/3772318.3790960,Investigating Bystander Privacy in Chinese Smart Home Apps,2026,chi_2026.bib,True
10.1145/3772318.3790872,Accessibility-Driven Information Transformations in Mixed-Visual Ability Work Teams,2026,chi_2026.bib,True
10.1145/3772318.3793707,"Uncovering Relationships Between Android Developers, User Privacy, and Developer Willingness to Reduce Fingerprinting Risks",2026,chi_2026.bib,True
10.1145/3772318.3790762,Is It Still You? Attributing Authorship and Authenticity in AI-Assisted Romantic Communication,2026,chi_2026.bib,True
10.1145/3772318.3790936,"Situated, Dynamic, and Subjective: Envisioning the Design of Theory-of-Mind-Enabled Everyday AI with Industry Practitioners",2026,chi_2026.bib,True
10.1145/3772318.3790634,ViSTAR: Virtual Skill Training with Augmented Reality with 3D Avatars and LLM coaching agent,2026,chi_2026.bib,True
10.1145/3772318.3791182,From Preference to Performance: Patient-Centered Design of Multimodal Cueing in Parkinson’s Disease Gait Training,2026,chi_2026.bib,True
10.1145/3772318.3791525,Envisioning an Ethical and Sustainable Metaverse Workplace: Beyond AI-Driven Surveillance,2026,chi_2026.bib,True
10.1145/3772318.3791879,Addressing Procedural and Tooling Challenges in Juvenile Justice: Towards Responsible and Human-Centered Design,2026,chi_2026.bib,True
10.1145/3772318.3791289,Beyond Immersion: Designing Ambient Companions for Wildlife Adoption Engagement,2026,chi_2026.bib,True
10.1145/3772318.3791836,AutoChainer: Automatic Data Augmentation for Stroke-based Input,2026,chi_2026.bib,True
10.1145/3772318.3790304,CaseMaster: Designing and Evaluating a Probe for Oral Case Presentation Training with LLM Assistance,2026,chi_2026.bib,True
10.1145/3772318.3790279,Futuring Social Assemblages: How Enmeshing AIs into Social Life Challenges the Individual and the Interpersonal,2026,chi_2026.bib,True
10.1145/3772318.3791340,Stress Mindset Matters: Rethinking Mental Stress Detection with Multimodal Wearable Sensors,2026,chi_2026.bib,True
10.1145/3772318.3790776,The Impact of AI Trustworthiness Labels on the Perception of AI Products,2026,chi_2026.bib,True
10.1145/3772318.3790404,Design for Dis/Ability: A Crip Inquiry into Personal Energy Tracking,2026,chi_2026.bib,True
10.1145/3772318.3791744,Breakdowns and Design Opportunities for Collaborative File Management,2026,chi_2026.bib,True
10.1145/3772318.3791807,From Record to Relation: Co-Designing Child-Centered Digital Preservation for Children’s Artwork,2026,chi_2026.bib,True
10.1145/3772318.3790263,"""In my defense, only three hours on Instagram"": Designing Toward Digital Self-Awareness and Wellbeing",2026,chi_2026.bib,True
10.1145/3772318.3791377,HyperMOOC: Augmenting MOOC Videos with Concept-based Embedded Visualizations,2026,chi_2026.bib,True
10.1145/3772318.3791649,A Framework to Characterize Reporting on Generative AI Use,2026,chi_2026.bib,True
10.1145/3772318.3790403,Privacy & Safety Challenges of On-Body Interaction Techniques,2026,chi_2026.bib,True
10.1145/3772318.3790883,From Selfie Stick to Virtual Cane: Enabling Blind Exploration through Mobile Virtual Reality,2026,chi_2026.bib,True
10.1145/3772318.3791509,Contextual Scaffolding and Self-Efficacy: Supporting Computer Skill Development among Blind Learners in India,2026,chi_2026.bib,True
10.1145/3772318.3790334,GeoVisA11y: An AI-based Geovisualization Question-Answering System for Screen-Reader Users,2026,chi_2026.bib,True
10.1145/3772318.3790910,Navigating Uncertainties: How GenAI Developers Document Their Models on Open-Source Platforms,2026,chi_2026.bib,True
10.1145/3772318.3790335,Orca: Browsing at Scale Through User-Driven and AI-Facilitated Orchestration Across Malleable Webpages,2026,chi_2026.bib,True
10.1145/3772318.3791047,Queering Character Creation: Player Perspectives on Choosing Characters' Gender and Sexual Orientation in Role-Playing Games,2026,chi_2026.bib,True
10.1145/3772318.3791185,Partnering with Generative AI: Experimental Evaluation of Model-Led and Human-Led Interaction in Human-AI Co-Creation,2026,chi_2026.bib,True
10.1145/3772318.3791472,Balancing Accuracy and Embodiment: A Hybrid Perspective for Complex Visuomotor Tasks in VR,2026,chi_2026.bib,True
10.1145/3772318.3791637,PeriphAR: Fast and Accurate Real-World Object Selection with Peripheral Augmented Reality Displays,2026,chi_2026.bib,True
10.1145/3772318.3790505,Interaction-Augmented Instruction: Modeling the Synergy of Prompts and Interactions in Human-GenAI Collaboration,2026,chi_2026.bib,True
10.1145/3772318.3791311,"Pringles, Prangles, or Prongles? Negotiating Creative Authorship in Children's Remix Practices",2026,chi_2026.bib,True
10.1145/3772318.3791173,MuseForge: Enhancing Creative Learning in Digital Museum Education with Generative AI,2026,chi_2026.bib,True
10.1145/3772318.3791127,"""Fast, easy, simple""? SES-diverse transfer students' sociotechnical experiences registering for classes",2026,chi_2026.bib,True
10.1145/3772318.3791536,"""Here, Let Me Help"": An Empirical Study of User Interventions in Human–Web Agent Collaboration",2026,chi_2026.bib,True
10.1145/3772318.3791945,Facilitating Proactive and Reactive Guidance for Decision Making on the Web: A Design Probe with WebSeek,2026,chi_2026.bib,True
10.1145/3772318.3791203,Exploring Collaborative Immersive Visualization & Analytics for High-Dimensional Scientific Data through Domain Expert Perspectives,2026,chi_2026.bib,True
10.1145/3772318.3791498,"From ""Fail Fast"" to ""Mature Safely:"" Expert Perspectives as Secondary Stakeholders on Teen-Centered Social Media Risk Detection",2026,chi_2026.bib,True
10.1145/3772318.3790280,Co-Designing Collaborative Generative AI Tools for Freelancers,2026,chi_2026.bib,True
10.1145/3772318.3791253,``How would I know what I would want from or with them?'': Supporting A-Spec Approaches to Developing Relationships Through Online Platforms,2026,chi_2026.bib,True
10.1145/3772318.3791840,"Liar, Liar, Headset on Fire: Understanding the Effects of Deception Attacks on Decision-Making in a Mixed Reality Game",2026,chi_2026.bib,True
10.1145/3772318.3790454,Toxic Speculations: A Crip Posthuman Fabulation of Living in a Permanently Polluted World,2026,chi_2026.bib,True
10.1145/3772318.3790955,"Lost in Instructions: Study of Blind Users’ Experiences with DIY Manuals and AI-Rewritten Instructions for Assembly, Operation, and Troubleshooting of Tangible Products",2026,chi_2026.bib,True
10.1145/3772318.3791459,"A Dedicated E-Paper Design System for Mobile Phones: Limitations, Design Process and Implementation Insights",2026,chi_2026.bib,True
10.1145/3772318.3793193,"Balancing Goals, Health, and Cost: A Food Information System for Managing Complex Choices and Fostering Sustained Food Agency",2026,chi_2026.bib,True
10.1145/3772318.3790402,FAME: Exploring Expressive Facial Avatars for Lyrical and Non-Lyrical Music Visualization for d/Deaf Individuals,2026,chi_2026.bib,True
10.1145/3772318.3790988,I'm Always a Little Skeptical of It: Verification Practices of Blind Users When Working with Generative AI in Spreadsheets,2026,chi_2026.bib,True
10.1145/3772318.3791651,From Dark Patterns to Counter-autonomy Installations: Understanding Users' Loss of Autonomy on Live Streaming Platforms,2026,chi_2026.bib,True
10.1145/3772318.3791404,State Your Intention to Steer Your Attention: An AI Assistant for Intentional Digital Living,2026,chi_2026.bib,True
10.1145/3772318.3791652,AgentCoach: LLM-Based Adaptive Coaching Feedback for Motor Skill Learning,2026,chi_2026.bib,True
10.1145/3772318.3790636,From Quarters Per Minute to Daily Quests and Seasons: Developer Perspectives on Temporal Design in Video Games,2026,chi_2026.bib,True
10.1145/3772318.3790356,NoteFlow: Leveraging Charts as Sight Glasses for Consistent and Continuous Data Flow Tracing,2026,chi_2026.bib,True
10.1145/3772318.3791669,From Conversation to Human-AI Common Ground: Extracting Cognitive Workflows for Reuse in Sense-making Tasks,2026,chi_2026.bib,True
10.1145/3772318.3790807,"Moodialogue: Transforming Emotions into Personified, Conversational Agents",2026,chi_2026.bib,True
10.1145/3772318.3790947,Quantifying Latencies: A Conversation Analysis Approach to Human-Agent Interactions in Virtual Reality,2026,chi_2026.bib,True
10.1145/3772318.3790333,Show Me How to Play: Exploring Self-Modeling for Onboarding in Virtual Reality Exergames,2026,chi_2026.bib,True
10.1145/3772318.3791978,Living with Data: Exploring Physicalization Approaches to Sedentary Behavior Intervention for Older Adults in Everyday Life,2026,chi_2026.bib,True
10.1145/3772318.3790676,Comparing Design Metaphors and User-Driven Metaphors for Interaction Design,2026,chi_2026.bib,True
10.1145/3772318.3791407,The Bots of Persuasion: Examining How Conversational Agents' Linguistic Expressions of Personality Affect User Perceptions and Decisions,2026,chi_2026.bib,True
10.1145/3772318.3790848,Proactive AI as a Catalyst for Creativity? Balancing Human Agency and AI Contribution in Collaborative Story Writing,2026,chi_2026.bib,True
10.1145/3772318.3791792,How do the Global South Diasporas Mobilize for Transnational Political Change?,2026,chi_2026.bib,True
10.1145/3772318.3791255,"Meme, Myself and AR: Exploring Memes Sharing in Face-to-face Conversation using Augmented Reality",2026,chi_2026.bib,True
10.1145/3772318.3790997,"""What Are You Doing?"": Effects of Intermediate Feedback from Agentic LLM In-Car Assistants During Multi-Step Processing",2026,chi_2026.bib,True
10.1145/3772318.3791692,Why Creators Break Rules: Quantitative Evidence on Moral Disengagement and Self-Control,2026,chi_2026.bib,True
10.1145/3772318.3791180,Relational Dissonance in Human-AI Interactions: The Case of Knowledge Work,2026,chi_2026.bib,True
10.1145/3772318.3791768,SootheMind: Exploring Body-Site-Specific Vibrotactile and Thermatactile Stimuli for Music-guided Emotion Modulation,2026,chi_2026.bib,True
10.1145/3772318.3791380,“Technically speaking I’m at the top of the hierarchy”: How System Administrators Think About Power,2026,chi_2026.bib,True
10.1145/3772318.3790990,UEQManager: A Non-intrusive and Real-time System for Recognizing and Managing UEQ in Multilingual Voice Assistants,2026,chi_2026.bib,True
10.1145/3772318.3791963,Getting Hybridity Just Right: The Goldilocks Factor in Hybrid Digital Boardgames,2026,chi_2026.bib,True
10.1145/3772318.3791712,Effects of Small Latency Variations in 2D Target Selection Tasks,2026,chi_2026.bib,True
10.1145/3772318.3790825,"""It's Messy...But I Feel Balanced"": Unpacking Flexible Worker's Rhythm-Making Practices Using Asset-Based Approach",2026,chi_2026.bib,True
10.1145/3772318.3791462,Surveillance as Care: Configuring Baby Monitors in the Home,2026,chi_2026.bib,True
10.1145/3772318.3791535,"When Assistive Technologies become Provocations: Unpacking Access in HCI practices using Crip Technoscience, Mouth Interfaces, and XR",2026,chi_2026.bib,True
10.1145/3772318.3791144,Effects of Haptic Feedback on Gaming Experiences: A Case Study Comparing Players and Spectators in FPS Games,2026,chi_2026.bib,True
10.1145/3772318.3790440,MusicScaffold: Bridging Machine Efficiency and Human Growth in Adolescent Creative Education through Generative AI,2026,chi_2026.bib,True
10.1145/3772318.3790732,Belonging in the Making: Investigating Inclusive Makerspace Design for Youth with Autism,2026,chi_2026.bib,True
10.1145/3772318.3791342,LingoQ: Bridging the Gap between EFL Learning and Work through AI-Generated Work-Related Quizzes,2026,chi_2026.bib,True
10.1145/3772318.3791463,Who Is At Risk? Examining the Prevalence of Digital-Safety Attacks and Contextual Risk Factors in the United States,2026,chi_2026.bib,True
10.1145/3772318.3790405,Disability-First AI Dataset Annotation: Co-designing Stuttered Speech Annotation Guidelines with People Who Stutter,2026,chi_2026.bib,True
10.1145/3772318.3791405,Divergence or Convergence? A Deep Insight into the Crowd Collaboration and its Productivity in Open Source Software based on Entropy,2026,chi_2026.bib,True
10.1145/3772318.3791354,Digitizing the Pre-consultation Experience: Impacts and Design Recommendations,2026,chi_2026.bib,True
10.1145/3772318.3791801,"Finding Information, Fostering Connection, Taking Control: Towards Self-Advocacy Technologies for AYA Cancer Survivors",2026,chi_2026.bib,True
10.1145/3772318.3790380,"Technology in Abortion Care: a Scoping Review on Contexts of Use, Research Methods, Ethical Considerations and Impact",2026,chi_2026.bib,True
10.1145/3772318.3791400,What We Talk About When We Talk About Frameworks in HCI,2026,chi_2026.bib,True
10.1145/3772318.3790977,HyPockeTuner: Bringing Hyperparameter Optimization to Mobile Devices,2026,chi_2026.bib,True
10.1145/3772318.3790336,"Oops, I Did It Again (But I Know It): Robot Failure Consistency and Awareness in Human-Robot Collaboration",2026,chi_2026.bib,True
10.1145/3772318.3791410,FAIR: Framing AI’s Role in Programming Competitions — Understanding How LLMs Are Changing the Game in Competitive Programming,2026,chi_2026.bib,True
10.1145/3772318.3790264,How Notations Evolve: A Historical Analysis with Implications for Supporting User-Defined Abstractions,2026,chi_2026.bib,True
10.1145/3772318.3791154,"“I Choose to Live, for Life Itself”: Understanding Agency of Home-Based Care Patients Through Information Practices and Relational Dynamics in Care Networks",2026,chi_2026.bib,True
10.1145/3772318.3790846,Reinforcing the Unreal: Subliminals and the Normalization of Unscientific Body Transformations on Reddit,2026,chi_2026.bib,True
10.1145/3772318.3791545,MotionSmith: A Sketch-Based Design System for Automata Making,2026,chi_2026.bib,True
10.1145/3772318.3791487,It Shouldn't Be This Difficult: Researcher Perspectives on Diversity and Inclusion in Usable Privacy and Security Research,2026,chi_2026.bib,True
10.1145/3772318.3791754,"Human-Centered Personalization in Radiology AI: Evaluating Trust, Usability, and Cross-Hospital Robustness",2026,chi_2026.bib,True
10.1145/3772318.3790813,Narrix: Remixing Narrative Strategies from Examples for Story Writing,2026,chi_2026.bib,True
10.1145/3772318.3793208,A Shared Look: Detecting Deepfakes with Inter-Subject Neural Synchrony,2026,chi_2026.bib,True
10.1145/3772318.3793423,"A Multiliteracy Model for Interactive Visualization Literacy: Definitions, Literacies, and Steps for Future Research",2026,chi_2026.bib,True
10.1145/3772318.3791099,The ORBIT India Dataset: Understanding the Challenges of Collecting a Disability-First AI Dataset in Low-Resource Environments,2026,chi_2026.bib,True
10.1145/3772318.3791955,Movement as Medium: Personalisation of Instruments for Inclusive Creative Expression in Disability-Led Performance,2026,chi_2026.bib,True
10.1145/3772318.3790439,Reporting and Reviewing LLM-Integrated Systems in HCI: Challenges and Considerations,2026,chi_2026.bib,True
10.1145/3772318.3791348,Wearable AR for Restorative Breaks: How Interactive Narrative Experiences Support Relaxation for Young People,2026,chi_2026.bib,True
10.1145/3772318.3790902,"Deepfake, Real Harm: A Participatory Approach for Imagining Infrastructures to Combat Deepfake Sexual Abuse",2026,chi_2026.bib,True
10.1145/3772318.3790783,Tooling Justice: Articulating Equity Work Through Design Toolkits,2026,chi_2026.bib,True
10.1145/3772318.3790486,Reflective Motion and a Physical Canvas: Exploring Embodied Journaling in Virtual Reality,2026,chi_2026.bib,True
10.1145/3772318.3791653,Agentic Audio Moderators vs Humans in Think-Aloud Usability Testing,2026,chi_2026.bib,True
10.1145/3772318.3791397,NasoVoce: A Nose-Mounted Low-Audibility Speech Interface for Always-Available Speech Interaction,2026,chi_2026.bib,True
10.1145/3772318.3791395,"No Caste, No Crowds, and Robots for All: Children's Values, Hopes, and Fears in the Designs of their Future Classrooms",2026,chi_2026.bib,True
10.1145/3772318.3791644,Outfoxed: Design and Evaluation of a Modular Interactive Puzzle for Cognitive Enrichment of Zoo Animals,2026,chi_2026.bib,True
10.1145/3772318.3790828,"When Handwriting Goes Social: Creativity, Anonymity, and Communication in Graphonymous Online Spaces",2026,chi_2026.bib,True
10.1145/3772318.3790715,ARify: Leveraging Narrated Instructional Videos to Create Augmented Reality Tutorials for Procedural Tasks,2026,chi_2026.bib,True
10.1145/3772318.3791499,Fueling Volunteer Growth: the Case of Wikipedia Administrators,2026,chi_2026.bib,True
10.1145/3772318.3791635,"Relational Gains, Privacy Strains: Exploring Users’ Perceptions and Experiences with ChatGPT’s Memory Feature",2026,chi_2026.bib,True
10.1145/3772318.3791783,When the World Opens up: Journeys of People with Intellectual Disabilities in Social Virtual Reality,2026,chi_2026.bib,True
10.1145/3772318.3791787,Towards Fluent Interaction with Cyber-Physical Architecture,2026,chi_2026.bib,True
10.1145/3772318.3791690,Visualizing Tree-of-analysis: Facilitating Conversational Visual Analytics for Novices,2026,chi_2026.bib,True
10.1145/3772318.3791386,Living Contracts: Beyond Document-Centric Interaction with Legal Agreements,2026,chi_2026.bib,True
10.1145/3772318.3790884,Managing Medication Plans When Information Is Scattered: Clinicians' Strategies and Tools,2026,chi_2026.bib,True
10.1145/3772318.3790443,The Wetland Quest: Fostering Empathy and Literacy for Urban Herpetofauna Through VR Wetland Exploration,2026,chi_2026.bib,True
10.1145/3772318.3791217,Living Probes in Place: Exploring More-Than-Human Care Through Mycoremediation,2026,chi_2026.bib,True
10.1145/3772318.3790820,Dark and Bright Side of Participatory Red-Teaming with Targets of Stereotyping for Eliciting Harmful Behaviors from Large Language Models,2026,chi_2026.bib,True
10.1145/3772318.3790867,AnnotateGPT: Designing Human–AI Collaboration in Pen-Based Document Annotation,2026,chi_2026.bib,True
10.1145/3772318.3791431,What Happens When Reviewers Receive AI Feedback in Their Reviews?,2026,chi_2026.bib,True
10.1145/3772318.3791781,Rest Assured: Detecting Mental Fatigue and Recovery with EEG Headphones,2026,chi_2026.bib,True
10.1145/3772318.3791769,Co-Disclosing the Computer: LLM-Mediated Computing through Reflective Conversation,2026,chi_2026.bib,True
10.1145/3772318.3790613,"""Tell Them They Are a Responsible Entity, Not a Customer"": Understanding Practitioner Challenges in Sector CSIRTs",2026,chi_2026.bib,True
10.1145/3772318.3791208,Designing an Affective Mobile Probe to Measure Smile Dynamics in Depression,2026,chi_2026.bib,True
10.1145/3772318.3790677,Supporting Callers’ Needs in Crisis: Designing the Next Generation of 9-1-1 for Medical Emergencies,2026,chi_2026.bib,True
10.1145/3772318.3791358,Co‑Adaptive Eco‑Nudging: A Privacy‑Preserving Contextual Bandit with User‑Taught Preferences in Everyday Browsing,2026,chi_2026.bib,True
10.1145/3772318.3790614,Simulating Human Audiovisual Search Behavior,2026,chi_2026.bib,True
10.1145/3772318.3790793,GroundLink: Exploring How Contextual Meeting Snippets Can Close Common Ground Gaps in Editing 3D Scenes for Virtual Production,2026,chi_2026.bib,True
10.1145/3772318.3791496,Filtering the Invisible: A Feminist HCI Perspective on Informal Infra-structuring in Gig Labor,2026,chi_2026.bib,True
10.1145/3772318.3791315,Beyond Euphemisms: Rethinking LLMs for SRH in Conservative Contexts,2026,chi_2026.bib,True
10.1145/3772318.3790485,GreenCompass: Weaving Playful Nature Engagement into Urban Micro-Moments through Context-Aware Gamification,2026,chi_2026.bib,True
10.1145/3772318.3791076,RageSense: Leveraging Acoustic Sensing and LLM-Based Intervention for Emotion Regulation in Mobile Gaming,2026,chi_2026.bib,True
10.1145/3772318.3791277,FamilyBloom: Examining Ecologies of Collaboration in Family-Centered Health Tracking,2026,chi_2026.bib,True
10.1145/3772318.3790926,Plotania: Exploring Transparency Trade-offs in AI Co-Writing Through Virtual Readers and Transparent Attribution,2026,chi_2026.bib,True
10.1145/3772318.3790383,A Systematic Review of User Experiments on the Effects of Dark Patterns,2026,chi_2026.bib,True
10.1145/3772318.3790339,"Large Language Models in Peer-Run Community Behavioral Health Services: Understanding Peer Specialists and Service Users’ Perspectives on Opportunities, Risks, and Mitigation Strategies",2026,chi_2026.bib,True
10.1145/3772318.3791668,"From Periphery to Presence: Authorship, Venues, and Education in African HCI",2026,chi_2026.bib,True
10.1145/3772318.3793207,From Code Generation to Conceptual Learning: Student Use of LLMs in a Web Programming Course,2026,chi_2026.bib,True
10.1145/3772318.3790337,"""I'm Constantly Getting Comments Like, 'Oh, You're Blind. You're Like the Only Woman That I Stand a Chance With.'"": A Study of Blind TikTokers' Intersectional Experiences of Gender and Sexuality",2026,chi_2026.bib,True
10.1145/3772318.3791749,Aesthetics of Felt Asymmetry,2026,chi_2026.bib,True
10.1145/3772318.3790895,RIP Moxie: Lessons for Supporting Emotional Detachment at Product End-of-Life through a Case Study of a Social Companion Robot,2026,chi_2026.bib,True
10.1145/3772318.3790861,"``Control Is a Trajectory, Not a Point'': Conceptualizing Control in Human-AI Co-Creativity",2026,chi_2026.bib,True
10.1145/3772318.3791081,From Future of Work to Future of Workers: Addressing Asymptomatic AI Harms to Foster Dignified Human-AI Interaction,2026,chi_2026.bib,True
10.1145/3772318.3791362,Exploring Creator-Centric Methods for LLM-Assisted Interactive Storytelling,2026,chi_2026.bib,True
10.1145/3772318.3790555,Praxis for Otherwise Worlds: Expanding Emancipatory HCI through Black Studies,2026,chi_2026.bib,True
10.1145/3772318.3790508,"Restoration, Exploration and Transformation: How Youth Engage Character.AI for Fun, Feels and Finding themselves",2026,chi_2026.bib,True
10.1145/3772318.3793199,Towards Better Health Conversations: The Benefits of Context-seeking,2026,chi_2026.bib,True
10.1145/3772318.3793203,Collaboration and Assistive Technology: Facilitating Joint Awareness for Noise Sensitivity,2026,chi_2026.bib,True
10.1145/3772318.3790507,From Disruption to Immersion: Reimagining Vehicle Motion as Environmental Feedback through Force Mappings in In-Car VR,2026,chi_2026.bib,True
10.1145/3772318.3793871,Plug the Guitar In Before You Put the Headset On: Co-designing a Mixed Reality Collaborative Application with Professional Musicians,2026,chi_2026.bib,True
10.1145/3772318.3790338,Accounting for (Dis)advantages in Capability Sensitive Design for Marginalized Communities,2026,chi_2026.bib,True
10.1145/3772318.3791647,Metacognitive Demands and Strategies While Using Off-The-Shelf AI Conversational Agents for Health Information Seeking,2026,chi_2026.bib,True
10.1145/3772318.3791538,Determining Perception Thresholds for Real and Virtual Inclinations While Cycling in Virtual Reality,2026,chi_2026.bib,True
10.1145/3772318.3790506,Bloom: Designing for LLM-Augmented Behavior Change Interactions,2026,chi_2026.bib,True
10.1145/3772318.3790382,"Conflicting Rationales, Shifting Stances: Unpacking User Divergence in Online Geopolitical Debates",2026,chi_2026.bib,True
10.1145/3772318.3791961,Reacquainting with Everyday Urban Nature: Exploring Natural Soundscape Restoration with Personal Audio AR,2026,chi_2026.bib,True
10.1145/3772318.3791057,Evaluation-First Design for Data Visualization Interfaces,2026,chi_2026.bib,True
10.1145/3772318.3791641,Understanding Gaze-Based Identification in VR Through Preattentive Processing and Binocular Rivalry,2026,chi_2026.bib,True
10.1145/3772318.3790717,WeavePrint: A Generative Method for Woven-like Additive Manufacturing Based on Parametric Weave Structures,2026,chi_2026.bib,True
10.1145/3772318.3793424,Preshaping Hand Behaviour for Direct and Indirect Manipulation of 3D Objects,2026,chi_2026.bib,True
10.1145/3772318.3791835,Emulating Aggregate Human Choice Behavior and Biases with GPT Conversational Agents,2026,chi_2026.bib,True
10.1145/3772318.3790938,AgentHands: Generating Interactive Hand Gestures for Spatially Grounded Agent Conversations in XR,2026,chi_2026.bib,True
10.1145/3772318.3790781,Teen Vigilance: Navigating Risky Social Interactions on Discord,2026,chi_2026.bib,True
10.1145/3772318.3790943,When Audio Is Enough: Design-Tradeoffs in Multi-Story MR Navigation,2026,chi_2026.bib,True
10.1145/3772318.3791922,Interface Support for Evaluating Disability Bias in AI Generated Images,2026,chi_2026.bib,True
10.1145/3772318.3791607,Capturing Team Cognition: A Multimodal Dataset for Adaptive Collaborative Interfaces,2026,chi_2026.bib,True
10.1145/3772318.3791186,Breakdowns in Conversational AI: Interactional Failures in Emotionally and Ethically Sensitive Contexts,2026,chi_2026.bib,True
10.1145/3772318.3791532,"CineCraft: Unified Shot Planning, Capture, and Post-Processing for Mobile Cinematography",2026,chi_2026.bib,True
10.1145/3772318.3791215,Investigating Single-Handed Microgesture Scrolling Techniques,2026,chi_2026.bib,True
10.1145/3772318.3791365,Invisible Saboteurs: Sycophantic LLMs Mislead Novices in Problem-Solving Tasks,2026,chi_2026.bib,True
10.1145/3772318.3790785,Understanding the Effects of AI-Assisted Critical Thinking on Human-AI Decision Making,2026,chi_2026.bib,True
10.1145/3772318.3791275,Reflexis: Supporting Reflexivity and Rigor in Collaborative Qualitative Analysis though Design for Deliberation,2026,chi_2026.bib,True
10.1145/3772318.3790425,Robot-Assisted Group Tours for Blind People,2026,chi_2026.bib,True
10.1145/3772318.3791604,"""Even though you feel like it's good, it isn't"": Surfacing the Ethical Priorities of Powerful Male Youth Targeted for Racial Oppression through Evaluating and Co-Designing XR Utopian and Dystopian Use Cases",2026,chi_2026.bib,True
10.1145/3772318.3790740,"Publics, Place, and Sensors: Co-Designing Environmental Monitoring with a Community Orchard",2026,chi_2026.bib,True
10.1145/3772318.3790488,Enabling Adaptive Cardio-Respiratory Biofeedback Training on Ubiquitous Hand-Worn Devices,2026,chi_2026.bib,True
10.1145/3772318.3790388,Vibe Check: Understanding the Effects of LLM-Based Conversational Agents' Personality and Alignment on User Perceptions in Goal-Oriented Tasks,2026,chi_2026.bib,True
10.1145/3772318.3790964,"KeySense: LLM-Powered Hands-Down, Ten-Finger Typing on Commodity Touchscreens",2026,chi_2026.bib,True
10.1145/3772318.3790533,"Identifying, Explaining, and Correcting Ableist Language with AI",2026,chi_2026.bib,True
10.1145/3772318.3791049,Presenting Large Language Models as Companions Affects What Mental Capacities People Attribute to Them,2026,chi_2026.bib,True
10.1145/3772318.3791366,MagBall: Magnetic Rollerball for Multi-Scale Contact Interactions on Diverse Surfaces,2026,chi_2026.bib,True
10.1145/3772318.3791181,SoleCoach: Sole Pressure and IMU-based MLLMs for Skill Coaching,2026,chi_2026.bib,True
10.1145/3772318.3791033,Street Scenes: Public Appliances for GenAI Video in Informal Settlements,2026,chi_2026.bib,True
10.1145/3772318.3791291,A Design Space for Live Music Agents,2026,chi_2026.bib,True
10.1145/3772318.3790679,Designing Multi-Robot Ground Video Sensemaking with Public Safety Professionals,2026,chi_2026.bib,True
10.1145/3772318.3790557,Finger Tendon Vibration: Finger Movement Illusions for Immersive Virtual Object Interaction,2026,chi_2026.bib,True
10.1145/3772318.3791872,From the Field to the Algorithm: Understanding Indian Ethnographers' Perspectives on Responsible AI,2026,chi_2026.bib,True
10.1145/3772318.3790532,SRL Proxemics: Spatial Guidelines for Supernumerary Robotic Limbs in Near-Body Interactions,2026,chi_2026.bib,True
10.1145/3772318.3790974,Cerebra: Aligning Implicit Knowledge in Interactive SQL Authoring,2026,chi_2026.bib,True
10.1145/3772318.3791013,Cracking the Case Together: Role Perceptions in Human-AI Mystery Solving Dialogues,2026,chi_2026.bib,True
10.1145/3772318.3793419,"""What do I do now?"": Spontaneous Human Responses to Robot Effectiveness and Efficiency Malfunctions in Collaborative Robotics",2026,chi_2026.bib,True
10.1145/3772318.3790716,The Impact of Response Latency and Task Type on Human-LLM Interaction and Perception,2026,chi_2026.bib,True
10.1145/3772318.3791295,Emotion Through Motion: How Shape-Changing Jewelry Conveys Emotions,2026,chi_2026.bib,True
10.1145/3772318.3791870,Noondawind: Co-Designed Dashboard for Indigenous Data Access and Environmental Policy Implementation,2026,chi_2026.bib,True
10.1145/3772318.3791051,"""Listen to the Teachers"": Research-Based Personas for Translating Classroom Realities into Actionable HCI Design",2026,chi_2026.bib,True
10.1145/3772318.3790386,FiberDrops: Designing a Fluidic System for Dot-Based Gradient Patterns with Colored Droplets,2026,chi_2026.bib,True
10.1145/3772318.3791435,Ethical Encounters in Design Practice: A Framework Grounded in Practitioner Experience,2026,chi_2026.bib,True
10.1145/3772318.3790556,"""It didn’t feel right but I needed a job so desperately"": Understanding People’s Emotions and Help Needs During Scams",2026,chi_2026.bib,True
10.1145/3772318.3791845,"Are We Automating the Joy Out of Work? Designing AI to Augment Work, Not Meaning",2026,chi_2026.bib,True
10.1145/3772318.3791171,Revealing the Gap: Visual Comparison of Large-Scale Datasets via Multi-Scale Density Difference Map,2026,chi_2026.bib,True
10.1145/3772318.3791503,"Speculative Fiction for Interdisciplinary, Proactive, and Publicly Engaged AI Ethics",2026,chi_2026.bib,True
10.1145/3772318.3790265,ATTENPlay: A Game-Based Attention Network Test for Autistic Children,2026,chi_2026.bib,True
10.1145/3772318.3791796,Investigating the Effects of LLM Use on Critical Thinking Under Time Constraints: Access Timing and Time Availability,2026,chi_2026.bib,True
10.1145/3772318.3790731,EmbroForm: Digital Fabrication of Soft Freeform Objects with Machine Embroidered Pull-up Strings,2026,chi_2026.bib,True
10.1145/3772318.3790757,From Throw-Away to Takeaway: How GenAI and Vibe Coding Accelerate Prototyping Across Technical Skill Levels,2026,chi_2026.bib,True
10.1145/3772318.3791437,Skill-Adaptive Ghost Instructors: Enhancing Retention and Reducing Over-Reliance in VR Piano Learning,2026,chi_2026.bib,True
10.1145/3772318.3791706,"AirForce: Personal Fabrication of Large-Scale, Load-Bearing Animatronics Structures from a Single Tube",2026,chi_2026.bib,True
10.1145/3772318.3790487,Forefeel the Move: Investigating Proprioceptive Feedback for Communicating Imminent Motions of Body-actuating Systems,2026,chi_2026.bib,True
10.1145/3772318.3791473,"Negotiating Digital Identities with AI Companions: Motivations, Strategies, and Emotional Outcomes",2026,chi_2026.bib,True
10.1145/3772318.3791417,From Breakups to Lethargy: Player Accounts of Third Variables Affecting Video Game Playtime and Wellbeing,2026,chi_2026.bib,True
10.1145/3772318.3791141,Autistic Adults’ Perspectives on Self-Expression and Dyadic vs. Group Interactions in AR Telepresence,2026,chi_2026.bib,True
10.1145/3772318.3790387,"Embodying Facts, Figures, and Faiths in Narrative Artistic Performances in Rural Bangladesh",2026,chi_2026.bib,True
10.1145/3772318.3791928,ASL Educators’ Perspectives on AI for Enhancing Student Learning in American Sign Language Education,2026,chi_2026.bib,True
10.1145/3772318.3791416,Spatial Context Switches During Knowledge Tasks in Extended Reality,2026,chi_2026.bib,True
10.1145/3772318.3790678,A Meat-Summer Night's Dream: A Tangible Design Fiction Exploration of Eating Biohybrid Flying Robots,2026,chi_2026.bib,True
10.1145/3772318.3790849,Are Semantic Networks Associated with Idea Originality in Artificial Creativity? A Comparison with Human Agents,2026,chi_2026.bib,True
10.1145/3772318.3790531,Noise Pilot: Enabling Artistic Workflow Composition with Diffusion-Based Image Generation,2026,chi_2026.bib,True
10.1145/3772318.3790721,Making Multimodal LLMs Reliable Chart Data Extractors: A Benchmark and Training Framework,2026,chi_2026.bib,True
10.1145/3772318.3790911,Lost in Transcription: Subtitle Errors in Automatic Speech Recognition Reduce Speaker and Content Evaluations,2026,chi_2026.bib,True
10.1145/3772318.3791505,Characterizing User-Reported Risks across LLM Chatbots,2026,chi_2026.bib,True
10.1145/3772318.3790583,The State’s Politics of “Fake Data”,2026,chi_2026.bib,True
10.1145/3772318.3791204,From Daily Song to Daily Self: Supporting Emotional Growth of Deaf and Hard-of-Hearing Individuals through Generative AI Songwriting,2026,chi_2026.bib,True
10.1145/3772318.3791615,Breaking Negative Cycles: A Reflection-to-Action System for Adaptive Change,2026,chi_2026.bib,True
10.1145/3772318.3791225,I Felt Like I Need to Fit in Someone Else's Body - Understanding Body-Centered UX Design for Online Fashion Shopping,2026,chi_2026.bib,True
10.1145/3772318.3790727,The Challenge to Design for Relatedness Experiences: An Explorative Investigation of Five Relatedness Technologies from a Psychological Needs Perspective,2026,chi_2026.bib,True
10.1145/3772318.3790306,Calls of Care: Materializing Posthuman Personhood with Conversational Agents in Dementia Care,2026,chi_2026.bib,True
10.1145/3772318.3791019,Civic Care in Place: Subtle Technologies and Community Stewardship in a Marginalized Context,2026,chi_2026.bib,True
10.1145/3772318.3791010,"Don’t Hit The Wall, Just Squeeze The Ball: How Tangible Interactive Devices Can Help Manage Frustration In Online Games",2026,chi_2026.bib,True
10.1145/3772318.3791721,Continuous Measurement Methods for Transient Physiological Discomfort in VR Locomotion,2026,chi_2026.bib,True
10.1145/3772318.3791110,"Designing with Fallibility: Examining the Knowledge Politics of Agency, Methods, and Motivations in Robot Failure Research",2026,chi_2026.bib,True
10.1145/3772318.3791221,CareerCraft: Supporting New Graduates on Job Hunting with LLM-Assisted Self-Construction of Career Profile,2026,chi_2026.bib,True
10.1145/3772318.3790986,Cloning the Self for Mental Well-Being: A Framework for Designing Safe and Therapeutic Self-Clone Chatbots,2026,chi_2026.bib,True
10.1145/3772318.3791938,Becoming a Healthy Player: Exploring Teen Esports Players’ Perspectives on Mental Well-Being through Participatory Design,2026,chi_2026.bib,True
10.1145/3772318.3790536,"“It Became My Buddy, But I’m Not Afraid to Disagree”: A Multi-Session Study of UX Evaluators Collaborating with Conversational AI Assistants",2026,chi_2026.bib,True
10.1145/3772318.3791841,"Context, Uncertainty, and Interdependence: Crisis Informatics and Severe Weather Risk Communication for People with Visual Impairments",2026,chi_2026.bib,True
10.1145/3772318.3791091,Designing Beyond Language: Sociotechnical Barriers in AI Health Technologies for Limited English Proficiency,2026,chi_2026.bib,True
10.1145/3772318.3790808,"DanXeReflect: Interacting with the Spatio-Temporal Past Movements for Embodied, Reflective Choreographic Collaboration",2026,chi_2026.bib,True
10.1145/3772318.3790912,Component-Wise Sketching and Generation for Car Interior Design,2026,chi_2026.bib,True
10.1145/3772318.3791875,Zenflow: Investigating MR Transitions for Enhancing Sleep and Relaxation,2026,chi_2026.bib,True
10.1145/3772318.3791150,Following Primates: Approaching Conflict in Contested Regions,2026,chi_2026.bib,True
10.1145/3772318.3790905,When Play Hurts: Understanding Common Barriers in Movement-Based Games,2026,chi_2026.bib,True
10.1145/3772318.3790305,How Interface Design Choices Lead to Indirect Environmental Impacts Through Use Intensification,2026,chi_2026.bib,True
10.1145/3772318.3790719,Reimagining Wearable AR Gesture Design: Physical Therapy Reasoning in Everyday Contexts,2026,chi_2026.bib,True
10.1145/3772318.3791179,HaptEx: Investigating Haptic Notification Channels for Exoskeletons Across Different Levels of Actuation,2026,chi_2026.bib,True
10.1145/3772318.3791367,Effects of Embodied Self-Distancing in Virtual Environments on Group Decision-Making,2026,chi_2026.bib,True
10.1145/3772318.3791544,ThreeTopo: Focused Interactive Navigation for Multi-Pitch Rock Climbing,2026,chi_2026.bib,True
10.1145/3772318.3791343,Towards LLM-powered Assistive Drone for Blind and Low Vision Users,2026,chi_2026.bib,True
10.1145/3772318.3791323,"Tinker, Tailor, Trust: How Developers Create Privacy Policies With and Without AI",2026,chi_2026.bib,True
10.1145/3772318.3791702,PREFAB: PREFerence-based Affective Modeling for Low-Budget Self-Annotation,2026,chi_2026.bib,True
10.1145/3772318.3790458,I Can’t Keep Up: Accessibility Barriers in Video-Based Learning for Individuals with Borderline Intellectual Functioning,2026,chi_2026.bib,True
10.1145/3772318.3790535,Do Citizens Agree with the EU AI Act? Public Perspectives on Risk and Regulation of AI Systems,2026,chi_2026.bib,True
10.1145/3772318.3790615,Towards Understanding the Design of Mixed Reality Systems to Enrich the Beverage Experience,2026,chi_2026.bib,True
10.1145/3772318.3791018,ComVi: Context-Aware Optimized Comment Display in Video Playback,2026,chi_2026.bib,True
10.1145/3772318.3790779,InspirationGraph for Progressive Design Space Exploration,2026,chi_2026.bib,True
10.1145/3772318.3791676,"Intrinsic vs. Extrinsic Programming Challenges in Educational Games: How they shape Children’s Computational Thinking, Learning Drive, and Game Engagement",2026,chi_2026.bib,True
10.1145/3772318.3790805,BRIDGE: Borderless Reconfiguration for Inclusive and Diverse Gameplay Experience via Embodiment Transformation,2026,chi_2026.bib,True
10.1145/3772318.3790720,Gen-Diaolou: An Integrated AI-Assisted Interactive System for Diachronic Understanding and Preservation of the Kaiping Diaolou,2026,chi_2026.bib,True
10.1145/3772318.3791880,SeeSawBot: An LLM-Driven Chatbot Mediating Across Private and Shared Slack Channels to Support Team Dynamics,2026,chi_2026.bib,True
10.1145/3772318.3791357,From Awareness to Intent: Mitigating Silent Driving System Failures through Prospective Situation Awareness Enhancing Interfaces,2026,chi_2026.bib,True
10.1145/3772318.3791589,SoundBubble: Finger-Bound Virtual Microphone using Headset/Glasses Beamforming,2026,chi_2026.bib,True
10.1145/3772318.3791547,Game Changers: Exploring Player Perspectives of Digital Game Modification,2026,chi_2026.bib,True
10.1145/3772318.3791756,Performing Technology: A Five Year Long Autoetnography,2026,chi_2026.bib,True
10.1145/3772318.3791662,Gaze and Speech in Multimodal Human-Computer Interaction: A Scoping Review,2026,chi_2026.bib,True
10.1145/3772318.3790457,“It Depends”: Re-Authoring Play Through Clinical Reasoning in Wearable AR Rehab Games,2026,chi_2026.bib,True
10.1145/3772318.3791915,Interaction Context Often Increases Sycophancy in LLMs,2026,chi_2026.bib,True
10.1145/3772318.3791531,Privacy and Safety Experiences and Concerns of US Women Using Generative AI for Seeking Sexual and Reproductive Health Information,2026,chi_2026.bib,True
10.1145/3772318.3791757,Empowering Stakeholders with Participatory Auditing of Predictive AI: Perspectives from End-Users and Decision Subjects without AI Expertise,2026,chi_2026.bib,True
10.1145/3772318.3790794,Re-Examining the Examiners: Changes in Privacy and Security Perceptions of Exam Proctoring,2026,chi_2026.bib,True
10.1145/3772318.3791458,Augmenting Clinical Decision-Making with an Interactive and Interpretable AI Copilot: A Real-World User Study with Clinicians in Nephrology and Obstetrics,2026,chi_2026.bib,True
10.1145/3772318.3790534,PrevizWhiz: Combining Rough 3D Scenes and 2D Video to Guide Generative Video Previsualization,2026,chi_2026.bib,True
10.1145/3772318.3791319,"""Are we writing an advice column for Spock here?"" Understanding Stereotypes in AI Advice for Autistic Users",2026,chi_2026.bib,True
10.1145/3772318.3790718,Interface Dis/Similarities: Investigating Characteristics Influencing Perceived Differences Between GUIs,2026,chi_2026.bib,True
10.1145/3772318.3790588,Experiencing Change: A Scoping Review of Behavior Change with Extended Reality,2026,chi_2026.bib,True
10.1145/3772318.3791052,Revealing the Power Dynamics of Collaborative Sense-Making supported by Participatory Data Physicalization,2026,chi_2026.bib,True
10.1145/3772318.3791103,Myo Action: Accelerating Voluntary Actions via Electromyography and Muscle Stimulation,2026,chi_2026.bib,True
10.1145/3772318.3791243,triMorph: Bridging Shape-Change and Cross-Sensory Correspondences for Haptic Interaction,2026,chi_2026.bib,True
10.1145/3772318.3790881,Privacy and Trust vs. Utility: Adoption of Commercial vs. Institutional AI assistants Among University Users,2026,chi_2026.bib,True
10.1145/3772318.3791131,"Navigating Financial Lives: How Autistic Adults Adapt Financial Technologies, Tools and Strategies",2026,chi_2026.bib,True
10.1145/3772318.3790906,I Can SE Clearly Now: Investigating the Effectiveness of GUI-based Symbolic Execution for Software Vulnerability Discovery,2026,chi_2026.bib,True
10.1145/3772318.3791593,“I Wanted Them to Think That I Wrote That”: AI-Generated Self-Presentation on Dating Apps and Implications of Non-Disclosure on Informed Consent,2026,chi_2026.bib,True
10.1145/3772318.3790357,BloomBeacon: Blooming Physical Touch Display Surfaces via Persistence-of-Vision Motion,2026,chi_2026.bib,True
10.1145/3772318.3791542,Prompt Coaching for Inclusiveness: A Media Literacy Approach to Increase Users’ Awareness of Algorithmic Bias and Prompting Efficacy,2026,chi_2026.bib,True
10.1145/3772318.3791269,Routine Computing: A Systematic Review of Sensing Daily Life Dimensions Towards Human-Centered Goals,2026,chi_2026.bib,True
10.1145/3772318.3791626,"Colour in Translation: Data, Models, and Benchmarking for Cross-Linguistic Colour Naming",2026,chi_2026.bib,True
10.1145/3772318.3790913,Digital Majlis: Fostering Conversations on Intimate Health among Arab Muslim Women,2026,chi_2026.bib,True
10.1145/3772318.3791944,Take the Dog to the Park: Quadruped Robot for Joint Attention Training with Autistic Children in Naturalistic Settings,2026,chi_2026.bib,True
10.1145/3772318.3790637,Bevel or Not: Identifying the Potential of Bevels for Touch Input Accuracy on Ring Device,2026,chi_2026.bib,True
10.1145/3772318.3790587,Understanding the Dynamics of Trust in Location-Based Games as Hybrid Spaces: The Players' Perspective,2026,chi_2026.bib,True
10.1145/3772318.3790660,"""I'm here to see nature, not spend more time on my phone!"": A Study of Technological Obtrusiveness and How it is Managed in an Urban Nature Setting",2026,chi_2026.bib,True
10.1145/3772318.3791810,Exploring AI Opportunities in Deaf Education: Understanding Design Needs Through Teacher and Parent Perspectives in Bangladesh,2026,chi_2026.bib,True
10.1145/3772318.3791389,Overcoming Translation Delays: Towards Better Subtitle Design for Foreign Language Conversations in Extended Reality,2026,chi_2026.bib,True
10.1145/3772318.3791603,Moisture Transfer: A Perceptual Wetness Illusion Through Thermal and Wet Integration,2026,chi_2026.bib,True
10.1145/3772318.3791064,Supporting Effective Goal Setting with LLM-Based Chatbots,2026,chi_2026.bib,True
10.1145/3772318.3791665,LAPS: Automating Hypothesis-Driven Statistical Analysis of Public Survey Using Large Language Models,2026,chi_2026.bib,True
10.1145/3772318.3791373,When Plants Play: Rethinking Plant Materiality in Digital Games,2026,chi_2026.bib,True
10.1145/3772318.3791738,Building Resilience in Human–Robot Collaboration: Affective and Cognitive Feedback from Robot for Human-Initiated Failure Handling,2026,chi_2026.bib,True
10.1145/3772318.3790309,Speculating with Older Adults in HCI: A Scoping Review,2026,chi_2026.bib,True
10.1145/3772318.3790658,Technology Meets Tradition: Investigating User Acceptance and Engagement with Robots for Supporting Older Adults in Pakistani Homes,2026,chi_2026.bib,True
10.1145/3772318.3791085,Designed for Hostility? Toxic Behavior and Ambivalent Game Elements in Online Multiplayer Game Genres,2026,chi_2026.bib,True
10.1145/3772318.3791901,Care Workers' Risk Work: How Nannies Manage Invisible Threats in Employers' Homes,2026,chi_2026.bib,True
10.1145/3772318.3790459,TurnStyle: A Framework for Analyzing Human Conversational Behaviors to Predict Success in LLM-Assisted Tasks,2026,chi_2026.bib,True
10.1145/3772318.3791919,Tidynote: Always-Clear Notebook Authoring,2026,chi_2026.bib,True
10.1145/3772318.3791187,From Fear to Control: Developing a Three-Factor Scale for Cybersecurity Anxiety (CybAS),2026,chi_2026.bib,True
10.1145/3772318.3791572,VidTune: Creating Video Soundtracks with Generative Music and Video-Based Thumbnails,2026,chi_2026.bib,True
10.1145/3772318.3791844,InfoAlign: A Human–AI Co-Creation System for Storytelling with Infographics,2026,chi_2026.bib,True
10.1145/3772318.3793808,A Tale of Many Futures: Children in Finland and India Envision the Future of Education,2026,chi_2026.bib,True
10.1145/3772318.3790766,Constructing Everyday Well-Being: Insights from God-Saeng (God生) for Personal Informatics,2026,chi_2026.bib,True
10.1145/3772318.3791594,“I Am My Own Bot”: Everyday Resistance in Online Fashion Resale,2026,chi_2026.bib,True
10.1145/3772318.3791360,BernO: A Breath-Driven Odor Display for Spatial Olfactory Interaction in VR,2026,chi_2026.bib,True
10.1145/3772318.3790586,"""Tinged with Heartbreak"": An Ethnographic Account of Navigating Autistic Loneliness and the Fragile Promise of AI Companionship",2026,chi_2026.bib,True
10.1145/3772318.3790585,"eHMI for All - Investigating the Effect of External Communication of Automated Vehicles on Pedestrians, Manual Drivers, and Cyclists",2026,chi_2026.bib,True
10.1145/3772318.3791015,"Good for the Planet, Bad for Me? Intended and Unintended Consequences of AI Energy Consumption Disclosure",2026,chi_2026.bib,True
10.1145/3772318.3790659,Radical Gender Neutrality: Agender Euphoria in Gaming and Play Experiences,2026,chi_2026.bib,True
10.1145/3772318.3791579,VizCrit: Exploring Strategies for Displaying Computational Feedback in a Visual Design Tool,2026,chi_2026.bib,True
10.1145/3772318.3791847,"Vibe Coding Entanglements – Repositioning Boundaries of Intention, Authorship, and Responsibility in Programming with Generative AI",2026,chi_2026.bib,True
10.1145/3772318.3791566,Evaluating Behavior Change Interventions for Responsible Data Science,2026,chi_2026.bib,True
10.1145/3772318.3791454,Misalignments between Privacy Claims and Privacy Policies in Smart Sex Toys,2026,chi_2026.bib,True
10.1145/3772318.3790903,Beyond Access: Contextualizing the Benefits of Broadband through Contributor Dynamics on Wikipedia,2026,chi_2026.bib,True
10.1145/3772318.3791730,留白 (Liubai) at a Hushed Sanctuary: Layered Reflections on an Artist Residency,2026,chi_2026.bib,True
10.1145/3772318.3791238,Hear You in Silence: Designing for Active Listening in Human Interaction with Conversational Agents Using Context-Aware Pacing,2026,chi_2026.bib,True
10.1145/3772318.3790584,Understanding Educators’ Perceptions of AI-generated Non-consensual Intimate Imagery,2026,chi_2026.bib,True
10.1145/3772318.3791497,"Looking inside the VR Music Scene: Mapping Platforms, Events and People",2026,chi_2026.bib,True
10.1145/3772318.3791852,Motivation and Personality Theories in a Gamified Mobile Application for Walking,2026,chi_2026.bib,True
10.1145/3772318.3791748,User Experience of Autonomous Ferries: What Passengers Need and How to Design for It,2026,chi_2026.bib,True
10.1145/3772318.3791123,An LLM-based Motivation-Aware Framework For AI Coaching For Behaviour Change,2026,chi_2026.bib,True
10.1145/3772318.3791564,Designing Group Activity Metrics for Social Interaction and Walking Adherence: A Social Prototyping Study Among Indian Older Adults.,2026,chi_2026.bib,True
10.1145/3772318.3791797,Echoes of Norms: Investigating Counterspeech Bots’ Influence on Bystanders in Online Communities,2026,chi_2026.bib,True
10.1145/3772318.3791941,Embedded vs. Situated: An Evaluation of AR Facial Training Feedback,2026,chi_2026.bib,True
10.1145/3772318.3790308,Community Advisory Boards for Technology Design in HCI: Lessons from Trans and Queer Research,2026,chi_2026.bib,True
10.1145/3772318.3790929,Criticmate: Stagewise Human-AI Co-Critique in UI Design through Situation Awareness,2026,chi_2026.bib,True
10.1145/3772318.3791883,Active and Passive Decisions: How Ethical Choices Are Made (and Missed) in NLP Research,2026,chi_2026.bib,True
10.1145/3772318.3790984,"Can GenAI Move from Individual Use to Collaborative Work? Experiences, Challenges, and Opportunities of Coordinating GenAI into Collaborative Newswork",2026,chi_2026.bib,True
10.1145/3772318.3791582,Hybrid LLM-Embedded Dialogue Agents for Learner Reflection: Designing Responsive and Theory-Driven Interactions,2026,chi_2026.bib,True
10.1145/3772318.3791813,Crafting Remembrance Beyond the Self: Older Adults’ Digital and Material Legacies,2026,chi_2026.bib,True
10.1145/3772318.3790359,Mental Workload Prediction Using Physiological Signals: Balancing Performance and Interpretability,2026,chi_2026.bib,True
10.1145/3772318.3790801,Advancing Inclusive Digital Well-Being Tools: How Neurodivergent Students Use Distraction Blockers,2026,chi_2026.bib,True
10.1145/3772318.3791763,A Conditional Companion: Lived Experiences of People with Mental Health Disorders Using LLMs,2026,chi_2026.bib,True
10.1145/3772318.3791818,Whose Data Builds the City? Critical Data Practices for Socio-Environmentally Just Urbanization,2026,chi_2026.bib,True
10.1145/3772318.3791432,Lost in Corridors: Modeling and Mitigating Spatial Disorientation by Sensing Environmental Characteristics and User Behavior,2026,chi_2026.bib,True
10.1145/3772318.3790639,The Words That Can't Be Shared: Exploring the Design of Unsent Messages,2026,chi_2026.bib,True
10.1145/3772318.3790638,"With, not For: Co-Designing a Patient-Facing AI Companion Concept for the Emergency Department Waiting Area",2026,chi_2026.bib,True
10.1145/3772318.3791824,InSense3D: Designing Smart 3D-Printed Structures Leveraging Ferromagnetic Filaments for Inductive Deformation Sensing,2026,chi_2026.bib,True
10.1145/3772318.3791656,Nonvisual Support for Understanding and Reasoning about Data Structures,2026,chi_2026.bib,True
10.1145/3772318.3790589,NaviNote: Enabling In-situ Spatial Annotation Authoring to Support Exploration and Navigation for Blind and Low Vision People,2026,chi_2026.bib,True
10.1145/3772318.3790310,"I, Robot? Exploring Ultra-Personalized AI-Powered AAC; an Autoethnographic Account",2026,chi_2026.bib,True
10.1145/3772318.3790282,A Tree’s Perspective: Enhancing Nature Connectedness Through Transitional and Multisensory Virtual Reality Experiences,2026,chi_2026.bib,True
10.1145/3772318.3791068,LLM-based Embodied Conversational Agent for Reducing Foreign Language Speaking Anxiety in Social VR,2026,chi_2026.bib,True
10.1145/3772318.3790283,GhostUI: Unveiling Hidden Interactions in Mobile UI,2026,chi_2026.bib,True
10.1145/3772318.3791287,Who am I Talking to? A Large-Scale Measurement of Surface Attribution Across Real-World Security and Privacy Interfaces,2026,chi_2026.bib,True
10.1145/3772318.3791396,Studying the Implications of Augmented Reality for Teamwork in Open Liver Surgery,2026,chi_2026.bib,True
10.1145/3772318.3791133,Everyday Design with Surrounds: Rehearsing Alternatives Amid Urban Sociotechnical Changes,2026,chi_2026.bib,True
10.1145/3772318.3790284,LingoLift: Supporting Educators in Personalized Oral Language Teaching for Autistic Children through Content Generation,2026,chi_2026.bib,True
10.1145/3772318.3791109,DraftMarks: Enhancing Transparency in Human-AI Co-Writing Through Interactive Skeuomorphic Process Traces,2026,chi_2026.bib,True
10.1145/3772318.3791094,"“To be that one other brick in the pillar”: Online Communities, Platforms, and Collective Action in the BTS Industrial Complex",2026,chi_2026.bib,True
10.1145/3772318.3790999,AnkleType: A Hands- and Eyes-free Foot-based Text Entry Technique in Virtual Reality,2026,chi_2026.bib,True
10.1145/3772318.3790952,Evolving User Profiles and Adoption of Cyborg Technologies: Evidence from a Repeated Cross-Sectional Study in Switzerland,2026,chi_2026.bib,True
10.1145/3772318.3791518,Fostering Collective Discourse: A Distributed Role-Based Approach to Online News Commenting,2026,chi_2026.bib,True
10.1145/3772318.3790780,Whose Time Counts? Temporal Arrangements in Sociotechnical Infrastructures,2026,chi_2026.bib,True
10.1145/3772318.3791465,Helping Johnny Make Sense of Privacy Policies with LLMs,2026,chi_2026.bib,True
10.1145/3772318.3791672,N-ary Gaussian Model Modeling Pointing Uncertainty Across Task Scenarios Using an Automated Multi-Gaussian Modeling Pipeline,2026,chi_2026.bib,True
10.1145/3772318.3790788,From A to Zines: Narrative Threat Modeling in U.S. Reproductive Health Media,2026,chi_2026.bib,True
10.1145/3772318.3791971,Bondi: Designing Tangible and Multimodal Interfaces for Continuing Bonds in Pet Bereavement,2026,chi_2026.bib,True
10.1145/3772318.3791254,Git Takes Two: Split-View Awareness for Collaborative Learning of Distributed Workflows in Git,2026,chi_2026.bib,True
10.1145/3772318.3791175,CoMap: A Collaborative 3D Sketch Mapping Game to Engage Spatial Communication in Search and Rescue,2026,chi_2026.bib,True
10.1145/3772318.3790985,"""I Can Be Anything!"" Bridging Today and the Future through Generative AI-driven Self-represented Career Imagination for Children",2026,chi_2026.bib,True
10.1145/3772318.3791786,Characterizing Scam-Driven Human Trafficking Across Chinese Borders and Online Community Responses on RedNote,2026,chi_2026.bib,True
10.1145/3772318.3790682,Barriers that Programming Instructors Face While Performing Emergency Pedagogical Design to Shape Student-AI Interactions with Generative AI Tools,2026,chi_2026.bib,True
10.1145/3772318.3791303,Does a Picture Paint a Thousand Words? Using Visual and Textual Channels to Understand Attitudes and Beliefs,2026,chi_2026.bib,True
10.1145/3772318.3791086,Interrogating the “Us” Versus “Them” Dichotomy in Technology Research with Older Adults,2026,chi_2026.bib,True
10.1145/3772318.3791353,Sprout: Using a Visual Metaphor to Support Customizable and Collaborative Health Tracking,2026,chi_2026.bib,True
10.1145/3772318.3790289,iTagPDF: Towards Finally Automating PDF Accessibility,2026,chi_2026.bib,True
10.1145/3772318.3790928,BuyMate: Making AI Interventions Effective in Promoting Rational Consumption in Live Commerce,2026,chi_2026.bib,True
10.1145/3772318.3790968,No Pixel Left Behind: Filling Gaps in Anime Colorization,2026,chi_2026.bib,True
10.1145/3772318.3790917,Toward Natural and Companionable Virtual Agents via Cross-Temporal Emotional Modeling,2026,chi_2026.bib,True
10.1145/3772318.3790642,Exploring Interface Design of MR Translation System for Everyday Interaction,2026,chi_2026.bib,True
10.1145/3772318.3790680,A Scoping Survey on Augmented Display Systems,2026,chi_2026.bib,True
10.1145/3772318.3790832,“What I’m interested in is something that violates the law”: Regulatory practitioner views on automated detection of deceptive design patterns,2026,chi_2026.bib,True
10.1145/3772318.3790641,JustShape: Exploring Co-Speech Gestures for Multimodal LLM-Powered 3D Parametric Modeling,2026,chi_2026.bib,True
10.1145/3772318.3791776,When Designers Sweat: Behavioral Traces of GenAI Co-Creation,2026,chi_2026.bib,True
10.1145/3772318.3790681,An Exploration of Default Images in Text-to-Image Generation,2026,chi_2026.bib,True
10.1145/3772318.3791177,"""Please Share"": Promoting Embodied Forms of Interpersonal Stress Sharing Through Real-Time Neurofeedback",2026,chi_2026.bib,True
10.1145/3772318.3790980,Cultural Variations in Human-AI Partnership: Initial Cross-Cultural Validation of the Transactive Memory System with GenAI (TMS-GenAI) Measurement Tool,2026,chi_2026.bib,True
10.1145/3772318.3790288,VisGuardian: A Lightweight Group-based Visual Privacy Control Technique For Smart Glasses in Home Environments,2026,chi_2026.bib,True
10.1145/3772318.3790916,From Platform Data to Personal Insight: How Users Make Sense of and Reflect on Personalized Social Media Annual Recaps,2026,chi_2026.bib,True
10.1145/3772318.3790894,Feeling the Flavour: Exploring Children's Touch–Taste Correspondences and Willingness to Try Unknown Foods for Child–Food Interaction Design,2026,chi_2026.bib,True
10.1145/3772318.3791747,Beyond Words: Measuring User Experience through Speech Analysis in Voice User Interfaces,2026,chi_2026.bib,True
10.1145/3772318.3791223,Characterising Gaming Group Experiences,2026,chi_2026.bib,True
10.1145/3772318.3791788,Beyond Clinical Risk: An Experimental Study of Cybersecurity Informed Consent and Patient Choice for Connected Medical Devices,2026,chi_2026.bib,True
10.1145/3772318.3791905,Taking the control back – An adventure in developing personalized content moderation,2026,chi_2026.bib,True
10.1145/3772318.3791519,"""Social Media Killed Our Generation"": Teenagers' Felt Experiences of Harm on Social Media",2026,chi_2026.bib,True
10.1145/3772318.3791161,A Systematic Review of Interaction Techniques for Mobile Virtual Reality,2026,chi_2026.bib,True
10.1145/3772318.3791074,Depictions of Privacy Invasion and Surveillance in Artworks and Potential Lessons For Privacy Communication,2026,chi_2026.bib,True
10.1145/3772318.3791734,CLARIS: Clear and Intelligible Speech from Whispered and Dysarthric Voices,2026,chi_2026.bib,True
10.1145/3772318.3790510,Sensing and Modulating the Feel of a Drink: A Personalized Approach via Laryngeal Thermal Feedback,2026,chi_2026.bib,True
10.1145/3772318.3791310,Crystallizing Schemas with Teleoscope: Thematic Curation of Large Text Corpora on Reddit,2026,chi_2026.bib,True
10.1145/3772318.3791952,Where Do I 'Add the Egg'?: Exploring Agency and Ownership in AI Creative Co-Writing Systems,2026,chi_2026.bib,True
10.1145/3772318.3790509,Understanding Digital Religion in the Lives of Black Christian Young Adults,2026,chi_2026.bib,True
10.1145/3772318.3791212,Care-in-Retrograde: Designing for Reproductive Health in the Aftermath of Roe.,2026,chi_2026.bib,True
10.1145/3772318.3793143,Belt and whistles - adding lower body collision awareness for MR experiences,2026,chi_2026.bib,True
10.1145/3772318.3791031,Signals of Aggression: Modelling Multimodal Cues and Perceptual Effects in Virtual Agents,2026,chi_2026.bib,True
10.1145/3772318.3791428,Who Does What? Archetypes of Roles Assigned to LLMs During Human-AI Decision-Making,2026,chi_2026.bib,True
10.1145/3772318.3791240,Beyond Precision: Understanding the Impact of Algorithmic Accuracy and Transparency on User Perceptions in Keyword-Driven Contextual Advertising,2026,chi_2026.bib,True
10.1145/3772318.3793386,LLM or Human? Perceptions of Trust and Quality in Research Summaries,2026,chi_2026.bib,True
10.1145/3772318.3791893,Privacy Cards: Surfacing mental models and exploring privacy concerns of voice-first ambient interfaces,2026,chi_2026.bib,True
10.1145/3772318.3790287,Studying the Separability of Visual Channel Pairs in Symbol Maps,2026,chi_2026.bib,True
10.1145/3772318.3790854,"Localized Imaginaries, Global Assets: Sociotechnical Imaginaries and the Assetization of Data Centers in Singapore",2026,chi_2026.bib,True
10.1145/3772318.3790830,From Pets to Robots: MojiKit as a Data-Informed Toolkit for Affective HRI Design,2026,chi_2026.bib,True
10.1145/3772318.3791224,"Understanding Older Adults’ Experiences of Support, Concerns, and Risks from Kinship-Role AI-Generated Influencers",2026,chi_2026.bib,True
10.1145/3772318.3791448,GuideMe: A VLM-Based System Assisting Independent Smartphone Learning for Older Adults,2026,chi_2026.bib,True
10.1145/3772318.3790893,Where Digital Meets Place: Deriving Strategies for Curating Mixed Reality Exhibitions in Public Spaces,2026,chi_2026.bib,True
10.1145/3772318.3791785,Factors Influencing Digital Health Engagement of Older Adults with Multimorbidity during a Longitudinal Trial,2026,chi_2026.bib,True
10.1145/3772318.3791675,InkIdeator: Supporting Chinese-Style Visual Design Ideation via AI-Infused Exploration of Chinese Paintings,2026,chi_2026.bib,True
10.1145/3772318.3792787,From Human Pragmatic Language Skills to Conversational Agent Design: A Systematic Review of Transfer Strategies,2026,chi_2026.bib,True
10.1145/3772318.3791423,"Virtual Selves, Real Emotions: The Impact of Photorealistic Avatar Personalization on Emotion in Virtual Reality",2026,chi_2026.bib,True
10.1145/3772318.3790285,Evalet: Evaluating Large Language Models through Functional Fragmentation,2026,chi_2026.bib,True
10.1145/3772318.3791152,Tower of Babel in Cross-Cultural Communication: A Case Study of \#Give Me a Chinese Name\# Dialogues During the ``TikTok Refugees'' Event,2026,chi_2026.bib,True
10.1145/3772318.3790360,"AI Sensing and Intervention in Higher Education: Student Perceptions of Learning Impacts, Affective Responses, and Ethical Priorities",2026,chi_2026.bib,True
10.1145/3772318.3791178,SeekUI: Predicting Visual Search Behavior on Graphical User Interfaces with a Reward-Augmented Vision Language Model,2026,chi_2026.bib,True
10.1145/3772318.3790286,Automatic Synthesis of Visualization Design Knowledge Bases,2026,chi_2026.bib,True
10.1145/3772318.3791000,DoubleMe: Local Blending in Multi-Display Environments with Augmented Reality to Facilitate Co-Located Collaboration,2026,chi_2026.bib,True
10.1145/3772318.3791643,AI for Creativity: A GenAI-Based Approach for Early Concept Design and Its Impact on Senior Architects,2026,chi_2026.bib,True
10.1145/3772318.3790890,LL.me: Supporting Identity Work through Human-AI Alignment,2026,chi_2026.bib,True
10.1145/3772318.3790342,FabricBoards: Exploring Crafting Methods for Prototyping E-Textile LED Circuits with Fabric-Based Breadboards,2026,chi_2026.bib,True
10.1145/3772318.3790408,PrivacyAkinator: Articulating Key Privacy Design Decisions by Answering LLM-Generated Multiple-choice Questions,2026,chi_2026.bib,True
10.1145/3772318.3790811,Caring about Care: A Meta-Narrative Review of HCI Research on Care,2026,chi_2026.bib,True
10.1145/3772318.3791138,Designing AI Peers for Collaborative Mathematical Problem Solving with Middle School Students: A Participatory Design Study,2026,chi_2026.bib,True
10.1145/3772318.3791948,GenRole: Personalizing Role Play for Educators Supporting Autistic Students’ Social Interaction Learning,2026,chi_2026.bib,True
10.1145/3772318.3791553,UnWEIRDing Peer Review in Human-Computer Interaction,2026,chi_2026.bib,True
10.1145/3772318.3790908,Do Teachers Dream of GenAI Widening Educational (In)equality? Envisioning the Future of K-12 GenAI Education from Global Teachers’ Perspectives,2026,chi_2026.bib,True
10.1145/3772318.3791112,The Pit Beneath the Town Square: How Digital Solastalgia Affects Platform Migration and Community Structures of Transfeminine Users,2026,chi_2026.bib,True
10.1145/3772318.3791201,Going Beyond the I With CI: an Interview-based Design Space,2026,chi_2026.bib,True
10.1145/3772318.3791227,ORAgen Fables: Advancing the Design and Management of Content Attribution,2026,chi_2026.bib,True
10.1145/3772318.3791777,Does Personalized Nudging Wear Off? A Longitudinal Study of AI Self-Modeling for Behavioral Engagement,2026,chi_2026.bib,True
10.1145/3772318.3793387,Machine Eye: Designing Relational Engagement with Embodied Large Language Models,2026,chi_2026.bib,True
10.1145/3772318.3791012,Mapping the Landscape of Affective Extended Reality: A Scoping Review of Biodata-Driven Systems for Understanding and Sharing Emotions,2026,chi_2026.bib,True
10.1145/3772318.3791364,Balancing Attention Support for Early-learners (BASE) in Digital Technology Interactions: A Framework for Design and Use,2026,chi_2026.bib,True
10.1145/3772318.3790750,A Personalized and Adaptable User Interface for a Speech and Cursor Brain-Computer Interface,2026,chi_2026.bib,True
10.1145/3772318.3791565,Constructing the Thermal Affective Design Space for Emotion Regulation: An Autoethnographic Research Through Design Inquiry,2026,chi_2026.bib,True
10.1145/3772318.3791293,Bridging the Gap between Automated Intervention and Actual User Experience: A Mixed-Methods Study on Mobile Accessibility Issues for Screen Reader Users,2026,chi_2026.bib,True
10.1145/3772318.3791420,"When Life Gives You AI, Will You Turn It Into A Market for Lemons? Understanding How Information Asymmetries About AI System Capabilities Affect Market Outcomes and Adoption",2026,chi_2026.bib,True
10.1145/3772318.3791906,Beyond the Manual: Mapping Peer-Generated Content about Wheelchair Care and Adaptation on YouTube,2026,chi_2026.bib,True
10.1145/3772318.3793420,StylusPort: Investigating Teleportation using Stylus in VR,2026,chi_2026.bib,True
10.1145/3772318.3791741,Unbounded: Object-Boundary Interactions in Mixed Reality,2026,chi_2026.bib,True
10.1145/3772318.3790685,PuppetChat: Fostering Intimate Communication through Bidirectional Actions and Micronarratives,2026,chi_2026.bib,True
10.1145/3772318.3790686,Hiring for Creativity in a World of UX Design Systems,2026,chi_2026.bib,True
10.1145/3772318.3791804,Breathing Inward: A Targeted-heat Wearable Designed to Deepen the Benefits of Diaphragmatic Breathing,2026,chi_2026.bib,True
10.1145/3772318.3790407,Becoming Watchful on the Trail and at Home: Understanding Experiential Outcomes of Capra in Long-Term Use,2026,chi_2026.bib,True
10.1145/3772318.3790873,Growing With the Condition: Co-Designing Pediatric Technologies that Adapt Across Developmental Stages,2026,chi_2026.bib,True
10.1145/3772318.3791860,"The Socio-Technical Energy Triad: Uncovering Tensions between Service Providers, Users, and the Energy System",2026,chi_2026.bib,True
10.1145/3772318.3790512,Digital Proxemics as Measures of Social Interaction in Hybrid XR,2026,chi_2026.bib,True
10.1145/3772318.3790949,From Vulnerable to Resilient: Examining Parent and Teen Perceptions on How to Respond to Unwanted Cybergrooming Advances,2026,chi_2026.bib,True
10.1145/3772318.3790973,“My Tummy Has a Little Dragon”: From Everyday Experiences of Gut Sounds to Interoceptive Interaction Design,2026,chi_2026.bib,True
10.1145/3772318.3790869,A Potential Teammate?: Understanding How Indie Game Developers Approach Generative AI’s Involvement in Their Small-Scale Creative Teamwork,2026,chi_2026.bib,True
10.1145/3772318.3791129,On the Computational Reproducibility of Human-Computer Interaction,2026,chi_2026.bib,True
10.1145/3772318.3793418,Towards Understanding the Design of Shared Bodily Control via Exoskeleton-based Play,2026,chi_2026.bib,True
10.1145/3772318.3791166,Building Human–Multi-Agent Teams for Creative Works,2026,chi_2026.bib,True
10.1145/3772318.3791639,Beyond Content Exposure: Systemic Factors Driving Moderators' Mental Health Crisis in Africa,2026,chi_2026.bib,True
10.1145/3772318.3790882,"Don't Worry, Just Follow Me: Prototyping and In-the-Wild Evaluation of Smart Pole Interaction Unit with Mobility",2026,chi_2026.bib,True
10.1145/3772318.3791108,The Augmented Undercommons: A Framework for Liberatory HCI Research within Ethically Compromised Institutions,2026,chi_2026.bib,True
10.1145/3772318.3791317,Xspine: Integrating Motion Sensing Capability into Dynamic Structures Using Multi-material FDM 3D Printing,2026,chi_2026.bib,True
10.1145/3772318.3790684,Enhancing Response Quality by Children in Voice-based Sleep Diaries via AI-based Continuous Feedback,2026,chi_2026.bib,True
10.1145/3772318.3791481,Towards an Engagement-Driven Rehabilitation Framework: a Pilot Study,2026,chi_2026.bib,True
10.1145/3772318.3791899,From Answer Givers to Design Mentors: Guiding LLMs with the Cognitive Apprenticeship Model,2026,chi_2026.bib,True
10.1145/3772318.3790266,AI Twin: Enhancing ESL Speaking Practice through AI Self-Clones of a Better Me,2026,chi_2026.bib,True
10.1145/3772318.3790290,Interactive Tatreez: How (and when) Can Digital Fabrication Augment Cultural-based Hybrid Crafts,2026,chi_2026.bib,True
10.1145/3772318.3790511,JourneyVR: Designing for Continuous Workflow Experience in Virtual Reality,2026,chi_2026.bib,True
10.1145/3772318.3790886,The Timing of Breaks for Resilience: Collective Recovery in Multi-User Virtual Reality,2026,chi_2026.bib,True
10.1145/3772318.3791815,"Not Seeing the Whole Picture: Challenges and Opportunities in Using AI for Co-Making Physical, DIY-AT for People with Visual Impairments",2026,chi_2026.bib,True
10.1145/3772318.3791210,"Criminator: An Easy-to-Use XR ""Crime Animator"" for Rapid Reconstruction and Analysis of Dynamic Crime Scenes",2026,chi_2026.bib,True
10.1145/3772318.3790341,Behavior-Aware Anthropometric Scene Generation for Human-Usable 3D Layouts,2026,chi_2026.bib,True
10.1145/3772318.3791403,Beyond Input–Output: Rethinking Creativity through Design-by-Analogy in Human–AI Collaboration,2026,chi_2026.bib,True
10.1145/3772318.3791136,Writing with AI Can Reduce Gender Bias in Hiring Evaluations,2026,chi_2026.bib,True
10.1145/3772318.3791105,How Much Trust is Enough? Towards Calibrating Trust in Technology,2026,chi_2026.bib,True
10.1145/3772318.3791555,"BiasViz: A Project-Based, Narrative-Centered Learning Tool for Engaging Middle School Students in Critical Thinking about AI Biases",2026,chi_2026.bib,True
10.1145/3772318.3790683,From Movement Adaptation to De Novo Learning: A Design Space of VR Interaction Techniques,2026,chi_2026.bib,True
10.1145/3772318.3791765,Seen but Ignored: Understanding User Disengagement from Emergency Alerts in High-Frequency Contexts — A Case Study of South Korea,2026,chi_2026.bib,True
10.1145/3772318.3790896,"The AI Genie Phenomenon and Three Types of AI Chatbot Addiction: Escapist Roleplays, Pseudosocial Companions, and Epistemic Rabbit Holes",2026,chi_2026.bib,True
10.1145/3772318.3791895,As Content and Layout Co-Evolve: TangibleSite for Scaffolding Blind People’s Webpage Design through Multimodal Interaction,2026,chi_2026.bib,True
10.1145/3772318.3791421,Collectively Reimagining Artificial Intelligence With Marginalized Communities,2026,chi_2026.bib,True
10.1145/3772318.3790991,"Robots that Evolve with Us: Modular Co-Design for Personalization, Adaptability, and Sustainability",2026,chi_2026.bib,True
10.1145/3772318.3790741,"Touch, Gesture, and Conversation: A Case Study in the Choreography of Interaction with a Data Physicalization",2026,chi_2026.bib,True
10.1145/3772318.3791856,Mapping Design Dimensions for Collaborative Learning in Virtual Reality: A Scoping Review,2026,chi_2026.bib,True
10.1145/3772318.3790340,Polite But Boring? Trade-offs Between Engagement and Psychological Reactance to Chatbot Feedback Styles,2026,chi_2026.bib,True
10.1145/3772318.3791854,Rhetoric vs Responsibility: How Tech Companies Shape AI for Accessibility,2026,chi_2026.bib,True
10.1145/3772318.3790810,Interactive Explainable Ranking,2026,chi_2026.bib,True
10.1145/3772318.3791724,DiagLink: A Dual-User Diagnostic Assistance System by Synergizing Experts with LLMs and Knowledge Graphs,2026,chi_2026.bib,True
10.1145/3772318.3793705,Facilitating Hands-On Learning in Microelectronics Education through Mixed Reality and AI Pedagogical Agents: Insights from a Participatory Design Process,2026,chi_2026.bib,True
10.1145/3772318.3790616,When LLMs Enter Everyday Feminism on Chinese Social Media: Opportunities and Risks for Women’s Empowerment,2026,chi_2026.bib,True
10.1145/3772318.3790768,Engaging Communities Meaningfully in Defining Disability Representation for AI Image Generation,2026,chi_2026.bib,True
10.1145/3772318.3790972,"Small Talk, Big Impact? LLM-based Conversational Agents to Mitigate Passive Fatigue in Conditional Automated Driving",2026,chi_2026.bib,True
10.1145/3772318.3790816,Surfacing and Applying Meaning: Supporting Hermeneutical Autonomy for LGBTQ+ People in Taiwan,2026,chi_2026.bib,True
10.1145/3772318.3790391,"Exploring Texture-Level Creative Decisions with penPal, a Novel Handheld Actuated Drawing Tool",2026,chi_2026.bib,True
10.1145/3772318.3790312,EdTech for Last Mile Learners in the Global South: Navigating Technological and Motivational Learning Insights with Radios and Mobile Phones,2026,chi_2026.bib,True
10.1145/3772318.3790392,A Blessing and a Challenge: Unpacking Boundary Ambiguities Experienced by Caregivers of Older Adults,2026,chi_2026.bib,True
10.1145/3772318.3790877,From Touch to Change: Understanding Public Engagement in Data Physicalization for Social Good,2026,chi_2026.bib,True
10.1145/3772318.3791537,Talking Inspiration: A Discourse Analysis of Data Visualization Podcasts,2026,chi_2026.bib,True
10.1145/3772318.3791469,Novobo: Supporting Teachers' Peer Learning of Instructional Gestures by Teaching a Mentee AI-Agent Together,2026,chi_2026.bib,True
10.1145/3772318.3791627,Uniquely Shaped Spaces: Object-Driven Algorithmic Shelf Design and Fabrication,2026,chi_2026.bib,True
10.1145/3772318.3791262,Recovery is Relational: Digital Support Needs for Patients and Supporters in Eating Disorder Recovery,2026,chi_2026.bib,True
10.1145/3772318.3791839,ChatLearn: Leveraging Non-Native Speaker Communication Challenges as Language Learning Opportunities,2026,chi_2026.bib,True
10.1145/3772318.3790841,"Often Discouraged, Never Refused? How Character Creator Interfaces Afford Non-Binary Gender Expression",2026,chi_2026.bib,True
10.1145/3772318.3790491,GestuProp: 3D Virtual Reality Prop Generation with Co-Speech Gestures,2026,chi_2026.bib,True
10.1145/3772318.3791659,Eyes on the Finger: Investigating a Ring-Shaped Camera for Seamless Accessible Tactile Exploration,2026,chi_2026.bib,True
10.1145/3772318.3790950,“Tell Me Why You’re Asking”: Exploring How to Increase Engagement in Preference Feedback for Intelligent Notification Systems,2026,chi_2026.bib,True
10.1145/3772318.3791831,Towards Understanding Children’s Collaborative Interaction Patterns in Child-AI Co-creative Interfaces,2026,chi_2026.bib,True
10.1145/3772318.3791696,Designing Scaffolding Cards to Facilitate LLM-Based Socratic Instruction: An Exploratory Study of Response Strategies to Support Learning,2026,chi_2026.bib,True
10.1145/3772318.3790851,VisiPrint: Previewing 3D-Print Appearance from Real Material Samples,2026,chi_2026.bib,True
10.1145/3772318.3790961,"“Create an environment that protects women, rather than selling anxiety!”: Participatory Threat Modelling with Chinese Young Women Living Alone",2026,chi_2026.bib,True
10.1145/3772318.3791889,Beyond Community Notes: A Framework for Understanding and Building Crowdsourced Context Systems for Social Media,2026,chi_2026.bib,True
10.1145/3772318.3790897,"Designing Staged Evaluation Workflows for LLMs: Integrating Domain Experts, Lay Users, and Model-Generated Evaluation Criteria",2026,chi_2026.bib,True
10.1145/3772318.3790864,"Which is Warmer, the Cake or the Oven? Unlocking Thermal Conductivity for Virtual Reality Interaction",2026,chi_2026.bib,True
10.1145/3772318.3790311,Counting How the Seconds Count: Understanding TikTok Behavior via ML-driven Analysis of Video Content,2026,chi_2026.bib,True
10.1145/3772318.3790490,"No Spirituality Please, We’re HCI: Challenges for HCI Research on Religion and Spirituality",2026,chi_2026.bib,True
10.1145/3772318.3791471,"Do It Fast, Forget It Fast: How Timing and Limb Visualizations Affect First-Person Augmented Reality Instructions",2026,chi_2026.bib,True
10.1145/3772318.3790945,Narratives and Perspectives: How AI Summaries Steer Users' Opinions and Engagement on Social Media,2026,chi_2026.bib,True
10.1145/3772318.3791376,Co-Designing Multimodal Systems for Accessible Asynchronous Dance Instruction,2026,chi_2026.bib,True
10.1145/3772318.3790489,Amplifying Rural Educators’ Perspectives: A Qualitative Study on the Impacts of Generative AI in Rural U.S. High Schools,2026,chi_2026.bib,True
10.1145/3772318.3791855,Bonsai: Intentional and Personalized Social Media Feeds,2026,chi_2026.bib,True
10.1145/3772318.3790561,Screen-Directed Stretching: Supporting Ergonomic Neck Stretching in XR Workspaces,2026,chi_2026.bib,True
10.1145/3772318.3790560,Timing Matters: Designing Effective Corrections for Short-Form Video Misinformation,2026,chi_2026.bib,True
10.1145/3772318.3790996,Next Generation Wearable Haptics Should Balance Virtual & Real-world Fidelity,2026,chi_2026.bib,True
10.1145/3772318.3791830,Co-Designing Environment-Based Strategies with Neurodivergent Individuals for Sensory-Inclusive Dental Visit Experiences,2026,chi_2026.bib,True
10.1145/3772318.3791766,"""Hey Dashboard!"": Supporting Voice, Text, and Pointing Modalities in Dashboard Onboarding using Large Language Models",2026,chi_2026.bib,True
10.1145/3772318.3790687,"DOLLama: Fostering Family Anti-Bullying Learning through AI-Augmented, Toy-Mediated Educational Drama",2026,chi_2026.bib,True
10.1145/3772318.3790809,Designing Privacy Choice in Generative AI Chatbot Ecosystems,2026,chi_2026.bib,True
10.1145/3772318.3791241,The Role of Personality of Conversational Virtual Avatars on Proxemic Behaviour during Indoor Navigation,2026,chi_2026.bib,True
10.1145/3772318.3791700,Investigating the Interaction of Game Features and Spatial Skills with Performance and Perceived Difficulty in a Block-Based 3D Programming Puzzle Game,2026,chi_2026.bib,True
10.1145/3772318.3791698,Homeroom: A Value-Aligned and Community-Centered Homeschooling Platform,2026,chi_2026.bib,True
10.1145/3772318.3790831,Connecting Power and Play: Investigating Interactive Energy Harvesting in Battery-Free Gaming,2026,chi_2026.bib,True
10.1145/3772318.3791849,What's the Point? How Users Functionalise Points in Gamified Systems,2026,chi_2026.bib,True
10.1145/3772318.3791430,When Things Don’t Go As Planned with Digital Contraception.,2026,chi_2026.bib,True
10.1145/3772318.3791121,AI-Mediated Feedback Improves Student Revisions: A Randomized Trial with FeedbackWriter in a Large Undergraduate Course,2026,chi_2026.bib,True
10.1145/3772318.3791939,"Friend, Foe, or Bot? Exploring Intergroup Dynamics in Hybrid Human-Bot Teams",2026,chi_2026.bib,True
10.1145/3772318.3791595,External-Facing Communication on Social Media During the Russia-Ukraine Conflict of 2014,2026,chi_2026.bib,True
10.1145/3772318.3790760,Mining Player Experience Trends From Game Reviews Using Large Language Models,2026,chi_2026.bib,True
10.1145/3772318.3791041,Comparables XAI: Faithful Example-based AI Explanations with Counterfactual Trace Adjustments,2026,chi_2026.bib,True
10.1145/3772318.3790389,CoEmpaTeam: Enhancing Cognitive Empathy using LLM-based Avatars and Dynamic Role Play in Virtual Reality,2026,chi_2026.bib,True
10.1145/3772318.3790390,"""It's totally pointless, but it's fun”: How BeReal Fits into Young Adults’ Social Media Ecosystem and Friendships.",2026,chi_2026.bib,True
10.1145/3772318.3791306,Contextualizing Datasets: Deepening Awareness of Data Biases through Critical Reflection of Civic Data,2026,chi_2026.bib,True
10.1145/3772318.3791534,TableTale: Reviving the Narrative Interplay Between Tables and Text in Scientific Papers,2026,chi_2026.bib,True
10.1145/3772318.3791151,To Cooperate or Not to Cooperate: A Systematic Review and Meta-Analysis of Human Driving Behavior in Interactions with Autonomous Vehicles,2026,chi_2026.bib,True
10.1145/3772318.3790865,“Families are messy”: From Parent-Child Tensions to Family-Centered Design of Smart Home Technologies,2026,chi_2026.bib,True
10.1145/3772318.3791969,Animacy and the Eye of the Beholder: A Mixed-Methods Study on Cognitive Animacy with a Kinetic Origami Surface,2026,chi_2026.bib,True
10.1145/3772318.3790747,TreeB612: Exploring Interactions for Distant Human–Nature Engagement,2026,chi_2026.bib,True
10.1145/3772318.3791664,Who Tells the Better Story? Comparing Human and AI-Generated Narratives on Perinatal Mental Health Topics,2026,chi_2026.bib,True
10.1145/3772318.3790537,Peeking Ahead of the Field Study: Exploring VLM Personas as Support Tools for Embodied Studies in HCI,2026,chi_2026.bib,True
10.1145/3772318.3791962,The Evolving Duet of Two Modalities: A Survey on Integrating Text and Visualization for Data Communication,2026,chi_2026.bib,True
10.1145/3772318.3791344,From Reflection to Repair: A Scoping Review of Dataset Documentation Tools,2026,chi_2026.bib,True
10.1145/3772318.3791065,"""Do I Really Need This?"": Illuminating Challenges in Integrating Computational Training Tools in Esports Coaching",2026,chi_2026.bib,True
10.1145/3772318.3791468,A Cantilevered DeltaXY Positioning Mechanism Enabling Rackable Digital Fabrication Form Factors,2026,chi_2026.bib,True
10.1145/3772318.3791528,EchoScriptor: Automatic Lifelogging Narratives via Activity-Based Audio–Language Model,2026,chi_2026.bib,True
10.1145/3772318.3791276,Can Good Writing Be Generative? Expert-Level AI Writing Emerges through Fine-Tuning on High Quality Books,2026,chi_2026.bib,True
10.1145/3772318.3791104,Infrastructuring for Access: Co-Designing Writing Tools with a Dyslexic Academic,2026,chi_2026.bib,True
10.1145/3772318.3790493,DeltaDorsal: Enhancing Hand Pose Estimation with Dorsal Features in Egocentric Views,2026,chi_2026.bib,True
10.1145/3772318.3790942,Influencers vs. Legacy Media on Instagram: Effects on Perceived Credibility and Following Intention,2026,chi_2026.bib,True
10.1145/3772318.3791869,Deaf and Hard of Hearing Access to Intelligent Personal Assistants: Comparison of Voice-Based Options with an LLM-Powered Touch Interface,2026,chi_2026.bib,True
10.1145/3772318.3791923,"""It just requires so much more creativity"": Barriers and Workarounds to Gathering Information for AI Contestation",2026,chi_2026.bib,True
10.1145/3772318.3791791,Digitizing the Dead: Understanding ‘Data Hauntings’ to Support Equitable Data Work with Human Remains,2026,chi_2026.bib,True
10.1145/3772318.3791557,"Exploring the Impacts of Background Noise on Auditory Stimuli of Audio-Visual eHMIs for Hearing, Deaf, and Hard-of-Hearing People",2026,chi_2026.bib,True
10.1145/3772318.3791704,Participatory AI Justice in HCI: A Scoping Review,2026,chi_2026.bib,True
10.1145/3772318.3790313,Understanding the Effects of Interaction on Emotional Experiences in VR,2026,chi_2026.bib,True
10.1145/3772318.3790722,AmongOthers: A Design Speculation for Rethinking AI in Online Social Communities,2026,chi_2026.bib,True
10.1145/3772318.3791655,Beyond Descriptions: A Generative Scene2Audio Framework for Blind and Low-Vision Users to Experience Vista Landscapes,2026,chi_2026.bib,True
10.1145/3772318.3791707,Navigating Postpartum: Exploring Lived and Professional Perspectives to Inform Supportive Technology Design,2026,chi_2026.bib,True
10.1145/3772318.3790778,Understanding Emotional Closeness in Distanced Intergenerational Relationships Between Young Children and Older Adults: A Scoping Review for HCI,2026,chi_2026.bib,True
10.1145/3772318.3790965,Sensing Your Vocals: Exploring the Activity of Vocal Cord Muscles for Pitch Assessment Using Electromyography and Ultrasonography,2026,chi_2026.bib,True
10.1145/3772318.3790617,Taking Truncation to Task: A Task-Based Exploration of Axis Truncation in Bar Charts,2026,chi_2026.bib,True
10.1145/3772318.3790979,Perceived Impacts and Challenges of Agricultural Information on Short-Form Video Platforms as Rural Infrastructure,2026,chi_2026.bib,True
10.1145/3772318.3791461,How Tech Workers Contend with Hazards of Humanlikeness in Generative AI,2026,chi_2026.bib,True
10.1145/3772318.3790804,CoBRA: Programming Cognitive Bias in Social Agents Using Classic Social Science Experiments,2026,chi_2026.bib,True
10.1145/3772318.3791126,AI and Sustainable Building Automation Systems (BAS): Envisioned Roles and Emerging Challenges,2026,chi_2026.bib,True
10.1145/3772318.3791265,PleaSQLarify: Visual Pragmatic Repair for Natural Language Database Querying,2026,chi_2026.bib,True
10.1145/3772318.3790563,Patchworking Networks of Support: On the Digital Successes and Challenges of Women- and Minority-Owned Restaurant Businesses,2026,chi_2026.bib,True
10.1145/3772318.3791318,Designing Around Stigma: Human-Centered LLMs for Menstrual Health,2026,chi_2026.bib,True
10.1145/3772318.3790445,LubDubDecoder: Bringing Micro-Mechanical Cardiac Monitoring to Hearables,2026,chi_2026.bib,True
10.1145/3772318.3791524,Designing with Medical Mistrust: Perspectives from Black Older Adults in Publicly Subsidized Housing,2026,chi_2026.bib,True
10.1145/3772318.3791273,Giving Meaning to Movements: Challenges and Opportunities in Expanding Communication by Pairing Unaided AAC with Speech Generated Messages,2026,chi_2026.bib,True
10.1145/3772318.3791102,What's Privacy Good for? Measuring Privacy as a Shield from Harms due to AI Inference of Personal Data,2026,chi_2026.bib,True
10.1145/3772318.3790444,Privacy Settings and Ad Perception: The Shift from Third-Party Cookies to the Privacy Sandbox,2026,chi_2026.bib,True
10.1145/3772318.3791298,Toward Scalable and Responsible Integration of Course-Specific AI Tutors: Instructor Experiences with a Campus-Wide Platform,2026,chi_2026.bib,True
10.1145/3772318.3791070,CADModelScope: Revealing the Dependency Structure Behind Parametric Computer-Aided Design Models,2026,chi_2026.bib,True
10.1145/3772318.3791475,What to Expect When You're Self-Tracking: Lived Experiences of Expectant Individuals and Perspectives of Care Providers on Pregnancy Data Practices,2026,chi_2026.bib,True
10.1145/3772318.3790562,"Co-designing MESA-Bot: Enhancing Accessibility, Privacy, Security, and Trust in a Mental Health Chatbot for Older Adults",2026,chi_2026.bib,True
10.1145/3772318.3790393,The Engagement-Prolonging Designs Teens Encounter on Very Large Online Platforms,2026,chi_2026.bib,True
10.1145/3772318.3791024,Cost-Aware Bayesian Optimization for Interactive Devices,2026,chi_2026.bib,True
10.1145/3772318.3791874,Situated Imaginaries: Designing AI Futures with Computer Science Teaching Assistants,2026,chi_2026.bib,True
10.1145/3772318.3791146,Explainable Moderation in Multiplayer Games: Player Responses to Explanations of an Automated Temporary Ban,2026,chi_2026.bib,True
10.1145/3772318.3791439,How Does Delegation in Social Interaction Evolve Over Time? Navigation with a Robot for Blind People,2026,chi_2026.bib,True
10.1145/3772318.3791393,Good Fences Make Good Neighbors: What’s Acceptable (and What’s Not) in Neighborhood Video Surveillance,2026,chi_2026.bib,True
10.1145/3772318.3791751,MomentumTouch: How Consistent Haptic Feedback Empowers VR Embodied Learning through Cognitive Resource Reconstruction,2026,chi_2026.bib,True
10.1145/3772318.3791660,Dynamic Compensation Can Enhance User Engagement by Triggering Sensitivity to Financial Losses in Crowd-sourced Studies,2026,chi_2026.bib,True
10.1145/3772318.3791214,The Golden Goose of Toxicity: Turning Hostility into Platform Revenue,2026,chi_2026.bib,True
10.1145/3772318.3790316,AI as We Describe It: How Large Language Models and Their Applications in Health are Represented Across Channels of Public Discourse,2026,chi_2026.bib,True
10.1145/3772318.3791237,"Privacy in Human-AI Romantic Relationships: Concerns, Boundaries, and Agency",2026,chi_2026.bib,True
10.1145/3772318.3791455,Draped Surfaces: A Contour-Adaptive Interface Overlaid on the Physical Environment for Mixed Reality Workspaces,2026,chi_2026.bib,True
10.1145/3772318.3791867,"Fluid Independence: Powered Wheelchair Users’ Perspectives on Autonomy, Care, and Assistive Technology",2026,chi_2026.bib,True
10.1145/3772318.3791646,TingleTouch: Touch Guidance through Electrical Stimulation in Resistance Training,2026,chi_2026.bib,True
10.1145/3772318.3790948,"""I can take what I want and adapt as needed"": BIPOC Identity Making and Resistance Through Internet Aesthetics on TikTok",2026,chi_2026.bib,True
10.1145/3772318.3791020,SituFont: A Just-in-Time Adaptive Intervention Interface for Enhancing Mobile Readability in Situational Visual Impairments,2026,chi_2026.bib,True
10.1145/3772318.3791493,"Augmenting Imagery with Multimodal Vibrotactile Representations: Touch, Feel, and Hear",2026,chi_2026.bib,True
10.1145/3772318.3791622,Understanding Parents’ Desires in Moderating Children’s Interactions with GenAI Chatbots through LLM-Generated Probes,2026,chi_2026.bib,True
10.1145/3772318.3791194,"Exploring Data-Driven Approaches to Stress Management: A Systematic Review of Stress Tracking, Intervention, and System Evaluation Methods",2026,chi_2026.bib,True
10.1145/3772318.3791588,Behind the Meme: Understanding User Experiences with Memes on Social Media,2026,chi_2026.bib,True
10.1145/3772318.3790426,"A Design Space of Virtual Bodies: Their Types, Effects, and Theoretical Foundations",2026,chi_2026.bib,True
10.1145/3772318.3790662,SPIRIT: A Design Framework To Support Technology Interventions for Spiritual Care Within and Beyond the Clinic,2026,chi_2026.bib,True
10.1145/3772318.3790663,Swarm UIs: Impact of Assistance on Users’ Sense of Agency,2026,chi_2026.bib,True
10.1145/3772318.3790619,"AI-Supported Electrocardiogram Interpretation: The Effect of Support Presentation on Diagnostic Accuracy, Psychological Need Satisfaction, and Diagnosis Time",2026,chi_2026.bib,True
10.1145/3772318.3790494,AI-generated AR Reassembly Guidance from Disassembly Videos to Scaffold Everyday Repair,2026,chi_2026.bib,True
10.1145/3772318.3791001,Tracing Everyday AI Literacy Discussions at Scale: How Online Creative Communities Make Sense of Generative AI,2026,chi_2026.bib,True
10.1145/3772318.3790315,Investigating How Physical Surfaces Can Serve as Common-Region Cues for Perceptual Grouping of Virtual Elements in Augmented Reality,2026,chi_2026.bib,True
10.1145/3772318.3791027,Haptixel: Encoding Data through Cutaneous Force-based Encountered-Type Fingertip Haptics,2026,chi_2026.bib,True
10.1145/3772318.3790461,Rememo: A Research-through-Design Inquiry Towards an AI-in-the-loop Therapist’s Tool for Dementia Reminiscence,2026,chi_2026.bib,True
10.1145/3772318.3790618,Gesturing Toward Abstraction: Multimodal Convention Formation in Collaborative Physical Tasks,2026,chi_2026.bib,True
10.1145/3772318.3790539,iRULER: Intelligible Rubric-Based User-Defined LLM Evaluation for Revision,2026,chi_2026.bib,True
10.1145/3772318.3790620,Envisioning Audio Augmented Reality in Everyday Life,2026,chi_2026.bib,True
10.1145/3772318.3790462,FingerBar: A Mid-Air Touch Bar Interface for Earphones Using Finger-Generated Acoustics,2026,chi_2026.bib,True
10.1145/3772318.3790786,Designing and Evaluating AI Margin Notes in Document Reader Software,2026,chi_2026.bib,True
10.1145/3772318.3790495,What If Moderation Didn’t Mean Suppression? A Case for Personalized Content Transformation,2026,chi_2026.bib,True
10.1145/3772318.3790761,Predicting Usability and UX based on Eye Movements: Identifying Cross-Stimuli Interaction Patterns with Machine Learning,2026,chi_2026.bib,True
10.1145/3772318.3790827,BioHaptics: Emotion Modulation via Biosignal-Inspired Ultrasonic Mid-air Haptics in Video-Watching Experiences,2026,chi_2026.bib,True
10.1145/3772318.3791088,Reimagining Legal Fact Verification with GenAI: Toward Effective Human-AI Collaboration,2026,chi_2026.bib,True
10.1145/3772318.3791438,Amplifying Trigeminal Flavour: Enhancing Spiciness and Coolness by Electrical and Olfactory Stimulation,2026,chi_2026.bib,True
10.1145/3772318.3793422,"""I don't want to break it"": An Exploration of Perceived Fragility in Shape-Changing Interfaces",2026,chi_2026.bib,True
10.1145/3772318.3791375,Editable XAI: Toward Bidirectional Human-AI Alignment with Co-Editable Explanations of Interpretable Attributes,2026,chi_2026.bib,True
10.1145/3772318.3791705,The RepairBot Framework: Touch-Aware Conversational Agent for Hands on Clothes Repair,2026,chi_2026.bib,True
10.1145/3772318.3790460,"“Don’t Look, But I Know You Do”: Norms and Observer Effects in Shared LLM Accounts",2026,chi_2026.bib,True
10.1145/3772318.3790918,Obscuring Undesirable Individuals to Alleviate Social Discomfort Using Diminished Reality,2026,chi_2026.bib,True
10.1145/3772318.3791773,Human-Human-AI Triadic Programming: Uncovering the Role of AI Agent and the Value of Human Partner in Collaborative Learning,2026,chi_2026.bib,True
10.1145/3772318.3791543,All Futures at Once: Supporting Speculative Design for Placemaking with Multi-Agent Social Simulation,2026,chi_2026.bib,True
10.1145/3772318.3791552,Compliant But Unsatisfactory: The Gap Between Auditing Standards and Practices for Probabilistic Genotyping Software,2026,chi_2026.bib,True
10.1145/3772318.3791165,Improving Low-Vision Chart Accessibility via On-Cursor Visual Context,2026,chi_2026.bib,True
10.1145/3772318.3791900,Understanding Remote Mental Health Supporters' Help-Seeking in Online Communities,2026,chi_2026.bib,True
10.1145/3772318.3791755,When Fingers Become Tools: Rendering Virtual Tool Inertia with a Finger-Mounted Extending Rod,2026,chi_2026.bib,True
10.1145/3772318.3791222,Data-Prompt Co-Evolution: Growing Test Sets to Refine LLM Behavior,2026,chi_2026.bib,True
10.1145/3772318.3790850,Code with Me or for Me? How Increasing AI Automation Transforms Developer Workflows,2026,chi_2026.bib,True
10.1145/3772318.3790538,Zip-up Print: Rapid and Assemblable 3D printing Using 2D Flattened Zipper-like Structures,2026,chi_2026.bib,True
10.1145/3772318.3791970,Division of Labor and Collaboration Between Parents in Family Education: The Case of Homework Involvement in Chinese Families,2026,chi_2026.bib,True
10.1145/3772318.3790764,PanoVR: A Longitudinal Human-Computer Interaction Study on Promoting Skill Transfer in Children with Autism Spectrum Disorder through Panoramic Multi-sensory Virtual Reality Training,2026,chi_2026.bib,True
10.1145/3772318.3791762,Beyond PII: How Users Attempt to Estimate and Mitigate Implicit LLM Inference,2026,chi_2026.bib,True
10.1145/3772318.3791694,Power Echoes: Investigating Moderation Biases in Online Power-Asymmetric Conflicts,2026,chi_2026.bib,True
10.1145/3772318.3791812,“Who moved my heart brush?” Realms of the Heart: A Human-AI Collaborative Gamified Adjuvant Treatment Application for Depressed Teens Based on Painting Therapy,2026,chi_2026.bib,True
10.1145/3772318.3791333,HygroMetric: A Computational Framework for Hygromorphic Shape-Morphing,2026,chi_2026.bib,True
10.1145/3772318.3790661,From Struggle to Success: Context-Aware Guidance for Screen Reader Users in Computer Use,2026,chi_2026.bib,True
10.1145/3772318.3791850,The Work to Make Soldiers Work: Civilian Engagement in Support of the Ukrainian Army,2026,chi_2026.bib,True
10.1145/3772318.3791474,Speaking of Food: Understanding How People Talk About Food Experiences,2026,chi_2026.bib,True
10.1145/3772318.3790812,"Sometimes You Need Facts, and Sometimes a Hug: Understanding Older Adults’ Preferences for Explanations in LLM-Based Conversational AI Systems",2026,chi_2026.bib,True
10.1145/3772318.3790466,Investigating Writing Professionals' Relationships with GenAI: How Combined Perceptions of Rivalry and Collaboration Shape Work Practices and Outcomes,2026,chi_2026.bib,True
10.1145/3772318.3790543,A Faster VR Body to Speed Up Choices,2026,chi_2026.bib,True
10.1145/3772318.3790728,AV-Play: Co-Designing VR Games to Study Audiovisual Integration in Children with ADHD,2026,chi_2026.bib,True
10.1145/3772318.3790513,"Eyes on Many: Evaluating Gaze, Hand, and Voice for Multi-Object Selection in Extended Reality",2026,chi_2026.bib,True
10.1145/3772318.3790593,“Too Crowded for a Robot?”: Modeling Human Acceptance Criteria for Elevator-Riding Robots,2026,chi_2026.bib,True
10.1145/3772318.3791058,Virtual Perspectives: Effects of Spatial Presence and Agency on Affective and Cognitive Virtual Reality Perspective-Taking,2026,chi_2026.bib,True
10.1145/3772318.3790701,Adaptive Bounded-Rationality Modeling of Early-Stage Takeover in Shared-Control Driving,2026,chi_2026.bib,True
10.1145/3772318.3790725,"Emergent, not Immanent: A Baradian Reading of Explainable AI",2026,chi_2026.bib,True
10.1145/3772318.3791670,From Use to Oversight: How Mental Models Influence User Behavior and Output in AI Writing Assistants,2026,chi_2026.bib,True
10.1145/3772318.3790941,Reflections Towards an Ecology of Internet Connectivity: Three Speculative Scenarios Involving Foot Pedals,2026,chi_2026.bib,True
10.1145/3772318.3791894,PlaceWeave: Understanding Place Through Social Video Narratives and Graph-Enhanced Local Knowledge,2026,chi_2026.bib,True
10.1145/3772318.3791527,"When AI Rewrites the News: How Sentiment, Framing, and LLM Disclosure Shape Perceptions",2026,chi_2026.bib,True
10.1145/3772318.3791600,Feedback by Design: Understanding and Overcoming User Feedback Barriers in Conversational Agents,2026,chi_2026.bib,True
10.1145/3772318.3790592,Audience in the Loop: Viewer Feedback-Driven Content Creation in Micro-drama Production on Social Media,2026,chi_2026.bib,True
10.1145/3772318.3791124,"""I Just Need GPT to Refine My Prompts”: Rethinking Onboarding and Help-Seeking with Generative 3D Modelling Tools",2026,chi_2026.bib,True
10.1145/3772318.3790465,NatureCapture: Transforming Real-World Nature into Shared VR Experiences for Deepened Human-Nature Connection,2026,chi_2026.bib,True
10.1145/3772318.3790726,"Programmers Who Use Screen Readers in the Vibe Coding Era: Adaptation, Empowerment, and New Accessibility Landscape",2026,chi_2026.bib,True
10.1145/3772318.3790667,AttentiveLearn: Personalized Post-Lecture Support for Gaze-Aware Immersive Learning,2026,chi_2026.bib,True
10.1145/3772318.3791066,Breaking it Down: Micro Goals in Physical Activity Tracking,2026,chi_2026.bib,True
10.1145/3772318.3791502,AI Personalization Paradox: Reading Highlights for Personalized AI-Assisted Writing Increases Engagement but Undermines Autonomy and Ownership,2026,chi_2026.bib,True
10.1145/3772318.3790664,Dust Off Kindle Highlights With Quologue: Surfacing Personal Data With Generative AI for Reflective Experiences,2026,chi_2026.bib,True
10.1145/3772318.3790755,ViRAS: Design Artifacts to Explore Socio-Material Configurations through a Research-through-Design Approach in Robot-Assisted Surgery,2026,chi_2026.bib,True
10.1145/3772318.3791699,TactDeform: Finger Pad Deformation Inspired Spatial Tactile Feedback for Virtual Geometry Exploration,2026,chi_2026.bib,True
10.1145/3772318.3790982,Less is More! Visual Suppression for Bottom-up and Top-down Attention in Dynamic Environments,2026,chi_2026.bib,True
10.1145/3772318.3790665,Beyond Cues and Cravings: Exploring the Design of Assistive Systems for Craving Perception in Drug Psychotherapy with VR and Biofeedback,2026,chi_2026.bib,True
10.1145/3772318.3791934,EUREXA: End-User Reconfiguration of Environment with eXplainable Augmentation for Generative Fabrication,2026,chi_2026.bib,True
10.1145/3772318.3791884,Protosampling: Enabling Free-Form Convergence of Sampling and Prototyping through Canvas-Driven Visual AI Generation,2026,chi_2026.bib,True
10.1145/3772318.3790427,Designing to Support Local Stakeholders in Negotiating about Future Sustainable and Healthy Food Systems,2026,chi_2026.bib,True
10.1145/3772318.3790978,User Perceptions of Responsible Gambling Messages as Nudges for Gambling Safety,2026,chi_2026.bib,True
10.1145/3772318.3790464,Access in the Shadow of Ableism: A Collaborative Autoethnography on Higher Education Experiences of a Blind Student in China,2026,chi_2026.bib,True
10.1145/3772318.3790463,TraceRing: Touchpad-like Pointing with a Single IMU Ring through Personalized Learning,2026,chi_2026.bib,True
10.1145/3772318.3790815,DiLLS: Interactive Diagnosis of LLM-based Multi-agent Systems via Layered Summary of Agent Behaviors,2026,chi_2026.bib,True
10.1145/3772318.3790666,"Beyond Claiming Sovereign AI: Motivations, Challenges, and Contradictions in Developing and Deploying Local Foundation Models in South Korea",2026,chi_2026.bib,True
10.1145/3772318.3791426,Orchid-Creator: An Authoring Tool Supporting LLM-Driven Interactive Narrative Creation,2026,chi_2026.bib,True
10.1145/3772318.3791413,"Reflecting on 1,000 Social Media Journeys: Generational Patterns in Platform Transition",2026,chi_2026.bib,True
10.1145/3772318.3790723,Y-zipper: 3D Printing Flexible–Rigid Transition Mechanism for Rapid and Reversible Assembly,2026,chi_2026.bib,True
10.1145/3772318.3790590,RealTwin: Concept Graph Representation and Grounding Framework for Reality-Preserving Digital Twin Reconstruction,2026,chi_2026.bib,True
10.1145/3772318.3793192,What is Digital Wellbeing? A Leverage Points Framework to Guide Research and Action,2026,chi_2026.bib,True
10.1145/3772318.3791005,Beyond Disposition: AI Knowledge Predicts Anthropomorphization of a Language Model Better Than Personality Traits in Lay and Expert Populations,2026,chi_2026.bib,True
10.1145/3772318.3791510,From Sleep Scores to Self-Knowledge: Older Adults’ Experiences with Tracking Sleep Using the Oura Ring,2026,chi_2026.bib,True
10.1145/3772318.3790541,Understanding Spatiotemporal-Aware Multimodal Conversational Search in the Outdoor Urban Space,2026,chi_2026.bib,True
10.1145/3772318.3791264,"The Dark Patterns Knowledge Stack: Exploring New Ways to Negotiate Context, Law, and Design",2026,chi_2026.bib,True
10.1145/3772318.3791193,Ready for the Touch: Exploring Users' Perceived Transparency of Robot Pre-Touch Cues,2026,chi_2026.bib,True
10.1145/3772318.3791092,Leveraging Affordances as a Lens: A Systematic Review of Social Media Benefits and Risks for Adolescents,2026,chi_2026.bib,True
10.1145/3772318.3790591,HieraVisVR: Hierarchical Visual Analytics for Motion-Centric VR Playtesting,2026,chi_2026.bib,True
10.1145/3772318.3791551,CASEbot: A Conversational Agent for Structuring and Personalizing the Design of Self-Experiments in Personal Health,2026,chi_2026.bib,True
10.1145/3772318.3791021,"Design Opportunities at the Intersection of Sexual and Reproductive Health, Cystic Fibrosis, and Technology",2026,chi_2026.bib,True
10.1145/3772318.3791089,Evidotes: Integrating Scientific Evidence and Anecdotes to Support Uncertainties Triggered by Peer Health Posts,2026,chi_2026.bib,True
10.1145/3772318.3790542,The Last Door You Open: A Mixed-Methods Study on Design Strategies for Positive Disengagement in Virtual Reality Games,2026,chi_2026.bib,True
10.1145/3772318.3791822,HCI for Agroecology: Agri-Tech between Grassroots and Capitalism,2026,chi_2026.bib,True
10.1145/3772318.3790724,How Do We Evaluate Experiences in Immersive Environments?,2026,chi_2026.bib,True
10.1145/3772318.3790743,The Impact of Uncertainty Visualization on Trust in Thematic Maps,2026,chi_2026.bib,True
10.1145/3772318.3791073,Underreporting of AI Use: The Role of Social Desirability Bias,2026,chi_2026.bib,True
10.1145/3772318.3791067,Epimopilot : An LLM-infused Epistemic Emotion Support System to Boost Self-regulated Asynchronous Online Video Learning,2026,chi_2026.bib,True
10.1145/3772318.3790598,How are Vibrotactile Experiences Visually Represented? A Taxonomy of Illustration Characteristics,2026,chi_2026.bib,True
10.1145/3772318.3791729,QuerySwitch: Supporting the Design Process by Balancing Vagueness through Large Language Models,2026,chi_2026.bib,True
10.1145/3772318.3790643,CreatureConnect: Exploring Shared Control of Multimodal Displays Between People and Lemurs,2026,chi_2026.bib,True
10.1145/3772318.3790597,Understanding Teen Overreliance on AI Companion Chatbots Through Self-Reported Reddit Narratives,2026,chi_2026.bib,True
10.1145/3772318.3791680,"ClearFairy: Capturing Creative Workflows through Decision Structuring, In-Situ Questioning, and Rationale Inference",2026,chi_2026.bib,True
10.1145/3772318.3791453,From Memory to Meaning: A Systematic Review of Reminiscence Technologies in HCI,2026,chi_2026.bib,True
10.1145/3772318.3791242,"""I Don't Trust Any Professional Research Tool"": A Re-Imagination of Knowledge Production Workflows by, with, and for Blind and Low-Vision Researchers",2026,chi_2026.bib,True
10.1145/3772318.3791183,Skewed Dual Normal Distribution Model: Predicting 1D Touch Pointing Success Rate for Targets Near Screen Edges,2026,chi_2026.bib,True
10.1145/3772318.3791761,"Prompting, Oversight, and Adoption: Physicians’ Use of Large Language Models for Diagnostic Reasoning in an LMIC",2026,chi_2026.bib,True
10.1145/3772318.3790364,Treading the Transparency Tightrope: A Taxonomy of Risks and Benefits of Foundation Model Data Transparency for Transparency Advocates,2026,chi_2026.bib,True
10.1145/3772318.3791370,Scaffolded Vulnerability: Chatbot-Mediated Reciprocal Self-Disclosure and Need-Supportive Interaction in Couples,2026,chi_2026.bib,True
10.1145/3772318.3791909,Does Sequencing Matter? Evaluating AI and Human Simulations for High-Stakes Communication Training in Law Enforcement,2026,chi_2026.bib,True
10.1145/3772318.3793144,Rehearsing the Self with AI: Teens Cross-Domain Use of Chatbots,2026,chi_2026.bib,True
10.1145/3772318.3791968,"“It’s Just a Wild, Wild West”: Harnessing Public Procurement as an AI Governance Mechanism",2026,chi_2026.bib,True
10.1145/3772318.3790596,InkFlow: Connected Handwriting Recognition for Natural Mid-Air Input in Mixed Reality,2026,chi_2026.bib,True
10.1145/3772318.3791658,Hiding in Plain Sight: Understanding the Everyday Practices and Challenges of Car Dwellers,2026,chi_2026.bib,True
10.1145/3772318.3791206,Generative AI in Game Development: A Qualitative Research Synthesis,2026,chi_2026.bib,True
10.1145/3772318.3791917,MYOLINK esports: Exploring EMG-based Control Interface Through Muscle Activation and Inhibition to Enable Common Gameplay Mechanics among Players with and without Physical Disabilities,2026,chi_2026.bib,True
10.1145/3772318.3790362,“Capture Your Experience at This Moment”: Collecting Concurrent User Experience Data in Immersive Virtual Environment,2026,chi_2026.bib,True
10.1145/3772318.3791504,Ability Heuristics for Conducting Accessibility Inspections,2026,chi_2026.bib,True
10.1145/3772318.3791205,Race to the Big Lab: Gender Disparities in Large Team Collaboration and Its Impact on Early Academic Careers,2026,chi_2026.bib,True
10.1145/3772318.3790363,Digital Infrastructural Resistance: Working Around Severe Telecommunication Disruptions in Gaza,2026,chi_2026.bib,True
10.1145/3772318.3793528,Weaving 3D Shell-Shaped Fabrics Using Discontinuous and Curved Weft Rows,2026,chi_2026.bib,True
10.1145/3772318.3791805,Modeling Perceived Force of Electrical Muscle Stimulation to Improve User’s Recall,2026,chi_2026.bib,True
10.1145/3772318.3791198,“My Parents’ Expectations Were Overwhelming”: Online Dating Romance Scams Targeting Minors in Iran Through Exploitation of Parental Pressure,2026,chi_2026.bib,True
10.1145/3772318.3791760,OceanChat: The Effect of Virtual Conversational AI Agents on Sustainable Attitude and Behavior Change,2026,chi_2026.bib,True
10.1145/3772318.3791436,MorsEar: Toward Generalizable Low-Resource Covert Messaging via Earable based Inertial Sensing,2026,chi_2026.bib,True
10.1145/3772318.3791842,"Safety With Community: Technologies of Care, Connection, Collective Safety, and Mutual Aid for Transgender Black, Indigenous, and People of Color (TBIPOC)",2026,chi_2026.bib,True
10.1145/3772318.3790517,Attention Nooks: Situated Frictions to Foster Intentional Technology Use,2026,chi_2026.bib,True
10.1145/3772318.3790962,Data Repair,2026,chi_2026.bib,True
10.1145/3772318.3790516,Comparing Fabrication Workflows in CAD to Support Design Reasoning,2026,chi_2026.bib,True
10.1145/3772318.3791279,Privy: Envisioning and Mitigating Privacy Risks for Consumer-facing AI Product Concepts,2026,chi_2026.bib,True
10.1145/3772318.3790467,Do Users Even Care If Reused Smart Garments Reveal Earlier Users' Data? -- Anticipating Privacy Implications in the Circular Economy,2026,chi_2026.bib,True
10.1145/3772318.3790923,Promptimizer: User-Led Prompt Optimization for Personal Content Classification,2026,chi_2026.bib,True
10.1145/3772318.3791892,Situating Youth as Interaction Co-Designers of an Interactive Mural,2026,chi_2026.bib,True
10.1145/3772318.3791718,Estimating Shared Mental Models via Communication-Categorized Directed Graphs,2026,chi_2026.bib,True
10.1145/3772318.3790595,FlueBricks: A Construction Kit of Flute-like Instruments for Acoustic Reasoning,2026,chi_2026.bib,True
10.1145/3772318.3791973,"Who Gets Written In? Gender, Identity, and Moderation in AO3’s Celebrity Fanfiction",2026,chi_2026.bib,True
10.1145/3772318.3790871,ClayPhys: Towards Toolkits that Support Making Expressive Data Physicalization,2026,chi_2026.bib,True
10.1145/3772318.3790668,WordCraft: Scaffolding the Keyword Method for L2 Vocabulary Learning with Multimodal LLMs,2026,chi_2026.bib,True
10.1145/3772318.3790594,Do You (Dis)agree With Me? Modelling Implicit User Disagreement in Human–AI Interaction Using Gaze Data,2026,chi_2026.bib,True
10.1145/3772318.3790515,Understanding Nature Engagement Experiences of Blind People,2026,chi_2026.bib,True
10.1145/3772318.3791022,Exploring the Role of Interaction Data to Empower End-User Decision-Making in UI Personalization,2026,chi_2026.bib,True
10.1145/3772318.3790514,"Sharing Women’s Health Experiences Influenced by Genetic Factors: Practices, Challenges, and Opportunities",2026,chi_2026.bib,True
10.1145/3772318.3791130,"They Think AI Can Do More Than It Actually Can: Practices, Challenges, & Opportunities of AI-Supported Reporting In Local Journalism",2026,chi_2026.bib,True
10.1145/3772318.3791746,Framing 'Collaboration': How Human-Human Principles Translate into Human-AI Realities,2026,chi_2026.bib,True
10.1145/3772318.3791113,How Does My Time Use Align With My Values? Personal Informatics for Connecting Abstract Values to Everyday Life,2026,chi_2026.bib,True
10.1145/3772318.3791107,StepDance: A Toolkit for Redesigning CNC Machines Using Physical Metaphors,2026,chi_2026.bib,True
10.1145/3772318.3791292,"BikeButler: A Personalized, Context-sensitive Bike Routing Tool using Open Data and VLM-based Analyses of Street View Imagery",2026,chi_2026.bib,True
10.1145/3772318.3791949,Req2CAD: bridging functional requirements and parametric CAD models to support conceptual 3D design,2026,chi_2026.bib,True
10.1145/3772318.3791782,Finding a Home for Voice Assistants: A Domestication Calculus Across Three Years and Thirty Households,2026,chi_2026.bib,True
10.1145/3772318.3790688,EyeXRciser: Guiding Eye Exercises without Task Interruption in Virtual Workspaces,2026,chi_2026.bib,True
10.1145/3772318.3791045,"Automate, Assist, Avoid: Caseworkers’ Perspectives on Applying Large Language Model-Based Assistance in Public Sector Decision-Making Processes",2026,chi_2026.bib,True
10.1145/3772318.3791196,Towards Interface Design for Parrot-Human Communication: Investigating Parrot Selections of Speech Board Representations,2026,chi_2026.bib,True
10.1145/3772318.3790293,When the Codec Hallucinates: User Perceptions of Miscompressed Images,2026,chi_2026.bib,True
10.1145/3772318.3791723,Going Light: The Effects of Minimal Mobile Phone Adoption on Young Adults’ Well-Being Depend on Motivation,2026,chi_2026.bib,True
10.1145/3772318.3791713,Orality: A Semantic Canvas for Externalizing and Clarifying Thoughts with Speech,2026,chi_2026.bib,True
10.1145/3772318.3791007,"My Money, Your Name: Challenges and Workarounds in ID-Required Mobile Money in East Africa",2026,chi_2026.bib,True
10.1145/3772318.3790521,Disclosure Matters: How Self-Disclosure Statements in Song Signing Videos Shape d/Deaf Audiences’ Acceptance of Culturally Sensitive Content,2026,chi_2026.bib,True
10.1145/3772318.3790703,Designing Interactive Movement Sonification For Hip-Hop Dance,2026,chi_2026.bib,True
10.1145/3772318.3791002,"Sustainable Human-AI Collaboration in Creative Contexts: An Integrated Approach of CASA, UTAUT, Psychological Ownership, and Self-Determination Theory",2026,chi_2026.bib,True
10.1145/3772318.3790769,Beyond Microsoft and Monsanto: Denaturing the Monoculture Metaphor in Computing,2026,chi_2026.bib,True
10.1145/3772318.3791464,Modalities of Regulation in Sustainable HCI: Rethinking the Role of Design in Shaping Sustainable Behaviours and Society,2026,chi_2026.bib,True
10.1145/3772318.3790730,"Understanding Adoption, Use, and Abandonment Practices in Baby Tracking",2026,chi_2026.bib,True
10.1145/3772318.3791811,Understanding User Experience with Virtual Try-On and Design Implications for Online Fashion Shopping,2026,chi_2026.bib,True
10.1145/3772318.3790770,"""I think this is fair"": Uncovering the Complexities of Stakeholder Decision-Making in AI Fairness Assessment",2026,chi_2026.bib,True
10.1145/3772318.3790914,"`I Know I Can Do the Job, It’s Just Putting It Down’: Using Personas as a Mirror to Identify Strengths",2026,chi_2026.bib,True
10.1145/3772318.3790835,“Do I Trust the AI?” Towards Trustworthy AI-Assisted Diagnosis: Understanding User Perception in LLM-Supported Clinical Reasoning,2026,chi_2026.bib,True
10.1145/3772318.3790292,From Crafting Text to Crafting Thought: Grounding AI Writing Support to Writing Center Pedagogy,2026,chi_2026.bib,True
10.1145/3772318.3790702,Hidden Labor behind the Hype: Understanding AI Side Hustles through Platform Narratives and Worker Practices,2026,chi_2026.bib,True
10.1145/3772318.3791740,Rob2HanD: LLM-Driven Robotic Arm for IMU Interaction Dataset Generation,2026,chi_2026.bib,True
10.1145/3772318.3791583,Think Twice: Improving Privacy Awareness with Tailored LLM-Powered Interventions,2026,chi_2026.bib,True
10.1145/3772318.3791283,Not Everyone Wins with LLMs: Behavioral Patterns and Pedagogical Implications for AI Literacy in Programmatic Data Science,2026,chi_2026.bib,True
10.1145/3772318.3791878,Clay ARTools: Precise Machine Toolpath Editing for Clay 3D Printing With Craft-Inspired Direct Manipulation Tools in AR,2026,chi_2026.bib,True
10.1145/3772318.3791036,"DesignTrace: Exploring, Iterating and Tracking Design Alternatives with GenAI",2026,chi_2026.bib,True
10.1145/3772318.3791701,Play/Destroy: A portfolio of sound destruction devices,2026,chi_2026.bib,True
10.1145/3772318.3791408,From Options to Action: Evaluating Adoption of Privacy Features in Fitness - Tracking Platforms,2026,chi_2026.bib,True
10.1145/3772318.3790291,TFTune: Creation and Personalization of Pointing Transfer Functions Using Reinforcement Learning,2026,chi_2026.bib,True
10.1145/3772318.3790749,GazeZoom: Exploration of Gaze-Assisted Multimodal Techniques for Panning and Zooming,2026,chi_2026.bib,True
10.1145/3772318.3790367,Can’t See Nature for the Trees: A Literature Review about Virtual Nature for Well-Being,2026,chi_2026.bib,True
10.1145/3772318.3790519,TALES: A Taxonomy and Analysis of Cultural Representations in LLM-generated Stories,2026,chi_2026.bib,True
10.1145/3772318.3791764,Civil Data Disobedience: Navigating Data Interaction Challenges in Human Rights Defense Organizations,2026,chi_2026.bib,True
10.1145/3772318.3791913,WELDAR: Augmenting Live Hands-On Training with In-Situ Guidance for Novice Learners,2026,chi_2026.bib,True
10.1145/3772318.3790847,"My Body, Their Business: User Perspectives on Commercial Data Practices in FemTech Apps",2026,chi_2026.bib,True
10.1145/3772318.3791452,Every Move You Make: Visualizing Near-Future Motion Under Delay for Telerobotics,2026,chi_2026.bib,True
10.1145/3772318.3790852,Using Digital Twins to Design and Evaluate Interactive Exhibitions: A Case Study with Handheld AR,2026,chi_2026.bib,True
10.1145/3772318.3791868,"Like, Comment & Caption: A Decade of Social Media Video Caption Research (2015–2025)",2026,chi_2026.bib,True
10.1145/3772318.3790644,"Envisioning Future Food, Technology, and Health: Teens’ Perspectives Through Design Fiction",2026,chi_2026.bib,True
10.1145/3772318.3790599,Adaptive Tutoring Modalities for Supporting Learners’ Reflective Writing Practices,2026,chi_2026.bib,True
10.1145/3772318.3790520,How Well Can 3D Accessibility Guidelines Support XR Development? An Interview Study with XR Practitioners in Industry,2026,chi_2026.bib,True
10.1145/3772318.3791606,Enhancing Subtitle Features in Mobile Apps: Analyzing User Reviews for Accessibility and Usability Insights,2026,chi_2026.bib,True
10.1145/3772318.3790729,µCap: Instrumental Music Captions for Deaf and Hard-of-Hearing Individuals,2026,chi_2026.bib,True
10.1145/3772318.3790365,Needling Through the Threads: A Visualization Tool for Navigating Threaded Online Discussions,2026,chi_2026.bib,True
10.1145/3772318.3791574,SewFab: Sewing Inspired Fabrication on an Unmodified FDM 3D Printer Leveraging Intermittent Human Assistance,2026,chi_2026.bib,True
10.1145/3772318.3790366,Exploring the Impacts and Challenges of Vibe Coding Paradigm to Children's Programming Learning and Practices,2026,chi_2026.bib,True
10.1145/3772318.3791272,"Three Modalities, Two Design Probes, One Prototype, and No Vision: Experience-Based Co-Design of a Multi-modal 3D Data Visualization Tool",2026,chi_2026.bib,True
10.1145/3772318.3790748,Take the Power Back: Screen-Based Personal Moderation Against Hate Speech on Instagram,2026,chi_2026.bib,True
10.1145/3772318.3791858,"""It should help me progress and strengthen my Imaan"": Understanding Algorithmic Experiences of Islamic Content on Social Media Recommendation Systems",2026,chi_2026.bib,True
10.1145/3772318.3790692,Uncertainty and Risk at the Point of Care: Implications of Patient-Generated ECGs and Algorithmic Interpretations for Clinical Decision Making,2026,chi_2026.bib,True
10.1145/3772318.3791774,Beyond the Checkbox: Strengthening DSA Compliance Through Social Media Algorithmic Auditing,2026,chi_2026.bib,True
10.1145/3772318.3791176,When Help Hurts: Verification Load and Fatigue with AI Coding Assistants,2026,chi_2026.bib,True
10.1145/3772318.3791936,``It Feels Like I am Invited to Communicate'': Mediating Ad-Hoc Bystander-VR User Interruptions Through Proactive Proxies,2026,chi_2026.bib,True
10.1145/3772318.3790836,Point & Grasp: Flexible Selection of Out-of-Reach Objects Through Probabilistic Cue Integration,2026,chi_2026.bib,True
10.1145/3772318.3790296,Trauma-Informed Digital Evidence Collection: A Design Inquiry into Evidence Practices for Technology-Facilitated Abuse in Intimate Partner Violence,2026,chi_2026.bib,True
10.1145/3772318.3791584,An Exploratory Study of Sociotechnical Issues for Anti-Money Laundering Workers,2026,chi_2026.bib,True
10.1145/3772318.3791082,Beyond domestication: Differentiating mental models from primary and secondary users in smart home lighting systems,2026,chi_2026.bib,True
10.1145/3772318.3790691,"Participatory, not Punitive: Student-Driven AI Policy Recommendations in a Design Classroom",2026,chi_2026.bib,True
10.1145/3772318.3790446,Everyday Disruptions to Goals: Implications for Wellbeing Technology,2026,chi_2026.bib,True
10.1145/3772318.3790933,Encouraging Breath: Increasing Out‑of‑Session DMHI Engagement using a Shape‑Changing Biofeedback Physicalization within a Longitudinal RCT,2026,chi_2026.bib,True
10.1145/3772318.3791244,Redundant is Not Redundant: Automating Efficient Categorical Palettes Design Unifying Color & Shape Encodings with CatPAW,2026,chi_2026.bib,True
10.1145/3772318.3790411,DuoTouch: Passive Two-Footprint Attachments Using Binary Sequences to Extend Touch Interaction,2026,chi_2026.bib,True
10.1145/3772318.3790447,"Wearing Many Avatars: How Users Express, Shift and Perceive Identity Across Contexts in Social VR",2026,chi_2026.bib,True
10.1145/3772318.3791294,Beyond Riding: Passenger Engagement with Driver Labor through Gamified Interactions,2026,chi_2026.bib,True
10.1145/3772318.3790690,From Clicks to Consensus: Collective Consent Assemblies for Data Governance,2026,chi_2026.bib,True
10.1145/3772318.3790645,Why Do You Know That About Me?— Ethical Implications of Pervasive AR And Face Recognition,2026,chi_2026.bib,True
10.1145/3772318.3790790,"Agency-Enhanced Visual Search in VR: Robust to Distraction, Delay, and Perspective Shifts",2026,chi_2026.bib,True
10.1145/3772318.3791780,Values Across Contexts: Understanding How Older Adults Enact What Matters Through Technology,2026,chi_2026.bib,True
10.1145/3772318.3791147,"Labor, Capital, and Machine: Toward a Labor Process Theory for HCI",2026,chi_2026.bib,True
10.1145/3772318.3791137,Crepe: A Mobile Screen Data Collector Using Graph Query,2026,chi_2026.bib,True
10.1145/3772318.3791924,The Burden of Bearing Witness: Digital Practices of Marginalized Social Media Users in High-Stakes Contexts,2026,chi_2026.bib,True
10.1145/3772318.3791981,"I Participate, Therefore We Benefit: Ubuntu as a Relational Compass for Ethical Compensation in HCI",2026,chi_2026.bib,True
10.1145/3772318.3790295,"Attitudes, Imagined Roles, and Governance Boundaries for AI in Decentralized Social Media",2026,chi_2026.bib,True
10.1145/3772318.3791753,Speculative Performance: Staging Intergenerational Speculation to Explore Critical Literacies of Technological Futures,2026,chi_2026.bib,True
10.1145/3772318.3791083,Enhancing Children's Self-Reporting in Chatbot Diaries through Rhyming Style,2026,chi_2026.bib,True
10.1145/3772318.3793807,Understanding Gendered Experiences of Harassment Among Pakistani Young Adults Using Human-Centered Threat Modeling,2026,chi_2026.bib,True
10.1145/3772318.3791775,From Symptoms to Systems: An Expert-Guided Approach to Understanding Risks of Generative AI for Eating Disorders,2026,chi_2026.bib,True
10.1145/3772318.3790689,"Open, Accurate, and Calibration-Free Muscle-Computer Interfaces",2026,chi_2026.bib,True
10.1145/3772318.3791145,Designing for Wayfinding in VR: Linking Navigation Interfaces to Spatial Learning and Cognitive Mapping,2026,chi_2026.bib,True
10.1145/3772318.3791163,Co-Design of Technology with and for People with Intellectual Disabilities: A Scoping Review of Methods and Inclusion Strategies,2026,chi_2026.bib,True
10.1145/3772318.3790343,"AI in Webtoon Creation: Challenges, Perceptions, and Design Implications",2026,chi_2026.bib,True
10.1145/3772318.3790752,"""I Should Know, But I Dare Not Ask"": From Understanding Challenges in Healthcare Journeys to Deriving Design Implications for North Korean Defectors' Adaptation",2026,chi_2026.bib,True
10.1145/3772318.3791226,T1GER: An Instructional Re-Design of a Cyber Range Exercise in a Commercial Security Operations Center,2026,chi_2026.bib,True
10.1145/3772318.3791951,From Invisible to Actionable: Augmented Reality Interactions with Indoor CO2,2026,chi_2026.bib,True
10.1145/3772318.3791506,Where Will They Click Next? A Social Foraging Model for Collaborating Teams,2026,chi_2026.bib,True
10.1145/3772318.3790410,The Toronto Water Atlas: Staging Encounters With Nature Through Design,2026,chi_2026.bib,True
10.1145/3772318.3791014,ActivitySeeker: Towards Collaborative Personalized Human Activity Discovery and Recognition on Smartphones,2026,chi_2026.bib,True
10.1145/3772318.3790294,The Invisible Mentor: Inferring User Actions from Screen Recordings to Recommend Better Workflows,2026,chi_2026.bib,True
10.1145/3772318.3790368,"Personal Health Data Communication: Techniques, Tensions, and Implications for Design from a Clinician Perspective",2026,chi_2026.bib,True
10.1145/3772318.3791278,Contrastive Learning for Large-scale Color-Name Dataset: Tackling Sparsity with Negative Sampling,2026,chi_2026.bib,True
10.1145/3772318.3791793,TimeMarbles: A More Holistic Approach to Self-Reflecting on Focus in the Knowledge Workplace,2026,chi_2026.bib,True
10.1145/3772318.3791290,ROOTED in Us: A Framework for Cultivating Community Ecosystems through Relationships and Data,2026,chi_2026.bib,True
10.1145/3772318.3791446,"Hi, how do I human this: Neurodiversity-Affirming Design for Autistic Adults' Formation of Identity",2026,chi_2026.bib,True
10.1145/3772318.3790901,The Algorithmic Mirror: Knowledge Creation and Self-Perception in Dating Applications,2026,chi_2026.bib,True
10.1145/3772318.3791236,AI meets Mathematics Education: Supporting Instructors in Large Mathematics Classes with Context-Aware AI,2026,chi_2026.bib,True
10.1145/3772318.3791623,With Visual Integrity and Care: A Framework for Mixed Methods Research on Visual Social Data,2026,chi_2026.bib,True
10.1145/3772318.3791134,Increasing Input Accuracy of Embodied Devices via Electrical Muscle Stimulation,2026,chi_2026.bib,True
10.1145/3772318.3790565,Understanding How Mobile Interactions Shape Grasp and Contact Patterns Beyond the Touchscreen,2026,chi_2026.bib,True
10.1145/3772318.3791838,"Navigating Safety and Technology: The Everyday Safety Labor of Transgender Black, Indigenous, and People of Color in the United States",2026,chi_2026.bib,True
10.1145/3772318.3791739,Emotion in Smart Buildings: Can Affective Interaction Shape Smart Agenda in Architecture?,2026,chi_2026.bib,True
10.1145/3772318.3791611,Exploring Citizens’ Perceptions of Urban Well-Being Through a Card-Based Game,2026,chi_2026.bib,True
10.1145/3772318.3790904,Interaction Through Instruments: Extending Surgical Instruments as Interaction Devices,2026,chi_2026.bib,True
10.1145/3772318.3790876,Rethinking Misinformation: A Holistic Community Model for Youth Resilience through Socioemotional Learning and Sociocultural Design,2026,chi_2026.bib,True
10.1145/3772318.3790448,Exploring the Future of AI in Clinical Collaboration: A Study on Tumor Board Case Preparation,2026,chi_2026.bib,True
10.1145/3772318.3791331,Digital Companionship: Overlapping Uses of AI Companions and AI Assistants,2026,chi_2026.bib,True
10.1145/3772318.3791539,The Dominance Effect: How Verbal and Nonverbal Cues of Virtual Agents Influence Decision-Making in VR,2026,chi_2026.bib,True
10.1145/3772318.3791719,Tuning into Everyday Ecologies: Children’s Slow Noticing in Food Gardens,2026,chi_2026.bib,True
10.1145/3772318.3791825,Starting From Scratch Again and Again: Tracing the Origins of High Schoolers’ Negative Perceptions of Block-Based Programming,2026,chi_2026.bib,True
10.1145/3772318.3790931,Somatic Drawing Tool: 3D Body Sheet as Material for Articulating Synaesthetic Experiences,2026,chi_2026.bib,True
10.1145/3772318.3791508,Mixed Presence in Mixed Reality: Charting the Challenges and Opportunities,2026,chi_2026.bib,True
10.1145/3772318.3790345,HiSync: Spatio-Temporally Aligning Hand Motion from Wearable IMU and On-Robot Camera for Command Source Identification in Long-Range HRI,2026,chi_2026.bib,True
10.1145/3772318.3791624,LLMs Homogenize Values in Constructive Arguments on Value-Laden Topics,2026,chi_2026.bib,True
10.1145/3772318.3791252,Unraveling Entangled Feeds: Rethinking Social Media Design to Enhance User Well-being,2026,chi_2026.bib,True
10.1145/3772318.3791832,"""When We're Looking at the Robot, We See Each Other"": A Comparison of Robotic, Mirror-Based, and Hybrid Interventions for Stranger Interaction",2026,chi_2026.bib,True
10.1145/3772318.3791794,Auditorily Embodied Conversational Agents: Effects of Spatialization and Situated Audio Cues on Presence and Social Perception,2026,chi_2026.bib,True
10.1145/3772318.3791693,"""The AI tool can’t make it any worse."" Investigating Developers’ Security Behavior with AI Assistants in a Password Storage Study",2026,chi_2026.bib,True
10.1145/3772318.3791200,"'Show It, Don't Just Say It': The Complementary Effects of Instruction Multimodality for Software Guidance",2026,chi_2026.bib,True
10.1145/3772318.3790992,Walking Through or Detour? Investigating Walking Paths with World‑Anchored Mixed Reality Objects,2026,chi_2026.bib,True
10.1145/3772318.3791316,A Paradigm for Creative Ownership,2026,chi_2026.bib,True
10.1145/3772318.3790297,The Promises and Perils of using LLMs for Effective Public Services,2026,chi_2026.bib,True
10.1145/3772318.3791347,Fairness-in-the-Workflow: How Machine Learning Practitioners at Big Tech Companies Approach Fairness in Recommender Systems,2026,chi_2026.bib,True
10.1145/3772318.3791814,Multiplicity in Practice: Glitching the Human In/Through Personal Sensing,2026,chi_2026.bib,True
10.1145/3772318.3791392,Invisible Users in Digital Health: A Scoping Review of Digital Interventions to Promote Physical Activity Among CALD Women,2026,chi_2026.bib,True
10.1145/3772318.3791425,Moving Beyond Passwords: Investigating the Effect of Digital Nudges on Passkey Adoption,2026,chi_2026.bib,True
10.1145/3772318.3790267,Framing Water: Exploring Tensions between Social Norms and Environmental Sustainability through a Data Physicalization Game,2026,chi_2026.bib,True
10.1145/3772318.3790817,Generative Muscle Stimulation: Providing Users with Physical Assistance by Constraining Multimodal-AI with Embodied Knowledge,2026,chi_2026.bib,True
10.1145/3772318.3790564,Exploring the Potential of Disengagement-Friendly Game Design to Support Children's Exit from Play Sessions,2026,chi_2026.bib,True
10.1145/3772318.3791731,Live in the Loop: Rapid Run-time Feedback for Prompts,2026,chi_2026.bib,True
10.1145/3772318.3790450,Tracking Together: A Robot-and-App-Based Speech Analysis System to Support Shared Meaning-Making Among Dementia Care Partners,2026,chi_2026.bib,True
10.1145/3772318.3790394,See Me If You Can: A Multi-Layer Protocol for Bystander Privacy with Consent-Based Restoration,2026,chi_2026.bib,True
10.1145/3772318.3791101,PaperTrail: A Claim-Evidence Interface for Grounding Provenance in LLM-based Scholarly Q&A,2026,chi_2026.bib,True
10.1145/3772318.3790568,DuoDrama: Supporting Screenplay Refinement Through LLM-Assisted Human Reflection,2026,chi_2026.bib,True
10.1145/3772318.3790269,HapticLens: Interactive Vibrotactile Haptic Generation from Spatially Localized Video Motion,2026,chi_2026.bib,True
10.1145/3772318.3791004,Does It Matter Which Finger You Use? Investigating Finger Identity and Haptic Pattern Recognition for Stationary and Moving Fingers,2026,chi_2026.bib,True
10.1145/3772318.3791009,Hacking Flow: From Lived Practices to Innovation,2026,chi_2026.bib,True
10.1145/3772318.3791383,Do Entropic Measurements of the Diversity of AI-generated Images Match Human Judgement?,2026,chi_2026.bib,True
10.1145/3772318.3793153,Taking a Walk on the Wild Side: Effects of Walking in Synchrony with Pitch-Altered Footstep Sounds on Body Perception in Outside the Lab Contexts,2026,chi_2026.bib,True
10.1145/3772318.3790621,"The Way We Notice, That’s What Really Matters: Instantiating UI Components with Distinguishing Variations",2026,chi_2026.bib,True
10.1145/3772318.3790956,Finding the Signal in the Noise: An Exploratory Study on Assessing the Effectiveness of AI and Accessibility Forums for Blind Users’ Support Needs,2026,chi_2026.bib,True
10.1145/3772318.3790773,Log2Motion: Biomechanical Motion Synthesis from Touch Logs,2026,chi_2026.bib,True
10.1145/3772318.3790737,"Speaking Through Chatbots or Text: How Format Shapes Information Agreement, Reactance , Environmental Awareness, and Trust",2026,chi_2026.bib,True
10.1145/3772318.3790567,"""My Brother Is a School Principal, Earns About $80,000 Per Year... But When the Kids See Me, 'Wow, Uncle, You Have 1,500 Followers on TikTok!'"": A Study of Blind TikTokers' Alternative Professional Development Experiences",2026,chi_2026.bib,True
10.1145/3772318.3791211,NetworkCanvas: Supporting Progressive Network Visualization Exploration via Adaptive Recommendations,2026,chi_2026.bib,True
10.1145/3772318.3790857,Expert-led Debunking of Health Misinformation on TikTok,2026,chi_2026.bib,True
10.1145/3772318.3790428,Designing Effective Digital Literacy Interventions for Boosting Deepfake Discernment,2026,chi_2026.bib,True
10.1145/3772318.3791530,“Studying Up” through Digital Ethnography: The Case of Conservative Caste Enclaves,2026,chi_2026.bib,True
10.1145/3772318.3790346,Unveiling the Capabilities of Large Language Models in Simulating Student Behavioral Dynamics and Supporting Peer Feedback to Augment Task Performance,2026,chi_2026.bib,True
10.1145/3772318.3791843,An Expert Schema for Evaluating Large Language Model Errors in Scholarly Question-Answering Systems,2026,chi_2026.bib,True
10.1145/3772318.3791621,Visualising Pianists' Touch: Transcribing Expressive Piano Performance from Audio to Piano Key Motion,2026,chi_2026.bib,True
10.1145/3772318.3791482,Gamifying Compassion: Mitigating Dialect Prejudice Through An AI-Driven Serious Game,2026,chi_2026.bib,True
10.1145/3772318.3790268,VisceroHaptics: Investigating the Effects of Gut-based Audio-Haptic Feedback on Gastric Feelings and Gastric Interoceptive Behavior,2026,chi_2026.bib,True
10.1145/3772318.3790784,Sensemaking in User-Driven Algorithm Auditing: A Case Study on Gender Bias in an Image Captioning Model,2026,chi_2026.bib,True
10.1145/3772318.3790449,SceneScout: Towards AI-Driven Access to Street Level Imagery for Blind Users,2026,chi_2026.bib,True
10.1145/3772318.3791062,Learning from AVA: Early Lessons from a Curated and Trustworthy Generative AI for Policy and Development Research,2026,chi_2026.bib,True
10.1145/3772318.3790317,Fit Matters: Format–Distance Alignment Improves Conversational Search,2026,chi_2026.bib,True
10.1145/3772318.3790497,Too Many Zombies: Exploring Challenges and Motivations for (Not) Deleting Unused Online Accounts,2026,chi_2026.bib,True
10.1145/3772318.3791837,Playing for Wellness: A Diary Study of Videogame Usage and Adolescent Wellbeing,2026,chi_2026.bib,True
10.1145/3772318.3791336,I-VAMOS: Independent Voting with Accessible Multimodal Offline System for Visually Impaired Users,2026,chi_2026.bib,True
10.1145/3772318.3790932,WatchHand: Enabling Continuous Hand Pose Tracking On Off-the-Shelf Smartwatches,2026,chi_2026.bib,True
10.1145/3772318.3791042,D-MO: Depth from Motion and Occlusion as a Visual Channel for Information Visualization,2026,chi_2026.bib,True
10.1145/3772318.3791301,Balancing Efficiency and Empathy: Healthcare Providers' Perspectives on AI-Supported Workflows for Serious Illness Conversations in the Emergency Department,2026,chi_2026.bib,True
10.1145/3772318.3791140,Modelling Visuo-Haptic Perception Change in Size Estimation Tasks,2026,chi_2026.bib,True
10.1145/3772318.3792784,LiqMetCraft: A Toolkit for Creating Papercraft with Embedded Electronics By Directly Cutting and Folding Liquid-Metal-Dyed Paper-like Fabric,2026,chi_2026.bib,True
10.1145/3772318.3791040,DuoMorph: Synergistic Integration of FDM Printing and Pneumatic Actuation for Shape-Changing Interfaces,2026,chi_2026.bib,True
10.1145/3772318.3790775,Belief Updating and Delegation in Multi-Task Human–AI Interaction: Evidence from Controlled Simulations,2026,chi_2026.bib,True
10.1145/3772318.3791143,Understanding the Use of a Large Language Model-Powered Guide to Make Virtual Reality Accessible for Blind and Low Vision People,2026,chi_2026.bib,True
