title,year,source
A graph similarity for deep learning,2020,2020.csv
Improved Algorithms for Online Submodular Maximization via First-order Regret Bounds,2020,2020.csv
Self-Supervised MultiModal Versatile Networks,2020,2020.csv
Trading Personalization for Accuracy: Data Debugging in Collaborative Filtering,2020,2020.csv
"Benchmarking Deep Inverse Models over time, and the Neural-Adjoint method",2020,2020.csv
Off-Policy Evaluation and Learning for External Validity under a Covariate Shift,2020,2020.csv
Neural Methods for Point-wise Dependency Estimation,2020,2020.csv
Improving Local Identifiability in Probabilistic Box Embeddings,2020,2020.csv
Fourier Sparse Leverage Scores and Approximate Kernel Learning,2020,2020.csv
Adversarially Robust Streaming Algorithms via Differential Privacy,2020,2020.csv
Backpropagating Linearly Improves Transferability of Adversarial Examples,2020,2020.csv
PyGlove: Symbolic Programming for Automated Machine Learning,2020,2020.csv
Deep reconstruction of strange attractors from time series,2020,2020.csv
Permute-and-Flip: A new mechanism for differentially private selection,2020,2020.csv
Reciprocal Adversarial Learning via Characteristic Functions,2020,2020.csv
Statistical Guarantees of Distributed Nearest Neighbor Classification,2020,2020.csv
The Statistical Complexity of Early-Stopped Mirror Descent,2020,2020.csv
A Causal View on Robustness  of Neural Networks,2020,2020.csv
How to Learn a Useful Critic? Model-based Action-Gradient-Estimator Policy Optimization,2020,2020.csv
Stein Self-Repulsive Dynamics: Benefits From Past Samples,2020,2020.csv
Algorithmic recourse under imperfect causal knowledge: a probabilistic approach,2020,2020.csv
Efficient Contextual Bandits with Continuous Actions,2020,2020.csv
Achieving Equalized Odds by Resampling Sensitive Attributes,2020,2020.csv
A Closer Look at the Training Strategy for Modern Meta-Learning,2020,2020.csv
Hard Shape-Constrained Kernel Machines,2020,2020.csv
Generalised Bayesian Filtering via Sequential Monte Carlo,2020,2020.csv
Deterministic Approximation for Submodular Maximization over a Matroid in Nearly Linear Time,2020,2020.csv
Flows for simultaneous manifold learning and density estimation,2020,2020.csv
Learning Manifold Implicitly via Explicit Heat-Kernel Learning,2020,2020.csv
Deep Relational Topic Modeling via Graph Poisson Gamma Belief Network,2020,2020.csv
Efficient Variational Inference for Sparse Deep Learning with Theoretical Guarantee,2020,2020.csv
What is being transferred in transfer learning?,2020,2020.csv
Submodular Maximization Through Barrier Functions,2020,2020.csv
Neural Networks with Recurrent Generative Feedback,2020,2020.csv
Improving Inference for Neural Image Compression,2020,2020.csv
FixMatch: Simplifying Semi-Supervised Learning with Consistency and Confidence,2020,2020.csv
Reinforcement Learning with Combinatorial Actions: An Application to Vehicle Routing,2020,2020.csv
Towards Playing Full MOBA Games with Deep Reinforcement Learning,2020,2020.csv
Rankmax: An Adaptive Projection Alternative to the Softmax Function,2020,2020.csv
Online Agnostic Boosting via Regret Minimization,2020,2020.csv
Over-parameterized Adversarial Training: An Analysis Overcoming the Curse of Dimensionality,2020,2020.csv
Debugging Tests for Model Explanations,2020,2020.csv
Belief Propagation Neural Networks,2020,2020.csv
Robust compressed sensing using generative models,2020,2020.csv
Stochastic Latent Actor-Critic: Deep Reinforcement Learning with a Latent Variable Model,2020,2020.csv
Ridge Rider: Finding Diverse Solutions by Following Eigenvectors of the Hessian,2020,2020.csv
The route to chaos in routing games: When is price of anarchy too optimistic?,2020,2020.csv
What went wrong and when? Instance-wise feature importance for time-series black-box models,2020,2020.csv
Towards Better Generalization of Adaptive Gradient Methods,2020,2020.csv
Learning Guidance Rewards with Trajectory-space Smoothing,2020,2020.csv
Tree! I am no Tree! I am a low dimensional Hyperbolic Embedding,2020,2020.csv
Convolutional Generation of Textured 3D Meshes,2020,2020.csv
A Statistical Framework for Low-bitwidth Training of Deep Neural Networks,2020,2020.csv
Better Set Representations For Relational Reasoning,2020,2020.csv
A Combinatorial Perspective on Transfer Learning,2020,2020.csv
Hardness of Learning Neural Networks with Natural Weights,2020,2020.csv
Sinkhorn Barycenter via Functional Gradient Descent,2020,2020.csv
Coresets for Near-Convex Functions,2020,2020.csv
Improved Schemes for Episodic Memory-based Lifelong Learning,2020,2020.csv
Bayesian Deep Ensembles via the Neural Tangent Kernel,2020,2020.csv
Adaptive Sampling for Stochastic Risk-Averse Learning,2020,2020.csv
Discovering Reinforcement Learning Algorithms,2020,2020.csv
Deep Wiener Deconvolution: Wiener Meets Deep Learning for Image Deblurring,2020,2020.csv
Taming Discrete Integration via the Boon of Dimensionality,2020,2020.csv
On the Almost Sure Convergence of Stochastic Gradient Descent in Non-Convex Problems,2020,2020.csv
Model Selection for Production System via Automated Online Experiments,2020,2020.csv
Automatic Perturbation Analysis for Scalable Certified Robustness and Beyond,2020,2020.csv
Adaptation Properties Allow Identification of Optimized Neural Codes,2020,2020.csv
Global Convergence and Variance Reduction for a Class of Nonconvex-Nonconcave Minimax Problems,2020,2020.csv
Model-Based Multi-Agent RL in Zero-Sum Markov Games with Near-Optimal Sample Complexity,2020,2020.csv
Online Influence Maximization under Linear Threshold Model,2020,2020.csv
Delving into the Cyclic Mechanism in Semi-supervised Video Object Segmentation,2020,2020.csv
Asymmetric Shapley values: incorporating causal knowledge into model-agnostic explainability,2020,2020.csv
Planning in Markov Decision Processes with Gap-Dependent Sample Complexity,2020,2020.csv
Provably Good Batch Off-Policy Reinforcement Learning Without Great Exploration,2020,2020.csv
Understanding Deep Architecture with Reasoning Layer,2020,2020.csv
Detection as Regression: Certified Object Detection with Median Smoothing,2020,2020.csv
FleXOR: Trainable Fractional Quantization,2020,2020.csv
ExpandNets: Linear Over-parameterization to Train Compact Convolutional Networks,2020,2020.csv
The Implications of Local Correlation on Learning Some Deep Functions,2020,2020.csv
Learning to search efficiently for causally near-optimal treatments,2020,2020.csv
A Game Theoretic Analysis of Additive Adversarial Attacks and Defenses,2020,2020.csv
Recurrent Quantum Neural Networks,2020,2020.csv
No-Regret Learning and Mixed Nash Equilibria: They Do Not Mix,2020,2020.csv
Continuous Submodular Maximization: Beyond DR-Submodularity,2020,2020.csv
A Unifying View of Optimism in Episodic Reinforcement Learning,2020,2020.csv
An Asymptotically Optimal Primal-Dual Incremental Algorithm for Contextual Linear Bandits,2020,2020.csv
Assessing SATNet's Ability to Solve the Symbol Grounding Problem,2020,2020.csv
A Bayesian Nonparametrics View into Deep Representations,2020,2020.csv
On the Similarity between the Laplace and Neural Tangent Kernels,2020,2020.csv
Explainable Voting,2020,2020.csv
Deep Archimedean Copulas,2020,2020.csv
Re-Examining Linear Embeddings for High-Dimensional Bayesian Optimization,2020,2020.csv
Thunder: a Fast Coordinate Selection Solver for  Sparse Learning,2020,2020.csv
Neural Networks Fail to Learn Periodic Functions and How to Fix It,2020,2020.csv
Correspondence learning via linearly-invariant embedding,2020,2020.csv
On Adaptive Attacks to Adversarial Example Defenses,2020,2020.csv
Learning to Dispatch for Job Shop Scheduling via Deep Reinforcement Learning,2020,2020.csv
Sinkhorn Natural Gradient for Generative Models,2020,2020.csv
Online Sinkhorn: Optimal Transport distances from sample streams,2020,2020.csv
Ultrahyperbolic Representation Learning,2020,2020.csv
Compositional Generalization via Neural-Symbolic Stack Machines,2020,2020.csv
Locally-Adaptive Nonparametric Online Learning,2020,2020.csv
Graphon Neural Networks and the Transferability of Graph Neural Networks,2020,2020.csv
Unreasonable Effectiveness of Greedy Algorithms in Multi-Armed Bandit with Many Arms,2020,2020.csv
Neural Mesh Flow: 3D Manifold Mesh Generation via Diffeomorphic  Flows,2020,2020.csv
Gamma-Models: Generative Temporal Difference Learning for Infinite-Horizon Prediction,2020,2020.csv
Deep Transformers with Latent Depth,2020,2020.csv
Ultra-Low Precision 4-bit Training of Deep Neural Networks,2020,2020.csv
Bridging the Gap between Sample-based and One-shot Neural Architecture Search with BONAS,2020,2020.csv
On Numerosity of Deep Neural Networks,2020,2020.csv
Outlier Robust Mean Estimation with Subgaussian Rates via Stability,2020,2020.csv
Margins are Insufficient for Explaining Gradient Boosting,2020,2020.csv
Fourier-transform-based attribution priors improve the interpretability and stability of deep learning models for genomics,2020,2020.csv
MomentumRNN: Integrating Momentum into Recurrent Neural Networks,2020,2020.csv
Marginal Utility for Planning in Continuous or Large Discrete Action Spaces,2020,2020.csv
Minimax Lower Bounds for Transfer Learning with Linear and One-hidden Layer Neural Networks,2020,2020.csv
Projected Stein Variational Gradient Descent,2020,2020.csv
The Power of Predictions in Online Control,2020,2020.csv
Learning Affordance Landscapes for Interaction Exploration in 3D Environments,2020,2020.csv
Cooperative Multi-player Bandit Optimization,2020,2020.csv
Tight First- and Second-Order Regret Bounds for Adversarial Linear Bandits,2020,2020.csv
Just Pick a Sign: Optimizing Deep Multitask Models with Gradient Sign Dropout,2020,2020.csv
A Loss Function for Generative Neural Networks Based on Watson’s Perceptual Model,2020,2020.csv
Scalable Multi-Agent Reinforcement Learning for Networked Systems with Average Reward,2020,2020.csv
Optimizing Neural Networks via Koopman Operator Theory,2020,2020.csv
SVGD as a kernelized Wasserstein gradient flow of the chi-squared divergence,2020,2020.csv
Adversarial Robustness of Supervised Sparse Coding,2020,2020.csv
Differentiable Meta-Learning of Bandit Policies,2020,2020.csv
Biologically Inspired Mechanisms for Adversarial Robustness,2020,2020.csv
Statistical-Query Lower Bounds via Functional Gradients,2020,2020.csv
Near-Optimal Reinforcement Learning with Self-Play,2020,2020.csv
Network Diffusions via Neural Mean-Field Dynamics,2020,2020.csv
Pointer Graph Networks,2020,2020.csv
Cross-lingual Retrieval for Iterative Self-Supervised Training,2020,2020.csv
Towards Problem-dependent Optimal Learning Rates,2020,2020.csv
Rethinking pooling in graph neural networks,2020,2020.csv
Faster Wasserstein Distance Estimation with the Sinkhorn Divergence,2020,2020.csv
Forethought and Hindsight in Credit Assignment,2020,2020.csv
Rescuing neural spike train models from bad MLE,2020,2020.csv
Lower Bounds and Optimal Algorithms for Personalized Federated Learning,2020,2020.csv
Black-Box Certification with Randomized Smoothing: A Functional Optimization Based Framework,2020,2020.csv
Deep Imitation Learning for Bimanual Robotic Manipulation,2020,2020.csv
Stationary Activations for Uncertainty Calibration in Deep Learning,2020,2020.csv
Falcon: Fast Spectral Inference on Encrypted Data,2020,2020.csv
On Power Laws in Deep Ensembles,2020,2020.csv
Inference Stage Optimization for Cross-scenario 3D Human Pose Estimation,2020,2020.csv
Approximation Based Variance Reduction for Reparameterization Gradients,2020,2020.csv
Consistent feature selection for analytic deep neural networks,2020,2020.csv
Glance and Focus: a Dynamic Approach to Reducing Spatial Redundancy in Image Classification,2020,2020.csv
Bayesian Multi-type Mean Field Multi-agent Imitation Learning,2020,2020.csv
Bayesian Robust Optimization for Imitation Learning,2020,2020.csv
Riemannian Continuous Normalizing Flows,2020,2020.csv
Asymptotic Guarantees for Generative Modeling Based on the Smooth Wasserstein Distance,2020,2020.csv
Attention-Gated Brain Propagation: How the brain can implement reward-based error backpropagation,2020,2020.csv
Online Robust Regression via SGD on the l1 loss,2020,2020.csv
Tight Nonparametric Convergence Rates for Stochastic Gradient Descent under the Noiseless Linear Model,2020,2020.csv
Fighting Copycat Agents in Behavioral Cloning from Observation Histories,2020,2020.csv
Stochasticity of Deterministic Gradient Descent: Large Learning Rate for Multiscale Objective Function,2020,2020.csv
Optimal Lottery Tickets via Subset Sum: Logarithmic Over-Parameterization is Sufficient,2020,2020.csv
Optimal Approximation - Smoothness Tradeoffs for Soft-Max Functions,2020,2020.csv
Why Do Deep Residual Networks Generalize Better than Deep Feedforward Networks? --- A Neural Tangent Kernel Perspective,2020,2020.csv
Dual Instrumental Variable Regression,2020,2020.csv
Interventional Few-Shot Learning,2020,2020.csv
Minimax Value Interval for Off-Policy Evaluation and Policy Optimization,2020,2020.csv
Biased Stochastic First-Order Methods for Conditional Stochastic Optimization and Applications in Meta Learning,2020,2020.csv
ShiftAddNet: A Hardware-Inspired Deep Network,2020,2020.csv
Finding Second-Order Stationary Points Efficiently in Smooth Nonconvex Linearly Constrained Optimization Problems,2020,2020.csv
Network-to-Network Translation with Conditional Invertible Neural Networks,2020,2020.csv
Geometric All-way Boolean Tensor Decomposition,2020,2020.csv
Modular Meta-Learning with Shrinkage,2020,2020.csv
Model-based Policy Optimization with Unsupervised Model Adaptation,2020,2020.csv
Implicit Regularization and Convergence for Weight Normalization,2020,2020.csv
A/B Testing in Dense Large-Scale Networks: Design and Inference,2020,2020.csv
Partially View-aligned Clustering,2020,2020.csv
What Neural Networks Memorize and Why: Discovering the Long Tail via Influence Estimation,2020,2020.csv
Logarithmic Pruning is All You Need,2020,2020.csv
Adversarial Weight Perturbation Helps Robust Generalization,2020,2020.csv
Normalizing Kalman Filters for Multivariate Time Series Analysis,2020,2020.csv
Stateful Posted Pricing with Vanishing Regret via Dynamic Deterministic Markov Decision Processes,2020,2020.csv
"Lamina-specific neuronal properties promote robust, stable signal propagation in feedforward networks",2020,2020.csv
Learning Dynamic Belief Graphs to Generalize on Text-Based Games,2020,2020.csv
Triple descent and the two kinds of overfitting: where & why do they appear?,2020,2020.csv
Learning Graph Structure With A Finite-State Automaton Layer,2020,2020.csv
Multi-label classification: do Hamming loss and subset accuracy really conflict with each other?,2020,2020.csv
A Universal Approximation Theorem of Deep Neural Networks for Expressing Probability Distributions,2020,2020.csv
A Novel Automated Curriculum Strategy to Solve Hard Sokoban Planning Instances,2020,2020.csv
Causal analysis of Covid-19 Spread in Germany,2020,2020.csv
Locally private non-asymptotic testing of discrete distributions is faster using interactive mechanisms,2020,2020.csv
Adaptive Gradient Quantization for Data-Parallel SGD,2020,2020.csv
Finite Continuum-Armed Bandits,2020,2020.csv
Compact task representations as a normative model for higher-order brain activity,2020,2020.csv
Co-exposure Maximization in Online Social Networks,2020,2020.csv
Reinforcement Learning for Control with Multiple Frequencies,2020,2020.csv
UCLID-Net: Single View Reconstruction in Object Space,2020,2020.csv
Complex Dynamics in Simple Neural Networks: Understanding Gradient Flow in Phase Retrieval,2020,2020.csv
Optimal Private Median Estimation under Minimal Distributional Assumptions,2020,2020.csv
Breaking the Communication-Privacy-Accuracy Trilemma,2020,2020.csv
Audeo: Audio Generation for a Silent Performance Video,2020,2020.csv
Ode to an ODE,2020,2020.csv
Self-Distillation Amplifies Regularization in Hilbert Space,2020,2020.csv
Coupling-based Invertible Neural Networks Are Universal Diffeomorphism Approximators,2020,2020.csv
An operator view of policy gradient methods,2020,2020.csv
Online MAP Inference of Determinantal Point Processes,2020,2020.csv
Video Object Segmentation with Adaptive Feature Bank and Uncertain-Region Refinement,2020,2020.csv
Inferring learning rules from animal decision-making,2020,2020.csv
How hard is to distinguish graphs with graph neural networks?,2020,2020.csv
Minimax Regret of Switching-Constrained Online Convex Optimization: No Phase Transition,2020,2020.csv
Classification with Valid and Adaptive Coverage,2020,2020.csv
Learning Global Transparent Models consistent with Local Contrastive Explanations,2020,2020.csv
Learning to Approximate a Bregman Divergence,2020,2020.csv
Natural Graph Networks,2020,2020.csv
Continual Learning with Node-Importance based Adaptive Group Sparse Regularization,2020,2020.csv
On ranking via sorting by estimated expected utility,2020,2020.csv
"Distribution-free binary classification: prediction sets, confidence intervals and calibration",2020,2020.csv
Deep Reinforcement and InfoMax Learning,2020,2020.csv
Bidirectional Convolutional Poisson Gamma Dynamical Systems,2020,2020.csv
Closing the Dequantization Gap: PixelCNN as a Single-Layer Flow,2020,2020.csv
Sequence to Multi-Sequence Learning via Conditional Chain Mapping for Mixture Signals,2020,2020.csv
Variance reduction for Random Coordinate Descent-Langevin Monte Carlo,2020,2020.csv
All Word Embeddings from One Embedding,2020,2020.csv
How to Characterize The Landscape of Overparameterized Convolutional Neural Networks,2020,2020.csv
Primal Dual Interpretation of the Proximal Stochastic Gradient Langevin Algorithm,2020,2020.csv
On the Tightness of Semidefinite Relaxations for Certifying Robustness to Adversarial Examples,2020,2020.csv
Submodular Meta-Learning,2020,2020.csv
Unsupervised Sound Separation Using Mixture Invariant Training,2020,2020.csv
Adaptive Discretization for Model-Based Reinforcement Learning,2020,2020.csv
On Warm-Starting Neural Network Training,2020,2020.csv
DAGs with No Fears: A Closer Look at Continuous Optimization for Learning Bayesian Networks,2020,2020.csv
An Imitation from Observation Approach to Transfer Learning with Dynamics Mismatch,2020,2020.csv
Learning discrete distributions with infinite support,2020,2020.csv
Dissecting Neural ODEs,2020,2020.csv
Counterfactual Data Augmentation using Locally Factored Dynamics,2020,2020.csv
Rethinking Learnable Tree Filter for Generic Feature Transform,2020,2020.csv
Sufficient dimension reduction for classification using principal optimal transport direction,2020,2020.csv
Fast Epigraphical Projection-based Incremental Algorithms for Wasserstein Distributionally Robust Support Vector Machine,2020,2020.csv
Differentially Private Clustering: Tight Approximation Ratios,2020,2020.csv
On the Power of Louvain in the Stochastic Block Model,2020,2020.csv
Searching for Low-Bit Weights in Quantized Neural Networks,2020,2020.csv
Adaptive Reduced Rank Regression,2020,2020.csv
Sequential Bayesian Experimental Design with Variable Cost Structure,2020,2020.csv
Predictive inference is free with the jackknife+-after-bootstrap,2020,2020.csv
Counterfactual Predictions under Runtime Confounding,2020,2020.csv
Efficient Exploration of Reward Functions in Inverse Reinforcement Learning via Bayesian Optimization,2020,2020.csv
MDP Homomorphic Networks: Group Symmetries in Reinforcement Learning,2020,2020.csv
On the Error Resistance of Hinge-Loss Minimization,2020,2020.csv
Munchausen Reinforcement Learning,2020,2020.csv
Object Goal Navigation using Goal-Oriented Semantic Exploration,2020,2020.csv
Funnel-Transformer: Filtering out Sequential Redundancy for Efficient Language Processing,2020,2020.csv
Efficient semidefinite-programming-based inference for binary and multi-class MRFs,2020,2020.csv
CogMol: Target-Specific and Selective Drug Design for COVID-19 Using Deep Generative Models,2020,2020.csv
Memory Based Trajectory-conditioned Policies for Learning from Sparse Rewards,2020,2020.csv
Liberty or Depth: Deep Bayesian Neural Nets Do Not Need Complex Weight Posterior Approximations,2020,2020.csv
Improving Sample Complexity Bounds for (Natural) Actor-Critic Algorithms,2020,2020.csv
Learning Differential Equations that are Easy to Solve,2020,2020.csv
Influence-Augmented Online Planning for Complex Environments,2020,2020.csv
PAC-Bayes Learning Bounds for Sample-Dependent Priors,2020,2020.csv
Reward-rational (implicit) choice: A unifying formalism for reward learning,2020,2020.csv
Low Distortion Block-Resampling with Spatially Stochastic Networks,2020,2020.csv
Learning Structured Distributions From Untrusted Batches: Faster and Simpler,2020,2020.csv
Diversity can be Transferred: Output Diversification for White- and Black-box Attacks,2020,2020.csv
Unsupervised Learning of Dense Visual Representations,2020,2020.csv
Distance Encoding: Design Provably More Powerful Neural Networks for Graph Representation Learning,2020,2020.csv
Higher-Order Certification For Randomized Smoothing,2020,2020.csv
Continual Deep Learning by Functional Regularisation of Memorable Past,2020,2020.csv
POLY-HOOT: Monte-Carlo Planning in Continuous Space MDPs with Non-Asymptotic Analysis,2020,2020.csv
Variational Policy Gradient Method for Reinforcement Learning with General Utilities,2020,2020.csv
Reverse-engineering recurrent neural network solutions to a hierarchical inference task for mice,2020,2020.csv
Privacy Amplification via Random Check-Ins,2020,2020.csv
Efficient Low Rank Gaussian Variational Inference for Neural Networks,2020,2020.csv
Probabilistic Circuits for Variational Inference in Discrete Graphical Models,2020,2020.csv
A Non-Asymptotic Analysis for Stein Variational Gradient Descent,2020,2020.csv
Bayesian Deep Learning and a Probabilistic Perspective of Generalization,2020,2020.csv
Towards More Practical Adversarial Attacks on Graph Neural Networks,2020,2020.csv
Multi-Task Reinforcement Learning with Soft Modularization,2020,2020.csv
Causal Shapley Values: Exploiting Causal Knowledge to Explain Individual Predictions of Complex Models,2020,2020.csv
On the training dynamics of deep networks with $L_2$ regularization,2020,2020.csv
Improved Algorithms for Convex-Concave Minimax Optimization,2020,2020.csv
Learning Implicit Functions for Topology-Varying Dense 3D Shape Correspondence,2020,2020.csv
AI Feynman 2.0: Pareto-optimal symbolic regression exploiting graph modularity,2020,2020.csv
Delay and Cooperation in Nonstochastic Linear Bandits,2020,2020.csv
Telescoping Density-Ratio Estimation,2020,2020.csv
Minimax Dynamics of Optimally Balanced Spiking Networks of Excitatory and Inhibitory Neurons,2020,2020.csv
Learning Differentiable Programs with Admissible Neural Heuristics,2020,2020.csv
Domain Adaptation as a Problem of Inference on Graphical Models,2020,2020.csv
Network size and size of the weights in memorization with two-layers neural networks,2020,2020.csv
Certifying Strategyproof Auction Networks,2020,2020.csv
HOI Analysis: Integrating and Decomposing Human-Object Interaction,2020,2020.csv
Meta-Neighborhoods,2020,2020.csv
Neural Dynamic Policies for End-to-End Sensorimotor Learning,2020,2020.csv
Attribution Preservation in Network Compression for Reliable Network Interpretation,2020,2020.csv
A new inference approach for training shallow and deep generalized linear models of noisy interacting neurons,2020,2020.csv
Feature Importance Ranking for Deep Learning,2020,2020.csv
Causal Estimation with Functional Confounders,2020,2020.csv
Decision-Making with Auto-Encoding Variational Bayes,2020,2020.csv
Exact expressions for double descent and implicit regularization via surrogate random design,2020,2020.csv
"Hausdorff Dimension, Heavy Tails, and Generalization in Neural Networks",2020,2020.csv
Learning Physical Constraints with Neural Projections,2020,2020.csv
A Game-Theoretic Analysis of the Empirical Revenue Maximization Algorithm with Endogenous Sampling,2020,2020.csv
Neural Path Features and Neural Path Kernel : Understanding the role of gates in deep learning,2020,2020.csv
Sparse Graphical Memory for Robust Planning,2020,2020.csv
Second Order PAC-Bayesian Bounds for the Weighted Majority Vote,2020,2020.csv
Dirichlet Graph Variational Autoencoder,2020,2020.csv
Modeling Task Effects on Meaning Representation in the Brain via Zero-Shot MEG Prediction,2020,2020.csv
Robust Quantization: One Model to Rule Them All,2020,2020.csv
Enabling certification of verification-agnostic networks via memory-efficient semidefinite programming,2020,2020.csv
Robust Density Estimation under Besov IPM Losses,2020,2020.csv
Federated Accelerated Stochastic Gradient Descent,2020,2020.csv
Statistical Efficiency of Thompson Sampling for Combinatorial Semi-Bandits,2020,2020.csv
Agnostic Learning of a Single Neuron with Gradient Descent,2020,2020.csv
Analytic Characterization of the Hessian in Shallow ReLU Models: A Tale of Symmetry,2020,2020.csv
Generative causal explanations of black-box classifiers,2020,2020.csv
Sub-sampling for Efficient Non-Parametric Bandit Exploration,2020,2020.csv
Language Through a Prism: A Spectral Approach for Multiscale Language Representations,2020,2020.csv
Learning under Model Misspecification: Applications to Variational and Ensemble methods,2020,2020.csv
The Value Equivalence Principle for Model-Based Reinforcement Learning,2020,2020.csv
Independent Policy Gradient Methods for Competitive Reinforcement Learning,2020,2020.csv
Latent World Models For Intrinsically Motivated Exploration,2020,2020.csv
Estimating Rank-One Spikes from Heavy-Tailed Noise via Self-Avoiding Walks,2020,2020.csv
Policy Improvement via Imitation of Multiple Oracles,2020,2020.csv
Training Generative Adversarial Networks by Solving Ordinary Differential Equations,2020,2020.csv
Learning of Discrete Graphical Models with Neural Networks,2020,2020.csv
RepPoints v2: Verification Meets Regression for Object Detection,2020,2020.csv
Entrywise convergence of iterative methods for eigenproblems,2020,2020.csv
Learning Object-Centric Representations of Multi-Object Scenes from Multiple Views,2020,2020.csv
A Catalyst Framework for Minimax Optimization,2020,2020.csv
Improving GAN Training with Probability Ratio Clipping and Sample Reweighting,2020,2020.csv
Gradient Estimation with Stochastic Softmax Tricks,2020,2020.csv
Self-supervised Co-Training for Video Representation Learning,2020,2020.csv
SLIP: Learning to predict in unknown dynamical systems with long-term memory,2020,2020.csv
Meta-Learning Requires Meta-Augmentation,2020,2020.csv
Gaussian Process Bandit Optimization of the Thermodynamic Variational Objective,2020,2020.csv
On Testing of Samplers,2020,2020.csv
MiniLM: Deep Self-Attention Distillation for Task-Agnostic Compression of Pre-Trained Transformers,2020,2020.csv
Optimal Epoch Stochastic Gradient Descent Ascent Methods for Min-Max Optimization,2020,2020.csv
Gradient Surgery for Multi-Task Learning,2020,2020.csv
Bayesian Causal Structural Learning with Zero-Inflated Poisson Bayesian Networks,2020,2020.csv
Random Reshuffling is Not Always Better,2020,2020.csv
Stochastic Normalizing Flows,2020,2020.csv
Neuron Shapley: Discovering the Responsible Neurons,2020,2020.csv
NeuMiss networks: differentiable programming for supervised learning with missing values.,2020,2020.csv
Differentially-Private Federated Linear Bandits,2020,2020.csv
Is Plug-in Solver Sample-Efficient for Feature-based Reinforcement Learning?,2020,2020.csv
Learning Physical Graph Representations from Visual Scenes,2020,2020.csv
Deep Graph Pose: a semi-supervised deep graphical model for improved animal pose tracking,2020,2020.csv
Estimating decision tree learnability with polylogarithmic sample complexity,2020,2020.csv
Multimodal Generative Learning Utilizing Jensen-Shannon-Divergence,2020,2020.csv
Reinforcement Learning with General Value Function Approximation: Provably Efficient Approach via Bounded Eluder Dimension,2020,2020.csv
Solver-in-the-Loop: Learning from Differentiable Physics to Interact with Iterative PDE-Solvers,2020,2020.csv
Sparse Symplectically Integrated Neural Networks,2020,2020.csv
Optimal Adaptive Electrode Selection to Maximize Simultaneously Recorded Neuron Yield,2020,2020.csv
Neurosymbolic Reinforcement Learning with Formally Verified Exploration,2020,2020.csv
Wavelet Flow: Fast Training of High Resolution Normalizing Flows,2020,2020.csv
On 1/n neural representation and robustness,2020,2020.csv
Boundary thickness and robustness in learning models,2020,2020.csv
Learning Kernel Tests Without Data Splitting,2020,2020.csv
Multi-task Causal Learning with Gaussian Processes,2020,2020.csv
Minibatch vs Local SGD for Heterogeneous Distributed Learning,2020,2020.csv
Subgroup-based Rank-1 Lattice Quasi-Monte Carlo,2020,2020.csv
Generative 3D Part Assembly via Dynamic Graph Learning,2020,2020.csv
Proximity Operator of the Matrix Perspective Function and its Applications,2020,2020.csv
From Boltzmann Machines to Neural Networks and Back Again,2020,2020.csv
Crush Optimism with Pessimism: Structured Bandits Beyond Asymptotic Optimality,2020,2020.csv
Neural Bridge Sampling for Evaluating Safety-Critical Autonomous Systems,2020,2020.csv
Interpretable and Personalized Apprenticeship Scheduling: Learning Interpretable Scheduling Policies from Heterogeneous User Demonstrations,2020,2020.csv
Task-Agnostic Online Reinforcement Learning with an Infinite Mixture of Gaussian Processes,2020,2020.csv
Benchmarking Deep Learning Interpretability in Time Series Predictions,2020,2020.csv
(De)Randomized Smoothing for Certifiable Defense against Patch Attacks,2020,2020.csv
SMYRF - Efficient Attention using Asymmetric Clustering,2020,2020.csv
Introducing Routing Uncertainty in Capsule Networks,2020,2020.csv
On the Convergence of Smooth Regularized Approximate Value Iteration Schemes,2020,2020.csv
Off-Policy Evaluation via the Regularized Lagrangian,2020,2020.csv
Hyperparameter Ensembles for Robustness and Uncertainty Quantification,2020,2020.csv
A Simple and Efficient Smoothing Method for Faster Optimization and Local Exploration,2020,2020.csv
Neutralizing Self-Selection Bias in Sampling for Sortition,2020,2020.csv
The LoCA Regret: A Consistent Metric to Evaluate Model-Based Behavior in Reinforcement Learning,2020,2020.csv
Towards Scalable Bayesian Learning of Causal DAGs,2020,2020.csv
Bootstrapping neural processes,2020,2020.csv
Large-Scale Adversarial Training for Vision-and-Language Representation Learning,2020,2020.csv
Most ReLU Networks Suffer from $\ell^2$ Adversarial Perturbations,2020,2020.csv
Factor Graph Grammars,2020,2020.csv
Debiasing Distributed Second Order Optimization with Surrogate Sketching and Scaled Regularization,2020,2020.csv
On Efficiency in Hierarchical Reinforcement Learning,2020,2020.csv
On Correctness of Automatic Differentiation for Non-Differentiable Functions,2020,2020.csv
Probabilistic Linear Solvers for Machine Learning,2020,2020.csv
Dynamic Regret of Policy Optimization in Non-Stationary Environments,2020,2020.csv
Multipole Graph Neural Operator for Parametric Partial Differential Equations,2020,2020.csv
The Mean-Squared Error of Double Q-Learning,2020,2020.csv
What Makes for Good Views for Contrastive Learning?,2020,2020.csv
On Uniform Convergence and Low-Norm Interpolation Learning,2020,2020.csv
Uncovering the Topology of Time-Varying fMRI Data using Cubical Persistence,2020,2020.csv
Evaluating and Rewarding Teamwork Using Cooperative Game Abstractions,2020,2020.csv
Exchangeable Neural ODE for Set Modeling,2020,2020.csv
Profile Entropy: A Fundamental Measure for the Learnability and Compressibility of Distributions,2020,2020.csv
"Regularized linear autoencoders recover the principal components, eventually",2020,2020.csv
GramGAN: Deep 3D Texture Synthesis From 2D Exemplars,2020,2020.csv
Learning Restricted Boltzmann Machines with Sparse Latent Variables,2020,2020.csv
Sample Complexity of Asynchronous Q-Learning: Sharper Analysis and Variance Reduction,2020,2020.csv
FedSplit: an algorithmic framework for fast federated optimization,2020,2020.csv
Neuronal Gaussian Process Regression,2020,2020.csv
Correlation Robust Influence Maximization,2020,2020.csv
Nonconvex Sparse Graph Learning under Laplacian Constrained Graphical Model,2020,2020.csv
Implicit Distributional Reinforcement Learning,2020,2020.csv
Auxiliary Task Reweighting for Minimum-data Learning,2020,2020.csv
Small Nash Equilibrium Certificates in Very Large Games,2020,2020.csv
Training Linear Finite-State Machines,2020,2020.csv
Faster Differentially Private Samplers via Rényi Divergence Analysis of Discretized Langevin MCMC,2020,2020.csv
Interior Point Solving for LP-based prediction+optimisation,2020,2020.csv
Understanding the Role of Training Regimes in Continual Learning,2020,2020.csv
Fair regression with Wasserstein barycenters,2020,2020.csv
A simple normative network approximates local non-Hebbian learning in the cortex,2020,2020.csv
Training Stronger Baselines for Learning to Optimize,2020,2020.csv
Exactly Computing the Local Lipschitz Constant of ReLU Networks,2020,2020.csv
Strictly Batch Imitation Learning by Energy-based Distribution Matching,2020,2020.csv
A Single-Loop Smoothed Gradient Descent-Ascent Algorithm for Nonconvex-Concave Min-Max Problems,2020,2020.csv
Generating Correct Answers for Progressive Matrices Intelligence Tests,2020,2020.csv
HyNet: Learning Local Descriptor with Hybrid Similarity Measure and Triplet Loss,2020,2020.csv
Preference learning along multiple criteria: A game-theoretic perspective,2020,2020.csv
Multi-Plane Program Induction with 3D Box Priors,2020,2020.csv
Online Neural Connectivity Estimation with Noisy Group Testing,2020,2020.csv
Once-for-All Adversarial Training: In-Situ Tradeoff between Robustness and Accuracy for Free,2020,2020.csv
Implicit Neural Representations with Periodic Activation Functions,2020,2020.csv
Simple and Principled Uncertainty Estimation with Deterministic Deep Learning via Distance Awareness,2020,2020.csv
Fourier Features Let Networks Learn High Frequency Functions in Low Dimensional Domains,2020,2020.csv
Heuristic Domain Adaptation,2020,2020.csv
Differentiable Augmentation for Data-Efficient GAN Training,2020,2020.csv
An Improved Analysis of  (Variance-Reduced) Policy Gradient and Natural Policy Gradient Methods,2020,2020.csv
Geometric Exploration for Online Control,2020,2020.csv
Automatic Curriculum Learning through Value Disagreement,2020,2020.csv
Spectra of the Conjugate Kernel and Neural Tangent Kernel for linear-width neural networks,2020,2020.csv
No-Regret Learning Dynamics for Extensive-Form Correlated Equilibrium,2020,2020.csv
Estimating weighted areas under the ROC curve,2020,2020.csv
Can Implicit Bias Explain Generalization? Stochastic Convex Optimization as a Case Study,2020,2020.csv
Generalized Hindsight for Reinforcement Learning,2020,2020.csv
Beyond Homophily in Graph Neural Networks: Current Limitations and Effective Designs,2020,2020.csv
Modeling Continuous Stochastic Processes with Dynamic Normalizing Flows,2020,2020.csv
Efficient Online Learning of Optimal Rankings: Dimensionality Reduction via Gradient Descent,2020,2020.csv
Training Normalizing Flows with the Information Bottleneck for Competitive Generative Classification,2020,2020.csv
On the Theory of Transfer Learning: The Importance of Task Diversity,2020,2020.csv
Neural Star Domain as Primitive Representation,2020,2020.csv
Off-Policy Interval Estimation with Lipschitz Value Iteration,2020,2020.csv
Inverse Rational Control with Partially Observable Continuous Nonlinear Dynamics,2020,2020.csv
Distributionally Robust Parametric Maximum Likelihood Estimation,2020,2020.csv
Secretary and Online Matching Problems with Machine Learned Advice,2020,2020.csv
"Overfitting Can Be Harmless for Basis Pursuit, But Only to a Degree",2020,2020.csv
Deep Transformation-Invariant Clustering,2020,2020.csv
Improving Generalization in Reinforcement Learning with Mixture Regularization,2020,2020.csv
Learning from Aggregate Observations,2020,2020.csv
Pontryagin Differentiable Programming: An End-to-End Learning and Control Framework,2020,2020.csv
The Devil is in the Detail: A Framework for Macroscopic Prediction via Microscopic Models,2020,2020.csv
Demystifying Orthogonal Monte Carlo and Beyond,2020,2020.csv
Optimal Robustness-Consistency Trade-offs for Learning-Augmented Online Algorithms,2020,2020.csv
Towards Learning Convolutions from Scratch,2020,2020.csv
Cycle-Contrast for Self-Supervised Video Representation Learning,2020,2020.csv
Novelty Search in Representational Space for Sample Efficient Exploration,2020,2020.csv
Robust Reinforcement Learning via Adversarial training with Langevin Dynamics,2020,2020.csv
Online Algorithms for Multi-shop Ski Rental with Machine Learned Advice,2020,2020.csv
Adversarial Blocking Bandits,2020,2020.csv
Multi-label Contrastive Predictive Coding,2020,2020.csv
Rotation-Invariant Local-to-Global Representation Learning for 3D Point Cloud,2020,2020.csv
One Solution is Not All You Need: Few-Shot Extrapolation via Structured MaxEnt RL,2020,2020.csv
Finite-Sample Analysis of Contractive Stochastic Approximation Using Smooth Convex Envelopes,2020,2020.csv
Self-Supervised Generative Adversarial Compression,2020,2020.csv
From Finite to Countable-Armed Bandits,2020,2020.csv
An efficient nonconvex reformulation of stagewise convex optimization problems,2020,2020.csv
Meta-Learning Stationary Stochastic Process Prediction with Convolutional Neural Processes,2020,2020.csv
Theory-Inspired Path-Regularized Differential Network Architecture Search,2020,2020.csv
Adversarial Distributional Training for Robust Deep Learning,2020,2020.csv
Conic Descent and its Application to Memory-efficient Optimization over Positive Semidefinite Matrices,2020,2020.csv
Learning the Geometry of Wave-Based Imaging,2020,2020.csv
Nimble: Lightweight and Parallel GPU Task Scheduling for Deep Learning,2020,2020.csv
Greedy inference with structure-exploiting lazy maps,2020,2020.csv
Reinforced Molecular Optimization with Neighborhood-Controlled Grammars,2020,2020.csv
Natural Policy Gradient Primal-Dual Method for Constrained Markov Decision Processes,2020,2020.csv
"Classification Under Misspecification: Halfspaces, Generalized Linear Models, and Evolvability",2020,2020.csv
Certified Defense to Image Transformations via Randomized Smoothing,2020,2020.csv
Reparameterizing Mirror Descent as Gradient Descent,2020,2020.csv
Estimation of Skill Distribution from a Tournament,2020,2020.csv
Optimal Algorithms for Stochastic Multi-Armed Bandits with Heavy Tailed Rewards,2020,2020.csv
Offline Imitation Learning with a Misspecified Simulator,2020,2020.csv
Targeted Adversarial Perturbations for Monocular Depth Prediction,2020,2020.csv
Certified Robustness of Graph Convolution Networks for Graph Classification under Topological Attacks,2020,2020.csv
PlanGAN: Model-based Planning With Sparse Rewards and Multiple Goals,2020,2020.csv
Optimal Prediction of the Number of Unseen Species with Multiplicity,2020,2020.csv
Characterizing Optimal Mixed Policies: Where to Intervene and What to Observe,2020,2020.csv
Spin-Weighted Spherical CNNs,2020,2020.csv
Learning to Execute Programs with Instruction Pointer Attention Graph Neural Networks,2020,2020.csv
Characterizing emergent representations in a space of candidate learning rules for deep networks,2020,2020.csv
AutoPrivacy: Automated Layer-wise Parameter Selection for Secure Neural Network Inference,2020,2020.csv
Baxter Permutation Process,2020,2020.csv
Adaptive Probing Policies for Shortest Path Routing,2020,2020.csv
Approximate Heavily-Constrained Learning with Lagrange Multiplier Models,2020,2020.csv
"Exemplar VAE: Linking Generative Models, Nearest Neighbor Retrieval, and Data Augmentation",2020,2020.csv
UCSG-NET- Unsupervised Discovering of Constructive Solid Geometry Tree,2020,2020.csv
COT-GAN: Generating Sequential Data via Causal Optimal Transport,2020,2020.csv
Understanding spiking networks through convex optimization,2020,2020.csv
Impossibility Results for Grammar-Compressed Linear Algebra,2020,2020.csv
Large-Scale Methods for Distributionally Robust Optimization,2020,2020.csv
Better Full-Matrix Regret via Parameter-Free Online Learning,2020,2020.csv
Bandit Linear Control,2020,2020.csv
Analysis and Design of Thompson Sampling for Stochastic Partial Monitoring,2020,2020.csv
Theoretical Insights Into Multiclass Classification: A High-dimensional Asymptotic View,2020,2020.csv
PEP: Parameter Ensembling by Perturbation,2020,2020.csv
Provably Efficient Neural Estimation of Structural Equation Models: An Adversarial Approach,2020,2020.csv
Security Analysis of Safe and Seldonian Reinforcement Learning Algorithms,2020,2020.csv
Further Analysis of Outlier Detection with Deep Generative Models,2020,2020.csv
Learning to Play Sequential Games versus Unknown Opponents,2020,2020.csv
Bridging Imagination and Reality for Model-Based Deep Reinforcement Learning,2020,2020.csv
Exploiting Higher Order Smoothness in Derivative-free Optimization and Continuous Bandits,2020,2020.csv
Towards a Combinatorial Characterization of Bounded-Memory Learning,2020,2020.csv
Neural Networks Learning and Memorization with (almost) no Over-Parameterization,2020,2020.csv
"Chaos, Extremism and Optimism: Volume Analysis of Learning in Games",2020,2020.csv
On Regret with Multiple Best Arms,2020,2020.csv
Is Long Horizon RL More Difficult Than Short Horizon RL?,2020,2020.csv
Hamiltonian Monte Carlo using an adjoint-differentiated Laplace approximation: Bayesian inference for latent Gaussian models and beyond,2020,2020.csv
Learning Mutational Semantics,2020,2020.csv
Learning to Learn Variational Semantic Memory,2020,2020.csv
Myersonian Regression,2020,2020.csv
Towards Safe Policy Improvement for Non-Stationary MDPs,2020,2020.csv
Finer Metagenomic Reconstruction via Biodiversity Optimization,2020,2020.csv
Causal Discovery in Physical Systems from Videos,2020,2020.csv
Smoothed Analysis of Online and Differentially Private Learning,2020,2020.csv
Self-Paced Deep Reinforcement Learning,2020,2020.csv
Towards Maximizing the Representation Gap between In-Domain & Out-of-Distribution Examples,2020,2020.csv
Fully Convolutional Mesh Autoencoder using Efficient Spatially Varying Kernels,2020,2020.csv
Towards Convergence Rate Analysis of Random Forests for Classification,2020,2020.csv
Steady State Analysis of Episodic Reinforcement Learning,2020,2020.csv
Direct Feedback Alignment Scales to Modern Deep Learning Tasks and Architectures,2020,2020.csv
Bayesian Optimization for Iterative Learning,2020,2020.csv
Minimax Bounds for Generalized Linear Models,2020,2020.csv
Projection Robust Wasserstein Distance and Riemannian Optimization,2020,2020.csv
Simple and Fast Algorithm for Binary Integer and Online Linear Programming,2020,2020.csv
Learning Rich Rankings,2020,2020.csv
Retrieval-Augmented Generation for Knowledge-Intensive NLP Tasks,2020,2020.csv
Universal guarantees for decision tree induction via a higher-order splitting criterion,2020,2020.csv
A Boolean Task Algebra for Reinforcement Learning,2020,2020.csv
Learning with Differentiable Pertubed Optimizers,2020,2020.csv
Online Linear Optimization with Many Hints,2020,2020.csv
Causal Discovery from Soft Interventions with Unknown Targets: Characterization and Learning,2020,2020.csv
Dynamical mean-field theory for stochastic gradient descent in Gaussian mixture classification,2020,2020.csv
Exploiting the Surrogate Gap in Online Multiclass Classification,2020,2020.csv
Automatically Learning Compact Quality-aware Surrogates for Optimization Problems,2020,2020.csv
BoxE: A Box Embedding Model for Knowledge Base Completion,2020,2020.csv
Empirical Likelihood for Contextual Bandits,2020,2020.csv
Coherent Hierarchical Multi-Label Classification Networks,2020,2020.csv
Walsh-Hadamard Variational Inference for Bayesian Deep Learning,2020,2020.csv
Federated Bayesian Optimization via Thompson Sampling,2020,2020.csv
MultiON: Benchmarking Semantic Map Memory using Multi-Object Navigation,2020,2020.csv
Neural Complexity Measures,2020,2020.csv
Optimal Iterative Sketching Methods with the Subsampled Randomized Hadamard Transform,2020,2020.csv
Self-Supervised Learning by Cross-Modal Audio-Video Clustering,2020,2020.csv
Provably adaptive reinforcement learning in metric spaces,2020,2020.csv
ShapeFlow: Learnable Deformation Flows Among 3D Shapes,2020,2020.csv
Optimal Query Complexity of Secure Stochastic Convex Optimization,2020,2020.csv
DynaBERT: Dynamic BERT with Adaptive Width and Depth,2020,2020.csv
Dynamic Submodular Maximization,2020,2020.csv
Generalization Bound of Gradient Descent for Non-Convex Metric Learning,2020,2020.csv
Inference for Batched Bandits,2020,2020.csv
Approximate Cross-Validation with Low-Rank Data in High Dimensions,2020,2020.csv
Differentiable Expected Hypervolume Improvement for Parallel Multi-Objective Bayesian Optimization,2020,2020.csv
Limits on Testing Structural Changes in Ising Models,2020,2020.csv
Continual Learning in Low-rank Orthogonal Subspaces,2020,2020.csv
Unsupervised Learning of Visual Features by Contrasting Cluster Assignments,2020,2020.csv
Information theoretic limits of learning a sparse rule,2020,2020.csv
"Sharpened Generalization Bounds based on Conditional Mutual Information and an Application to Noisy, Iterative Algorithms",2020,2020.csv
Learning Deformable Tetrahedral Meshes for 3D Reconstruction,2020,2020.csv
A game-theoretic analysis of networked system control for common-pool resource management using multi-agent reinforcement learning,2020,2020.csv
Optimal Best-arm Identification in Linear Bandits,2020,2020.csv
CoSE: Compositional Stroke Embeddings,2020,2020.csv
Learning Multi-Agent Coordination for Enhancing Target Coverage in Directional Sensor Networks,2020,2020.csv
Discriminative Sounding Objects Localization via Self-supervised Audiovisual Matching,2020,2020.csv
Learning Multi-Agent Communication through Structured Attentive Reasoning,2020,2020.csv
Private Identity Testing for High-Dimensional Distributions,2020,2020.csv
On the Optimal Weighted $\ell_2$ Regularization in Overparameterized Linear Regression,2020,2020.csv
An Efficient Asynchronous Method for Integrating Evolutionary and Gradient-based Policy Search,2020,2020.csv
Simple and Scalable Sparse k-means Clustering via Feature Ranking,2020,2020.csv
MetaSDF: Meta-Learning Signed Distance Functions,2020,2020.csv
Model-based Adversarial Meta-Reinforcement Learning,2020,2020.csv
"UDH: Universal Deep Hiding for Steganography, Watermarking, and Light Field Messaging",2020,2020.csv
Weighted QMIX: Expanding Monotonic Value Function Factorisation for Deep Multi-Agent Reinforcement Learning,2020,2020.csv
Evidential Sparsification of Multimodal Latent Spaces in Conditional Variational Autoencoders,2020,2020.csv
An Unbiased Risk Estimator for Learning with Augmented Classes,2020,2020.csv
AutoBSS: An Efficient Algorithm for Block Stacking Style Search,2020,2020.csv
Pushing the Limits of Narrow Precision Inferencing at Cloud Scale with Microsoft Floating Point,2020,2020.csv
Stochastic Optimization with Laggard Data Pipelines,2020,2020.csv
GPS-Net: Graph-based Photometric Stereo Network,2020,2020.csv
Consistent Structural Relation Learning for Zero-Shot Segmentation,2020,2020.csv
Truncated Linear Regression in High Dimensions,2020,2020.csv
Incorporating Pragmatic Reasoning Communication into Emergent Language,2020,2020.csv
Model Selection in Contextual Stochastic Bandit Problems,2020,2020.csv
An Empirical Process Approach to the Union Bound: Practical Algorithms for Combinatorial and Linear Bandits,2020,2020.csv
Can Graph Neural Networks Count Substructures?,2020,2020.csv
Doubly Robust Off-Policy Value and Gradient Estimation for Deterministic Policies,2020,2020.csv
Provably Efficient Neural GTD for Off-Policy Learning,2020,2020.csv
A Bayesian Perspective on Training Speed and Model Selection,2020,2020.csv
On the Modularity of Hypernetworks,2020,2020.csv
Stable and expressive recurrent vision models,2020,2020.csv
Learning Discrete Energy-based Models via Auxiliary-variable Local Exploration,2020,2020.csv
ISTA-NAS: Efficient and Consistent Neural Architecture Search by Sparse Coding,2020,2020.csv
Regularizing Black-box Models for Improved Interpretability,2020,2020.csv
Trust the Model When It Is Confident: Masked Model-based Actor-Critic,2020,2020.csv
Robust Multi-Agent Reinforcement Learning with Model Uncertainty,2020,2020.csv
Make One-Shot Video Object Segmentation Efficient Again,2020,2020.csv
Adaptive Shrinkage Estimation for Streaming Graphs,2020,2020.csv
Non-Euclidean Universal Approximation,2020,2020.csv
Constraining Variational Inference with Geometric Jensen-Shannon Divergence,2020,2020.csv
FrugalML: How to use ML Prediction APIs more accurately and cheaply,2020,2020.csv
When and How to Lift the Lockdown? Global COVID-19 Scenario Analysis and Policy Assessment using Compartmental Gaussian Processes,2020,2020.csv
Sharp Representation Theorems for ReLU Networks with Precise Dependence on Depth,2020,2020.csv
Shared Experience Actor-Critic for Multi-Agent Reinforcement Learning,2020,2020.csv
Monotone operator equilibrium networks,2020,2020.csv
Non-Stochastic Control with Bandit Feedback,2020,2020.csv
High-Dimensional Sparse Linear Bandits,2020,2020.csv
Unsupervised Learning of Lagrangian Dynamics from Images for Prediction and Control,2020,2020.csv
Generalized Leverage Score Sampling for Neural Networks,2020,2020.csv
An Optimal Elimination Algorithm for Learning a Best Arm,2020,2020.csv
Unsupervised Text Generation by Learning from Search,2020,2020.csv
Efficient Projection-free Algorithms for Saddle Point Problems,2020,2020.csv
A mathematical model for automatic differentiation in machine learning,2020,2020.csv
Estimating Fluctuations in Neural Representations of Uncertain Environments,2020,2020.csv
Understanding Approximate Fisher Information for Fast Convergence of Natural Gradient Descent in Wide Neural Networks,2020,2020.csv
"SURF: A Simple, Universal, Robust, Fast Distribution Learning Algorithm",2020,2020.csv
General Transportability of Soft Interventions: Completeness Results,2020,2020.csv
GAIT-prop: A biologically plausible learning rule derived from backpropagation of error,2020,2020.csv
SCOP: Scientific Control for Reliable Neural Network Pruning,2020,2020.csv
Lipschitz Bounds and Provably Robust Training by Laplacian Smoothing,2020,2020.csv
Learning Some Popular Gaussian Graphical Models without Condition Number Bounds,2020,2020.csv
Sense and Sensitivity Analysis: Simple Post-Hoc Analysis of Bias Due to Unobserved Confounding,2020,2020.csv
The Smoothed Possibility of Social Choice,2020,2020.csv
A Decentralized Parallel Algorithm for Training Generative Adversarial Nets,2020,2020.csv
Fair Performance Metric Elicitation,2020,2020.csv
Phase retrieval in high dimensions: Statistical and computational phase transitions,2020,2020.csv
Belief-Dependent Macro-Action Discovery in POMDPs using the Value of Information,2020,2020.csv
Fine-Grained Dynamic Head for Object Detection,2020,2020.csv
LoCo: Local Contrastive Representation Learning,2020,2020.csv
Modeling and Optimization Trade-off in Meta-learning,2020,2020.csv
Stage-wise Conservative Linear Bandits,2020,2020.csv
GreedyFool: Distortion-Aware Sparse Adversarial Attack,2020,2020.csv
Metric-Free Individual Fairness in Online Learning,2020,2020.csv
VAEM: a Deep Generative Model for Heterogeneous Mixed Type Data,2020,2020.csv
RetroXpert: Decompose Retrosynthesis Prediction Like A Chemist,2020,2020.csv
Sample-Efficient Optimization in the Latent Space of Deep Generative Models via Weighted Retraining,2020,2020.csv
Improved Sample Complexity for Incremental Autonomous Exploration in MDPs,2020,2020.csv
"TinyTL: Reduce Memory, Not Parameters for Efficient On-Device Learning",2020,2020.csv
RD$^2$: Reward Decomposition with Representation Decomposition,2020,2020.csv
Instance-based Generalization in Reinforcement Learning,2020,2020.csv
Smooth And Consistent Probabilistic Regression Trees,2020,2020.csv
Joints in Random Forests,2020,2020.csv
JAX MD: A Framework for Differentiable Physics,2020,2020.csv
Adapting to Misspecification in Contextual Bandits,2020,2020.csv
Convergence of Meta-Learning with Task-Specific Adaptation over Partial Parameters,2020,2020.csv
Learning to solve TV regularised problems with unrolled algorithms,2020,2020.csv
Object-Centric Learning with Slot Attention,2020,2020.csv
Improving robustness against common corruptions by covariate shift adaptation,2020,2020.csv
Deep Smoothing of the Implied Volatility Surface,2020,2020.csv
Probabilistic Inference with Algebraic Constraints: Theoretical Limits and Practical Approximations,2020,2020.csv
Provable Online CP/PARAFAC Decomposition of a Structured Tensor via Dictionary Learning,2020,2020.csv
Look-ahead Meta Learning for Continual Learning,2020,2020.csv
A polynomial-time algorithm for learning nonparametric causal graphs,2020,2020.csv
Sparse Learning with CART,2020,2020.csv
Proximal Mapping for Deep Regularization,2020,2020.csv
Identifying Causal-Effect Inference Failure with Uncertainty-Aware Models,2020,2020.csv
Deep active inference agents using Monte-Carlo methods,2020,2020.csv
Consistent Estimation of Identifiable Nonparametric Mixture Models from Grouped Observations,2020,2020.csv
Manifold structure in graph embeddings,2020,2020.csv
MCUNet: Tiny Deep Learning on IoT Devices,2020,2020.csv
Multi-task Additive Models for Robust Estimation and Automatic Structure Discovery,2020,2020.csv
In search of robust measures of generalization,2020,2020.csv
Adaptive Learned Bloom Filter (Ada-BF): Efficient Utilization of the Classifier with Application to Real-Time Information Filtering on the Web,2020,2020.csv
Provably Efficient Reward-Agnostic Navigation with Linear Value Iteration,2020,2020.csv
Softmax Deep Double Deterministic Policy Gradients,2020,2020.csv
Efficient Marginalization of Discrete and Structured Latent Variables via Sparsity,2020,2020.csv
Online Decision Based Visual Tracking via Reinforcement Learning,2020,2020.csv
Distributional Robustness with IPMs and links to Regularization and GANs,2020,2020.csv
A shooting formulation of deep learning,2020,2020.csv
Learning Implicit Credit Assignment for Cooperative Multi-Agent Reinforcement Learning,2020,2020.csv
MATE: Plugging in Model Awareness to Task Embedding for Meta Learning,2020,2020.csv
High-Fidelity Generative Image Compression,2020,2020.csv
"Robust and Heavy-Tailed Mean Estimation Made Simple, via Regret Minimization",2020,2020.csv
A Statistical Mechanics Framework for Task-Agnostic Sample Design in Machine Learning,2020,2020.csv
A Novel Approach for Constrained Optimization in Graphical Models,2020,2020.csv
Predictive Information Accelerates Learning in RL,2020,2020.csv
On the Trade-off between Adversarial and Backdoor Robustness,2020,2020.csv
Global Convergence of Deep Networks with One Wide Layer Followed by Pyramidal Topology,2020,2020.csv
Implicit Graph Neural Networks,2020,2020.csv
Guiding Deep Molecular Optimization with Genetic Exploration,2020,2020.csv
Deeply Learned Spectral Total Variation Decomposition,2020,2020.csv
A Bandit Learning Algorithm and Applications to Auction Design,2020,2020.csv
Improving Neural Network Training in Low Dimensional Random Bases,2020,2020.csv
Safe Reinforcement Learning via Curriculum Induction,2020,2020.csv
Leverage the Average: an Analysis of KL Regularization in Reinforcement Learning,2020,2020.csv
How Robust are the Estimated Effects of Nonpharmaceutical Interventions against COVID-19?,2020,2020.csv
MetaPoison: Practical General-purpose Clean-label Data Poisoning,2020,2020.csv
Sample Efficient Reinforcement Learning via Low-Rank Matrix Estimation,2020,2020.csv
Projection Efficient Subgradient Method and Optimal Nonsmooth Frank-Wolfe Method,2020,2020.csv
Minimax Estimation of Conditional Moment Models,2020,2020.csv
Causal Imitation Learning With Unobserved Confounders,2020,2020.csv
Learning Black-Box Attackers with Transferable Priors and Query Feedback,2020,2020.csv
Adversarial Soft Advantage Fitting: Imitation Learning without Policy Optimization,2020,2020.csv
Locally Differentially Private (Contextual) Bandits Learning,2020,2020.csv
The Wasserstein Proximal Gradient Algorithm,2020,2020.csv
Agree to Disagree: Adaptive Ensemble Knowledge Distillation in Gradient Space,2020,2020.csv
Universally Quantized Neural Compression,2020,2020.csv
Invertible Gaussian Reparameterization: Revisiting the Gumbel-Softmax,2020,2020.csv
Off-Policy Imitation Learning from Observations,2020,2020.csv
Escaping Saddle-Point Faster under Interpolation-like Conditions,2020,2020.csv
Matérn Gaussian Processes on Riemannian Manifolds,2020,2020.csv
wav2vec 2.0: A Framework for Self-Supervised Learning of Speech Representations,2020,2020.csv
A Maximum-Entropy Approach to Off-Policy Evaluation in Average-Reward MDPs,2020,2020.csv
"Instead of Rewriting Foreign Code for Machine Learning, Automatically Synthesize Fast Gradients",2020,2020.csv
Dynamic Regret of Convex and Smooth Functions,2020,2020.csv
Value-driven Hindsight Modelling,2020,2020.csv
Generative Neurosymbolic Machines,2020,2020.csv
CSER: Communication-efficient SGD with Error Reset,2020,2020.csv
Efficient estimation of neural tuning during naturalistic behavior,2020,2020.csv
High-recall causal discovery for autocorrelated time series with latent confounders,2020,2020.csv
Joint Contrastive Learning with Infinite Possibilities,2020,2020.csv
Robust Gaussian Covariance Estimation in Nearly-Matrix Multiplication Time,2020,2020.csv
Adversarially-learned Inference via an Ensemble of Discrete Undirected Graphical Models,2020,2020.csv
SurVAE Flows: Surjections to Bridge the Gap between VAEs and Flows,2020,2020.csv
Stochastic Segmentation Networks: Modelling Spatially Correlated Aleatoric Uncertainty,2020,2020.csv
Probabilistic Fair Clustering,2020,2020.csv
Revisiting the Sample Complexity of Sparse Spectrum Approximation of Gaussian Processes,2020,2020.csv
Multi-Stage Influence Function,2020,2020.csv
Learning Causal Effects via Weighted Empirical Risk Minimization,2020,2020.csv
Testing Determinantal Point Processes,2020,2020.csv
f-GAIL: Learning f-Divergence for Generative Adversarial Imitation Learning,2020,2020.csv
Non-parametric Models for Non-negative Functions,2020,2020.csv
ConvBERT: Improving BERT with Span-based Dynamic Convolution,2020,2020.csv
Walking in the Shadow: A New Perspective on Descent Directions for Constrained Minimization,2020,2020.csv
Reward Propagation Using Graph Convolutional Networks,2020,2020.csv
Path Sample-Analytic Gradient Estimators for Stochastic Binary Networks,2020,2020.csv
Autofocused oracles for model-based design,2020,2020.csv
Breaking the Sample Size Barrier in Model-Based Reinforcement Learning with a Generative Model,2020,2020.csv
"LoopReg: Self-supervised Learning of Implicit Surface Correspondences, Pose and Shape for 3D Human Mesh Registration",2020,2020.csv
Fully Dynamic Algorithm for Constrained Submodular Optimization,2020,2020.csv
Trajectory-wise Multiple Choice Learning for Dynamics Generalization in Reinforcement Learning,2020,2020.csv
CompRess: Self-Supervised Learning by Compressing Representations,2020,2020.csv
Sample complexity and effective dimension for regression on manifolds,2020,2020.csv
The phase diagram of approximation rates for deep neural networks,2020,2020.csv
Timeseries Anomaly Detection using Temporal Hierarchical One-Class Network,2020,2020.csv
Reconstructing Perceptive Images from Brain Activity by Shape-Semantic GAN,2020,2020.csv
Emergent Complexity and Zero-shot Transfer via Unsupervised Environment Design,2020,2020.csv
Deep Energy-based Modeling of Discrete-Time Physics,2020,2020.csv
POMDPs in Continuous Time and Discrete Spaces,2020,2020.csv
Node Embeddings and Exact Low-Rank Representations of Complex Networks,2020,2020.csv
Fictitious Play for Mean Field Games: Continuous Time Analysis and Applications,2020,2020.csv
On Infinite-Width Hypernetworks,2020,2020.csv
Program Synthesis with Pragmatic Communication,2020,2020.csv
Principal Neighbourhood Aggregation for Graph Nets,2020,2020.csv
Reliable Graph Neural Networks via Robust Aggregation,2020,2020.csv
Sample Complexity of Uniform Convergence for Multicalibration,2020,2020.csv
Video Frame Interpolation without Temporal Priors,2020,2020.csv
Linear Disentangled Representations and Unsupervised Action Estimation,2020,2020.csv
Differentiable Neural Architecture Search in Equivalent Space with Exploration Enhancement,2020,2020.csv
The interplay between randomness and structure during learning in RNNs,2020,2020.csv
A Generalized Neural Tangent Kernel Analysis for Two-layer Neural Networks,2020,2020.csv
PC-PG: Policy Cover Directed Exploration for Provable Policy Gradient Learning,2020,2020.csv
Group Contextual Encoding for 3D Point Clouds,2020,2020.csv
Is normalization indispensable for training deep neural network?,2020,2020.csv
Optimization and Generalization of Shallow Neural Networks with Quadratic Activation Functions,2020,2020.csv
VarGrad: A Low-Variance Gradient Estimator for Variational Inference,2020,2020.csv
Adversarial Counterfactual Learning and Evaluation for Recommender System,2020,2020.csv
Promoting Stochasticity for Expressive Policies via a Simple and Efficient Regularization Method,2020,2020.csv
A Convolutional Auto-Encoder for Haplotype Assembly and Viral Quasispecies Reconstruction,2020,2020.csv
Latent Bandits Revisited,2020,2020.csv
RelationNet++: Bridging Visual Representations for Object Detection via Transformer Decoder,2020,2020.csv
Memory-Efficient Learning of Stable Linear Dynamical Systems for Prediction and Control,2020,2020.csv
Evolving Normalization-Activation Layers,2020,2020.csv
Efficient Learning of Discrete Graphical Models,2020,2020.csv
Near-Optimal SQ Lower Bounds for Agnostically Learning Halfspaces and ReLUs under Gaussian Marginals,2020,2020.csv
Linear Time Sinkhorn Divergences using Positive Features,2020,2020.csv
Neurosymbolic Transformers for Multi-Agent Communication,2020,2020.csv
Deep Automodulators,2020,2020.csv
The Potts-Ising model for discrete multivariate data,2020,2020.csv
Group-Fair Online Allocation in Continuous Time,2020,2020.csv
Interpretable multi-timescale models for predicting fMRI responses to continuous natural speech,2020,2020.csv
Understanding Gradient Clipping in Private SGD: A Geometric Perspective,2020,2020.csv
Fast Adversarial Robustness Certification of Nearest Prototype Classifiers for Arbitrary Seminorms,2020,2020.csv
Smoothed Geometry for Robust Attribution,2020,2020.csv
O(n) Connections are Expressive Enough: Universal Approximability of Sparse Transformers,2020,2020.csv
CaSPR: Learning Canonical Spatiotemporal Point Cloud Representations,2020,2020.csv
Multi-agent active perception with prediction rewards,2020,2020.csv
Decentralized TD Tracking with Linear Function Approximation and its Finite-Time Analysis,2020,2020.csv
A Local Temporal Difference Code for Distributional Reinforcement Learning,2020,2020.csv
Learning with Optimized Random Features: Exponential Speedup by Quantum Machine Learning without Sparsity and Low-Rank Assumptions,2020,2020.csv
Equivariant Networks for Hierarchical Structures,2020,2020.csv
"MinMax Methods for Optimal Transport and Beyond: Regularization, Approximation and Numerics",2020,2020.csv
A Discrete Variational Recurrent Topic Model without the Reparametrization Trick,2020,2020.csv
Transferable Graph Optimizers for ML Compilers,2020,2020.csv
Learning Bounds for Risk-sensitive Learning,2020,2020.csv
Learning with Operator-valued Kernels in Reproducing Kernel Krein Spaces,2020,2020.csv
Simplifying Hamiltonian and Lagrangian Neural Networks via Explicit Constraints,2020,2020.csv
Beyond accuracy: quantifying trial-by-trial behaviour of CNNs and humans by measuring error consistency,2020,2020.csv
Provably Efficient Reinforcement Learning with Kernel and Neural Function Approximations,2020,2020.csv
Constant-Expansion Suffices for Compressed Sensing with Generative Priors,2020,2020.csv
RANet: Region Attention Network for Semantic Segmentation,2020,2020.csv
"A random matrix analysis of random Fourier features: beyond the Gaussian kernel, a precise phase transition, and the corresponding double descent",2020,2020.csv
Self-Imitation Learning via Generalized Lower Bound Q-learning,2020,2020.csv
Directional Pruning of Deep Neural Networks,2020,2020.csv
Private Learning of Halfspaces: Simplifying the Construction and Reducing the Sample Complexity,2020,2020.csv
Smoothly Bounding User Contributions in Differential Privacy,2020,2020.csv
Accelerating Training of Transformer-Based Language Models with Progressive Layer Dropping,2020,2020.csv
Online Planning with Lookahead Policies,2020,2020.csv
Learning Deep Attribution Priors Based On Prior Knowledge,2020,2020.csv
NanoFlow: Scalable Normalizing Flows with Sublinear Parameter Complexity,2020,2020.csv
Neural FFTs for Universal Texture Image Synthesis,2020,2020.csv
Using noise to probe recurrent neural network structure and prune synapses,2020,2020.csv
Graph Cross Networks with Vertex Infomax Pooling,2020,2020.csv
Instance-optimality in differential privacy via approximate inverse sensitivity mechanisms,2020,2020.csv
Calibration of Shared Equilibria in General Sum Partially Observable Markov Games,2020,2020.csv
Efficient Model-Based Reinforcement Learning through Optimistic Policy Search and Planning,2020,2020.csv
Practical Low-Rank Communication Compression in Decentralized Deep Learning,2020,2020.csv
GradAug: A New Regularization Method for Deep Neural Networks,2020,2020.csv
An Equivalence between Loss Functions and Non-Uniform Sampling in Experience Replay,2020,2020.csv
Learning Utilities and Equilibria in Non-Truthful Auctions,2020,2020.csv
Rational neural networks,2020,2020.csv
DISK: Learning local features with policy gradient,2020,2020.csv
Transfer Learning via $\ell_1$ Regularization,2020,2020.csv
GOCor: Bringing Globally Optimized Correspondence Volumes into Your Neural Network,2020,2020.csv
Deep Inverse Q-learning with Constraints,2020,2020.csv
Optimistic Dual Extrapolation for Coherent Non-monotone Variational Inequalities,2020,2020.csv
Prediction with Corrupted Expert Advice,2020,2020.csv
Human Parsing Based Texture Transfer from Single Image to 3D Human via Cross-View Consistency,2020,2020.csv
Point process models for sequence detection in high-dimensional neural spike trains,2020,2020.csv
Organizing recurrent network dynamics by task-computation to enable continual learning,2020,2020.csv
Lifelong Policy Gradient Learning of Factored Policies for Faster Training Without Forgetting,2020,2020.csv
Spike and slab variational Bayes for high dimensional logistic regression,2020,2020.csv
Maximum-Entropy Adversarial Data Augmentation for Improved Generalization and Robustness,2020,2020.csv
Fast geometric learning with symbolic matrices,2020,2020.csv
MESA: Boost Ensemble Imbalanced Learning with MEta-SAmpler,2020,2020.csv
Planning with General Objective Functions: Going Beyond Total Rewards,2020,2020.csv
Scattering GCN: Overcoming Oversmoothness in Graph Convolutional Networks,2020,2020.csv
Leveraging  Predictions in Smoothed Online Convex Optimization via Gradient-based Algorithms,2020,2020.csv
Reconciling Modern Deep Learning with Traditional Optimization Analyses: The Intrinsic Learning Rate,2020,2020.csv
Learning the Linear Quadratic Regulator from Nonlinear Observations,2020,2020.csv
Scalable Graph Neural Networks via Bidirectional Propagation,2020,2020.csv
The Strong Screening Rule for SLOPE,2020,2020.csv
STLnet: Signal Temporal Logic Enforced Multivariate Recurrent Neural Networks,2020,2020.csv
Reducing Adversarially Robust Learning to Non-Robust PAC Learning,2020,2020.csv
Black-Box Optimization with Local Generative Surrogates,2020,2020.csv
Efficient Generation of Structured Objects with Constrained Adversarial Networks,2020,2020.csv
Hard Example Generation by Texture Synthesis for Cross-domain Shape Similarity Learning,2020,2020.csv
Recovery of sparse linear classifiers from mixture of responses,2020,2020.csv
Efficient Distance Approximation for Structured High-Dimensional Distributions via Learning,2020,2020.csv
A Single Recipe for Online Submodular Maximization with Adversarial or Stochastic Constraints,2020,2020.csv
Learning Sparse Prototypes for Text Generation,2020,2020.csv
Implicit Rank-Minimizing Autoencoder,2020,2020.csv
Task-Oriented Feature Distillation,2020,2020.csv
Storage Efficient and Dynamic Flexible Runtime Channel Pruning via Deep Reinforcement Learning,2020,2020.csv
Rewriting History with Inverse RL: Hindsight Inference for Policy Improvement,2020,2020.csv
Variance-Reduced Off-Policy TDC Learning: Non-Asymptotic Convergence Analysis,2020,2020.csv
AdaTune: Adaptive Tensor Program Compilation Made Efficient,2020,2020.csv
When Do Neural Networks Outperform Kernel Methods?,2020,2020.csv
STEER : Simple Temporal Regularization For Neural ODE,2020,2020.csv
A Variational Approach for Learning from Positive and Unlabeled Data,2020,2020.csv
Coresets via Bilevel Optimization for Continual Learning and Streaming,2020,2020.csv
Generalized Independent Noise Condition for Estimating Latent Variable Causal Graphs,2020,2020.csv
Understanding and Exploring the Network with Stochastic Architectures,2020,2020.csv
All-or-nothing statistical and computational phase transitions in sparse spiked matrix estimation,2020,2020.csv
Deep Evidential Regression,2020,2020.csv
Analytical Probability Distributions and Exact Expectation-Maximization for Deep Generative Networks,2020,2020.csv
Adversarial Training is a Form of Data-dependent Operator Norm Regularization,2020,2020.csv
A Biologically Plausible Neural Network for Slow Feature Analysis,2020,2020.csv
Online learning with dynamics: A minimax perspective,2020,2020.csv
Stochastic Optimization with Heavy-Tailed Noise via Accelerated Gradient Clipping,2020,2020.csv
Adaptive Experimental Design with Temporal Interference: A Maximum Likelihood Approach,2020,2020.csv
From Trees to Continuous Embeddings and Back: Hyperbolic Hierarchical Clustering,2020,2020.csv
A Randomized Algorithm to Reduce the Support of Discrete Measures,2020,2020.csv
Distributionally Robust Federated Averaging,2020,2020.csv
Sharp uniform convergence bounds through empirical centralization,2020,2020.csv
Knowledge Transfer in Multi-Task Deep Reinforcement Learning for Continuous Control,2020,2020.csv
Supermasks in Superposition,2020,2020.csv
Nonasymptotic Guarantees for Spiked Matrix Recovery with Generative Priors,2020,2020.csv
Almost Optimal Model-Free Reinforcement Learningvia Reference-Advantage Decomposition,2020,2020.csv
Distributionally Robust Local Non-parametric Conditional Estimation,2020,2020.csv
Meta-Gradient Reinforcement Learning with an Objective Discovered Online,2020,2020.csv
Learning Strategy-Aware Linear Classifiers,2020,2020.csv
Upper Confidence Primal-Dual Reinforcement Learning for CMDP with Adversarial Loss,2020,2020.csv
Optimizing Mode Connectivity via Neuron Alignment,2020,2020.csv
Information Theoretic Regret Bounds for Online Nonlinear Control,2020,2020.csv
A kernel test for quasi-independence,2020,2020.csv
Learning Augmented Energy Minimization via Speed Scaling,2020,2020.csv
First Order Constrained Optimization in Policy Space,2020,2020.csv
Why are Adaptive Methods Good for Attention Models?,2020,2020.csv
Neural Sparse Representation for Image Restoration,2020,2020.csv
Boosting First-Order Methods by Shifting Objective: New Schemes with Faster Worst-Case Rates,2020,2020.csv
Robust Sequence Submodular Maximization,2020,2020.csv
System Identification with Biophysical Constraints: A Circuit Model of the Inner Retina,2020,2020.csv
Efficient Algorithms for Device Placement of DNN Graph Operators,2020,2020.csv
Active Invariant Causal Prediction: Experiment Selection through Stability,2020,2020.csv
BOSS: Bayesian Optimization over String Spaces,2020,2020.csv
Model Interpretability through the lens of Computational Complexity,2020,2020.csv
Markovian Score Climbing: Variational Inference with KL(p||q),2020,2020.csv
Improved Analysis of Clipping Algorithms for Non-convex Optimization,2020,2020.csv
StratLearner: Learning a Strategy for Misinformation Prevention in Social Networks,2020,2020.csv
A Unified Switching System Perspective and Convergence Analysis of Q-Learning Algorithms,2020,2020.csv
Online Convex Optimization Over Erdos-Renyi Random Networks,2020,2020.csv
Parametric Instance Classification for Unsupervised Visual Feature learning,2020,2020.csv
Collapsing Bandits and Their Application to Public Health Intervention,2020,2020.csv
Neural Sparse Voxel Fields,2020,2020.csv
A Flexible Framework for Designing Trainable Priors with Adaptive Smoothing and Game Encoding,2020,2020.csv
Robust Sub-Gaussian Principal Component Analysis and Width-Independent Schatten Packing,2020,2020.csv
Adaptive Importance Sampling for Finite-Sum Optimization and Sampling with Decreasing Step-Sizes,2020,2020.csv
Learning efficient task-dependent representations with synaptic plasticity,2020,2020.csv
Error Bounds of Imitating Policies and Environments,2020,2020.csv
Promoting Coordination through Policy Regularization in Multi-Agent Deep Reinforcement Learning,2020,2020.csv
Consequences of Misaligned AI,2020,2020.csv
Emergent Reciprocity and Team Formation from Randomized Uncertain Social Preferences,2020,2020.csv
Hitting the High Notes: Subset Selection for Maximizing Expected Order Statistics,2020,2020.csv
Towards Scale-Invariant Graph-related Problem Solving by Iterative Homogeneous GNNs,2020,2020.csv
Regret Bounds without Lipschitz Continuity: Online Learning with Relative-Lipschitz Losses,2020,2020.csv
The Lottery Ticket Hypothesis for Pre-trained BERT Networks,2020,2020.csv
Beyond Perturbations: Learning Guarantees with Arbitrary Adversarial Test Examples,2020,2020.csv
AdvFlow: Inconspicuous Black-box Adversarial Attacks using Normalizing Flows,2020,2020.csv
On the Expressiveness of Approximate Inference in Bayesian Neural Networks,2020,2020.csv
Non-Crossing Quantile Regression for Distributional Reinforcement Learning,2020,2020.csv
"Dark Experience for General Continual Learning: a Strong, Simple Baseline",2020,2020.csv
On the linearity of large non-linear models: when and why the tangent kernel is constant,2020,2020.csv
Decentralized Langevin Dynamics for Bayesian Learning,2020,2020.csv
Inductive Quantum Embedding,2020,2020.csv
Understanding and Improving Fast Adversarial Training,2020,2020.csv
Coded Sequential Matrix Multiplication For Straggler Mitigation,2020,2020.csv
"Attack of the Tails: Yes, You Really Can Backdoor Federated Learning",2020,2020.csv
Improved Guarantees for k-means++ and k-means++ Parallel,2020,2020.csv
Skeleton-bridged Point Completion: From Global Inference to Local Adjustment,2020,2020.csv
An Efficient Adversarial Attack for Tree Ensembles,2020,2020.csv
Online Bayesian Persuasion,2020,2020.csv
"Explore Aggressively, Update Conservatively: Stochastic Extragradient Methods with Variable Stepsize Scaling",2020,2020.csv
Fast and Accurate $k$-means++ via Rejection Sampling,2020,2020.csv
Variational Amodal Object Completion,2020,2020.csv
Sub-linear Regret Bounds for Bayesian Optimisation in Unknown Search Spaces,2020,2020.csv
Universal Domain Adaptation through Self Supervision,2020,2020.csv
On Learning Ising Models under Huber's Contamination Model,2020,2020.csv
Cross-validation Confidence Intervals for Test Error,2020,2020.csv
Constrained episodic reinforcement learning in concave-convex and knapsack settings,2020,2020.csv
Bayesian Attention Modules,2020,2020.csv
Robustness Analysis of Non-Convex Stochastic Gradient Descent using Biased Expectations,2020,2020.csv
SoftFlow: Probabilistic Framework for Normalizing Flow on Manifolds,2020,2020.csv
A meta-learning approach to (re)discover plasticity rules that carve a desired function into a neural network,2020,2020.csv
Greedy Optimization Provably Wins the Lottery: Logarithmic Number of Winning Tickets is Enough,2020,2020.csv
Latent Dynamic Factor Analysis of High-Dimensional Neural Recordings,2020,2020.csv
Conditioning and Processing: Techniques to Improve Information-Theoretic Generalization Bounds,2020,2020.csv
Bongard-LOGO: A New Benchmark for Human-Level Concept Learning and Reasoning,2020,2020.csv
Deep Reinforcement Learning with Stacked Hierarchical Attention for Text-based Games,2020,2020.csv
Gaussian Gated Linear Networks,2020,2020.csv
Convex optimization based on global lower second-order models,2020,2020.csv
Online Fast Adaptation and Knowledge Accumulation (OSAKA): a New Approach to Continual Learning,2020,2020.csv
Simultaneously Learning Stochastic and Adversarial Episodic MDPs with Known Transition,2020,2020.csv
Relative gradient optimization of the Jacobian term in unsupervised deep learning,2020,2020.csv
Optimal Variance Control of the Score-Function Gradient Estimator for Importance-Weighted Bounds,2020,2020.csv
Explicit Regularisation in Gaussian Noise Injections,2020,2020.csv
Numerically Solving Parametric Families of High-Dimensional Kolmogorov Partial Differential Equations via Deep Learning,2020,2020.csv
Finite-Time Analysis for Double Q-learning,2020,2020.csv
End-to-End Learning and Intervention in Games,2020,2020.csv
"Predictive coding in balanced neural networks with noise, chaos and delays",2020,2020.csv
Interpolation Technique to Speed Up Gradients Propagation in Neural ODEs,2020,2020.csv
On the Equivalence between Online and Private Learnability beyond Binary Classification,2020,2020.csv
"Decisions, Counterfactual Explanations and Strategic Behavior",2020,2020.csv
Hierarchical Patch VAE-GAN: Generating Diverse Videos from a Single Sample,2020,2020.csv
A Feasible Level Proximal Point Method for Nonconvex Sparse Constrained Optimization,2020,2020.csv
Probably Approximately Correct Constrained Learning,2020,2020.csv
Reservoir Computing meets Recurrent Kernels and Structured Transforms,2020,2020.csv
Comprehensive Attention Self-Distillation for Weakly-Supervised Object Detection,2020,2020.csv
Linear Dynamical Systems as a Core Computational Primitive,2020,2020.csv
PAC-Bayes Analysis Beyond the Usual Bounds,2020,2020.csv
Reinforcement Learning with Feedback Graphs,2020,2020.csv
Zap Q-Learning With Nonlinear Function Approximation,2020,2020.csv
Lipschitz-Certifiable Training with a Tight Outer Bound,2020,2020.csv
Conformal Symplectic and Relativistic Optimization,2020,2020.csv
Bayes Consistency vs. H-Consistency: The Interplay between Surrogate Loss Functions and the Scoring Function Class,2020,2020.csv
Inverting Gradients - How easy is it to break privacy in federated learning?,2020,2020.csv
CryptoNAS: Private Inference on a ReLU Budget,2020,2020.csv
Dynamic allocation of limited memory resources in reinforcement learning,2020,2020.csv
A Stochastic Path Integral Differential EstimatoR  Expectation Maximization Algorithm,2020,2020.csv
CHIP: A Hawkes Process Model for Continuous-time Networks with Scalable and Consistent Estimation,2020,2020.csv
SAC: Accelerating and Structuring Self-Attention via Sparse Adaptive Connection,2020,2020.csv
Unbalanced Sobolev Descent,2020,2020.csv
Combining Deep Reinforcement Learning and Search for Imperfect-Information Games,2020,2020.csv
High-Throughput Synchronous Deep RL,2020,2020.csv
Mixed Hamiltonian Monte Carlo for Mixed Discrete and Continuous Variables,2020,2020.csv
The Surprising Simplicity of the Early-Time Learning Dynamics of Neural Networks,2020,2020.csv
CLEARER: Multi-Scale Neural Architecture Search for Image Restoration,2020,2020.csv
Hierarchical Gaussian Process Priors for Bayesian Neural Network Weights,2020,2020.csv
Directional convergence and alignment in deep learning,2020,2020.csv
Functional Regularization for Representation Learning: A Unified Theoretical Perspective,2020,2020.csv
Provably Efficient Online Hyperparameter Optimization with Population-Based Bandits,2020,2020.csv
Understanding Global Feature Contributions With Additive Importance Measures,2020,2020.csv
Online Non-Convex Optimization with Imperfect Feedback,2020,2020.csv
Succinct and Robust Multi-Agent Communication With Temporal Message Control,2020,2020.csv
Big Bird: Transformers for Longer Sequences,2020,2020.csv
Random Reshuffling: Simple Analysis with Vast Improvements,2020,2020.csv
Neural Execution Engines: Learning to Execute Subroutines,2020,2020.csv
Long-Horizon Visual Planning with Goal-Conditioned Hierarchical Predictors,2020,2020.csv
Statistical Optimal Transport posed as Learning Kernel Embedding,2020,2020.csv
Dual-Resolution Correspondence Networks,2020,2020.csv
"Advances in Black-Box VI: Normalizing Flows, Importance Weighting, and Optimization",2020,2020.csv
f-Divergence Variational Inference,2020,2020.csv
Unfolding recurrence by Green’s functions for optimized reservoir computing,2020,2020.csv
Disentangling by Subspace Diffusion,2020,2020.csv
Towards Neural Programming Interfaces,2020,2020.csv
Discovering Symbolic Models from Deep Learning with Inductive Biases,2020,2020.csv
Real World Games Look Like Spinning Tops,2020,2020.csv
Cooperative Heterogeneous Deep Reinforcement Learning,2020,2020.csv
Mitigating Forgetting in Online Continual Learning via Instance-Aware Parameterization,2020,2020.csv
ImpatientCapsAndRuns: Approximately Optimal Algorithm Configuration from an Infinite Pool,2020,2020.csv
Applications of Common Entropy for Causal Inference,2020,2020.csv
Reasoning about Uncertainties in Discrete-Time Dynamical Systems using Polynomial Forms.,2020,2020.csv
Unsupervised Joint k-node Graph Representations with Compositional Energy-Based Models,2020,2020.csv
SGD with shuffling: optimal rates without component convexity and large epoch requirements,2020,2020.csv
Neural Manifold Ordinary Differential Equations,2020,2020.csv
CO-Optimal Transport,2020,2020.csv
Continuous Meta-Learning without Tasks,2020,2020.csv
Penalized Langevin dynamics with vanishing penalty  for smooth and log-concave targets,2020,2020.csv
A Finite-Time Analysis of Two Time-Scale Actor-Critic Methods,2020,2020.csv
Learning Invariances in Neural Networks from Training Data,2020,2020.csv
A convex optimization formulation for multivariate regression,2020,2020.csv
Online Meta-Critic Learning for Off-Policy Actor-Critic Methods,2020,2020.csv
The All-or-Nothing Phenomenon in Sparse Tensor PCA,2020,2020.csv
ARMA Nets: Expanding Receptive Field for Dense Prediction,2020,2020.csv
"Synthesize, Execute and Debug: Learning to Repair for Neural Program Synthesis",2020,2020.csv
Diversity-Guided Multi-Objective Bayesian Optimization With Batch Evaluations,2020,2020.csv
SOLOv2: Dynamic and Fast Instance Segmentation,2020,2020.csv
Robust Recovery via Implicit Bias of Discrepant Learning Rates for Double Over-parameterization,2020,2020.csv
Axioms for Learning from Pairwise Comparisons,2020,2020.csv
Continuous Regularized Wasserstein Barycenters,2020,2020.csv
Online Multitask Learning with Long-Term Memory,2020,2020.csv
On Reward-Free Reinforcement Learning with Linear Function Approximation,2020,2020.csv
Robustness of Community Detection to Random Geometric Perturbations,2020,2020.csv
Learning outside the Black-Box: The pursuit of interpretable models,2020,2020.csv
Breaking Reversibility Accelerates Langevin Dynamics for Non-Convex Optimization,2020,2020.csv
Robust large-margin learning in hyperbolic space,2020,2020.csv
Adversarially Robust Few-Shot Learning: A Meta-Learning Approach,2020,2020.csv
Digraph Inception Convolutional Networks,2020,2020.csv
PAC-Bayesian Bound for the Conditional Value at Risk,2020,2020.csv
Stochastic Stein Discrepancies,2020,2020.csv
Cream of the Crop: Distilling Prioritized Paths For One-Shot Neural Architecture Search,2020,2020.csv
Representation Learning for Integrating Multi-domain Outcomes to Optimize Individualized Treatment,2020,2020.csv
Learning to Play No-Press Diplomacy with Best Response Policy Iteration,2020,2020.csv
Efficient Nonmyopic Bayesian Optimization via One-Shot Multi-Step Trees,2020,2020.csv
DiffGCN: Graph Convolutional Networks via Differential Operators and Algebraic Multigrid Pooling,2020,2020.csv
Distributed Newton Can Communicate Less and Resist Byzantine Workers,2020,2020.csv
Effective Diversity in Population Based Reinforcement Learning,2020,2020.csv
Bi-level Score Matching for Learning Energy-based Latent Variable Models,2020,2020.csv
Direct Policy Gradients: Direct Optimization of Policies in Discrete Action Spaces,2020,2020.csv
Hybrid Models for Learning to Branch,2020,2020.csv
Bayesian filtering unifies adaptive and non-adaptive neural network optimization methods,2020,2020.csv
Reinforcement Learning in Factored MDPs: Oracle-Efficient Algorithms and Tighter Regret Bounds for the Non-Episodic Setting,2020,2020.csv
Worst-Case Analysis for Randomly Collected Data,2020,2020.csv
The Convolution Exponential and Generalized Sylvester Flows,2020,2020.csv
An Improved Analysis of Stochastic Gradient Descent with Momentum,2020,2020.csv
The MAGICAL Benchmark for Robust Imitation,2020,2020.csv
Decentralized Accelerated Proximal Gradient Descent,2020,2020.csv
Making Non-Stochastic Control (Almost) as Easy as Stochastic,2020,2020.csv
BERT Loses Patience: Fast and Robust Inference with Early Exit,2020,2020.csv
Optimal and Practical Algorithms for Smooth and Strongly Convex Decentralized Optimization,2020,2020.csv
What Did You Think Would Happen? Explaining Agent Behaviour through Intended Outcomes,2020,2020.csv
Batch normalization provably avoids ranks collapse for randomly initialised deep networks,2020,2020.csv
Choice Bandits,2020,2020.csv
What if Neural Networks had SVDs?,2020,2020.csv
A Matrix Chernoff Bound for Markov Chains and Its Application to Co-occurrence Matrices,2020,2020.csv
Pre-training via Paraphrasing,2020,2020.csv
GCN meets GPU: Decoupling “When to Sample” from “How to Sample”,2020,2020.csv
Continual Learning of a Mixed Sequence of Similar and Dissimilar Tasks,2020,2020.csv
All your loss are belong to Bayes,2020,2020.csv
HAWQ-V2: Hessian Aware trace-Weighted Quantization of Neural Networks,2020,2020.csv
Sample-Efficient Reinforcement Learning of Undercomplete POMDPs,2020,2020.csv
DisCor: Corrective Feedback in Reinforcement Learning via Distribution Correction,2020,2020.csv
A Tight Lower Bound and Efficient Reduction for Swap Regret,2020,2020.csv
OTLDA: A Geometry-aware Optimal Transport Approach for Topic Modeling,2020,2020.csv
Asymptotic normality and confidence intervals for derivatives of 2-layers neural network in the random features model,2020,2020.csv
Learning Optimal Representations with the Decodable Information Bottleneck,2020,2020.csv
Meta-trained agents implement Bayes-optimal agents,2020,2020.csv
Weak Form Generalized Hamiltonian Learning,2020,2020.csv
Neural Non-Rigid Tracking,2020,2020.csv
Collegial Ensembles,2020,2020.csv
ICNet: Intra-saliency Correlation Network for Co-Saliency Detection,2020,2020.csv
Improved Variational Bayesian Phylogenetic Inference with Normalizing Flows,2020,2020.csv
AdaBelief Optimizer: Adapting Stepsizes by the Belief in Observed Gradients,2020,2020.csv
Deep Metric Learning with Spherical Embedding,2020,2020.csv
Interpretable Sequence Learning for Covid-19 Forecasting,2020,2020.csv
Off-policy Policy Evaluation For Sequential Decisions Under Unobserved Confounding,2020,2020.csv
One Ring to Rule Them All: Certifiably Robust Geometric Perception with Outliers,2020,2020.csv
Fast Convergence of Langevin Dynamics on Manifold: Geodesics meet Log-Sobolev,2020,2020.csv
Tensor Completion Made Practical,2020,2020.csv
Task-Robust Model-Agnostic Meta-Learning,2020,2020.csv
R-learning in actor-critic model offers a biologically relevant mechanism for sequential decision-making,2020,2020.csv
Revisiting Frank-Wolfe for Polytopes: Strict Complementarity and Sparsity,2020,2020.csv
Optimization and Generalization Analysis of Transduction through Gradient Boosting and Application to Multi-scale Graph Neural Networks,2020,2020.csv
Content Provider Dynamics and Coordination in Recommendation Ecosystems,2020,2020.csv
Almost Surely Stable Deep Dynamics,2020,2020.csv
Expert-Supervised Reinforcement Learning for Offline Policy Learning and Evaluation,2020,2020.csv
Experimental design for MRI by greedy policy search,2020,2020.csv
ColdGANs: Taming Language GANs with Cautious Sampling Strategies,2020,2020.csv
Hedging in games: Faster convergence of external and swap regrets,2020,2020.csv
Time-Reversal Symmetric ODE Network,2020,2020.csv
Acceleration with a Ball Optimization Oracle,2020,2020.csv
Avoiding Side Effects By Considering Future Tasks,2020,2020.csv
Improving Auto-Augment via Augmentation-Wise Weight Sharing,2020,2020.csv
The Generalized Lasso with Nonlinear Observations and Generative Priors,2020,2020.csv
Fair regression via plug-in estimator and recalibration with statistical guarantees,2020,2020.csv
Linear-Sample Learning of Low-Rank Distributions,2020,2020.csv
Efficient Planning in Large MDPs with Weak Linear Function Approximation,2020,2020.csv
Efficient Learning of Generative Models via Finite-Difference Score Matching,2020,2020.csv
Semialgebraic Optimization for Lipschitz Constants of ReLU Networks,2020,2020.csv
Generalization bound of globally optimal non-convex neural network training: Transportation map estimation by infinite dimensional Langevin dynamics,2020,2020.csv
Online Bayesian Goal Inference for Boundedly Rational Planning Agents,2020,2020.csv
Provably Robust Metric Learning,2020,2020.csv
Domain Adaptation with Conditional Distribution Matching and Generalized Label Shift,2020,2020.csv
Iterative Deep Graph Learning for Graph Neural Networks: Better and Robust Node Embeddings,2020,2020.csv
"Model Rubik’s Cube: Twisting Resolution, Depth and Width for TinyNets",2020,2020.csv
Near-Optimal Comparison Based Clustering,2020,2020.csv
Neural Networks with Small Weights and Depth-Separation Barriers,2020,2020.csv
TaylorGAN: Neighbor-Augmented Policy Update Towards Sample-Efficient Natural Language Generation,2020,2020.csv
A new convergent variant of Q-learning with linear function approximation,2020,2020.csv
Untangling tradeoffs between recurrence and self-attention in artificial neural networks,2020,2020.csv
Online Learning in Contextual Bandits using Gated Linear Networks,2020,2020.csv
Throughput-Optimal Topology Design for Cross-Silo Federated Learning,2020,2020.csv
Quantized Variational Inference,2020,2020.csv
Learning Search Space Partition for Black-box Optimization using Monte Carlo Tree Search,2020,2020.csv
Feature Shift Detection: Localizing Which Features Have Shifted via Conditional Distribution Tests,2020,2020.csv
Unifying Activation- and Timing-based Learning Rules for Spiking Neural Networks,2020,2020.csv
Space-Time Correspondence as a Contrastive Random Walk,2020,2020.csv
Exponential ergodicity of mirror-Langevin diffusions,2020,2020.csv
An Efficient Framework for Clustered Federated Learning,2020,2020.csv
The Flajolet-Martin Sketch Itself Preserves Differential Privacy: Private Counting with Minimal Space,2020,2020.csv
Autoencoders that don't overfit towards the Identity,2020,2020.csv
Polynomial-Time Computation of Optimal Correlated Equilibria in Two-Player Extensive-Form Games with Public Chance Moves and Beyond,2020,2020.csv
Flexible mean field variational inference using mixtures of non-overlapping exponential families,2020,2020.csv
Can Temporal-Diﬀerence and Q-Learning Learn Representation? A Mean-Field Theory,2020,2020.csv
Beta Embeddings for Multi-Hop Logical Reasoning in Knowledge Graphs,2020,2020.csv
Learning Disentangled Representations and Group Structure of Dynamical Environments,2020,2020.csv
Learning Linear Programs from Optimal Decisions,2020,2020.csv
Accelerating Reinforcement Learning through GPU Atari Emulation,2020,2020.csv
Model-based Reinforcement Learning for Semi-Markov Decision Processes with Neural ODEs,2020,2020.csv
The Adaptive Complexity of Maximizing a Gross Substitutes Valuation,2020,2020.csv
Comparator-Adaptive Convex Bandits,2020,2020.csv
A Robust Functional EM Algorithm for Incomplete Panel Count Data,2020,2020.csv
A Benchmark for Systematic Generalization in Grounded Language Understanding,2020,2020.csv
Reinforcement Learning with Augmented Data,2020,2020.csv
Towards Minimax Optimal Reinforcement Learning in Factored Markov Decision Processes,2020,2020.csv
Graduated Assignment for Joint Multi-Graph Matching and Clustering with Application to Unsupervised Graph Matching Network Learning,2020,2020.csv
Estimating Training Data Influence by Tracing Gradient Descent,2020,2020.csv
Adversarial Bandits with Corruptions: Regret Lower Bound and No-regret Algorithm,2020,2020.csv
Joint Policy Search for Multi-agent Collaboration with Imperfect Information,2020,2020.csv
Beta R-CNN: Looking into Pedestrian Detection from Another Perspective,2020,2020.csv
Batch Normalization Biases Residual Blocks Towards the Identity Function in Deep Networks,2020,2020.csv
Learning Retrospective Knowledge with Reverse Reinforcement Learning,2020,2020.csv
GCOMB: Learning Budget-constrained Combinatorial Algorithms over Billion-sized Graphs,2020,2020.csv
A General Large Neighborhood Search Framework for Solving Integer Linear Programs,2020,2020.csv
A Theoretical Framework for Target Propagation,2020,2020.csv
OrganITE: Optimal transplant donor organ offering using an individual treatment effect,2020,2020.csv
On the universality of deep learning,2020,2020.csv
The Complete Lasso Tradeoff Diagram,2020,2020.csv
The Primal-Dual method for Learning Augmented Algorithms,2020,2020.csv
FLAMBE: Structural Complexity and Representation Learning of Low Rank MDPs,2020,2020.csv
A Class of Algorithms for General Instrumental Variable Models,2020,2020.csv
TorsionNet: A Reinforcement Learning Approach to Sequential Conformer Search,2020,2020.csv
Bayesian Optimization of Risk Measures,2020,2020.csv
Black-Box Ripper: Copying black-box models using generative evolutionary algorithms,2020,2020.csv
A Continuous-Time Mirror Descent Approach to Sparse Phase Retrieval,2020,2020.csv
Confidence sequences for sampling without replacement,2020,2020.csv
A mean-field analysis of two-player zero-sum games,2020,2020.csv
Improving Sparse Vector Technique with Renyi Differential Privacy,2020,2020.csv
Pipeline PSRO: A Scalable Approach for Finding Approximate Nash Equilibria in Large Games,2020,2020.csv
Latent Template Induction with Gumbel-CRFs,2020,2020.csv
Instance Based Approximations to Profile Maximum Likelihood,2020,2020.csv
Guided Adversarial Attack for Evaluating and Enhancing Adversarial Defenses,2020,2020.csv
A Study on Encodings for Neural Architecture Search,2020,2020.csv
LAPAR: Linearly-Assembled Pixel-Adaptive Regression Network for Single Image Super-resolution and Beyond,2020,2020.csv
Noise2Same: Optimizing A Self-Supervised Bound for Image Denoising,2020,2020.csv
Learning Parities with Neural Networks,2020,2020.csv
Consistent Plug-in Classifiers for Complex Objectives and Constraints,2020,2020.csv
Movement Pruning: Adaptive Sparsity by Fine-Tuning,2020,2020.csv
Sanity-Checking Pruning Methods: Random Tickets can Win the Jackpot,2020,2020.csv
Online Matrix Completion with Side Information,2020,2020.csv
Online Learning with Primary and Secondary Losses,2020,2020.csv
Graph Information Bottleneck,2020,2020.csv
The Complexity of Adversarially Robust Proper Learning of Halfspaces with Agnostic Noise,2020,2020.csv
Adaptive Online Estimation of Piecewise Polynomial Trends,2020,2020.csv
RNNPool: Efficient Non-linear Pooling for RAM Constrained Inference,2020,2020.csv
3D Multi-bodies: Fitting Sets of Plausible 3D Human Models to Ambiguous Image Data,2020,2020.csv
Information-theoretic Task Selection for Meta-Reinforcement Learning,2020,2020.csv
Differentiable Top-k with Optimal Transport,2020,2020.csv
A Limitation of the PAC-Bayes Framework,2020,2020.csv
Stochastic Recursive Gradient Descent Ascent for Stochastic Nonconvex-Strongly-Concave Minimax Problems,2020,2020.csv
Explaining Naive Bayes and Other Linear Classifiers with Polynomial Time and Delay,2020,2020.csv
Unsupervised Translation of Programming Languages,2020,2020.csv
Adversarial Style Mining for One-Shot Unsupervised Domain Adaptation,2020,2020.csv
Optimally Deceiving a Learning Leader in Stackelberg Games,2020,2020.csv
Online Optimization with Memory and Competitive Control,2020,2020.csv
IDEAL: Inexact DEcentralized Accelerated Augmented Lagrangian Method,2020,2020.csv
Evolving Graphical Planner: Contextual Global Planning for Vision-and-Language Navigation,2020,2020.csv
Likelihood Regret: An Out-of-Distribution Detection Score For Variational Auto-encoder,2020,2020.csv
Deep Diffusion-Invariant Wasserstein Distributional Classification,2020,2020.csv
Meta-Learning through Hebbian Plasticity in Random Networks,2020,2020.csv
A Computational Separation between Private Learning and Online Learning,2020,2020.csv
Top-KAST: Top-K Always Sparse Training,2020,2020.csv
Meta-Learning with Adaptive Hyperparameters,2020,2020.csv
Tight last-iterate convergence rates for no-regret learning in multi-player games,2020,2020.csv
Statistical and Topological Properties of Sliced Probability Divergences,2020,2020.csv
Probabilistic Active Meta-Learning,2020,2020.csv
The Generalization-Stability Tradeoff In Neural Network Pruning,2020,2020.csv
Gradient-EM Bayesian Meta-Learning,2020,2020.csv
Logarithmic Regret Bound in Partially Observable Linear Dynamical Systems,2020,2020.csv
A Self-Tuning Actor-Critic Algorithm,2020,2020.csv
The Cone of Silence: Speech Separation by Localization,2020,2020.csv
High-Dimensional Bayesian Optimization via Nested Riemannian Manifolds,2020,2020.csv
Train-by-Reconnect: Decoupling Locations of Weights from Their Values,2020,2020.csv
Learning discrete distributions: user vs item-level privacy,2020,2020.csv
Sparse and Continuous Attention Mechanisms,2020,2020.csv
Generalized Focal Loss: Learning Qualified and Distributed Bounding Boxes for Dense Object Detection,2020,2020.csv
Robust Deep Reinforcement Learning against Adversarial Perturbations on State Observations,2020,2020.csv
Fair Hierarchical Clustering,2020,2020.csv
Improving Online Rent-or-Buy Algorithms with Sequential Decision Making and ML Predictions,2020,2020.csv
CircleGAN: Generative Adversarial Learning across Spherical Circles,2020,2020.csv
WOR and $p$'s: Sketches for $\ell_p$-Sampling Without Replacement,2020,2020.csv
Log-Likelihood Ratio Minimizing Flows: Towards Robust and Quantifiable Neural Distribution Alignment,2020,2020.csv
Hypersolvers: Toward Fast Continuous-Depth Models,2020,2020.csv
Escaping the Gravitational Pull of Softmax,2020,2020.csv
On Convergence and Generalization of Dropout Training,2020,2020.csv
Regret in Online Recommendation Systems,2020,2020.csv
Implicit Regularization in Deep Learning May Not Be Explainable by Norms,2020,2020.csv
POMO: Policy Optimization with Multiple Optima for Reinforcement Learning,2020,2020.csv
Learning to Learn with Feedback and Local Plasticity,2020,2020.csv
Sharper Generalization Bounds for Pairwise Learning,2020,2020.csv
A Measure-Theoretic Approach to Kernel Conditional Mean Embeddings,2020,2020.csv
Quantifying the Empirical Wasserstein Distance to a Set of Measures: Beating the Curse of Dimensionality,2020,2020.csv
Bootstrap Your Own Latent - A New Approach to Self-Supervised Learning,2020,2020.csv
Towards Theoretically Understanding Why Sgd Generalizes Better Than Adam in Deep Learning,2020,2020.csv
Efficient Clustering for Stretched Mixtures: Landscape and Optimality,2020,2020.csv
A Group-Theoretic Framework for Data Augmentation,2020,2020.csv
The Statistical Cost of Robust Kernel Hyperparameter Turning,2020,2020.csv
How does Weight Correlation Affect Generalisation Ability of Deep Neural Networks?,2020,2020.csv
On the distance between two neural networks and the stability of learning,2020,2020.csv
Personalized Federated Learning with Moreau Envelopes,2020,2020.csv
Avoiding Side Effects in Complex Environments,2020,2020.csv
No-regret Learning in Price Competitions under Consumer Reference Effects,2020,2020.csv
A novel variational form of the Schatten-$p$ quasi-norm,2020,2020.csv
Energy-based Out-of-distribution Detection,2020,2020.csv
On the Loss Landscape of Adversarial Training: Identifying Challenges and How to Overcome Them,2020,2020.csv
Active Structure Learning of Causal DAGs via Directed Clique Trees,2020,2020.csv
BoTorch: A Framework for Efficient Monte-Carlo Bayesian Optimization,2020,2020.csv
Convergence and Stability of Graph Convolutional Networks on Large Random Graphs,2020,2020.csv
Robust Federated Learning: The Case of Affine Distribution Shifts,2020,2020.csv
Quantile Propagation for Wasserstein-Approximate Gaussian Processes,2020,2020.csv
Generating Adjacency-Constrained Subgoals in Hierarchical Reinforcement Learning,2020,2020.csv
High-contrast “gaudy” images improve the training of deep neural network models of visual cortex,2020,2020.csv
Duality-Induced Regularizer for Tensor Factorization Based Knowledge Graph Completion,2020,2020.csv
Distributed Training with Heterogeneous Data: Bridging Median- and Mean-Based Algorithms,2020,2020.csv
H-Mem: Harnessing synaptic plasticity with Hebbian Memory Networks,2020,2020.csv
Neural Unsigned Distance Fields for Implicit Function Learning,2020,2020.csv
Curriculum By Smoothing,2020,2020.csv
"The Convex Relaxation Barrier, Revisited: Tightened Single-Neuron Relaxations for Neural Network Verification",2020,2020.csv
Strongly Incremental Constituency Parsing with Graph Neural Networks,2020,2020.csv
Uncertainty-Aware Learning for Zero-Shot Semantic Segmentation,2020,2020.csv
First-Order Methods for Large-Scale Market Equilibrium Computation,2020,2020.csv
Minimax Optimal Nonparametric Estimation of Heterogeneous Treatment Effects,2020,2020.csv
Delta-STN: Efficient Bilevel Optimization for Neural Networks using Structured Response Jacobians,2020,2020.csv
Not All Unlabeled Data are Equal: Learning to Weight Data in Semi-supervised Learning,2020,2020.csv
A General Method for Robust Learning from Batches,2020,2020.csv
Hard Negative Mixing for Contrastive Learning,2020,2020.csv
Learning Semantic-aware Normalization for Generative Adversarial Networks,2020,2020.csv
Differentiable Causal Discovery from Interventional Data,2020,2020.csv
Contextual Games: Multi-Agent Learning with Side Information,2020,2020.csv
Goal-directed Generation of Discrete Structures with Conditional Generative Models,2020,2020.csv
Minibatch Stochastic Approximate Proximal Point Methods,2020,2020.csv
Beyond Lazy Training for Over-parameterized Tensor Decomposition,2020,2020.csv
Denoised Smoothing: A Provable Defense for Pretrained Classifiers,2020,2020.csv
Learning Latent Space Energy-Based Prior Model,2020,2020.csv
Lightweight Generative Adversarial Networks for Text-Guided Image Manipulation,2020,2020.csv
High-Dimensional Contextual Policy Search with Unknown Context Rewards using Bayesian Optimization,2020,2020.csv
Model Fusion via Optimal Transport,2020,2020.csv
On the Stability and Convergence of Robust Adversarial Reinforcement Learning: A Case Study on Linear Quadratic Systems,2020,2020.csv
Learning Individually Inferred Communication for Multi-Agent Cooperation,2020,2020.csv
Set2Graph: Learning Graphs From Sets,2020,2020.csv
Gradient Boosted Normalizing Flows,2020,2020.csv
Towards Understanding Hierarchical Learning: Benefits of Neural Representations,2020,2020.csv
Texture Interpolation for Probing Visual Perception,2020,2020.csv
Implicit Bias in Deep Linear Classification: Initialization Scale vs Training Accuracy,2020,2020.csv
Focus of Attention Improves Information Transfer in Visual Features,2020,2020.csv
Auditing Differentially Private Machine Learning: How Private is Private SGD?,2020,2020.csv
A Dynamical Central Limit Theorem for Shallow Neural Networks,2020,2020.csv
Measuring Systematic Generalization in Neural Proof Generation with Transformers,2020,2020.csv
Big Self-Supervised Models are Strong Semi-Supervised Learners,2020,2020.csv
Fast Matrix Square Roots with Applications to Gaussian Processes and Bayesian Optimization,2020,2020.csv
Model Class Reliance for Random Forests,2020,2020.csv
Confounding-Robust Policy Evaluation in Infinite-Horizon Reinforcement Learning,2020,2020.csv
Follow the Perturbed Leader: Optimism and Fast Parallel Algorithms for Smooth Minimax Games,2020,2020.csv
Agnostic $Q$-learning with Function Approximation in Deterministic Systems: Near-Optimal Bounds on Approximation Error and Sample Complexity,2020,2020.csv
Learning to Adapt to Evolving Domains,2020,2020.csv
Synthesizing Tasks for Block-based Programming,2020,2020.csv
Firefly Neural Architecture Descent: a General Approach for Growing Neural Networks,2020,2020.csv
Scalable Belief Propagation via Relaxed Scheduling,2020,2020.csv
Risk-Sensitive Reinforcement Learning: Near-Optimal Risk-Sample Tradeoff in Regret,2020,2020.csv
Learning to Decode: Reinforcement Learning for Decoding of Sparse Graph-Based Channel Codes,2020,2020.csv
De-Anonymizing Text by Fingerprinting Language Generation,2020,2020.csv
Multiparameter Persistence Image for Topological Machine Learning,2020,2020.csv
PLANS: Neuro-Symbolic Program Learning from Videos,2020,2020.csv
Matrix Inference and Estimation in Multi-Layer Models,2020,2020.csv
MeshSDF: Differentiable Iso-Surface Extraction,2020,2020.csv
Variational Interaction Information Maximization for Cross-domain Disentanglement,2020,2020.csv
Provably Efficient Exploration for Reinforcement Learning Using Unsupervised Learning,2020,2020.csv
Faithful Embeddings for Knowledge Base Queries,2020,2020.csv
Wasserstein Distances for Stereo Disparity Estimation,2020,2020.csv
Can the Brain Do Backpropagation? --- Exact Implementation of Backpropagation in Predictive Coding Networks,2020,2020.csv
An Analysis of SVD for Deep Rotation Estimation,2020,2020.csv
COOT: Cooperative Hierarchical Transformer for Video-Text Representation Learning,2020,2020.csv
Limits to Depth Efficiencies of Self-Attention,2020,2020.csv
Beyond Value-Function Gaps: Improved Instance-Dependent Regret Bounds for Episodic Reinforcement Learning,2021,2021.csv
Finding Discriminative Filters for Specific Degradations in Blind Super-Resolution,2021,2021.csv
Matrix factorisation and the interpretation of geodesic distance,2021,2021.csv
Learning One Representation to Optimize All Rewards,2021,2021.csv
Counterfactual Explanations Can Be Manipulated,2021,2021.csv
Hyperbolic Busemann Learning with Ideal Prototypes,2021,2021.csv
BAST: Bayesian Additive Regression Spanning Trees for Complex Constrained Domain,2021,2021.csv
Non-local Latent Relation Distillation for Self-Adaptive 3D Human Pose Estimation,2021,2021.csv
Backward-Compatible Prediction Updates: A Probabilistic Approach,2021,2021.csv
Fast Training of Neural Lumigraph Representations using Meta Learning,2021,2021.csv
Analytical Study of Momentum-Based Acceleration Methods in Paradigmatic High-Dimensional Non-Convex Problems,2021,2021.csv
Multimodal Few-Shot Learning with Frozen Language Models,2021,2021.csv
Approximating the Permanent with Deep Rejection Sampling,2021,2021.csv
Revisiting Model Stitching to Compare Neural Representations,2021,2021.csv
Meta-Learning Reliable Priors in the Function Space,2021,2021.csv
Time Discretization-Invariant Safe Action Repetition for Policy Gradient Methods,2021,2021.csv
AugMax: Adversarial Composition of Random Augmentations for Robust Training,2021,2021.csv
VoiceMixer: Adversarial Voice Style Mixup,2021,2021.csv
Oracle Complexity in Nonsmooth Nonconvex Optimization,2021,2021.csv
Predicting What You Already Know Helps: Provable Self-Supervised Learning,2021,2021.csv
Learning to Select Exogenous Events for Marked Temporal Point Process,2021,2021.csv
Learning Space Partitions for Path Planning,2021,2021.csv
Scalable Inference in SDEs by Direct Matching of the Fokker–Planck–Kolmogorov Equation,2021,2021.csv
The Complexity of Bayesian Network Learning: Revisiting the Superstructure,2021,2021.csv
Fast Tucker Rank Reduction for Non-Negative Tensors Using Mean-Field Approximation,2021,2021.csv
Learning Stochastic Majority Votes by Minimizing a PAC-Bayes Generalization Bound,2021,2021.csv
TopicNet: Semantic Graph-Guided Topic Discovery,2021,2021.csv
What training reveals about neural network complexity,2021,2021.csv
(Almost) Free Incentivized Exploration from Decentralized Learning Agents,2021,2021.csv
"Combining Recurrent, Convolutional, and Continuous-time Models with Linear State Space Layers",2021,2021.csv
T-LoHo: A Bayesian Regularization Model for Structured Sparsity and Smoothness on Graphs,2021,2021.csv
Subgoal Search For Complex Reasoning Tasks,2021,2021.csv
MCMC Variational Inference via Uncorrected Hamiltonian Annealing,2021,2021.csv
A Winning Hand: Compressing Deep Networks Can Improve Out-of-Distribution Robustness,2021,2021.csv
On the Importance of Gradients for Detecting Distributional Shifts in the Wild,2021,2021.csv
Understanding End-to-End Model-Based Reinforcement Learning Methods as Implicit Parameterization,2021,2021.csv
Mirror Langevin Monte Carlo: the Case Under Isoperimetry,2021,2021.csv
Do Different Tracking Tasks Require Different Appearance Models?,2021,2021.csv
Arbitrary Conditional Distributions with Energy,2021,2021.csv
Towards robust vision by multi-task learning on monkey visual cortex,2021,2021.csv
Learning Domain Invariant Representations in Goal-conditioned Block MDPs,2021,2021.csv
Near-Optimal Multi-Perturbation Experimental Design for Causal Structure Learning,2021,2021.csv
Improving black-box optimization in VAE latent space using decoder uncertainty,2021,2021.csv
NeurWIN: Neural Whittle Index Network For Restless Bandits Via Deep RL,2021,2021.csv
Sageflow: Robust Federated Learning against Both Stragglers and Adversaries,2021,2021.csv
Alias-Free Generative Adversarial Networks,2021,2021.csv
Noise2Score: Tweedie’s Approach to Self-Supervised Image Denoising without Clean Images,2021,2021.csv
Dynamic Visual Reasoning by Learning Differentiable Physics Models from Video and Language,2021,2021.csv
Continuous Mean-Covariance Bandits,2021,2021.csv
Solving Soft Clustering Ensemble via $k$-Sparse Discrete Wasserstein Barycenter,2021,2021.csv
Bayesian Adaptation for Covariate Shift,2021,2021.csv
Towards Unifying Behavioral and Response Diversity for Open-ended Learning in Zero-sum Games,2021,2021.csv
Towards Better Understanding of Training Certifiably Robust Models against Adversarial Examples,2021,2021.csv
Perturb-and-max-product: Sampling and learning in discrete energy-based models,2021,2021.csv
Global Filter Networks for Image Classification,2021,2021.csv
CAFE: Catastrophic Data Leakage in Vertical Federated Learning,2021,2021.csv
Fault-Tolerant Federated Reinforcement Learning with Theoretical Guarantee,2021,2021.csv
Compacter: Efficient Low-Rank Hypercomplex Adapter Layers,2021,2021.csv
Distilling Image Classifiers in Object Detectors,2021,2021.csv
BatchQuant: Quantized-for-all Architecture Search with Robust Quantizer,2021,2021.csv
Near Optimal Policy Optimization via REPS,2021,2021.csv
Long Short-Term Transformer for Online Action Detection,2021,2021.csv
Self-Consistent Models and Values,2021,2021.csv
Learning on Random Balls is Sufficient for Estimating (Some) Graph Parameters,2021,2021.csv
Risk-Averse Bayes-Adaptive Reinforcement Learning,2021,2021.csv
Single Layer Predictive Normalized Maximum Likelihood for Out-of-Distribution Detection,2021,2021.csv
Learning to Adapt via Latent Domains for Adaptive Semantic Segmentation,2021,2021.csv
Algorithmic Instabilities of Accelerated Gradient Descent,2021,2021.csv
Finite Sample Analysis of Average-Reward TD Learning and $Q$-Learning,2021,2021.csv
Generalization Bounds for Graph Embedding Using Negative Sampling: Linear vs Hyperbolic,2021,2021.csv
Gradient Starvation: A Learning Proclivity in Neural Networks,2021,2021.csv
Offline Reinforcement Learning as One Big Sequence Modeling Problem,2021,2021.csv
Optimality and Stability in Federated Learning: A Game-theoretic Approach,2021,2021.csv
Understanding Deflation Process in Over-parametrized Tensor Decomposition,2021,2021.csv
Privately Learning Subspaces,2021,2021.csv
Shapeshifter: a Parameter-efficient Transformer using Factorized Reshaped Matrices,2021,2021.csv
The Adaptive Doubly Robust Estimator and a Paradox Concerning Logging Policy,2021,2021.csv
Regularized Softmax Deep Multi-Agent Q-Learning,2021,2021.csv
Systematic Generalization with Edge Transformers,2021,2021.csv
TransformerFusion: Monocular RGB Scene Reconstruction using Transformers,2021,2021.csv
Global Convergence of Gradient Descent for Asymmetric Low-Rank Matrix Factorization,2021,2021.csv
Terra: Imperative-Symbolic Co-Execution of Imperative Deep Learning Programs,2021,2021.csv
Distributional Reinforcement Learning for Multi-Dimensional Reward Functions,2021,2021.csv
Differentiable Unsupervised Feature Selection based on a Gated Laplacian,2021,2021.csv
Smooth Bilevel Programming for Sparse Regularization,2021,2021.csv
Grounding Representation Similarity Through Statistical Testing,2021,2021.csv
A Consciousness-Inspired Planning Agent for Model-Based Reinforcement Learning,2021,2021.csv
Reward-Free Model-Based Reinforcement Learning with Linear Function Approximation,2021,2021.csv
Beltrami Flow and Neural Diffusion on Graphs,2021,2021.csv
"Think Big, Teach Small: Do Language Models Distil Occam’s Razor?",2021,2021.csv
"Conditionally Parameterized, Discretization-Aware Neural Networks for Mesh-Based Modeling of Physical Systems",2021,2021.csv
Disentangling Identifiable Features from Noisy Data with Structured Nonlinear ICA,2021,2021.csv
Periodic Activation Functions Induce Stationarity,2021,2021.csv
Revealing and Protecting Labels in Distributed Training,2021,2021.csv
Solving Graph-based Public Goods Games with Tree Search and Imitation Learning,2021,2021.csv
Early-stopped neural networks are consistent,2021,2021.csv
You are caught stealing my winning lottery ticket! Making a lottery ticket claim its ownership,2021,2021.csv
Complexity Lower Bounds for Nonconvex-Strongly-Concave Min-Max Optimization,2021,2021.csv
NxMTransformer: Semi-Structured Sparsification for Natural Language Understanding via ADMM,2021,2021.csv
Reliable Decisions with Threshold Calibration,2021,2021.csv
Wisdom of the Crowd Voting: Truthful Aggregation of Voter Information and Preferences,2021,2021.csv
Replay-Guided Adversarial Environment Design,2021,2021.csv
There Is No Turning Back: A Self-Supervised Approach for Reversibility-Aware Reinforcement Learning,2021,2021.csv
Online Multi-Armed Bandits with Adaptive Inference,2021,2021.csv
Learning to Execute: Efficient Learning of Universal Plan-Conditioned Policies in Robotics,2021,2021.csv
Efficient Truncated Linear Regression with Unknown Noise Variance,2021,2021.csv
Temporally Abstract Partial Models,2021,2021.csv
INDIGO: GNN-Based Inductive Knowledge Graph Completion Using Pair-Wise Encoding,2021,2021.csv
Improving Conditional Coverage via Orthogonal Quantile Regression,2021,2021.csv
Optimal Rates for Random Order Online Optimization,2021,2021.csv
"Skyformer: Remodel Self-Attention with Gaussian Kernel and Nystr\""om Method",2021,2021.csv
Inverse-Weighted Survival Games,2021,2021.csv
Generalization Bounds for Meta-Learning via PAC-Bayes and Uniform Stability,2021,2021.csv
Parallel Bayesian Optimization of Multiple Noisy Objectives with Expected Hypervolume Improvement,2021,2021.csv
Evolution Gym: A Large-Scale Benchmark for Evolving Soft Robots,2021,2021.csv
On the Convergence and Sample Efficiency of Variance-Reduced Policy Gradient Method,2021,2021.csv
Reinforcement Learning in Reward-Mixing MDPs,2021,2021.csv
Robustifying Algorithms of Learning Latent Trees with Vector Variables,2021,2021.csv
Circa: Stochastic ReLUs for Private Deep Learning,2021,2021.csv
A Gang of Adversarial Bandits,2021,2021.csv
Explaining Hyperparameter Optimization via Partial Dependence Plots,2021,2021.csv
Continuous-time edge modelling using non-parametric point processes,2021,2021.csv
Deep inference of latent dynamics with spatio-temporal super-resolution using selective backpropagation through time,2021,2021.csv
Self-Interpretable Model with Transformation Equivariant Interpretation,2021,2021.csv
Solving Min-Max Optimization with Hidden Structure via Gradient Descent Ascent,2021,2021.csv
Preserved central model for faster bidirectional compression in distributed settings,2021,2021.csv
Voxel-based 3D Detection and Reconstruction of Multiple Objects from a Single Image,2021,2021.csv
Luna: Linear Unified Nested Attention,2021,2021.csv
Test-Time Classifier Adjustment Module for Model-Agnostic Domain Generalization,2021,2021.csv
Hindsight Task Relabelling: Experience Replay for Sparse Reward Meta-RL,2021,2021.csv
Automatic Symmetry Discovery with Lie Algebra Convolutional Network,2021,2021.csv
Associating Objects with Transformers for Video Object Segmentation,2021,2021.csv
Explicit loss asymptotics in the gradient descent training of neural networks,2021,2021.csv
Bias Out-of-the-Box: An Empirical Analysis of Intersectional Occupational Biases in Popular Generative Language Models,2021,2021.csv
Hybrid Regret Bounds for Combinatorial Semi-Bandits and Adversarial Linear Bandits,2021,2021.csv
Pay Better Attention to Attention: Head Selection in Multilingual and Multi-Domain Sequence Modeling,2021,2021.csv
Cardinality-Regularized Hawkes-Granger Model,2021,2021.csv
Constrained Robust Submodular Partitioning,2021,2021.csv
Why Lottery Ticket Wins? A Theoretical Perspective of Sample Complexity on Sparse Neural Networks,2021,2021.csv
Aligned Structured Sparsity Learning for Efficient Image Super-Resolution,2021,2021.csv
Online Knapsack with Frequency Predictions,2021,2021.csv
On Component Interactions in Two-Stage Recommender Systems,2021,2021.csv
Lip to Speech Synthesis with Visual Context Attentional GAN,2021,2021.csv
Non-convex Distributionally Robust Optimization: Non-asymptotic Analysis,2021,2021.csv
Goal-Aware Cross-Entropy for Multi-Target Reinforcement Learning,2021,2021.csv
Distributed Principal Component Analysis with Limited Communication,2021,2021.csv
MetaAvatar: Learning Animatable Clothed Human Models from Few Depth Images,2021,2021.csv
Newton-LESS: Sparsification without Trade-offs for the Sketched Newton Update,2021,2021.csv
Word2Fun: Modelling Words as Functions for Diachronic Word Representation,2021,2021.csv
Iteratively Reweighted Least Squares for Basis Pursuit with Global Linear Convergence Rate,2021,2021.csv
UCB-based Algorithms for Multinomial Logistic Regression Bandits,2021,2021.csv
Low-Rank Constraints for Fast Inference in Structured Models,2021,2021.csv
Dual Progressive Prototype Network for Generalized Zero-Shot Learning,2021,2021.csv
Derivative-Free Policy Optimization for Linear Risk-Sensitive and Robust Control Design: Implicit Regularization and Sample Complexity,2021,2021.csv
On the Existence of The Adversarial Bayes Classifier,2021,2021.csv
G-PATE: Scalable Differentially Private Data Generator via Private Aggregation of Teacher Discriminators,2021,2021.csv
Object-Aware Regularization for Addressing Causal Confusion in Imitation Learning,2021,2021.csv
Convex-Concave Min-Max Stackelberg Games,2021,2021.csv
Misspecified Gaussian Process Bandit Optimization,2021,2021.csv
Multiclass Boosting and the Cost of Weak Learning,2021,2021.csv
Partition-Based Formulations for Mixed-Integer Optimization of Trained ReLU Neural Networks,2021,2021.csv
"Hyperparameter Optimization Is Deceiving Us, and How to Stop It",2021,2021.csv
On the Convergence Theory of Debiased Model-Agnostic Meta-Reinforcement Learning,2021,2021.csv
SyncTwin: Treatment Effect Estimation with Longitudinal Outcomes,2021,2021.csv
An Improved Analysis and Rates for Variance Reduction under Without-replacement Sampling Orders,2021,2021.csv
Statistical Query Lower Bounds for List-Decodable Linear Regression,2021,2021.csv
Multi-Agent Reinforcement Learning for Active Voltage Control on Power Distribution Networks,2021,2021.csv
Exploring Forensic Dental Identification with Deep Learning,2021,2021.csv
A Constant Approximation Algorithm for Sequential Random-Order No-Substitution k-Median Clustering,2021,2021.csv
Dangers of Bayesian Model Averaging under Covariate Shift,2021,2021.csv
Learning Equilibria in Matching Markets from Bandit Feedback,2021,2021.csv
Towards Lower Bounds on the Depth of ReLU Neural Networks,2021,2021.csv
Exact marginal prior distributions of finite Bayesian neural networks,2021,2021.csv
On the Theory of Reinforcement Learning with Once-per-Episode Feedback,2021,2021.csv
Pooling by Sliced-Wasserstein Embedding,2021,2021.csv
ResNEsts and DenseNEsts: Block-based DNN Models with Improved Representation Guarantees,2021,2021.csv
Locally private online change point detection,2021,2021.csv
Neural Auto-Curricula in Two-Player Zero-Sum Games,2021,2021.csv
BayesIMP: Uncertainty Quantification for Causal Data Fusion,2021,2021.csv
RMM: Reinforced Memory Management for Class-Incremental Learning,2021,2021.csv
Invariance Principle Meets Information Bottleneck for Out-of-Distribution Generalization,2021,2021.csv
Repulsive Deep Ensembles are Bayesian,2021,2021.csv
Adversarial Robustness of Streaming Algorithms through Importance Sampling,2021,2021.csv
On Interaction Between Augmentations and Corruptions in Natural Corruption Robustness,2021,2021.csv
Hypergraph Propagation and Community Selection for Objects Retrieval,2021,2021.csv
QuPeD: Quantized Personalization via Distillation with Applications to Federated Learning,2021,2021.csv
Model Adaptation: Historical Contrastive Learning for Unsupervised Domain Adaptation without Source Data,2021,2021.csv
Stabilizing Deep Q-Learning with ConvNets and Vision Transformers under Data Augmentation,2021,2021.csv
Episodic Multi-agent Reinforcement Learning with Curiosity-driven Exploration,2021,2021.csv
"Damped Anderson Mixing for Deep Reinforcement Learning: Acceleration, Convergence, and Stabilization",2021,2021.csv
Learning Knowledge Graph-based World Models of Textual Environments,2021,2021.csv
Approximate Decomposable Submodular Function Minimization for Cardinality-Based Components,2021,2021.csv
On Effective Scheduling of Model-based Reinforcement Learning,2021,2021.csv
Towards a Unified Game-Theoretic View of Adversarial Perturbations and Robustness,2021,2021.csv
PDE-GCN: Novel Architectures for Graph Neural Networks Motivated by Partial Differential Equations,2021,2021.csv
Information Directed Reward Learning for Reinforcement Learning,2021,2021.csv
SSMF: Shifting Seasonal Matrix Factorization,2021,2021.csv
Robust and differentially private mean estimation,2021,2021.csv
Adaptable Agent Populations via a Generative Model of Policies,2021,2021.csv
Privately Learning Mixtures of Axis-Aligned Gaussians,2021,2021.csv
A No-go Theorem for Robust Acceleration in the Hyperbolic Plane,2021,2021.csv
Invariant Causal Imitation Learning for Generalizable Policies,2021,2021.csv
Deep Self-Dissimilarities as Powerful Visual Fingerprints,2021,2021.csv
Celebrating Diversity in Shared Multi-Agent Reinforcement Learning,2021,2021.csv
Rebounding Bandits for Modeling Satiation Effects,2021,2021.csv
Sample Complexity of Tree Search Configuration: Cutting Planes and Beyond,2021,2021.csv
Private Non-smooth ERM and SCO in Subquadratic Steps,2021,2021.csv
Towards Instance-Optimal Offline Reinforcement Learning with Pessimism,2021,2021.csv
Speedy Performance Estimation for Neural Architecture Search,2021,2021.csv
Deep Synoptic Monte-Carlo Planning in Reconnaissance Blind Chess,2021,2021.csv
Optimizing Conditional Value-At-Risk of Black-Box Functions,2021,2021.csv
Environment Generation for Zero-Shot Compositional Reinforcement Learning,2021,2021.csv
E(n) Equivariant Normalizing Flows,2021,2021.csv
Revitalizing CNN Attention via Transformers in Self-Supervised Visual Representation Learning,2021,2021.csv
An Analysis of Constant Step Size SGD in the Non-convex Regime: Asymptotic Normality and Bias,2021,2021.csv
Learning to Learn Graph Topologies,2021,2021.csv
A Critical Look at the Consistency of Causal Estimation with Deep Latent Variable Models,2021,2021.csv
Reducing Collision Checking for Sampling-Based Motion Planning Using Graph Neural Networks,2021,2021.csv
Sample Complexity Bounds for Active Ranking from Multi-wise Comparisons,2021,2021.csv
Efficient Bayesian network structure learning via local Markov boundary search,2021,2021.csv
Improved Variance-Aware Confidence Sets for Linear Bandits and Linear Mixture MDP,2021,2021.csv
"EF21: A New, Simpler, Theoretically Better, and Practically Faster Error Feedback",2021,2021.csv
How Should Pre-Trained Language Models Be Fine-Tuned Towards Adversarial Robustness?,2021,2021.csv
Combining Human Predictions with Model Probabilities via Confusion Matrices and Calibration,2021,2021.csv
Influence Patterns for Explaining Information Flow in BERT,2021,2021.csv
$\texttt{LeadCache}$: Regret-Optimal Caching in Networks,2021,2021.csv
Robust Regression Revisited: Acceleration and Improved Estimation Rates,2021,2021.csv
Probing Inter-modality: Visual Parsing with Self-Attention for Vision-and-Language Pre-training,2021,2021.csv
Pruning Randomly Initialized Neural Networks with Iterative Randomization,2021,2021.csv
Regime Switching Bandits,2021,2021.csv
"Localization, Convexity, and Star Aggregation",2021,2021.csv
Offline Meta Reinforcement Learning -- Identifiability Challenges and Effective Data Collection Strategies,2021,2021.csv
Self-Adaptable Point Processes with Nonparametric Time Decays,2021,2021.csv
Flexible Option Learning,2021,2021.csv
Credit Assignment in Neural Networks through Deep Feedback Control,2021,2021.csv
Online Facility Location with Multiple Advice,2021,2021.csv
Robust Online Correlation Clustering,2021,2021.csv
Representation Learning for Event-based Visuomotor Policies,2021,2021.csv
Diverse Message Passing for Attribute with Heterophily,2021,2021.csv
Towards Robust Bisimulation Metric Learning,2021,2021.csv
Representation Learning Beyond Linear Prediction Functions,2021,2021.csv
MAUVE: Measuring the Gap Between Neural Text and Human Text using Divergence Frontiers,2021,2021.csv
Beyond BatchNorm: Towards a Unified Understanding of Normalization in Deep Learning,2021,2021.csv
Accurately Solving Rod Dynamics with Graph Learning,2021,2021.csv
Limiting fluctuation and trajectorial stability of multilayer neural networks with mean field training,2021,2021.csv
Overcoming the Convex Barrier for Simplex Inputs,2021,2021.csv
Medical Dead-ends and Learning to Identify High-Risk States and Treatments,2021,2021.csv
High-probability Bounds for Non-Convex Stochastic Optimization with Heavy Tails,2021,2021.csv
Support vector machines and linear regression coincide with very high-dimensional features,2021,2021.csv
Batch Normalization Orthogonalizes Representations in Deep Random Networks,2021,2021.csv
Continuous vs. Discrete Optimization of Deep Neural Networks,2021,2021.csv
Coupled Segmentation and Edge Learning via Dynamic Graph Propagation,2021,2021.csv
Offline RL Without Off-Policy Evaluation,2021,2021.csv
CrypTen: Secure Multi-Party Computation Meets Machine Learning,2021,2021.csv
Can contrastive learning avoid shortcut solutions?,2021,2021.csv
Provable Guarantees for Self-Supervised Deep Learning with Spectral Contrastive Loss,2021,2021.csv
Greedy Approximation Algorithms for Active Sequential Hypothesis Testing,2021,2021.csv
When False Positive is Intolerant: End-to-End  Optimization with Low FPR for Multipartite Ranking,2021,2021.csv
Convex Polytope Trees,2021,2021.csv
SketchGen: Generating Constrained CAD Sketches,2021,2021.csv
Stability and Deviation Optimal Risk Bounds with Convergence Rate $O(1/n)$,2021,2021.csv
The Skellam Mechanism for Differentially Private Federated Learning,2021,2021.csv
Differentially Private n-gram Extraction,2021,2021.csv
Matrix encoding networks for neural combinatorial optimization,2021,2021.csv
Noisy Recurrent Neural Networks,2021,2021.csv
Continuous Latent Process Flows,2021,2021.csv
Perturbation-based Regret Analysis of Predictive Control in Linear Time Varying Systems,2021,2021.csv
Analysis of one-hidden-layer neural networks via the resolvent method,2021,2021.csv
Grounding Spatio-Temporal Language with Transformers,2021,2021.csv
Even your Teacher Needs Guidance: Ground-Truth Targets Dampen Regularization Imposed by Self-Distillation,2021,2021.csv
Compressing Neural Networks: Towards Determining the Optimal Layer-wise Decomposition,2021,2021.csv
Imitation with Neural Density Models,2021,2021.csv
PlayVirtual: Augmenting Cycle-Consistent Virtual Trajectories for Reinforcement Learning,2021,2021.csv
Efficient Equivariant Network,2021,2021.csv
Unifying Gradient Estimators for Meta-Reinforcement Learning  via Off-Policy Evaluation,2021,2021.csv
Simple steps are all you need: Frank-Wolfe and generalized self-concordant functions,2021,2021.csv
Automatic Data Augmentation for Generalization in Reinforcement Learning,2021,2021.csv
A Trainable Spectral-Spatial Sparse Coding Model for Hyperspectral Image Restoration,2021,2021.csv
Blending Anti-Aliasing into Vision Transformer,2021,2021.csv
The Benefits of Implicit Regularization from SGD in Least Squares Problems,2021,2021.csv
Generalization of Model-Agnostic Meta-Learning Algorithms: Recurring and Unseen Tasks,2021,2021.csv
MarioNette: Self-Supervised Sprite Learning,2021,2021.csv
RLlib Flow: Distributed Reinforcement Learning is a Dataflow Problem,2021,2021.csv
Improve Agents without Retraining: Parallel Tree Search with Off-Policy Correction,2021,2021.csv
Redesigning the Transformer Architecture with Insights from Multi-particle Dynamical Systems,2021,2021.csv
Breaking the Linear Iteration Cost Barrier for Some Well-known Conditional Gradient Methods Using MaxIP Data-structures,2021,2021.csv
Exploring Architectural Ingredients of Adversarially Robust Deep Neural Networks,2021,2021.csv
Center Smoothing: Certified Robustness for Networks with Structured Outputs,2021,2021.csv
A Topological Perspective on Causal Inference,2021,2021.csv
Parameter Inference with Bifurcation Diagrams,2021,2021.csv
Scalable Thompson Sampling using Sparse Gaussian Process Models,2021,2021.csv
Similarity and Matching of Neural Network Representations,2021,2021.csv
Contrastive Laplacian Eigenmaps,2021,2021.csv
Machine learning structure preserving brackets for forecasting irreversible processes,2021,2021.csv
On the Variance of the Fisher Information for Deep Learning,2021,2021.csv
Dissecting the Diffusion Process in Linear Graph Convolutional Networks,2021,2021.csv
Dynamic Grained Encoder for Vision Transformers,2021,2021.csv
Brick-by-Brick: Combinatorial Construction with Deep Reinforcement Learning,2021,2021.csv
Fast Pure Exploration via Frank-Wolfe,2021,2021.csv
History Aware Multimodal Transformer for Vision-and-Language Navigation,2021,2021.csv
Meta Two-Sample Testing: Learning Kernels for Testing with Limited Data,2021,2021.csv
The Lazy Online Subgradient Algorithm is Universal on Strongly Convex Domains,2021,2021.csv
Computer-Aided Design as Language,2021,2021.csv
Recovery Analysis for Plug-and-Play Priors using the Restricted Eigenvalue Condition,2021,2021.csv
Data Sharing and Compression for Cooperative Networked Control,2021,2021.csv
STEM: A Stochastic Two-Sided Momentum Algorithm Achieving Near-Optimal Sample and Communication Complexities for Federated Learning,2021,2021.csv
Searching for Efficient Transformers for Language Modeling,2021,2021.csv
Multi-Person 3D Motion Prediction with Multi-Range Transformers,2021,2021.csv
Bubblewrap: Online tiling and real-time flow prediction on neural manifolds,2021,2021.csv
Learning to Combine Per-Example Solutions for Neural Program Synthesis,2021,2021.csv
On Success and Simplicity: A Second Look at Transferable Targeted Attacks,2021,2021.csv
"Provably efficient, succinct, and precise explanations",2021,2021.csv
Refined Learning Bounds for Kernel and Approximate $k$-Means,2021,2021.csv
A first-order primal-dual method with adaptivity to local smoothness,2021,2021.csv
Learning Causal Semantic Representation for Out-of-Distribution Prediction,2021,2021.csv
Adversarial Robustness with Semi-Infinite Constrained Learning,2021,2021.csv
Bootstrapping the Error of Oja's Algorithm,2021,2021.csv
A 3D Generative Model for Structure-Based Drug Design,2021,2021.csv
Landscape analysis of an improved power method for tensor decomposition,2021,2021.csv
Ising Model Selection Using $\ell_{1}$-Regularized Linear Regression: A Statistical Mechanics Analysis,2021,2021.csv
Conformal Prediction using Conditional Histograms,2021,2021.csv
Spherical Motion Dynamics: Learning Dynamics of Normalized Neural Network using SGD and Weight Decay,2021,2021.csv
Roto-translated Local Coordinate Frames For Interacting Dynamical Systems,2021,2021.csv
Probabilistic Forecasting: A Level-Set Approach,2021,2021.csv
On the Representation of Solutions to Elliptic PDEs in Barron Spaces,2021,2021.csv
A/B Testing for Recommender Systems in a Two-sided Marketplace,2021,2021.csv
Sparse Uncertainty Representation in Deep Learning with Inducing Weights,2021,2021.csv
Scalable Inference of Sparsely-changing Gaussian Markov Random Fields,2021,2021.csv
Neural Pseudo-Label Optimism for the Bank Loan Problem,2021,2021.csv
A variational approximate posterior for the deep Wishart process,2021,2021.csv
Learnability of Linear Thresholds from Label Proportions,2021,2021.csv
Visualizing the Emergence of Intermediate Visual Patterns in DNNs,2021,2021.csv
Greedy and Random Quasi-Newton Methods with Faster Explicit Superlinear Convergence,2021,2021.csv
Can You Learn an Algorithm?  Generalizing from Easy to Hard Problems with Recurrent Networks,2021,2021.csv
Sub-Linear Memory: How to Make Performers SLiM,2021,2021.csv
Overcoming Catastrophic Forgetting in Incremental Few-Shot Learning by Finding Flat Minima,2021,2021.csv
"Intrinsic Dimension, Persistent Homology and Generalization in Neural Networks",2021,2021.csv
Functional Neural Networks for Parametric Image Restoration Problems,2021,2021.csv
Loss function based second-order Jensen inequality and its application to particle variational inference,2021,2021.csv
Detecting and Adapting to Irregular Distribution Shifts in Bayesian Online Learning,2021,2021.csv
"Stochastic Shortest Path: Minimax, Parameter-Free and Towards Horizon-Free Regret",2021,2021.csv
Asynchronous Decentralized SGD with Quantized and Local Updates,2021,2021.csv
Sim and Real: Better Together,2021,2021.csv
Nested Counterfactual Identification from Arbitrary Surrogate Experiments,2021,2021.csv
Trustworthy Multimodal Regression with Mixture of Normal-inverse Gamma Distributions,2021,2021.csv
An Empirical Study of Adder Neural Networks for Object Detection,2021,2021.csv
On the Universality of Graph Neural Networks on Large Random Graphs,2021,2021.csv
Antipodes of Label Differential Privacy: PATE and ALIBI,2021,2021.csv
Regulating algorithmic filtering on social media,2021,2021.csv
Inverse Reinforcement Learning in a Continuous State Space with Formal Guarantees,2021,2021.csv
Adversarial Attacks on Graph Classifiers via Bayesian Optimisation,2021,2021.csv
argmax centroid,2021,2021.csv
Contrastive Learning of Global and Local Video Representations,2021,2021.csv
BooVI: Provably Efficient Bootstrapped Value Iteration,2021,2021.csv
Do Wider Neural Networks Really Help Adversarial Robustness?,2021,2021.csv
Exploring the Limits of Out-of-Distribution Detection,2021,2021.csv
Information-constrained optimization: can adaptive processing of gradients help?,2021,2021.csv
Self-Supervised Learning of Event-Based Optical Flow with Spiking Neural Networks,2021,2021.csv
On the Value of Infinite Gradients in Variational Autoencoder Models,2021,2021.csv
Online Robust Reinforcement Learning with Model Uncertainty,2021,2021.csv
Sharp Impossibility Results for Hyper-graph Testing,2021,2021.csv
Evaluating Gradient Inversion Attacks and Defenses in Federated Learning,2021,2021.csv
Faster Non-asymptotic Convergence for Double Q-learning,2021,2021.csv
Towards Tight Communication Lower Bounds for Distributed Optimisation,2021,2021.csv
HRFormer: High-Resolution Vision Transformer for Dense Predict,2021,2021.csv
Shape your Space: A Gaussian Mixture Regularization Approach to Deterministic Autoencoders,2021,2021.csv
An Even More Optimal Stochastic Optimization Algorithm: Minibatching and Interpolation Learning,2021,2021.csv
Indexed Minimum Empirical Divergence for Unimodal Bandits,2021,2021.csv
A Normative and Biologically Plausible Algorithm for Independent Component Analysis,2021,2021.csv
Regret Bounds for Gaussian-Process Optimization in Large Domains,2021,2021.csv
On Optimal Robustness to Adversarial Corruption in Online Decision Problems,2021,2021.csv
Directed Spectrum Measures Improve Latent Network Models Of Neural Populations,2021,2021.csv
Deeply Shared Filter Bases for  Parameter-Efficient  Convolutional Neural Networks,2021,2021.csv
"Distribution-free inference for regression: discrete, continuous, and in between",2021,2021.csv
NeuroLKH: Combining Deep Learning Model with Lin-Kernighan-Helsgaun Heuristic for Solving the Traveling Salesman Problem,2021,2021.csv
Meta-learning with an Adaptive Task Scheduler,2021,2021.csv
A Gradient Method for Multilevel Optimization,2021,2021.csv
LEADS: Learning Dynamical Systems that Generalize Across Environments,2021,2021.csv
Storchastic: A Framework for General Stochastic Automatic Differentiation,2021,2021.csv
Concentration inequalities under sub-Gaussian and sub-exponential conditions,2021,2021.csv
Variance-Aware Off-Policy Evaluation with Linear Function Approximation,2021,2021.csv
A Provably Efficient Sample Collection Strategy for Reinforcement Learning,2021,2021.csv
Improved Regret Bounds for Tracking Experts with Memory,2021,2021.csv
SADGA: Structure-Aware Dual Graph Aggregation Network for Text-to-SQL,2021,2021.csv
Robustness of Graph Neural Networks at Scale,2021,2021.csv
Random Noise Defense Against Query-Based Black-Box Attacks,2021,2021.csv
Near-Optimal Offline Reinforcement Learning via Double Variance Reduction,2021,2021.csv
Joint Modeling of Visual Objects and Relations for Scene Graph Generation,2021,2021.csv
Going Beyond Linear Transformers with Recurrent Fast Weight Programmers,2021,2021.csv
Reinforced Few-Shot Acquisition Function Learning for Bayesian Optimization,2021,2021.csv
Cortico-cerebellar networks as decoupling neural interfaces,2021,2021.csv
Forster Decomposition and Learning Halfspaces with Noise,2021,2021.csv
To The Point: Correspondence-driven monocular 3D category reconstruction,2021,2021.csv
Proper Value Equivalence,2021,2021.csv
Challenges and Opportunities in High Dimensional Variational Inference,2021,2021.csv
On the Expressivity of Markov Reward,2021,2021.csv
One More Step Towards Reality: Cooperative Bandits with Imperfect Communication,2021,2021.csv
Multi-Agent Reinforcement Learning in Stochastic Networked Systems,2021,2021.csv
The future is log-Gaussian: ResNets and their infinite-depth-and-width limit at initialization,2021,2021.csv
Proxy Convexity: A Unified Framework for the Analysis of Neural Networks Trained by Gradient Descent,2021,2021.csv
Distributed Deep Learning In Open Collaborations,2021,2021.csv
Hit and Lead Discovery with Explorative RL and Fragment-based Molecule Generation,2021,2021.csv
Grammar-Based Grounded Lexicon Learning,2021,2021.csv
Covariance-Aware Private Mean Estimation Without Private Covariance Estimation,2021,2021.csv
The Complexity of Sparse Tensor PCA,2021,2021.csv
Learning to Elect,2021,2021.csv
KALE Flow: A Relaxed KL Gradient Flow for Probabilities with Disjoint Support,2021,2021.csv
When Is Generalizable Reinforcement Learning Tractable?,2021,2021.csv
Relational Self-Attention: What's Missing in Attention for Video Understanding,2021,2021.csv
How Data Augmentation affects Optimization for Linear Regression,2021,2021.csv
Approximate optimization of convex functions with outlier noise,2021,2021.csv
Subgaussian and Differentiable Importance Sampling for Off-Policy Evaluation and Learning,2021,2021.csv
Rethinking gradient sparsification as total error minimization,2021,2021.csv
An Exact Characterization of the Generalization Error for the Gibbs Algorithm,2021,2021.csv
Distributed Saddle-Point Problems Under Data Similarity,2021,2021.csv
Combining Latent Space and Structured Kernels for Bayesian Optimization over Combinatorial Spaces,2021,2021.csv
Gradual Domain Adaptation without Indexed Intermediate Domains,2021,2021.csv
K-level Reasoning for Zero-Shot Coordination in Hanabi,2021,2021.csv
Learning Markov State Abstractions for Deep Reinforcement Learning,2021,2021.csv
Panoptic 3D Scene Reconstruction From a Single RGB Image,2021,2021.csv
Memory-Efficient Approximation Algorithms for Max-k-Cut and Correlation Clustering,2021,2021.csv
Low-dimensional Structure in the Space of Language Representations is Reflected in Brain Responses,2021,2021.csv
On the Suboptimality  of Thompson Sampling in High Dimensions,2021,2021.csv
Learning Debiased and Disentangled Representations for Semantic Segmentation,2021,2021.csv
Diversity Matters When Learning From Ensembles,2021,2021.csv
Personalized Federated Learning With Gaussian Processes,2021,2021.csv
Risk Bounds for Over-parameterized Maximum Margin Classification on Sub-Gaussian Mixtures,2021,2021.csv
Implicit SVD for Graph Representation Learning,2021,2021.csv
Parameter-free HE-friendly Logistic Regression,2021,2021.csv
Near-optimal Offline and Streaming Algorithms for Learning Non-Linear Dynamical Systems,2021,2021.csv
Mixture Proportion Estimation and PU Learning:A Modern Approach,2021,2021.csv
Escape saddle points by a simple gradient-descent based algorithm,2021,2021.csv
AC/DC: Alternating Compressed/DeCompressed Training of Deep Neural Networks,2021,2021.csv
HyperSPNs: Compact and Expressive Probabilistic Circuits,2021,2021.csv
Two-sided fairness in rankings via Lorenz dominance,2021,2021.csv
Scaling Vision with Sparse Mixture of Experts,2021,2021.csv
Adversarial Intrinsic Motivation for Reinforcement Learning,2021,2021.csv
Machine Learning for Variance Reduction in Online Experiments,2021,2021.csv
L2ight: Enabling On-Chip Learning for Optical Neural Networks via Efficient in-situ Subspace Optimization,2021,2021.csv
Ranking Policy Decisions,2021,2021.csv
Towards Gradient-based Bilevel Optimization with Non-convex Followers and Beyond,2021,2021.csv
Synthetic Design: An Optimization Approach to Experimental Design with Synthetic Controls,2021,2021.csv
Searching the Search Space of Vision Transformer,2021,2021.csv
Relative stability toward diffeomorphisms indicates performance in deep nets,2021,2021.csv
The Unbalanced Gromov Wasserstein Distance: Conic Formulation and Relaxation,2021,2021.csv
Inverse Problems Leveraging Pre-trained Contrastive Representations,2021,2021.csv
Diffusion Models Beat GANs on Image Synthesis,2021,2021.csv
Learning MDPs from Features: Predict-Then-Optimize for Sequential Decision Making by Reinforcement Learning,2021,2021.csv
A Closer Look at the Worst-case Behavior of Multi-armed Bandit Algorithms,2021,2021.csv
SAPE: Spatially-Adaptive Progressive Encoding for Neural Optimization,2021,2021.csv
Equilibrium Refinement for the Age of Machines: The One-Sided Quasi-Perfect Equilibrium,2021,2021.csv
Interpreting Representation Quality of DNNs for 3D Point Cloud Processing,2021,2021.csv
How Fine-Tuning Allows for Effective Meta-Learning,2021,2021.csv
On Empirical Risk Minimization with Dependent and Heavy-Tailed Data,2021,2021.csv
Cooperative Stochastic Bandits with Asynchronous Agents and Constrained Feedback,2021,2021.csv
Multiple Descent: Design Your Own Generalization Curve,2021,2021.csv
Gone Fishing: Neural Active Learning with Fisher Embeddings,2021,2021.csv
On Riemannian Optimization over Positive Definite Matrices with the Bures-Wasserstein Geometry,2021,2021.csv
Going Beyond Linear RL: Sample Efficient Neural Function Approximation,2021,2021.csv
Asynchronous Stochastic Optimization Robust to Arbitrary Delays,2021,2021.csv
CATs: Cost Aggregation Transformers for Visual Correspondence,2021,2021.csv
Consistent Non-Parametric Methods for Maximizing Robustness,2021,2021.csv
SUPER-ADAM: Faster and Universal Framework of Adaptive Gradients,2021,2021.csv
General Nonlinearities in SO(2)-Equivariant CNNs,2021,2021.csv
Differentially Private Federated Bayesian Optimization with Distributed Exploration,2021,2021.csv
Attention over Learned Object Embeddings Enables Complex Visual Reasoning,2021,2021.csv
Denoising Normalizing Flow,2021,2021.csv
Differentiable Learning Under Triage,2021,2021.csv
ROI Maximization in Stochastic Online Decision-Making,2021,2021.csv
When Expressivity Meets Trainability: Fewer than $n$ Neurons Can Work,2021,2021.csv
High Probability Complexity Bounds for Line Search Based on Stochastic Oracles,2021,2021.csv
Pay Attention to MLPs,2021,2021.csv
"Dynamics of Stochastic Momentum Methods on Large-scale, Quadratic Models",2021,2021.csv
Adversarial Examples in Multi-Layer Random ReLU Networks,2021,2021.csv
Efficient Statistical Assessment of Neural Network Corruption Robustness,2021,2021.csv
Hierarchical Clustering: $O(1)$-Approximation for Well-Clustered Graphs,2021,2021.csv
TacticZero: Learning to Prove Theorems from Scratch with Deep Reinforcement Learning,2021,2021.csv
Differentially Private Stochastic Optimization: New Results in Convex and Non-Convex Settings,2021,2021.csv
Integrating Tree Path in Transformer for Code Representation,2021,2021.csv
Twins: Revisiting the Design of Spatial Attention in Vision Transformers,2021,2021.csv
Realistic evaluation of transductive few-shot learning,2021,2021.csv
Qu-ANTI-zation: Exploiting Quantization Artifacts for Achieving Adversarial Outcomes,2021,2021.csv
Learning Graph Models for Retrosynthesis Prediction,2021,2021.csv
Differentiable Equilibrium Computation with Decision Diagrams for Stackelberg Models of Combinatorial Congestion Games,2021,2021.csv
Locality defeats the curse of dimensionality in convolutional teacher-student scenarios,2021,2021.csv
Causal Identification with Matrix Equations,2021,2021.csv
Private and Non-private Uniformity Testing for Ranking Data,2021,2021.csv
Model-Based Reinforcement Learning via Imagination with Derived Memory,2021,2021.csv
An Exponential Lower Bound for Linearly Realizable MDP with Constant Suboptimality Gap,2021,2021.csv
Permutation-Invariant Variational Autoencoder for Graph-Level Representation Learning,2021,2021.csv
Reducing the Covariate Shift by Mirror Samples in Cross Domain Alignment,2021,2021.csv
3DP3: 3D Scene Perception via Probabilistic Programming,2021,2021.csv
Novel Upper Bounds for the Constrained Most Probable Explanation Task,2021,2021.csv
$(\textrm{Implicit})^2$: Implicit Layers for Implicit Representations,2021,2021.csv
Mean-based Best Arm Identification in Stochastic Bandits under Reward Contamination,2021,2021.csv
MADE: Exploration via Maximizing Deviation from Explored Regions,2021,2021.csv
Variational Automatic Curriculum Learning for Sparse-Reward Cooperative Multi-Agent Problems,2021,2021.csv
Graph Neural Networks with Adaptive Residual,2021,2021.csv
Non-Asymptotic Analysis for Two Time-scale TDC with General Smooth Function Approximation,2021,2021.csv
Calibration and Consistency of Adversarial Surrogate Losses,2021,2021.csv
A Little Robustness Goes a Long Way: Leveraging Robust Features for Targeted Transfer Attacks,2021,2021.csv
The Value of Information When Deciding What to Learn,2021,2021.csv
Co-Adaptation of Algorithmic and Implementational Innovations in Inference-based Deep Reinforcement Learning,2021,2021.csv
A Kernel-based Test of Independence for Cluster-correlated Data,2021,2021.csv
Can fMRI reveal the representation of syntactic structure in the brain?,2021,2021.csv
Efficient methods for Gaussian Markov random fields under sparse linear constraints,2021,2021.csv
Sparse is Enough in Scaling Transformers,2021,2021.csv
Sparse Training via Boosting Pruning Plasticity  with Neuroregeneration,2021,2021.csv
"Baby Intuitions Benchmark (BIB):  Discerning the goals, preferences, and actions of others",2021,2021.csv
Neural Hybrid Automata: Learning Dynamics With Multiple Modes and Stochastic Transitions,2021,2021.csv
Compositional Reinforcement Learning from Logical Specifications,2021,2021.csv
Meta-Adaptive Nonlinear Control: Theory and Algorithms,2021,2021.csv
The Many Faces of Adversarial Risk,2021,2021.csv
Differentiable Quality Diversity,2021,2021.csv
Credit Assignment Through Broadcasting a Global Error Vector,2021,2021.csv
A single gradient step finds adversarial examples on random two-layers neural networks,2021,2021.csv
Contrastively Disentangled Sequential  Variational Autoencoder,2021,2021.csv
Recursive Causal Structure Learning in the Presence of Latent Variables and Selection Bias,2021,2021.csv
Generalization Error Rates in Kernel Regression: The Crossover from the Noiseless to Noisy Regime,2021,2021.csv
Spectral embedding for dynamic networks with stability guarantees,2021,2021.csv
Infinite Time Horizon Safety of Bayesian Neural Networks,2021,2021.csv
Towards understanding retrosynthesis by energy-based models,2021,2021.csv
Reliable Estimation of KL Divergence using a Discriminator in Reproducing Kernel Hilbert Space,2021,2021.csv
Distributed Zero-Order Optimization under Adversarial Noise,2021,2021.csv
Latent Matters: Learning Deep State-Space Models,2021,2021.csv
On the Estimation Bias in Double Q-Learning,2021,2021.csv
Escaping Saddle Points with Compressed SGD,2021,2021.csv
Online Learning in Periodic Zero-Sum Games,2021,2021.csv
K-Net: Towards Unified Image Segmentation,2021,2021.csv
Pareto-Optimal Learning-Augmented Algorithms for Online Conversion Problems,2021,2021.csv
NTopo: Mesh-free Topology Optimization using Implicit Neural Representations,2021,2021.csv
Generalization Bounds for (Wasserstein) Robust Optimization,2021,2021.csv
Online learning in MDPs with linear function approximation and bandit feedback.,2021,2021.csv
Learning Collaborative Policies to Solve NP-hard Routing Problems,2021,2021.csv
Efficient Mirror Descent Ascent Methods for Nonsmooth Minimax Problems,2021,2021.csv
CO-PILOT: COllaborative Planning and reInforcement Learning On sub-Task curriculum,2021,2021.csv
Modality-Agnostic Topology Aware Localization,2021,2021.csv
Scalable Quasi-Bayesian Inference for Instrumental Variable Regression,2021,2021.csv
Revenue maximization via machine learning with noisy data,2021,2021.csv
Curriculum Design for Teaching via Demonstrations: Theory and Applications,2021,2021.csv
Parallelizing Thompson Sampling,2021,2021.csv
Dynamic Causal Bayesian Optimization,2021,2021.csv
Local Differential Privacy for Regret Minimization in Reinforcement Learning,2021,2021.csv
Emergent Discrete Communication in Semantic Spaces,2021,2021.csv
Universal Graph Convolutional Networks,2021,2021.csv
Adversarial Feature Desensitization,2021,2021.csv
Neural-PIL: Neural Pre-Integrated Lighting for Reflectance Decomposition,2021,2021.csv
Asymptotics of the Bootstrap via Stability with Applications to Inference with Model Selection,2021,2021.csv
Dynamic influence maximization,2021,2021.csv
Risk Monotonicity in Statistical Learning,2021,2021.csv
Information is Power: Intrinsic Control via Information Capture,2021,2021.csv
Object-Centric Representation Learning with Generative Spatial-Temporal Factorization,2021,2021.csv
Learning to Simulate Self-driven Particles System with Coordinated Policy Optimization,2021,2021.csv
Gradient-based Hyperparameter Optimization Over Long Horizons,2021,2021.csv
Stochastic Bias-Reduced Gradient Methods,2021,2021.csv
"The Causal-Neural Connection: Expressiveness, Learnability, and Inference",2021,2021.csv
A Separation Result Between Data-oblivious and Data-aware Poisoning Attacks,2021,2021.csv
Implicit Finite-Horizon Approximation and Efficient Optimal Algorithms for Stochastic Shortest Path,2021,2021.csv
Deep Learning Through the Lens of Example Difficulty,2021,2021.csv
Diversity Enhanced Active Learning with Strictly Proper Scoring Rules,2021,2021.csv
Lower and Upper Bounds on the Pseudo-Dimension of Tensor Network Models,2021,2021.csv
What Makes Multi-Modal Learning Better than Single (Provably),2021,2021.csv
Beyond Pinball Loss: Quantile Methods for Calibrated Uncertainty Quantification,2021,2021.csv
Dynamic Inference with Neural Interpreters,2021,2021.csv
Leveraging Recursive Gumbel-Max Trick for Approximate Inference in Combinatorial Spaces,2021,2021.csv
Hamiltonian Dynamics with Non-Newtonian Momentum for Rapid Sampling,2021,2021.csv
Robust Visual Reasoning via Language Guided Neural Module Networks,2021,2021.csv
True Few-Shot Learning with Language Models,2021,2021.csv
Multi-task Learning of Order-Consistent Causal Graphs,2021,2021.csv
Selective Sampling for Online Best-arm Identification,2021,2021.csv
Learning to Iteratively Solve Routing Problems with Dual-Aspect Collaborative Transformer,2021,2021.csv
Oracle-Efficient Regret Minimization in Factored MDPs with Unknown Structure,2021,2021.csv
Make Sure You're Unsure: A Framework for Verifying Probabilistic Specifications,2021,2021.csv
Linear-Time Probabilistic Solution of Boundary Value Problems,2021,2021.csv
Counterbalancing Learning and Strategic Incentives in Allocation Markets,2021,2021.csv
Making the most of your day: online learning for optimal allocation of time,2021,2021.csv
Federated Reconstruction: Partially Local Federated Learning,2021,2021.csv
Optimal prediction of Markov chains with and without spectral gap,2021,2021.csv
Subquadratic Overparameterization for Shallow Neural Networks,2021,2021.csv
Bridging Explicit and Implicit Deep Generative Models via Neural Stein Estimators,2021,2021.csv
Deep Conditional Gaussian Mixture Model for Constrained Clustering,2021,2021.csv
One Explanation is Not Enough: Structured Attention Graphs for Image Classification,2021,2021.csv
Tensor decompositions of higher-order correlations by nonlinear Hebbian plasticity,2021,2021.csv
Faster proximal algorithms for matrix optimization using Jacobi-based eigenvalue methods,2021,2021.csv
Shifted Chunk Transformer for Spatio-Temporal Representational Learning,2021,2021.csv
An Improved Analysis of Gradient Tracking for Decentralized Machine Learning,2021,2021.csv
Entropic Desired Dynamics for Intrinsic Control,2021,2021.csv
Littlestone Classes are Privately Online Learnable,2021,2021.csv
Dual Parameterization of Sparse Variational Gaussian Processes,2021,2021.csv
Universal Rate-Distortion-Perception Representations for Lossy Compression,2021,2021.csv
What’s a good imputation to predict with missing values?,2021,2021.csv
Hierarchical Skills for Efficient Exploration,2021,2021.csv
DeepGEM: Generalized Expectation-Maximization for Blind Inversion,2021,2021.csv
Submodular + Concave,2021,2021.csv
Evidential Softmax for Sparse Multimodal Distributions in Deep Generative Models,2021,2021.csv
Numerical Composition of Differential Privacy,2021,2021.csv
Coresets for Classification – Simplified and Strengthened,2021,2021.csv
Sequential Algorithms for Testing Closeness of Distributions,2021,2021.csv
Overlapping Spaces for Compact Graph Representations,2021,2021.csv
Hyperparameter Tuning is All You Need for LISTA,2021,2021.csv
Foundations of Symbolic Languages for Model Interpretability,2021,2021.csv
Impression learning: Online representation learning with synaptic plasticity,2021,2021.csv
Fixes That Fail: Self-Defeating Improvements in Machine-Learning Systems,2021,2021.csv
Meta-Learning Sparse Implicit Neural Representations,2021,2021.csv
Rethinking Calibration of Deep Neural Networks: Do Not Be Afraid of Overconfidence,2021,2021.csv
"Stochastic optimization under time drift: iterate averaging, step-decay schedules, and high probability guarantees",2021,2021.csv
Learning Stable Deep Dynamics Models for Partially Observed or Delayed Dynamical Systems,2021,2021.csv
Generalized Proximal Policy Optimization with Sample Reuse,2021,2021.csv
Fairness in Ranking under Uncertainty,2021,2021.csv
Mosaicking to Distill: Knowledge Distillation from Out-of-Domain Data,2021,2021.csv
Not All Images are Worth 16x16 Words: Dynamic Transformers for Efficient Image Recognition,2021,2021.csv
Learning in two-player zero-sum partially observable Markov games with perfect recall,2021,2021.csv
A Geometric Structure of Acceleration and Its Role in Making Gradients Small Fast,2021,2021.csv
A Provably Efficient Model-Free Posterior Sampling Method for Episodic Reinforcement Learning,2021,2021.csv
SegFormer: Simple and Efficient Design for Semantic Segmentation with Transformers,2021,2021.csv
Residual Relaxation for Multi-view Representation Learning,2021,2021.csv
Optimization-Based Algebraic Multigrid Coarsening Using Reinforcement Learning,2021,2021.csv
Explaining Latent Representations with a Corpus of Examples,2021,2021.csv
Explaining heterogeneity in medial entorhinal cortex with task-driven neural networks,2021,2021.csv
Multi-View Representation Learning via Total Correlation Objective,2021,2021.csv
Beyond Smoothness: Incorporating Low-Rank Analysis into Nonparametric Density Estimation,2021,2021.csv
FACMAC: Factored Multi-Agent Centralised Policy Gradients,2021,2021.csv
EDGE: Explaining Deep Reinforcement Learning Policies,2021,2021.csv
Object-aware Contrastive Learning for Debiased Scene Representation,2021,2021.csv
Learning to Assimilate in Chaotic Dynamical Systems,2021,2021.csv
Evaluating Efficient Performance Estimators of Neural Architectures,2021,2021.csv
Differential Privacy Over Riemannian Manifolds,2021,2021.csv
Non-asymptotic Error Bounds for Bidirectional GANs,2021,2021.csv
Answering Complex Causal Queries With the Maximum Causal Set Effect,2021,2021.csv
Identifiability in inverse reinforcement learning,2021,2021.csv
A Probabilistic State Space Model for Joint Inference from Differential Equations and Data,2021,2021.csv
Provably Efficient Black-Box Action Poisoning Attacks Against Reinforcement Learning,2021,2021.csv
Causal Navigation by Continuous-time Neural Networks,2021,2021.csv
Global Convergence of Online Optimization for Nonlinear Model Predictive Control,2021,2021.csv
Argmax Flows and Multinomial Diffusion: Learning Categorical Distributions,2021,2021.csv
Learning with User-Level Privacy,2021,2021.csv
Don’t Generate Me: Training Differentially Private Generative Models with Sinkhorn Divergence,2021,2021.csv
Variational Bayesian Optimistic Sampling,2021,2021.csv
Cross-modal Domain Adaptation for Cost-Efficient Visual Reinforcement Learning,2021,2021.csv
D2C: Diffusion-Decoding Models for Few-Shot Conditional Generation,2021,2021.csv
Continual Auxiliary Task Learning,2021,2021.csv
Constrained Two-step Look-Ahead Bayesian Optimization,2021,2021.csv
Chebyshev-Cantelli PAC-Bayes-Bennett Inequality for the Weighted Majority Vote,2021,2021.csv
FL-WBC: Enhancing Robustness against Model Poisoning Attacks in Federated Learning from a Client Perspective,2021,2021.csv
OctField: Hierarchical Implicit Functions for 3D Modeling,2021,2021.csv
Pretraining Representations for Data-Efficient Reinforcement Learning,2021,2021.csv
Universal Approximation Using Well-Conditioned Normalizing Flows,2021,2021.csv
On the Validity of Modeling SGD with Stochastic Differential Equations (SDEs),2021,2021.csv
Proportional Participatory Budgeting with Additive Utilities,2021,2021.csv
Sanity Checks for Lottery Tickets: Does Your Winning Ticket Really Win the Jackpot?,2021,2021.csv
Collaborative Causal Discovery with Atomic Interventions,2021,2021.csv
Towards optimally abstaining from prediction with OOD test examples,2021,2021.csv
Non-asymptotic convergence bounds for Wasserstein approximation using point clouds,2021,2021.csv
Tactical Optimism and Pessimism for Deep Reinforcement Learning,2021,2021.csv
Towards Hyperparameter-free Policy Selection for Offline Reinforcement Learning,2021,2021.csv
FjORD: Fair and Accurate Federated Learning under heterogeneous targets with Ordered Dropout,2021,2021.csv
"Optimal Uniform OPE and Model-based Offline Reinforcement Learning in Time-Homogeneous, Reward-Free and Task-Agnostic Settings",2021,2021.csv
"Divergence Frontiers for Generative Models: Sample Complexity, Quantization Effects, and Frontier Integrals",2021,2021.csv
Gradient Descent on Two-layer Nets: Margin Maximization and Simplicity Bias,2021,2021.csv
Glance-and-Gaze Vision Transformer,2021,2021.csv
Stochastic $L^\natural$-convex Function Minimization,2021,2021.csv
Shape As Points: A Differentiable Poisson Solver,2021,2021.csv
Outcome-Driven Reinforcement Learning via Variational Inference,2021,2021.csv
Rectifying the Shortcut Learning of Background for Few-Shot Learning,2021,2021.csv
Sifting through the noise: Universal first-order methods for stochastic variational inequalities,2021,2021.csv
Accommodating Picky Customers: Regret Bound and Exploration Complexity for Multi-Objective Reinforcement Learning,2021,2021.csv
Exact Privacy Guarantees for Markov Chain Implementations of the Exponential Mechanism with Artificial Atoms,2021,2021.csv
Exploiting Opponents Under Utility Constraints in Sequential Games,2021,2021.csv
A Compositional Atlas of Tractable Circuit Operations for Probabilistic Inference,2021,2021.csv
Demystifying and Generalizing BinaryConnect,2021,2021.csv
Stochastic Solutions for Linear Inverse Problems using the Prior Implicit in a Denoiser,2021,2021.csv
Towards Stable and Robust AdderNets,2021,2021.csv
Learning Student-Friendly Teacher Networks for Knowledge Distillation,2021,2021.csv
Video Instance Segmentation using Inter-Frame Communication Transformers,2021,2021.csv
Progressive Coordinate Transforms for Monocular 3D Object Detection,2021,2021.csv
A universal probabilistic spike count model reveals ongoing modulation of neural variability,2021,2021.csv
"Bellman Eluder Dimension: New Rich Classes of RL Problems, and Sample-Efficient Algorithms",2021,2021.csv
Detecting Anomalous Event Sequences with Temporal Point Processes,2021,2021.csv
Settling the Variance of Multi-Agent Policy Gradients,2021,2021.csv
Alignment Attention by Matching Key and Query Distributions,2021,2021.csv
HNPE: Leveraging Global Parameters for Neural Posterior Estimation,2021,2021.csv
Efficient Algorithms for Learning Depth-2 Neural Networks with General ReLU Activations,2021,2021.csv
Reverse-Complement Equivariant Networks for DNA Sequences,2021,2021.csv
Provably Efficient Reinforcement Learning with Linear Function Approximation under Adaptivity Constraints,2021,2021.csv
Nonsmooth Implicit Differentiation for Machine-Learning and Optimization,2021,2021.csv
Heuristic-Guided Reinforcement Learning,2021,2021.csv
"Statistical Undecidability in Linear, Non-Gaussian Causal Models in the Presence of Latent Confounders",2021,2021.csv
A novel notion of barycenter for probability distributions based on optimal weak mass transport,2021,2021.csv
Temporal-attentive Covariance Pooling Networks for Video Recognition,2021,2021.csv
Revisiting Smoothed Online Learning,2021,2021.csv
Marginalised Gaussian Processes with Nested Sampling,2021,2021.csv
Provable Benefits of Actor-Critic Methods for Offline Reinforcement Learning,2021,2021.csv
Provably Faster Algorithms for Bilevel Optimization,2021,2021.csv
Self-Supervised Multi-Object Tracking with Cross-input Consistency,2021,2021.csv
Bayesian Bellman Operators,2021,2021.csv
A Continuous Mapping For Augmentation Design,2021,2021.csv
Neural Routing by Memory,2021,2021.csv
GeoMol: Torsional Geometric Generation of Molecular 3D Conformer Ensembles,2021,2021.csv
CANITA: Faster Rates for Distributed Convex Optimization with Communication Compression,2021,2021.csv
Safe Reinforcement Learning with Natural Language Constraints,2021,2021.csv
Compositional Modeling of Nonlinear Dynamical Systems with ODE-based Random Features,2021,2021.csv
ToAlign: Task-Oriented Alignment for Unsupervised Domain Adaptation,2021,2021.csv
Prior-independent Dynamic Auctions for a Value-maximizing Buyer,2021,2021.csv
Safe Reinforcement Learning by Imagining the Near Future,2021,2021.csv
Logarithmic Regret in Feature-based Dynamic Pricing,2021,2021.csv
Contrastive Active Inference,2021,2021.csv
Towards Biologically Plausible Convolutional Networks,2021,2021.csv
Dimension-free empirical entropy estimation,2021,2021.csv
DynamicViT: Efficient Vision Transformers with Dynamic Token Sparsification,2021,2021.csv
PortaSpeech: Portable and High-Quality Generative Text-to-Speech,2021,2021.csv
Exponential Graph is Provably Efficient for Decentralized Deep Training,2021,2021.csv
Learning Treatment Effects in Panels with General Intervention Patterns,2021,2021.csv
From Optimality to Robustness: Adaptive Re-Sampling Strategies in Stochastic Bandits,2021,2021.csv
CCVS: Context-aware Controllable Video Synthesis,2021,2021.csv
Posterior Meta-Replay for Continual Learning,2021,2021.csv
Compressed Video Contrastive Learning,2021,2021.csv
Uniform-PAC Bounds for Reinforcement Learning with Linear Function Approximation,2021,2021.csv
Attention Bottlenecks for Multimodal Fusion,2021,2021.csv
Convergence of adaptive algorithms for constrained weakly convex optimization,2021,2021.csv
On the Convergence of Step Decay Step-Size for Stochastic Optimization,2021,2021.csv
BernNet: Learning Arbitrary Graph Spectral Filters via Bernstein Approximation,2021,2021.csv
Unsupervised Foreground Extraction via Deep Region Competition,2021,2021.csv
Leveraging Spatial and Temporal Correlations in Sparsified Mean Estimation,2021,2021.csv
Last-iterate Convergence in Extensive-Form Games,2021,2021.csv
Class-Incremental Learning via Dual Augmentation,2021,2021.csv
Improving Calibration through the Relationship with Adversarial Robustness,2021,2021.csv
Linear and Kernel Classification in the Streaming Model: Improved Bounds for Heavy Hitters,2021,2021.csv
Rethinking the Variational Interpretation of Accelerated Optimization Methods,2021,2021.csv
A PAC-Bayes Analysis of Adversarial Robustness,2021,2021.csv
SE(3)-equivariant prediction of molecular wavefunctions and electronic densities,2021,2021.csv
Modified Frank Wolfe in Probability Space,2021,2021.csv
Bayesian Optimization of Function Networks,2021,2021.csv
Training Feedback Spiking Neural Networks by Implicit Differentiation on the Equilibrium State,2021,2021.csv
Controlled Text Generation as Continuous Optimization with Multiple Constraints,2021,2021.csv
S$^3$: Sign-Sparse-Shift Reparametrization for Effective Training of Low-bit Shift Networks,2021,2021.csv
Scaling up Continuous-Time Markov Chains Helps Resolve Underspecification,2021,2021.csv
On the Convergence of Prior-Guided Zeroth-Order Optimization Algorithms,2021,2021.csv
Linear Convergence in Federated Learning: Tackling Client Heterogeneity and Sparse Gradients,2021,2021.csv
Revisit Multimodal Meta-Learning through the Lens of Multi-Task Learning,2021,2021.csv
Dynamic Sasvi: Strong Safe Screening for Norm-Regularized Least Squares,2021,2021.csv
Fast Routing under Uncertainty: Adaptive Learning in Congestion Games via Exponential Weights,2021,2021.csv
Profiling Pareto Front With Multi-Objective Stein Variational  Gradient Descent,2021,2021.csv
MAP Propagation Algorithm: Faster Learning with a Team of Reinforcement Learning Agents,2021,2021.csv
"TransGAN: Two Pure Transformers Can Make One Strong GAN, and That Can Scale Up",2021,2021.csv
A Central Limit Theorem for Differentially Private Query Answering,2021,2021.csv
Data driven semi-supervised learning,2021,2021.csv
Characterizing the risk of fairwashing,2021,2021.csv
Online Meta-Learning via Learning with Layer-Distributed Memory,2021,2021.csv
Qimera: Data-free Quantization with Synthetic Boundary Supporting Samples,2021,2021.csv
Embedding Principle of Loss Landscape of Deep Neural Networks,2021,2021.csv
Adversarial Reweighting for Partial Domain Adaptation,2021,2021.csv
M-FAC: Efficient Matrix-Free Approximations of Second-Order Information,2021,2021.csv
Stable Neural ODE with Lyapunov-Stable Equilibrium Points for Defending Against Adversarial Attacks,2021,2021.csv
DOBF: A Deobfuscation Pre-Training Objective for Programming Languages,2021,2021.csv
Detecting Errors and Estimating Accuracy on Unlabeled Data with Self-training  Ensembles,2021,2021.csv
Actively Identifying Causal Effects with Latent Variables Given Only Response Variable Observable,2021,2021.csv
Interventional Sum-Product Networks: Causal Inference with Tractable Probabilistic Models,2021,2021.csv
PettingZoo: Gym for Multi-Agent Reinforcement Learning,2021,2021.csv
Parametric Complexity Bounds for Approximating PDEs with Neural Networks,2021,2021.csv
Learning-to-learn non-convex piecewise-Lipschitz functions,2021,2021.csv
Uncertain Decisions Facilitate Better Preference Learning,2021,2021.csv
Decision Transformer: Reinforcement Learning via Sequence Modeling,2021,2021.csv
Probability Paths and the Structure of Predictions over Time,2021,2021.csv
Deep Extended Hazard Models for Survival Analysis,2021,2021.csv
Automorphic Equivalence-aware Graph Neural Network,2021,2021.csv
Analytic Study of Families of Spurious Minima in Two-Layer ReLU Neural Networks: A Tale of Symmetry II,2021,2021.csv
Structured Dropout Variational Inference for Bayesian Neural Networks,2021,2021.csv
Neural Relightable Participating Media Rendering,2021,2021.csv
Large-Scale Wasserstein Gradient Flows,2021,2021.csv
Learning to Ground Multi-Agent Communication with Autoencoders,2021,2021.csv
Who Leads and Who Follows in Strategic Classification?,2021,2021.csv
Unadversarial Examples: Designing Objects for Robust Vision,2021,2021.csv
Deep Jump Learning for Off-Policy Evaluation in Continuous Treatment Settings,2021,2021.csv
Attention Approximates Sparse Distributed Memory,2021,2021.csv
A Theoretical Analysis of Fine-tuning with Linear Teachers,2021,2021.csv
Directional Message Passing on Molecular Graphs via Synthetic Coordinates,2021,2021.csv
Federated Multi-Task Learning under a Mixture of Distributions,2021,2021.csv
Learning Generative Vision Transformer with Energy-Based Latent Space for Saliency Prediction,2021,2021.csv
Regularization in ResNet with Stochastic Depth,2021,2021.csv
ResT: An Efficient Transformer for Visual Recognition,2021,2021.csv
Adversarially Robust 3D Point Cloud Recognition Using Self-Supervisions,2021,2021.csv
Tuning Mixed Input Hyperparameters on the Fly for Efficient Population Based AutoRL,2021,2021.csv
Neural Algorithmic Reasoners are Implicit Planners,2021,2021.csv
Self-Supervised Learning with Kernel Dependence Maximization,2021,2021.csv
"CROCS: Clustering and Retrieval of Cardiac Signals Based on Patient Disease Class, Sex, and Age",2021,2021.csv
Dimensionality Reduction for Wasserstein Barycenter,2021,2021.csv
Neural Population Geometry Reveals the Role of Stochasticity in Robust Perception,2021,2021.csv
Nearly Horizon-Free Offline Reinforcement Learning,2021,2021.csv
Iterative Amortized Policy Optimization,2021,2021.csv
Reinforcement Learning with State Observation Costs in Action-Contingent Noiselessly Observable Markov Decision Processes,2021,2021.csv
Revisiting the Calibration of Modern Neural Networks,2021,2021.csv
The decomposition of the higher-order homology embedding constructed from the $k$-Laplacian,2021,2021.csv
Breaking the Moments Condition Barrier: No-Regret Algorithm for Bandits with Super Heavy-Tailed Payoffs,2021,2021.csv
A nonparametric method for gradual change problems with statistical guarantees,2021,2021.csv
Multimodal and Multilingual Embeddings for Large-Scale Speech Mining,2021,2021.csv
Necessary and sufficient graphical conditions for optimal adjustment sets in causal graphical models with hidden variables,2021,2021.csv
On Blame Attribution for Accountable Multi-Agent Sequential Decision Making,2021,2021.csv
FLEX: Unifying Evaluation for Few-Shot NLP,2021,2021.csv
A flow-based latent state generative model of neural population responses to natural images,2021,2021.csv
Learnable Fourier Features for Multi-dimensional Spatial Positional Encoding,2021,2021.csv
Doubly Robust Thompson Sampling with Linear Payoffs,2021,2021.csv
A Computationally Efficient Method for Learning Exponential Family Distributions,2021,2021.csv
On Inductive Biases for Heterogeneous Treatment Effect Estimation,2021,2021.csv
Rethinking Neural Operations for Diverse Tasks,2021,2021.csv
Motif-based Graph Self-Supervised Learning for Molecular Property Prediction,2021,2021.csv
Transformer in Transformer,2021,2021.csv
Online Control of Unknown Time-Varying Dynamical Systems,2021,2021.csv
Contrastive Reinforcement Learning of Symbolic Reasoning Domains,2021,2021.csv
Spatial Ensemble: a Novel Model Smoothing Mechanism for Student-Teacher Framework,2021,2021.csv
Probabilistic Tensor Decomposition of Neural Population Spiking Activity,2021,2021.csv
Assessing Fairness in the Presence of Missing Data,2021,2021.csv
Wasserstein Flow Meets Replicator Dynamics: A Mean-Field Analysis of Representation Learning in Actor-Critic,2021,2021.csv
Adversarial Attack Generation Empowered by Min-Max Optimization,2021,2021.csv
Class-Disentanglement and Applications in Adversarial Detection and Defense,2021,2021.csv
Safe Pontryagin Differentiable Programming,2021,2021.csv
Multi-armed Bandit Requiring Monotone Arm Sequences,2021,2021.csv
CAPE: Encoding Relative Positions with Continuous Augmented Positional Embeddings,2021,2021.csv
Generalizable Imitation Learning from Observation via Inferring Goal Proximity,2021,2021.csv
"DualNet: Continual Learning, Fast and Slow",2021,2021.csv
Deformable Butterfly: A Highly Structured and Sparse Linear Transform,2021,2021.csv
Why Do Pretrained Language Models Help in Downstream Tasks? An Analysis of Head and Prompt Tuning,2021,2021.csv
Learning Diverse Policies in MOBA Games via Macro-Goals,2021,2021.csv
Counterfactual Invariance to Spurious Correlations in Text Classification,2021,2021.csv
Diffusion Normalizing Flow,2021,2021.csv
Rethinking the Pruning Criteria for Convolutional Neural Network,2021,2021.csv
Adaptive Machine Unlearning,2021,2021.csv
Neural optimal feedback control with local learning rules,2021,2021.csv
Reinforcement Learning in Linear MDPs: Constant Regret and Representation Selection,2021,2021.csv
Noether Networks: meta-learning useful conserved quantities,2021,2021.csv
Uncertainty-Driven Loss for Single Image Super-Resolution,2021,2021.csv
GradInit: Learning to Initialize Neural Networks for Stable and Efficient Training,2021,2021.csv
Online Learning Of Neural Computations From Sparse Temporal Feedback,2021,2021.csv
Instance-Conditional Knowledge Distillation for Object Detection,2021,2021.csv
Self-Supervised Representation Learning on Neural Network Weights for Model Characteristic Prediction,2021,2021.csv
On Joint Learning for Solving Placement and Routing in Chip Design,2021,2021.csv
Differentiable Multiple Shooting Layers,2021,2021.csv
"DROID-SLAM: Deep Visual SLAM for Monocular, Stereo, and RGB-D Cameras",2021,2021.csv
An Axiomatic Theory of Provably-Fair Welfare-Centric Machine Learning,2021,2021.csv
Neural Bootstrapper,2021,2021.csv
Higher Order Kernel Mean Embeddings to Capture Filtrations of Stochastic Processes,2021,2021.csv
Neural Symplectic Form: Learning Hamiltonian Equations on General Coordinate Systems,2021,2021.csv
Reverse engineering recurrent neural networks with Jacobian switching linear dynamical systems,2021,2021.csv
Sample-Efficient Reinforcement Learning Is Feasible for Linearly Realizable MDPs with Limited Revisiting,2021,2021.csv
Learning-Augmented Dynamic Power Management with Multiple States via New Ski Rental Bounds,2021,2021.csv
Information Directed Sampling for Sparse Linear Bandits,2021,2021.csv
Linear Convergence of Gradient Methods for Estimating Structured Transition Matrices in High-dimensional Vector Autoregressive Models,2021,2021.csv
Sparse Steerable Convolutions: An Efficient Learning of SE(3)-Equivariant Features for Estimation and Tracking of Object Poses in 3D Space,2021,2021.csv
Noisy Adaptation Generates Lévy Flights in Attractor Neural Networks,2021,2021.csv
Joint inference and input optimization in equilibrium networks,2021,2021.csv
On Linear Stability of SGD and Input-Smoothness of Neural Networks,2021,2021.csv
A unified framework for bandit multiple testing,2021,2021.csv
Recovering Latent Causal Factor for Generalization to Distributional Shifts,2021,2021.csv
Designing Counterfactual Generators using Deep Model Inversion,2021,2021.csv
A Faster Maximum Cardinality Matching Algorithm with Applications in Machine Learning,2021,2021.csv
Dynamic population-based meta-learning for multi-agent communication with natural language,2021,2021.csv
Adversarial Neuron Pruning Purifies Backdoored Deep Models,2021,2021.csv
Scalable Online Planning via Reinforcement Learning Fine-Tuning,2021,2021.csv
Neural Rule-Execution Tracking Machine For Transformer-Based Text Generation,2021,2021.csv
Proxy-Normalizing Activations to Match Batch Normalization while Removing Batch Dependence,2021,2021.csv
Dynamic Bottleneck for Robust Self-Supervised Exploration,2021,2021.csv
An Efficient Transfer Learning Framework for Multiagent Reinforcement Learning,2021,2021.csv
NEO: Non Equilibrium Sampling on the Orbits of a Deterministic Transform,2021,2021.csv
Relaxing Local Robustness,2021,2021.csv
Statistical Regeneration Guarantees of the Wasserstein Autoencoder with Latent Space Consistency,2021,2021.csv
Tuning Large Neural Networks via Zero-Shot Hyperparameter Transfer,2021,2021.csv
Vector-valued Gaussian Processes on Riemannian Manifolds via Gauge Independent Projected Kernels,2021,2021.csv
Differentiable Simulation of Soft Multi-body Systems,2021,2021.csv
Good Classification Measures and How to Find Them,2021,2021.csv
Distilling Robust and Non-Robust Features in Adversarial Examples by Information Bottleneck,2021,2021.csv
Learning Policies with Zero or Bounded Constraint Violation for Constrained MDPs,2021,2021.csv
On the Representation Power of Set Pooling Networks,2021,2021.csv
A Prototype-Oriented Framework for Unsupervised Domain Adaptation,2021,2021.csv
Mining the Benefits of Two-stage and  One-stage HOI Detection,2021,2021.csv
Risk-averse Heteroscedastic Bayesian Optimization,2021,2021.csv
Invertible DenseNets with Concatenated LipSwish,2021,2021.csv
Topological Detection of Trojaned Neural Networks,2021,2021.csv
Provably Strict Generalisation Benefit for Invariance in Kernel Methods,2021,2021.csv
Risk-Aware Transfer in Reinforcement Learning using Successor Features,2021,2021.csv
Formalizing the Generalization-Forgetting Trade-off in Continual Learning,2021,2021.csv
Boosting with Multiple Sources,2021,2021.csv
Dynamic Neural Representational Decoders for High-Resolution Semantic Segmentation,2021,2021.csv
Dense Keypoints via Multiview Supervision,2021,2021.csv
Scatterbrain: Unifying Sparse and Low-rank Attention,2021,2021.csv
Differentially Private Learning with Adaptive Clipping,2021,2021.csv
Generating High-Quality Explanations for Navigation in Partially-Revealed Environments,2021,2021.csv
PreferenceNet: Encoding Human Preferences in Auction Design with Deep Learning,2021,2021.csv
Large-Scale Learning with Fourier Features and Tensor Decompositions,2021,2021.csv
Sparsely Changing Latent States for Prediction and Planning in Partially Observable Domains,2021,2021.csv
Sliced Mutual Information: A Scalable Measure of Statistical Dependence,2021,2021.csv
Hash Layers For Large Sparse Models,2021,2021.csv
Regret Minimization Experience Replay in Off-Policy Reinforcement Learning,2021,2021.csv
An Information-theoretic Approach to Distribution Shifts,2021,2021.csv
Towards Sample-Optimal Compressive Phase Retrieval with Sparse and Generative Priors,2021,2021.csv
Moser Flow: Divergence-based Generative Modeling on Manifolds,2021,2021.csv
Diffusion Schrödinger Bridge with Applications to Score-Based Generative Modeling,2021,2021.csv
Improving Transferability of Representations via Augmentation-Aware Self-Supervision,2021,2021.csv
Long-Short Transformer: Efficient Transformers for Language and Vision,2021,2021.csv
Post-Training Sparsity-Aware Quantization,2021,2021.csv
The Implicit Bias of Minima Stability: A View from Function Space,2021,2021.csv
Robust Auction Design in the Auto-bidding World,2021,2021.csv
Breaking the Sample Complexity Barrier to Regret-Optimal Model-Free Reinforcement Learning,2021,2021.csv
Weighted model estimation for offline model-based reinforcement learning,2021,2021.csv
"Practical, Provably-Correct Interactive Learning in the Realizable Setting: The Power of True Believers",2021,2021.csv
Image Generation using Continuous Filter Atoms,2021,2021.csv
Learning Fast-Inference Bayesian Networks,2021,2021.csv
Per-Pixel Classification is Not All You Need for Semantic Segmentation,2021,2021.csv
Deep Markov Factor Analysis: Towards Concurrent Temporal and Spatial Analysis of fMRI Data,2021,2021.csv
Handling Long-tailed Feature Distribution in AdderNets,2021,2021.csv
A Law of Iterated Logarithm for Multi-Agent Reinforcement Learning,2021,2021.csv
The Pareto Frontier of model selection for general Contextual Bandits,2021,2021.csv
Teaching an Active Learner with Contrastive Examples,2021,2021.csv
Distributed Machine Learning with Sparse Heterogeneous Data,2021,2021.csv
Graph Posterior Network: Bayesian Predictive Uncertainty for Node Classification,2021,2021.csv
Locality Sensitive Teaching,2021,2021.csv
No-Press Diplomacy from Scratch,2021,2021.csv
Learning latent causal graphs via mixture oracles,2021,2021.csv
ErrorCompensatedX: error compensation for variance reduced algorithms,2021,2021.csv
Deep Contextual Video Compression,2021,2021.csv
On the Frequency Bias of Generative Models,2021,2021.csv
It Has Potential: Gradient-Driven Denoisers for Convergent Solutions to Inverse Problems,2021,2021.csv
Reinforcement learning for optimization of variational quantum circuit architectures,2021,2021.csv
Self-Supervised Learning Disentangled Group Representation as Feature,2021,2021.csv
SalKG: Learning From Knowledge Graph Explanations for Commonsense Reasoning,2021,2021.csv
Conformal Bayesian Computation,2021,2021.csv
A Unified Approach to Fair Online Learning via Blackwell Approachability,2021,2021.csv
Training Neural Networks is ER-complete,2021,2021.csv
Decentralized Q-learning in Zero-sum Markov Games,2021,2021.csv
Fast Certified Robust Training with Short Warmup,2021,2021.csv
Vector-valued Distance and Gyrocalculus on the Space of Symmetric Positive Definite Matrices,2021,2021.csv
Improved Transformer for High-Resolution GANs,2021,2021.csv
On Locality of Local Explanation Models,2021,2021.csv
Relative Flatness and Generalization,2021,2021.csv
The Image Local Autoregressive Transformer,2021,2021.csv
Behavior From the Void: Unsupervised Active Pre-Training,2021,2021.csv
Statistically and Computationally Efficient Linear Meta-representation Learning,2021,2021.csv
Decentralized Learning in Online Queuing Systems,2021,2021.csv
BulletTrain: Accelerating Robust Neural Network Training via Boundary Example Mining,2021,2021.csv
Fitting summary statistics of neural data with a differentiable spiking network simulator,2021,2021.csv
PerSim: Data-Efficient Offline Reinforcement Learning with Heterogeneous Agents via Personalized Simulators,2021,2021.csv
Knowledge-inspired 3D Scene Graph Prediction in Point Cloud,2021,2021.csv
Partition and Code: learning how to compress graphs,2021,2021.csv
Heavy Ball Neural Ordinary Differential Equations,2021,2021.csv
Online Variational Filtering and Parameter Learning,2021,2021.csv
"Structure learning in polynomial time: Greedy algorithms, Bregman information, and exponential families",2021,2021.csv
On the Sample Complexity of Learning under Geometric Stability,2021,2021.csv
Flattening Sharpness for Dynamic Gradient Projection Memory Benefits Continual Learning,2021,2021.csv
Taxonomizing local versus global structure in neural network loss landscapes,2021,2021.csv
Learning Models for Actionable Recourse,2021,2021.csv
Efficient and Accurate Gradients for Neural SDEs,2021,2021.csv
An Infinite-Feature Extension for Bayesian ReLU Nets That Fixes Their Asymptotic Overconfidence,2021,2021.csv
Bandit Phase Retrieval,2021,2021.csv
Convergence Rates of Stochastic Gradient Descent under Infinite Noise Variance,2021,2021.csv
Taming Communication and Sample Complexities in Decentralized Policy Evaluation for Cooperative Multi-Agent Reinforcement Learning,2021,2021.csv
Lower Bounds on Metropolized Sampling Methods for Well-Conditioned Distributions,2021,2021.csv
Conflict-Averse Gradient Descent for Multi-task learning,2021,2021.csv
"Efficient First-Order Contextual Bandits: Prediction, Allocation, and Triangular Discrimination",2021,2021.csv
Distributed Estimation with Multiple Samples per User: Sharp Rates and Phase Transition,2021,2021.csv
SOPE: Spectrum of Off-Policy Estimators,2021,2021.csv
Unfolding Taylor's Approximations for Image Restoration,2021,2021.csv
Metropolis-Hastings Data Augmentation for Graph Neural Networks,2021,2021.csv
Strategic Behavior is Bliss: Iterative Voting Improves Social Welfare,2021,2021.csv
Adapting to function difficulty and growth conditions in private optimization,2021,2021.csv
Agnostic Reinforcement Learning with Low-Rank MDPs and Rich Observations,2021,2021.csv
Functional Regularization for Reinforcement Learning via Learned Fourier Features,2021,2021.csv
Adaptive First-Order Methods Revisited: Convex Minimization without Lipschitz Requirements,2021,2021.csv
Support Recovery of Sparse Signals from a Mixture of Linear Measurements,2021,2021.csv
Stochastic Gradient Descent-Ascent and Consensus Optimization for Smooth Games: Convergence Analysis under Expected Co-coercivity,2021,2021.csv
Unifying Width-Reduced Methods for Quasi-Self-Concordant Optimization,2021,2021.csv
Bridging the Imitation Gap by Adaptive Insubordination,2021,2021.csv
Container: Context Aggregation Networks,2021,2021.csv
"Federated Hyperparameter Tuning: Challenges, Baselines, and Connections to Weight-Sharing",2021,2021.csv
Agent Modelling under Partial Observability for Deep Reinforcement Learning,2021,2021.csv
Bayesian Optimization with High-Dimensional Outputs,2021,2021.csv
Scalable Diverse Model Selection for Accessible Transfer Learning,2021,2021.csv
Conservative Offline Distributional Reinforcement Learning,2021,2021.csv
Separation Results between Fixed-Kernel and Feature-Learning Probability Metrics,2021,2021.csv
Light Field Networks: Neural Scene Representations with Single-Evaluation Rendering,2021,2021.csv
Risk Minimization from Adaptively Collected Data: Guarantees for Supervised and Policy Learning,2021,2021.csv
ViSER: Video-Specific Surface Embeddings for Articulated 3D Shape Reconstruction,2021,2021.csv
Understanding the Effect of Stochasticity in Policy Optimization,2021,2021.csv
Optimal Underdamped Langevin MCMC Method,2021,2021.csv
Scheduling jobs with stochastic holding costs,2021,2021.csv
PSD Representations for Effective Probability Models,2021,2021.csv
Exploiting a Zoo of Checkpoints for Unseen Tasks,2021,2021.csv
Stochastic bandits with groups of similar arms.,2021,2021.csv
Tracking Without Re-recognition in Humans and Machines,2021,2021.csv
Rethinking conditional GAN training: An approach using geometrically structured latent manifolds,2021,2021.csv
Compressive Visual Representations,2021,2021.csv
Multi-Armed Bandits with Bounded Arm-Memory: Near-Optimal Guarantees for Best-Arm Identification and Regret Minimization,2021,2021.csv
Directed Graph Contrastive Learning,2021,2021.csv
Learning Tree Interpretation from Object Representation for Deep Reinforcement Learning,2021,2021.csv
Particle Dual Averaging: Optimization of Mean Field Neural Network with Global Convergence Rate Analysis,2021,2021.csv
Only Train Once: A One-Shot Neural Network Training And Pruning Framework,2021,2021.csv
Decoupling the Depth and Scope of Graph Neural Networks,2021,2021.csv
Formalizing Generalization and Adversarial Robustness of Neural Networks to Weight Perturbations,2021,2021.csv
Pipeline Combinators for Gradual AutoML,2021,2021.csv
Model Selection for Bayesian Autoencoders,2021,2021.csv
"Three Operator Splitting with Subgradients, Stochastic Gradients, and Adaptive Learning Rates",2021,2021.csv
Knowledge-Adaptation Priors,2021,2021.csv
Provably efficient multi-task reinforcement learning with model transfer,2021,2021.csv
Predicting Molecular Conformation via Dynamic Graph Score Matching,2021,2021.csv
When in Doubt: Neural Non-Parametric Uncertainty Quantification for Epidemic Forecasting,2021,2021.csv
Bounds all around: training energy-based models with bidirectional bounds,2021,2021.csv
Time-independent Generalization Bounds for SGLD in Non-convex Settings,2021,2021.csv
On learning sparse vectors from mixture of responses,2021,2021.csv
Convergence and Alignment of Gradient Descent with Random Backpropagation Weights,2021,2021.csv
Adder Attention for Vision Transformer,2021,2021.csv
Reverse engineering learned optimizers reveals known and novel mechanisms,2021,2021.csv
Unsupervised Noise Adaptive Speech Enhancement by Discriminator-Constrained Optimal Transport,2021,2021.csv
Matching a Desired Causal State via Shift Interventions,2021,2021.csv
Chasing Sparsity in Vision Transformers: An End-to-End Exploration,2021,2021.csv
Graphical Models in Heavy-Tailed Markets,2021,2021.csv
Fine-Grained Neural Network Explanation by Identifying Input Features with Predictive Information,2021,2021.csv
XCiT: Cross-Covariance Image Transformers,2021,2021.csv
Row-clustering of a Point Process-valued Matrix,2021,2021.csv
Fast Minimum-norm Adversarial Attacks through Adaptive Norm Constraints,2021,2021.csv
Uncertainty Quantification and Deep Ensembles,2021,2021.csv
Laplace Redux - Effortless Bayesian Deep Learning,2021,2021.csv
Hessian Eigenspectra of More Realistic Nonlinear Models,2021,2021.csv
Explicable Reward Design for Reinforcement Learning Agents,2021,2021.csv
Simple Stochastic and Online Gradient Descent Algorithms for Pairwise Learning,2021,2021.csv
User-Level Differentially Private Learning via Correlated Sampling,2021,2021.csv
Asynchronous Decentralized Online Learning,2021,2021.csv
Multi-Step Budgeted Bayesian Optimization with Unknown Evaluation Costs,2021,2021.csv
Model-Based Domain Generalization,2021,2021.csv
Practical Large-Scale Linear Programming using Primal-Dual Hybrid Gradient,2021,2021.csv
On the Provable Generalization of Recurrent Neural Networks,2021,2021.csv
Differentiable Spline Approximations,2021,2021.csv
Rate-Optimal Subspace Estimation on Random Graphs,2021,2021.csv
Estimating the Unique Information of Continuous Variables,2021,2021.csv
Reliable Causal Discovery with Improved Exact Search and Weaker Assumptions,2021,2021.csv
Node Dependent Local Smoothing for Scalable Graph Learning,2021,2021.csv
Across-animal odor decoding by probabilistic manifold alignment,2021,2021.csv
A Convergence Analysis of Gradient Descent on Graph Neural Networks,2021,2021.csv
Excess Capacity and Backdoor Poisoning,2021,2021.csv
Differentiable rendering with perturbed optimizers,2021,2021.csv
BCORLE($\lambda$): An Offline Reinforcement Learning and Evaluation Framework for Coupons Allocation in E-commerce Market,2021,2021.csv
Nested Variational Inference,2021,2021.csv
Exponential Bellman Equation and Improved Regret Bounds for Risk-Sensitive Reinforcement Learning,2021,2021.csv
Generic Neural Architecture Search via Regression,2021,2021.csv
On Large-Cohort Training for Federated Learning,2021,2021.csv
The best of both worlds: stochastic and adversarial episodic MDPs with unknown transition,2021,2021.csv
On sensitivity of meta-learning to support data,2021,2021.csv
Private learning implies quantum stability,2021,2021.csv
"Interesting Object, Curious Agent: Learning Task-Agnostic Exploration",2021,2021.csv
SimiGrad: Fine-Grained Adaptive Batching for Large Scale Training using Gradient Similarity Measurement,2021,2021.csv
Variational Inference for Continuous-Time Switching Dynamical Systems,2021,2021.csv
Implicit Regularization in Matrix Sensing via Mirror Descent,2021,2021.csv
STORM+: Fully Adaptive SGD with Recursive Momentum for Nonconvex Optimization,2021,2021.csv
BNS: Building Network Structures Dynamically for Continual Learning,2021,2021.csv
Auditing Black-Box Prediction Models for Data Minimization Compliance,2021,2021.csv
Dueling Bandits with Team Comparisons,2021,2021.csv
"Uniform Convergence of Interpolators: Gaussian Width, Norm Bounds and Benign Overfitting",2021,2021.csv
Relaxed Marginal Consistency for Differentially Private Query Answering,2021,2021.csv
Adaptive wavelet distillation from neural networks through interpretations,2021,2021.csv
Local policy search with Bayesian optimization,2021,2021.csv
Symplectic Adjoint Method for Exact Gradient of Neural ODE with Minimal Memory,2021,2021.csv
Exponential Separation between Two Learning Models and Adversarial Robustness,2021,2021.csv
Safe Policy Optimization with Local Generalized Linear Function Approximations,2021,2021.csv
Gaussian Kernel Mixture Network for Single Image Defocus Deblurring,2021,2021.csv
Cockpit: A Practical Debugging Tool for the Training of Deep Neural Networks,2021,2021.csv
MEST: Accurate and Fast Memory-Economic Sparse Training Framework on the Edge,2021,2021.csv
Precise characterization of the prior predictive distribution of deep ReLU networks,2021,2021.csv
Reinforcement Learning based Disease Progression Model for Alzheimer’s Disease,2021,2021.csv
RED : Looking for Redundancies for Data-FreeStructured Compression of Deep Neural Networks,2021,2021.csv
When Are Solutions Connected in Deep Networks?,2021,2021.csv
Catch-A-Waveform: Learning to Generate Audio from a Single Short Example,2021,2021.csv
Perturbation Theory for the Information Bottleneck,2021,2021.csv
Deconvolutional Networks on Graph Data,2021,2021.csv
TOHAN: A One-step Approach towards Few-shot Hypothesis Adaptation,2021,2021.csv
Learning Graph Cellular Automata,2021,2021.csv
Efficient Online Estimation of Causal Effects by Deciding What to Observe,2021,2021.csv
Accelerating Quadratic Optimization with Reinforcement Learning,2021,2021.csv
Duplex Sequence-to-Sequence Learning for Reversible Machine Translation,2021,2021.csv
Improved Coresets and Sublinear Algorithms for Power Means in Euclidean Spaces,2021,2021.csv
Accelerated Sparse Neural Training: A Provable and Efficient Method to Find N:M Transposable Masks,2021,2021.csv
Improving Visual Quality of Image Synthesis by A Token-based Generator with Transformers,2021,2021.csv
The Effect of the Intrinsic Dimension on the Generalization of Quadratic Classifiers,2021,2021.csv
Learning and Generalization in RNNs,2021,2021.csv
DeepReduce: A Sparse-tensor Communication Framework for Federated Deep Learning,2021,2021.csv
Predicting Deep Neural Network Generalization with Perturbation Response Curves,2021,2021.csv
Optimal Order Simple Regret for Gaussian Process Bandits,2021,2021.csv
Generalization Guarantee of SGD for Pairwise Learning,2021,2021.csv
Heavy Ball Momentum for Conditional Gradient,2021,2021.csv
"PARP: Prune, Adjust and Re-Prune for Self-Supervised Speech Recognition",2021,2021.csv
Robust Learning of Optimal Auctions,2021,2021.csv
Disrupting Deep Uncertainty Estimation Without Harming Accuracy,2021,2021.csv
SOFT: Softmax-free Transformer with Linear Complexity,2021,2021.csv
A self consistent theory of Gaussian Processes captures feature learning effects in finite CNNs,2021,2021.csv
Mini-Batch Consistent Slot Set Encoder for Scalable Set Encoding,2021,2021.csv
Neural Flows: Efficient Alternative to Neural ODEs,2021,2021.csv
Efficient and Local Parallel Random Walks,2021,2021.csv
Multi-Objective Meta Learning,2021,2021.csv
Online Matching in Sparse Random Graphs: Non-Asymptotic Performances of Greedy Algorithm,2021,2021.csv
End-to-end reconstruction meets data-driven regularization for inverse problems,2021,2021.csv
Finite-Sample Analysis of Off-Policy TD-Learning via Generalized Bellman Operators,2021,2021.csv
A Bi-Level Framework for Learning to Solve Combinatorial Optimization on Graphs,2021,2021.csv
Improved Learning Rates of a Functional Lasso-type SVM with Sparse Multi-Kernel Representation,2021,2021.csv
Last iterate convergence of SGD for Least-Squares in the Interpolation regime.,2021,2021.csv
SILG: The Multi-domain Symbolic Interactive Language Grounding Benchmark,2021,2021.csv
NeRV: Neural Representations for Videos,2021,2021.csv
A Surrogate Objective Framework for Prediction+Programming with Soft Constraints,2021,2021.csv
On the Periodic Behavior of Neural Network Training with Batch Normalization and Weight Decay,2021,2021.csv
Generative vs. Discriminative: Rethinking The Meta-Continual Learning,2021,2021.csv
"Model, sample, and epoch-wise descents: exact solution of gradient flow in the random feature model",2021,2021.csv
PiRank: Scalable Learning To Rank via Differentiable Sorting,2021,2021.csv
Deceive D: Adaptive Pseudo Augmentation for GAN Training with Limited Data,2021,2021.csv
Iterative Teaching by Label Synthesis,2021,2021.csv
Variational Diffusion Models,2021,2021.csv
Fair Scheduling for Time-dependent Resources,2021,2021.csv
SNIPS: Solving Noisy Inverse Problems Stochastically,2021,2021.csv
Hierarchical Reinforcement Learning with Timed Subgoals,2021,2021.csv
Functional Variational Inference based on Stochastic Process Generators,2021,2021.csv
Stateful ODE-Nets using Basis Function Expansions,2021,2021.csv
TTT++: When Does Self-Supervised Test-Time Training Fail or Thrive?,2021,2021.csv
Accelerating Robotic Reinforcement Learning via Parameterized Action Primitives,2021,2021.csv
Dirichlet Energy Constrained Learning for Deep Graph Neural Networks,2021,2021.csv
SOLQ: Segmenting Objects by Learning Queries,2021,2021.csv
Extending Lagrangian and Hamiltonian Neural Networks with Differentiable Contact Models,2021,2021.csv
Best-case lower bounds in online learning,2021,2021.csv
A Comprehensively Tight Analysis of Gradient Descent for PCA,2021,2021.csv
Asymptotically Best Causal Effect Identification with Multi-Armed Bandits,2021,2021.csv
Searching Parameterized AP Loss for Object Detection,2021,2021.csv
On Robust Optimal Transport: Computational Complexity and Barycenter Computation,2021,2021.csv
DropGNN: Random Dropouts Increase the Expressiveness of Graph Neural Networks,2021,2021.csv
Learning rule influences recurrent network representations but not attractor structure in decision-making tasks,2021,2021.csv
Photonic Differential Privacy with Direct Feedback Alignment,2021,2021.csv
Fair Exploration via Axiomatic Bargaining,2021,2021.csv
Unifying lower bounds on prediction dimension of convex surrogates,2021,2021.csv
Ultrahyperbolic Neural Networks,2021,2021.csv
Risk Bounds and Calibration for a Smart Predict-then-Optimize Method,2021,2021.csv
On the Bias-Variance-Cost Tradeoff of Stochastic Optimization,2021,2021.csv
Averaging on the Bures-Wasserstein manifold: dimension-free convergence of gradient descent,2021,2021.csv
Reinforcement Learning in Newcomblike Environments,2021,2021.csv
Reinforcement Learning with Latent Flow,2021,2021.csv
Understanding How Encoder-Decoder Architectures Attend,2021,2021.csv
Biological learning in key-value memory networks,2021,2021.csv
Correlated Stochastic Block Models: Exact Graph Matching with Applications to Recovering Communities,2021,2021.csv
Twice regularized MDPs and the equivalence between robustness and regularization,2021,2021.csv
Online Sign Identification: Minimization of the Number of Errors in Thresholding Bandits,2021,2021.csv
Nearly Minimax Optimal Reinforcement Learning for Discounted MDPs,2021,2021.csv
Sparse Deep Learning: A New Framework Immune to Local Traps and Miscalibration,2021,2021.csv
Calibrating Predictions to Decisions: A Novel Approach to Multi-Class Calibration,2021,2021.csv
Lower Bounds and Optimal Algorithms for Smooth and Strongly Convex Decentralized Optimization Over Time-Varying Networks,2021,2021.csv
Testing Probabilistic Circuits,2021,2021.csv
AFEC: Active Forgetting of Negative Transfer in Continual Learning,2021,2021.csv
Autoformer: Decomposition Transformers with Auto-Correlation for Long-Term Series Forecasting,2021,2021.csv
Achieving Forgetting Prevention and Knowledge Transfer in Continual Learning,2021,2021.csv
SWAD: Domain Generalization by Seeking Flat Minima,2021,2021.csv
Heterogeneous Multi-player Multi-armed Bandits: Closing the Gap and Generalization,2021,2021.csv
Bandits with many optimal arms,2021,2021.csv
Combiner: Full Attention Transformer with Sparse Computation Cost,2021,2021.csv
Geometry Processing with Neural Fields,2021,2021.csv
Contextual Recommendations and Low-Regret Cutting-Plane Algorithms,2021,2021.csv
NAS-Bench-x11 and the Power of Learning Curves,2021,2021.csv
Observation-Free Attacks on Stochastic Bandits,2021,2021.csv
The Sensory Neuron as a Transformer: Permutation-Invariant Neural Networks for Reinforcement Learning,2021,2021.csv
Fast Extra Gradient Methods for Smooth Structured Nonconvex-Nonconcave Minimax Problems,2021,2021.csv
Analysis of Sensing Spectral for Signal Recovery under a Generalized Linear Model,2021,2021.csv
Revisiting ResNets: Improved Training and Scaling Strategies,2021,2021.csv
Sparse Flows: Pruning Continuous-depth Models,2021,2021.csv
On the Rate of Convergence of Regularized Learning in Games: From Bandits and Uncertainty to Optimism and Beyond,2021,2021.csv
Spectrum-to-Kernel Translation for Accurate Blind Image Super-Resolution,2021,2021.csv
SLAPS: Self-Supervision Improves Structure Learning for Graph Neural Networks,2021,2021.csv
Aligning Pretraining for Detection via Object-Level Contrastive Learning,2021,2021.csv
Double/Debiased Machine Learning for Dynamic Treatment Effects,2021,2021.csv
Average-Reward Learning and Planning with Options,2021,2021.csv
"Stable, Fast and Accurate: Kernelized Attention with Relative Positional Encoding",2021,2021.csv
Counterexample Guided RL Policy Refinement Using Bayesian Optimization,2021,2021.csv
Learning in Non-Cooperative Configurable Markov Decision Processes,2021,2021.csv
DIB-R++: Learning to Predict Lighting and Material with a Hybrid Differentiable Renderer,2021,2021.csv
A Variational Perspective on Diffusion-Based Generative Models and Score Matching,2021,2021.csv
Does Preprocessing Help Training Over-parameterized Neural Networks?,2021,2021.csv
Causal Influence Detection for Improving Efficiency in Reinforcement Learning,2021,2021.csv
Policy Optimization in Adversarial MDPs: Improved Exploration via Dilated Bonuses,2021,2021.csv
Multiclass versus Binary Differentially Private PAC Learning,2021,2021.csv
Adversarially Robust Change Point Detection,2021,2021.csv
Sample-Efficient Reinforcement Learning for Linearly-Parameterized MDPs with a Generative Model,2021,2021.csv
Stochastic Anderson Mixing for Nonconvex Stochastic Optimization,2021,2021.csv
NN-Baker: A Neural-network Infused Algorithmic Framework for Optimization Problems on Geometric Intersection Graphs,2021,2021.csv
RMIX: Learning Risk-Sensitive Policies for Cooperative Reinforcement Learning Agents,2021,2021.csv
A Note on Sparse Generalized Eigenvalue Problem,2021,2021.csv
Optimal Policies Tend To Seek Power,2021,2021.csv
"PLUR: A Unifying, Graph-Based View of Program Learning, Understanding, and Repair",2021,2021.csv
COCO-LM: Correcting and Contrasting Text Sequences for Language Model Pretraining,2021,2021.csv
Minibatch and Momentum Model-based Methods for Stochastic Weakly Convex Optimization,2021,2021.csv
XDO: A Double Oracle Algorithm for Extensive-Form Games,2021,2021.csv
Active Assessment of Prediction Services as Accuracy Surface Over Attribute Combinations,2021,2021.csv
A mechanistic multi-area recurrent network model of decision-making,2021,2021.csv
Learning to Compose Visual Relations,2021,2021.csv
Identity testing for Mallows model,2021,2021.csv
Bandits with Knapsacks beyond the Worst Case,2021,2021.csv
Closing the loop in medical decision support by understanding clinical decision-making: A case study on organ transplantation,2021,2021.csv
Meta-learning to Improve Pre-training,2021,2021.csv
Probabilistic Margins for Instance Reweighting in Adversarial Training,2021,2021.csv
Unbalanced Optimal Transport through Non-negative Penalized Linear Regression,2021,2021.csv
PartialFed: Cross-Domain Personalized Federated Learning via Partial Initialization,2021,2021.csv
Recurrent Submodular Welfare and Matroid Blocking Semi-Bandits,2021,2021.csv
Representer Point Selection via Local Jacobian Expansion for Post-hoc Classifier Explanation of Deep Neural Networks and Ensemble Models,2021,2021.csv
Editing a classifier by rewriting its prediction rules,2021,2021.csv
The Flip Side of the Reweighted Coin: Duality of Adaptive Dropout and Regularization,2021,2021.csv
Differentiable Spike: Rethinking Gradient-Descent for Training Spiking Neural Networks,2021,2021.csv
Interpolation can hurt robust generalization even when there is no noise,2021,2021.csv
On the Equivalence between Neural Network and Support Vector Machine,2021,2021.csv
Learning Semantic Representations to Verify Hardware Designs,2021,2021.csv
Slice Sampling Reparameterization Gradients,2021,2021.csv
Sampling  with Trusthworthy Constraints:  A Variational Gradient Framework,2021,2021.csv
Fast rates for prediction with limited expert advice,2021,2021.csv
A Hierarchical Reinforcement Learning Based Optimization Framework for Large-scale Dynamic Pickup and Delivery Problems,2021,2021.csv
Spatio-Temporal Variational Gaussian Processes,2021,2021.csv
Fast Approximate Dynamic Programming for Infinite-Horizon Markov Decision Processes,2021,2021.csv
Adaptive Risk Minimization: Learning to Adapt to Domain Shift,2021,2021.csv
Learning State Representations from Random Deep Action-conditional Predictions,2021,2021.csv
Mixability made efficient: Fast online multiclass logistic regression,2021,2021.csv
Off-Policy Risk Assessment in Contextual Bandits,2021,2021.csv
Optimal Sketching for Trace Estimation,2021,2021.csv
Be Confident! Towards Trustworthy Graph Neural Networks via Confidence Calibration,2021,2021.csv
Learning Riemannian metric for disease progression modeling,2021,2021.csv
Small random initialization is akin to spectral learning: Optimization and generalization guarantees for overparameterized low-rank matrix reconstruction,2021,2021.csv
Efficient Combination of Rematerialization and Offloading for Training DNNs,2021,2021.csv
CoFiNet: Reliable Coarse-to-fine Correspondences for Robust PointCloud Registration,2021,2021.csv
POODLE: Improving Few-shot Learning via Penalizing Out-of-Distribution Samples,2021,2021.csv
Analytic Insights into Structure and Rank of Neural Network Hessian Maps,2021,2021.csv
Combinatorial Pure Exploration with Bottleneck Reward Function,2021,2021.csv
Densely connected normalizing flows,2021,2021.csv
Snowflake: Scaling GNNs to high-dimensional continuous control via parameter freezing,2021,2021.csv
Subgame solving without common knowledge,2021,2021.csv
Fair Algorithms for Multi-Agent Multi-Armed Bandits,2021,2021.csv
VAST: Value Function Factorization with Variable Agent Sub-Teams,2021,2021.csv
On the Stochastic Stability of Deep Markov Models,2021,2021.csv
An Efficient Pessimistic-Optimistic Algorithm for Stochastic Linear Bandits with General Constraints,2021,2021.csv
Efficiently Learning One Hidden Layer ReLU Networks From Queries,2021,2021.csv
DiBS: Differentiable Bayesian Structure Learning,2021,2021.csv
Learning Nonparametric Volterra Kernels with Gaussian Processes,2021,2021.csv
Nonparametric estimation of continuous DPPs with kernel methods,2021,2021.csv
Residual2Vec: Debiasing graph embedding with random graphs,2021,2021.csv
Benign Overfitting in Multiclass Classification: All Roads Lead to Interpolation,2021,2021.csv
Training Neural Networks with Fixed Sparse Masks,2021,2021.csv
Instance-Dependent Bounds for Zeroth-order Lipschitz Optimization with Error Certificates,2021,2021.csv
"VATT: Transformers for Multimodal Self-Supervised Learning from Raw Video, Audio and Text",2021,2021.csv
Analyzing the Generalization Capability of SGLD Using Properties of Gaussian Channels,2021,2021.csv
On Training Implicit Models,2021,2021.csv
Learning to Schedule Heuristics in Branch and Bound,2021,2021.csv
One Loss for All: Deep Hashing with a Single Cosine Similarity based Learning Objective,2021,2021.csv
On the Power of Differentiable Learning versus PAC and SQ Learning,2021,2021.csv
Memory Efficient Meta-Learning with Large Images,2021,2021.csv
Adaptive Proximal Gradient Methods for Structured Neural Networks,2021,2021.csv
Can we globally optimize cross-validation loss? Quasiconvexity in ridge regression,2021,2021.csv
Discovering and Achieving Goals via World Models,2021,2021.csv
On the Power of Edge Independent Graph Models,2021,2021.csv
Stochastic Online Linear Regression: the Forward Algorithm to Replace Ridge,2021,2021.csv
"Understanding Adaptive, Multiscale Temporal Integration In Deep Speech Recognition Systems",2021,2021.csv
Dr Jekyll & Mr Hyde: the strange case of off-policy policy updates,2021,2021.csv
AutoGEL: An Automated Graph Neural Network with Explicit Link Information,2021,2021.csv
Coupled Gradient Estimators for Discrete Latent Variables,2021,2021.csv
Detecting Individual Decision-Making Style: Exploring Behavioral Stylometry in Chess,2021,2021.csv
RL for Latent MDPs: Regret Guarantees and a Lower Bound,2021,2021.csv
Variational Continual Bayesian Meta-Learning,2021,2021.csv
Recognizing Vector Graphics without Rasterization,2021,2021.csv
Pointwise Bounds for Distribution Estimation under Communication Constraints,2021,2021.csv
Active Offline Policy Selection,2021,2021.csv
Understanding Bandits with Graph Feedback,2021,2021.csv
Unsupervised Representation Transfer for Small Networks: I Believe I Can Distill On-the-Fly,2021,2021.csv
Information-theoretic generalization bounds for black-box learning algorithms,2021,2021.csv
Planning from Pixels in Environments with Combinatorially Hard Search Spaces,2021,2021.csv
Modular Gaussian Processes for Transfer Learning,2021,2021.csv
Locally differentially private estimation of functionals of discrete distributions,2021,2021.csv
Adaptive Ensemble Q-learning: Minimizing Estimation Bias via Error Feedback,2021,2021.csv
Asymptotics of representation learning in finite Bayesian neural networks,2021,2021.csv
CSDI: Conditional Score-based Diffusion Models for Probabilistic Time Series Imputation,2021,2021.csv
Domain Adaptation with Invariant Representation Learning: What Transformations to Learn?,2021,2021.csv
Causal Bandits with Unknown Graph Structure,2021,2021.csv
Piper: Multidimensional Planner for DNN Parallelization,2021,2021.csv
Causal Effect Inference for Structured Treatments,2021,2021.csv
Efficient hierarchical Bayesian inference for spatio-temporal regression models in neuroimaging,2021,2021.csv
Local Signal Adaptivity: Provable Feature Learning in Neural Networks Beyond Kernels,2021,2021.csv
IA-RED$^2$: Interpretability-Aware Redundancy Reduction for Vision Transformers,2021,2021.csv
Choose a Transformer: Fourier or Galerkin,2021,2021.csv
Differentially Private Multi-Armed Bandits in the Shuffle Model,2021,2021.csv
Dual Adaptivity: A Universal Algorithm for Minimizing the Adaptive Regret of Convex Functions,2021,2021.csv
Learning Hard Optimization Problems: A Data Generation Perspective,2021,2021.csv
Characterizing Generalization under Out-Of-Distribution Shifts in Deep Metric Learning,2021,2021.csv
Never Go Full Batch (in Stochastic Convex Optimization),2021,2021.csv
"Collaborative Learning in the Jungle (Decentralized, Byzantine, Heterogeneous, Asynchronous and Nonconvex Learning)",2021,2021.csv
Counterfactual Maximum Likelihood Estimation for Training Deep Networks,2021,2021.csv
Robust Optimization for Multilingual Translation with Imbalanced Data,2021,2021.csv
A/B/n Testing with Control in the Presence of Subpopulations,2021,2021.csv
Scallop: From Probabilistic Deductive Databases to Scalable Differentiable Reasoning,2021,2021.csv
Learning to Synthesize Programs as Interpretable and Generalizable Policies,2021,2021.csv
The functional specialization of visual cortex emerges from training parallel pathways with self-supervised predictive learning,2021,2021.csv
Adversarial Training Helps Transfer Learning via Better Representations,2021,2021.csv
Learning the optimal Tikhonov regularizer for inverse problems,2021,2021.csv
"Improving Coherence and Consistency in Neural Sequence Models with Dual-System, Neuro-Symbolic Reasoning",2021,2021.csv
On Margin-Based Cluster Recovery with Oracle Queries,2021,2021.csv
NovelD: A Simple yet Effective Exploration Criterion,2021,2021.csv
Sparse Quadratic Optimisation over the Stiefel Manifold with Application to Permutation Synchronisation,2021,2021.csv
Second-Order Neural ODE Optimizer,2021,2021.csv
Closing the Gap: Tighter Analysis of Alternating Stochastic Gradient Methods for Bilevel Problems,2021,2021.csv
Dense Unsupervised Learning for Video Segmentation,2021,2021.csv
Charting and Navigating the Space of Solutions for Recurrent Neural Networks,2021,2021.csv
Fast Training  Method for  Stochastic Compositional Optimization Problems,2021,2021.csv
Dual-stream Network for Visual Recognition,2021,2021.csv
Machine versus Human Attention in Deep Reinforcement Learning Tasks,2021,2021.csv
Reusing Combinatorial Structure: Faster Iterative Projections over Submodular Base Polytopes,2021,2021.csv
Collapsed Variational Bounds for Bayesian Neural Networks,2021,2021.csv
Absolute Neighbour Difference based Correlation Test for Detecting Heteroscedastic Relationships,2021,2021.csv
Consistent Estimation for PCA and Sparse Regression with Oblivious Outliers,2021,2021.csv
Batch Multi-Fidelity Bayesian Optimization with  Deep Auto-Regressive Networks,2021,2021.csv
Mastering Atari Games with Limited Data,2021,2021.csv
Dealing With Misspecification In Fixed-Confidence Linear Top-m Identification,2021,2021.csv
Why Generalization in RL is Difficult: Epistemic POMDPs and Implicit Partial Observability,2021,2021.csv
Best of Both Worlds: Practical and Theoretically Optimal Submodular Maximization in Parallel,2021,2021.csv
Optimal Best-Arm Identification Methods for Tail-Risk Measures,2021,2021.csv
Learning with Holographic Reduced Representations,2021,2021.csv
Learning Barrier Certificates: Towards Safe Reinforcement Learning with Zero Training-time Violations,2021,2021.csv
On the Second-order Convergence Properties of Random Search Methods,2021,2021.csv
Noether’s Learning Dynamics: Role of Symmetry Breaking in Neural Networks,2021,2021.csv
Neural Production Systems,2021,2021.csv
Smoothness Matrices Beat Smoothness Constants: Better  Communication Compression Techniques for Distributed Optimization,2021,2021.csv
Increasing Liquid State Machine Performance with Edge-of-Chaos Dynamics Organized by Astrocyte-modulated Plasticity,2021,2021.csv
Fair Sortition Made Transparent,2021,2021.csv
A Max-Min Entropy Framework for Reinforcement Learning,2021,2021.csv
Reward is enough for convex MDPs,2021,2021.csv
Fast Doubly-Adaptive MCMC to Estimate the Gibbs Partition Function with Weak Mixing Time Bounds,2021,2021.csv
Does enforcing fairness mitigate biases caused by subpopulation shift?,2021,2021.csv
Implicit Deep Adaptive Design: Policy-Based Experimental Design without Likelihoods,2021,2021.csv
Sample-Efficient Learning of Stackelberg Equilibria in General-Sum Games,2021,2021.csv
Non-approximate Inference for Collective Graphical Models on Path Graphs via Discrete Difference of Convex Algorithm,2021,2021.csv
Implicit Task-Driven Probability Discrepancy Measure for Unsupervised Domain Adaptation,2021,2021.csv
A Faster Decentralized Algorithm for Nonconvex Minimax Problems,2021,2021.csv
Navigating to the Best Policy in Markov Decision Processes,2021,2021.csv
Generalization Bounds For Meta-Learning: An Information-Theoretic Analysis,2021,2021.csv
Identification of the Generalized Condorcet Winner in Multi-dueling Bandits,2021,2021.csv
Robust Inverse Reinforcement Learning under Transition Dynamics Mismatch,2021,2021.csv
Re-ranking for image retrieval and transductive few-shot classification,2021,2021.csv
Post-processing for Individual Fairness,2021,2021.csv
Fast Algorithms for $L_\infty$-constrained S-rectangular Robust MDPs,2021,2021.csv
Instance-optimal Mean Estimation Under Differential Privacy,2021,2021.csv
Look at the Variance! Efficient Black-box Explanations with Sobol-based Sensitivity Analysis,2021,2021.csv
Tensor Normal Training for Deep Learning Models,2021,2021.csv
Implicit Generative Copulas,2021,2021.csv
PatchGame: Learning to Signal Mid-level Patches in Referential Games,2021,2021.csv
Optimizing Information-theoretical Generalization Bound via Anisotropic Noise of SGLD,2021,2021.csv
A Mathematical Framework for Quantifying Transferability in Multi-source Transfer Learning,2021,2021.csv
Morié Attack (MA): A New Potential Risk of Screen Photos,2021,2021.csv
Fast Bayesian Inference for Gaussian Cox Processes via Path Integral Formulation,2021,2021.csv
Lattice partition recovery with dyadic CART,2021,2021.csv
Robust Deep Reinforcement Learning through Adversarial Loss,2021,2021.csv
"Provable Model-based Nonlinear Bandit and Reinforcement Learning: Shelve Optimism, Embrace Virtual Curvature",2021,2021.csv
Learning to delegate for large-scale vehicle routing,2021,2021.csv
Effective Meta-Regularization by Kernelized Proximal Regularization,2021,2021.csv
Minimax Optimal Quantile and Semi-Adversarial Regret via Root-Logarithmic Regularizers,2021,2021.csv
Deep Proxy Causal Learning and its Application to Confounded Bandit Policy Evaluation,2021,2021.csv
TöRF: Time-of-Flight Radiance Fields for Dynamic Scene View Synthesis,2021,2021.csv
Exploration-Exploitation in Multi-Agent Competition: Convergence with Bounded Rationality,2021,2021.csv
Low-Rank Extragradient Method for Nonsmooth and Low-Rank Matrix Optimization Problems,2021,2021.csv
Which Mutual-Information Representation Learning Objectives are Sufficient for Control?,2021,2021.csv
Towards a Unified Information-Theoretic Framework for Generalization,2021,2021.csv
Bayesian decision-making under misspecified priors with applications to meta-learning,2021,2021.csv
Neural Trees for Learning on Graphs,2021,2021.csv
Enabling Fast Differentially Private SGD via Just-in-Time Compilation and Vectorization,2021,2021.csv
Coordinated Proximal Policy Optimization,2021,2021.csv
Identification and Estimation of Joint Probabilities of Potential Outcomes in Observational Studies with Covariate Information,2021,2021.csv
Online false discovery rate control for anomaly detection in time series,2021,2021.csv
On the Algorithmic Stability of Adversarial Training,2021,2021.csv
Width-based Lookaheads with Learnt Base Policies and Heuristics Over the Atari-2600 Benchmark,2021,2021.csv
Characterizing possible failure modes in physics-informed neural networks,2021,2021.csv
To Beam Or Not To Beam: That is a Question of Cooperation for Language GANs,2021,2021.csv
Shapley Residuals: Quantifying the limits of the Shapley value for explanations,2021,2021.csv
Fast Abductive Learning by Similarity-based Consistency Optimization,2021,2021.csv
Joint Inference for Neural Network Depth and Dropout Regularization,2021,2021.csv
Tractable Density Estimation on Learned Manifolds with Conformal Embedding Flows,2021,2021.csv
The Limits of Optimal Pricing in the Dark,2021,2021.csv
"No RL, No Simulation: Learning to Navigate without Navigating",2021,2021.csv
The Hardness Analysis of Thompson Sampling for Combinatorial Semi-bandits with Greedy Oracle,2021,2021.csv
Improving Deep Learning Interpretability by Saliency Guided Training,2021,2021.csv
SurvITE: Learning Heterogeneous Treatment Effects from Time-to-Event Data,2021,2021.csv
Optimal Rates for Nonparametric Density Estimation under Communication Constraints,2021,2021.csv
Rank Overspecified Robust Matrix Recovery: Subgradient Method and Exact Recovery,2021,2021.csv
Improving Computational Efficiency in Visual Reinforcement Learning via Stored Embeddings,2021,2021.csv
A Stochastic Newton Algorithm for Distributed Convex Optimization,2021,2021.csv
Towards Sharper Generalization Bounds for Structured Prediction,2021,2021.csv
Teaching via Best-Case Counterexamples in the Learning-with-Equivalence-Queries Paradigm,2021,2021.csv
Automated Discovery of Adaptive Attacks on Adversarial Defenses,2021,2021.csv
Representation Costs of Linear Neural Networks: Analysis and Design,2021,2021.csv
Distilling Meta Knowledge on Heterogeneous Graph for Illicit Drug Trafficker Detection on Social Media,2021,2021.csv
Interpretable agent communication from scratch (with a generic visual processor emerging on the side),2021,2021.csv
Successor Feature Landmarks for Long-Horizon Goal-Conditioned Reinforcement Learning,2021,2021.csv
MAU: A Motion-Aware Unit for Video Prediction and Beyond,2021,2021.csv
Streaming Belief Propagation for Community Detection,2021,2021.csv
The staircase property: How hierarchical structure can guide deep learning,2021,2021.csv
Hardware-adaptive Efficient Latency Prediction for NAS via Meta-Learning,2021,2021.csv
Learning Theory Can (Sometimes) Explain Generalisation in Graph Neural Networks,2021,2021.csv
Topological Relational Learning on Graphs,2021,2021.csv
Passive attention in artificial neural networks predicts human visual selectivity,2021,2021.csv
Semialgebraic Representation of Monotone Deep Equilibrium Models and Applications to Certification,2021,2021.csv
The Role of Global Labels in Few-Shot Classification and How to Infer Them,2021,2021.csv
Improved Guarantees for Offline Stochastic Matching via new Ordered Contention Resolution Schemes,2021,2021.csv
Is Bang-Bang Control All You Need? Solving Continuous Control with Bernoulli Policies,2021,2021.csv
Improving Generalization in Meta-RL with Imaginary Tasks from Latent Dynamics Mixture,2021,2021.csv
Localization with Sampling-Argmax,2021,2021.csv
An analysis of Ermakov-Zolotukhin quadrature using kernels,2021,2021.csv
Towards Understanding Why Lookahead Generalizes Better Than SGD and Beyond,2021,2021.csv
Gauge Equivariant Transformer,2021,2021.csv
Unsupervised Object-Based Transition Models For 3D Partially Observable Environments,2021,2021.csv
Flow Network based Generative Models for Non-Iterative Diverse Candidate Generation,2021,2021.csv
Can we have it all? On the Trade-off between Spatial and Adversarial Robustness of Neural Networks,2021,2021.csv
Universal Off-Policy Evaluation,2021,2021.csv
DeepSITH: Efficient Learning via Decomposition of What and When Across Time Scales,2021,2021.csv
Stochastic Multi-Armed Bandits with Control Variates,2021,2021.csv
Near-Optimal No-Regret Learning in General Games,2021,2021.csv
Improving Anytime Prediction with Parallel Cascaded Networks and a Temporal-Difference Loss,2021,2021.csv
DNN-based Topology Optimisation:  Spatial Invariance and Neural Tangent Kernel,2021,2021.csv
Baleen: Robust Multi-Hop Reasoning at Scale via Condensed Retrieval,2021,2021.csv
Local Hyper-Flow Diffusion,2021,2021.csv
Permuton-induced Chinese Restaurant Process,2021,2021.csv
Faster Algorithms and Constant Lower Bounds for the Worst-Case Expected Error,2021,2021.csv
On Learning Domain-Invariant Representations for Transfer Learning with Multiple Sources,2021,2021.csv
Dueling Bandits with Adversarial Sleeping,2021,2021.csv
Dynamic COVID risk assessment accounting for community virus exposure from a spatial-temporal transmission model,2021,2021.csv
Beware of the Simulated DAG! Causal Discovery Benchmarks May Be Easy to Game,2021,2021.csv
Automated Dynamic Mechanism Design,2021,2021.csv
Robust Predictable Control,2021,2021.csv
Unsupervised Speech Recognition,2021,2021.csv
Robustness between the worst and average case,2021,2021.csv
Online Learning and Control of Complex Dynamical Systems from Sensory Input,2021,2021.csv
Spatial-Temporal Super-Resolution of Satellite Imagery via Conditional Pixel Synthesis,2021,2021.csv
On Memorization in Probabilistic Deep Generative Models,2021,2021.csv
You Are the Best Reviewer of Your Own Papers: An Owner-Assisted Scoring Mechanism,2021,2021.csv
Garment4D: Garment Reconstruction from Point Cloud Sequences,2021,2021.csv
Fast Policy Extragradient Methods for Competitive Games with Entropy Regularization,2021,2021.csv
RelaySum for Decentralized Deep Learning on Heterogeneous Data,2021,2021.csv
Transformers Generalize DeepSets and Can be Extended to Graphs & Hypergraphs,2021,2021.csv
No Regrets for Learning the Prior in Bandits,2021,2021.csv
Encoding Robustness to Image Style via Adversarial Feature Perturbations,2021,2021.csv
"Continuized Accelerations of Deterministic and Stochastic Gradient Descents, and of Gossip Algorithms",2021,2021.csv
"Natural continual learning: success is a journey, not (just) a destination",2021,2021.csv
ASSANet: An Anisotropic Separable Set Abstraction for Efficient Point Cloud Representation Learning,2021,2021.csv
Fair Sequential Selection Using Supervised Learning Models,2021,2021.csv
Towards mental time travel: a hierarchical memory for reinforcement learning agents,2021,2021.csv
"Beyond Tikhonov: faster learning with self-concordant losses, via iterative regularization",2021,2021.csv
Variational Bayesian Reinforcement Learning with Regret Bounds,2021,2021.csv
"Independent mechanism analysis, a new concept?",2021,2021.csv
Logarithmic Regret from Sublinear Hints,2021,2021.csv
Robustness via Uncertainty-aware Cycle Consistency,2021,2021.csv
Momentum Centering and Asynchronous Update for Adaptive Gradient Methods,2021,2021.csv
On the Sample Complexity of Privately Learning Axis-Aligned Rectangles,2021,2021.csv
CBP: backpropagation with constraint on weight precision using a pseudo-Lagrange multiplier method,2021,2021.csv
Implicit Sparse Regularization: The Impact of Depth and Early Stopping,2021,2021.csv
Efficient Generalization with Distributionally Robust Learning,2021,2021.csv
No-regret Online Learning over Riemannian Manifolds,2021,2021.csv
Landmark-Guided Subgoal Generation in Hierarchical Reinforcement Learning,2021,2021.csv
Minimax Regret for Stochastic Shortest Path,2021,2021.csv
Parametrized Quantum Policies for Reinforcement Learning,2021,2021.csv
On Pathologies in KL-Regularized Reinforcement Learning from Expert Demonstrations,2021,2021.csv
Efficient constrained sampling via the mirror-Langevin algorithm,2021,2021.csv
Adaptive Online Packing-guided Search for POMDPs,2021,2021.csv
Turing Completeness of Bounded-Precision Recurrent Neural Networks,2021,2021.csv
How Powerful are Performance Predictors in Neural Architecture Search?,2021,2021.csv
Continual World: A Robotic Benchmark For Continual Reinforcement Learning,2021,2021.csv
Entropy-based adaptive Hamiltonian Monte Carlo,2021,2021.csv
Towards Best-of-All-Worlds Online Learning with Feedback Graphs,2021,2021.csv
ViTAE: Vision Transformer Advanced by Exploring Intrinsic Inductive Bias,2021,2021.csv
Topographic VAEs learn Equivariant Capsules,2021,2021.csv
MobILE: Model-Based Imitation Learning From Observation Alone,2021,2021.csv
Few-Round Learning for Federated Learning,2021,2021.csv
On Path Integration of Grid Cells: Group Representation and Isotropic Scaling,2021,2021.csv
Online Convex Optimization with Continuous Switching Constraint,2021,2021.csv
Adversarially robust learning for security-constrained optimal power flow,2021,2021.csv
Why Do Better Loss Functions Lead to Less Transferable Features?,2021,2021.csv
Learning a Single Neuron with Bias Using Gradient Descent,2021,2021.csv
Stateful Strategic Regression,2021,2021.csv
Achieving Rotational Invariance with Bessel-Convolutional Neural Networks,2021,2021.csv
Unsupervised Domain Adaptation with Dynamics-Aware Rewards in Reinforcement Learning,2021,2021.csv
A Universal Law of Robustness via Isoperimetry,2021,2021.csv
On Contrastive Representations of Stochastic Processes,2021,2021.csv
A Domain-Shrinking based Bayesian Optimization Algorithm with Order-Optimal Regret Performance,2021,2021.csv
"Scalars are universal: Equivariant machine learning, structured like classical physics",2021,2021.csv
Unsupervised Object-Level Representation Learning from Scene Images,2021,2021.csv
Powerpropagation: A sparsity inducing weight reparameterisation,2021,2021.csv
Do Transformers Really Perform Badly for Graph Representation?,2021,2021.csv
Convolutional Normalization: Improving Deep Convolutional Network Robustness and Training,2021,2021.csv
Stronger NAS with Weaker Predictors,2021,2021.csv
Nearly-Tight and Oblivious Algorithms for Explainable Clustering,2021,2021.csv
Deep Networks Provably Classify Data on Curves,2021,2021.csv
On the Expected Complexity of Maxout Networks,2021,2021.csv
TAAC: Temporally Abstract Actor-Critic for Continuous Control,2021,2021.csv
Global Convergence  to Local Minmax Equilibrium in Classes of Nonconvex Zero-Sum Games,2021,2021.csv
Can multi-label classification networks know what they don’t know?,2021,2021.csv
Balanced Chamfer Distance as a Comprehensive Metric for Point Cloud Completion,2021,2021.csv
Optimal Gradient-based Algorithms for Non-concave Bandit Optimization,2021,2021.csv
On Optimal Interpolation in Linear Regression,2021,2021.csv
Towards Understanding Cooperative Multi-Agent Q-Learning with Value Factorization,2021,2021.csv
Margin-Independent Online Multiclass Learning via Convex Geometry,2021,2021.csv
STEP: Out-of-Distribution Detection in the Presence of Limited In-Distribution Labeled Data,2021,2021.csv
Renyi Differential Privacy of The Subsampled Shuffle Model In Distributed Learning,2021,2021.csv
Iterative Teacher-Aware Learning,2021,2021.csv
Implicit Bias of SGD for Diagonal Linear Networks: a Provable Benefit of Stochasticity,2021,2021.csv
Stabilizing Dynamical Systems via Policy Gradient Methods,2021,2021.csv
Deep Reinforcement Learning at the Edge of the Statistical Precipice,2021,2021.csv
Language models enable zero-shot prediction of the effects of mutations on protein function,2021,2021.csv
DRONE: Data-aware Low-rank Compression for Large NLP Models,2021,2021.csv
Heavy Tails in SGD and Compressibility of Overparametrized Neural Networks,2021,2021.csv
Targeted Neural Dynamical Modeling,2021,2021.csv
CorticalFlow: A Diffeomorphic Mesh Transformer Network for Cortical Surface Reconstruction,2021,2021.csv
Neural Bellman-Ford Networks: A General Graph Neural Network Framework for Link Prediction,2021,2021.csv
Clustering Effect of Adversarial Robust Models,2021,2021.csv
On the Role of Optimization in Double Descent: A Least Squares Study,2021,2021.csv
On the Cryptographic Hardness of Learning Single Periodic Neurons,2021,2021.csv
PCA Initialization for Approximate Message Passing in Rotationally Invariant Models,2021,2021.csv
Corruption Robust Active Learning,2021,2021.csv
Automatic and Harmless  Regularization  with Constrained and Lexicographic Optimization: A Dynamic Barrier Approach,2021,2021.csv
Program Synthesis Guided Reinforcement Learning for Partially Observed Environments,2021,2021.csv
Metadata-based Multi-Task Bandits with Bayesian Hierarchical Models,2021,2021.csv
Differentially Private Model Personalization,2021,2021.csv
Rates of Estimation of Optimal Transport Maps using Plug-in Estimators via  Barycentric Projections,2021,2021.csv
Robust Generalization despite Distribution Shift via Minimum Discriminating Information,2021,2021.csv
Distributional Gradient Matching for Learning Uncertain Neural Dynamics Models,2021,2021.csv
Shaping embodied agent behavior with activity-context priors from egocentric video,2021,2021.csv
A Geometric Analysis of Neural Collapse with Unconstrained Features,2021,2021.csv
Unleashing the Power of Contrastive Self-Supervised Visual Models via Contrast-Regularized Fine-Tuning,2021,2021.csv
Discovery of Options via Meta-Learned Subgoals,2021,2021.csv
Near-Optimal Lower Bounds For Convex Optimization For All Orders of Smoothness,2021,2021.csv
Topology-Imbalance Learning for Semi-Supervised Node Classification,2021,2021.csv
Beta-CROWN: Efficient Bound Propagation with Per-neuron Split Constraints for Neural Network Robustness Verification,2021,2021.csv
Gradient Inversion with Generative Image Prior,2021,2021.csv
Autobahn: Automorphism-based Graph Neural Nets,2021,2021.csv
Batched Thompson Sampling,2021,2021.csv
Shape from Blur: Recovering Textured 3D Shape and Motion of Fast Moving Objects,2021,2021.csv
Delayed Gradient Averaging: Tolerate the Communication Latency for Federated Learning,2021,2021.csv
Scalable and Stable Surrogates for Flexible Classifiers with Fairness Constraints,2021,2021.csv
Focal Attention for Long-Range Interactions in Vision Transformers,2021,2021.csv
Optimal Algorithms for Stochastic Contextual Preference Bandits,2021,2021.csv
Residual Pathway Priors for Soft Equivariance Constraints,2021,2021.csv
Tight High Probability Bounds for Linear Stochastic Approximation with Fixed Stepsize,2021,2021.csv
Learning Large Neighborhood Search Policy for Integer Programming,2021,2021.csv
Dynamic Trace Estimation,2021,2021.csv
MICo: Improved representations via sampling-based state similarity for Markov decision processes,2021,2021.csv
Counterfactual Explanations in Sequential Decision Making Under Uncertainty,2021,2021.csv
Streaming Linear System Identification with Reverse Experience Replay,2021,2021.csv
SmoothMix: Training Confidence-calibrated Smoothed Classifiers for Certified Robustness,2021,2021.csv
Action-guided 3D Human Motion Prediction,2021,2021.csv
Validating the Lottery Ticket Hypothesis with Inertial Manifold Theory,2021,2021.csv
Meta-Learning the Search Distribution of Black-Box Random Search Based Adversarial Attacks,2021,2021.csv
Are My Deep Learning Systems Fair? An Empirical Study of Fixed-Seed Training,2021,2021.csv
Rectangular Flows for Manifold Learning,2021,2021.csv
On the Generative Utility of Cyclic Conditionals,2021,2021.csv
A Near-Optimal Algorithm for Stochastic Bilevel Optimization via Double-Momentum,2021,2021.csv
Structural Credit Assignment in Neural Networks using Reinforcement Learning,2021,2021.csv
Continual Learning via Local Module Composition,2021,2021.csv
Model-Based Episodic Memory Induces Dynamic Hybrid Controls,2021,2021.csv
Coresets for Decision Trees of Signals,2021,2021.csv
Local plasticity rules can learn deep representations using self-supervised contrastive predictions,2021,2021.csv
MobTCast: Leveraging Auxiliary Trajectory Forecasting for Human Mobility Prediction,2021,2021.csv
Error Compensated Distributed SGD Can Be Accelerated,2021,2021.csv
Scalable Rule-Based Representation Learning for Interpretable Classification,2021,2021.csv
A Regression Approach to Learning-Augmented Online Algorithms,2021,2021.csv
Bootstrapping Vision-Language Learning with Decoupled Language Pre-training,2023,2023.csv
Cross-Episodic Curriculum for Transformer Agents,2023,2023.csv
Natural Actor-Critic for Robust Reinforcement Learning with Function Approximation,2023,2023.csv
PDF: Point Diffusion Implicit Function for Large-scale Scene Neural Representation,2023,2023.csv
"Provable Adversarial Robustness for Group Equivariant Tasks: Graphs, Point Clouds, Molecules, and More",2023,2023.csv
Adaptive Selective Sampling for Online Prediction with Experts,2023,2023.csv
Path following algorithms for $\ell_2$-regularized $M$-estimation with approximation guarantee,2023,2023.csv
Gigastep - One Billion Steps per Second Multi-agent Reinforcement Learning,2023,2023.csv
Attentive Transfer Entropy to Exploit Transient Emergence of Coupling Effect,2023,2023.csv
ESSEN: Improving Evolution State Estimation for Temporal Networks using Von Neumann Entropy,2023,2023.csv
Task-aware Distributed Source Coding under Dynamic Bandwidth,2023,2023.csv
ANTN: Bridging Autoregressive Neural Networks and Tensor Networks for Quantum Many-Body Simulation,2023,2023.csv
Diffused Task-Agnostic Milestone Planner,2023,2023.csv
Causal Effect Identification in Uncertain Causal Networks,2023,2023.csv
Equivariant Flow Matching with Hybrid Probability Transport for 3D Molecule Generation,2023,2023.csv
A Simple Solution for Offline Imitation from Observations and Examples with Possibly Incomplete Trajectories,2023,2023.csv
Defending against Data-Free Model Extraction by  Distributionally Robust Defensive Training,2023,2023.csv
"Large language models transition from integrating across position-yoked, exponential windows to structure-yoked, power-law windows",2023,2023.csv
Belief Projection-Based Reinforcement Learning for Environments with Delayed Feedback,2023,2023.csv
Batchnorm Allows Unsupervised Radial Attacks,2023,2023.csv
PROTES: Probabilistic Optimization with Tensor Sampling,2023,2023.csv
Smoothing the Landscape Boosts the Signal for SGD: Optimal Sample Complexity for Learning Single Index Models,2023,2023.csv
AVIS: Autonomous Visual Information Seeking with Large Language Model Agent,2023,2023.csv
Minimax-Optimal Location Estimation,2023,2023.csv
Tight Bounds for Volumetric Spanners and Applications,2023,2023.csv
Learning better with Dale’s Law: A Spectral Perspective,2023,2023.csv
Read and Reap the Rewards: Learning to Play Atari with the Help of Instruction Manuals,2023,2023.csv
Projection-Free Online Convex Optimization via Efficient Newton Iterations,2023,2023.csv
Dense-Exponential Random Features: Sharp Positive Estimators of the Gaussian Kernel,2023,2023.csv
Sharpness Minimization Algorithms Do Not Only Minimize Sharpness To Achieve Better Generalization,2023,2023.csv
Taylor TD-learning,2023,2023.csv
Calibrating Neural Simulation-Based Inference with Differentiable Coverage Probability,2023,2023.csv
On the Overlooked Pitfalls of Weight Decay and How to Mitigate Them: A Gradient-Norm Perspective,2023,2023.csv
Leveraging Early-Stage Robustness in Diffusion Models for Efficient and High-Quality Image Synthesis,2023,2023.csv
Tools for Verifying Neural Models' Training Data,2023,2023.csv
Passive learning of active causal strategies in agents and language models,2023,2023.csv
Zero-Regret Performative Prediction Under Inequality Constraints,2023,2023.csv
Communication-Efficient Federated Bilevel Optimization with Global and Local Lower Level Problems,2023,2023.csv
Reward Scale Robustness for Proximal Policy Optimization via DreamerV3 Tricks,2023,2023.csv
Multiclass Boosting: Simple and Intuitive Weak Learning Criteria,2023,2023.csv
A Variational Perspective on High-Resolution ODEs,2023,2023.csv
Fixing the NTK: From Neural Network Linearizations to Exact Convex Programs,2023,2023.csv
Birth of a Transformer: A Memory Viewpoint,2023,2023.csv
From Discrete Tokens to High-Fidelity Audio Using Multi-Band Diffusion,2023,2023.csv
On the Robustness of Mechanism Design under Total Variation Distance,2023,2023.csv
A generative model of the hippocampal formation trained with theta driven local learning rules,2023,2023.csv
Risk-Averse Model Uncertainty for Distributionally Robust Safe Reinforcement Learning,2023,2023.csv
Optimal approximation using complex-valued neural networks,2023,2023.csv
Uniform-in-Time Wasserstein Stability Bounds for (Noisy) Stochastic Gradient Descent,2023,2023.csv
Bounce: Reliable High-Dimensional Bayesian Optimization for Combinatorial and Mixed Spaces,2023,2023.csv
Stochastic Distributed Optimization under Average Second-order Similarity: Algorithms and Analysis,2023,2023.csv
PolyDiffuse: Polygonal Shape Reconstruction via Guided Set Diffusion Models,2023,2023.csv
Compression with Bayesian Implicit Neural Representations,2023,2023.csv
Towards Unbounded Machine Unlearning,2023,2023.csv
Identification of Nonlinear Latent Hierarchical Models,2023,2023.csv
Optimistic Rates for Multi-Task Representation Learning,2023,2023.csv
The Distortion of Binomial Voting Defies Expectation,2023,2023.csv
The Benefits of Being Distributional: Small-Loss Bounds for Reinforcement Learning,2023,2023.csv
"Patch n’ Pack: NaViT, a Vision Transformer for any Aspect Ratio and Resolution",2023,2023.csv
Honesty Is the Best Policy: Defining and Mitigating AI Deception,2023,2023.csv
Exact Bayesian Inference on Discrete Models via Probability Generating Functions: A Probabilistic Programming Approach,2023,2023.csv
Double Gumbel Q-Learning,2023,2023.csv
Mutual-Information Regularized Multi-Agent Policy Iteration,2023,2023.csv
Parts of Speech–Grounded Subspaces in Vision-Language Models,2023,2023.csv
Searching for Optimal Per-Coordinate Step-sizes with Multidimensional Backtracking,2023,2023.csv
Estimating the Rate-Distortion Function by Wasserstein Gradient Descent,2023,2023.csv
Computing Optimal Equilibria and Mechanisms via Learning in Zero-Sum Extensive-Form Games,2023,2023.csv
HotBEV: Hardware-oriented Transformer-based Multi-View 3D Detector for BEV Perception,2023,2023.csv
Epistemic Neural Networks,2023,2023.csv
Consistent Aggregation of Objectives with Diverse Time Preferences Requires Non-Markovian Rewards,2023,2023.csv
Diffusion-Based Adversarial Sample Generation for Improved Stealthiness and Controllability,2023,2023.csv
Neural Lyapunov Control for Discrete-Time Systems,2023,2023.csv
Information Maximization Perspective of Orthogonal Matching Pursuit with Applications to Explainable AI,2023,2023.csv
Bayesian Optimization with Cost-varying Variable Subsets,2023,2023.csv
Evolving Connectivity for Recurrent Spiking Neural Networks,2023,2023.csv
Transformed Low-Rank Parameterization Can Help Robust Generalization for Tensor Neural Networks,2023,2023.csv
GraphMP: Graph Neural Network-based Motion Planning with Efficient Graph Search,2023,2023.csv
SOAR: Improved Indexing for Approximate Nearest Neighbor Search,2023,2023.csv
Finding Counterfactually Optimal Action Sequences in Continuous State Spaces,2023,2023.csv
Reusing Pretrained Models by Multi-linear Operators for Efficient Training,2023,2023.csv
Tartarus: A Benchmarking Platform for Realistic And Practical Inverse Molecular Design,2023,2023.csv
DreamSparse: Escaping from Plato’s Cave with 2D Diffusion Model Given Sparse Views,2023,2023.csv
Sample Complexity Bounds for Score-Matching: Causal Discovery and Generative Modeling,2023,2023.csv
Winner-Take-All Column Row Sampling for Memory Efficient Adaptation of Language Model,2023,2023.csv
"Zeroth-Order Methods for Nondifferentiable, Nonconvex, and Hierarchical Federated Optimization",2023,2023.csv
Optimistic Natural Policy Gradient: a Simple Efficient Policy Optimization Framework  for Online RL,2023,2023.csv
Resolving the Tug-of-War: A Separation of Communication and Learning in Federated Learning,2023,2023.csv
A Computationally Efficient Sparsified Online Newton Method,2023,2023.csv
ConRad: Image Constrained Radiance Fields for 3D Generation from a Single Image,2023,2023.csv
SparseProp: Efficient Event-Based Simulation and Training of Sparse Recurrent Spiking Neural Networks,2023,2023.csv
DIFUSCO: Graph-based Diffusion Solvers for Combinatorial Optimization,2023,2023.csv
Online Clustering of Bandits with Misspecified User Models,2023,2023.csv
Temporal Conditioning Spiking Latent Variable Models of the Neural Response to Natural Visual Scenes,2023,2023.csv
Double Auctions with Two-sided Bandit Feedback,2023,2023.csv
Enhancing Robot Program Synthesis Through Environmental Context,2023,2023.csv
Bayesian Learning of Optimal Policies in Markov Decision Processes with Countably Infinite State-Space,2023,2023.csv
AI for Interpretable Chemistry: Predicting Radical Mechanistic Pathways via Contrastive Learning,2023,2023.csv
Randomized Sparse Neural Galerkin Schemes for Solving Evolution Equations with Deep Networks,2023,2023.csv
"Optimality in Mean Estimation: Beyond Worst-Case, Beyond Sub-Gaussian, and Beyond $1+\alpha$ Moments",2023,2023.csv
SQ Lower Bounds for Non-Gaussian Component Analysis with Weaker Assumptions,2023,2023.csv
Efficient Equivariant Transfer Learning from Pretrained Models,2023,2023.csv
Kernelized Reinforcement Learning with Order Optimal Regret Bounds,2023,2023.csv
Moral Responsibility for AI Systems,2023,2023.csv
Finite-Time Logarithmic Bayes Regret Upper Bounds,2023,2023.csv
Frequency-Enhanced Data Augmentation for Vision-and-Language Navigation,2023,2023.csv
Parallel Sampling of Diffusion Models,2023,2023.csv
Fractal Landscapes in Policy Optimization,2023,2023.csv
QuIP: 2-Bit Quantization of Large Language Models With Guarantees,2023,2023.csv
Exploiting Correlated Auxiliary Feedback in Parameterized Bandits,2023,2023.csv
Multi-modal Queried Object Detection in the Wild,2023,2023.csv
$H$-Consistency Bounds: Characterization and Extensions,2023,2023.csv
Direction-oriented Multi-objective Learning: Simple and Provable Stochastic Algorithms,2023,2023.csv
Building Socio-culturally Inclusive Stereotype Resources with Community Engagement,2023,2023.csv
DreamWaltz: Make a Scene with Complex 3D Animatable Avatars,2023,2023.csv
Counting Distinct Elements in the Turnstile Model with Differential Privacy under Continual Observation,2023,2023.csv
Where2Explore: Few-shot Affordance Learning for Unseen Novel Categories of Articulated Objects,2023,2023.csv
Demystifying Softmax Gating Function in Gaussian Mixture of Experts,2023,2023.csv
Hybrid Policy Optimization from Imperfect Demonstrations,2023,2023.csv
What is Flagged in Uncertainty Quantification?  Latent Density Models for Uncertainty Categorization,2023,2023.csv
A Theoretical Analysis of the Test Error of Finite-Rank Kernel Ridge Regression,2023,2023.csv
Learning Invariant Representations with a Nonparametric Nadaraya-Watson Head,2023,2023.csv
HeadSculpt: Crafting 3D Head Avatars with Text,2023,2023.csv
Conformalized matrix completion,2023,2023.csv
Variational Weighting for Kernel Density Ratios,2023,2023.csv
Adversarial Examples Exist in Two-Layer ReLU Networks for Low Dimensional Linear Subspaces,2023,2023.csv
Complexity of Derivative-Free Policy Optimization for Structured $\mathcal{H}_\infty$ Control,2023,2023.csv
Meet in the Middle: A New Pre-training Paradigm,2023,2023.csv
Score-based Source Separation with Applications to Digital Communication Signals,2023,2023.csv
Adversarially Robust Learning with Uncertain Perturbation Sets,2023,2023.csv
Keep Various Trajectories: Promoting Exploration of Ensemble Policies in Continuous Control,2023,2023.csv
On the Exploration of Local Significant Differences For Two-Sample Test,2023,2023.csv
ReSync: Riemannian Subgradient-based Robust Rotation Synchronization,2023,2023.csv
Optimal Transport for Treatment Effect Estimation,2023,2023.csv
Non-Smooth Weakly-Convex Finite-sum Coupled Compositional Optimization,2023,2023.csv
Cause-Effect Inference in Location-Scale Noise Models: Maximum Likelihood vs. Independence Testing,2023,2023.csv
"M3Exam: A Multilingual, Multimodal, Multilevel Benchmark for Examining Large Language Models",2023,2023.csv
Non-autoregressive Machine Translation with Probabilistic Context-free Grammar,2023,2023.csv
Constrained Policy Optimization with Explicit Behavior Density For Offline Reinforcement Learning,2023,2023.csv
Formalizing locality for normative synaptic plasticity models,2023,2023.csv
Normalization-Equivariant Neural Networks with Application to Image Denoising,2023,2023.csv
Budgeting Counterfactual for Offline RL,2023,2023.csv
Exact Verification of ReLU Neural Control Barrier Functions,2023,2023.csv
Federated Conditional Stochastic Optimization,2023,2023.csv
Contextually Affinitive Neighborhood Refinery for Deep Clustering,2023,2023.csv
Differentiable Blocks World: Qualitative 3D Decomposition by Rendering Primitives,2023,2023.csv
Learning Shared Safety Constraints from Multi-task Demonstrations,2023,2023.csv
Offline Reinforcement Learning for Mixture-of-Expert Dialogue Management,2023,2023.csv
On student-teacher deviations in distillation: does it pay to disobey?,2023,2023.csv
Structure-free Graph Condensation: From Large-scale Graphs to Condensed Graph-free Data,2023,2023.csv
Visual Programming for Step-by-Step Text-to-Image Generation and Evaluation,2023,2023.csv
Projection-Free Methods for Stochastic Simple Bilevel Optimization with Convex Lower-level Problem,2023,2023.csv
Memory-Constrained Algorithms for Convex Optimization,2023,2023.csv
On the Implicit Bias of Linear Equivariant Steerable Networks,2023,2023.csv
Nonparametric Boundary Geometry in Physics Informed Deep Learning,2023,2023.csv
Tracking Most Significant Shifts in Nonparametric Contextual Bandits,2023,2023.csv
Model-Based Control with Sparse Neural Dynamics,2023,2023.csv
AmadeusGPT: a natural language interface for interactive animal behavioral analysis,2023,2023.csv
Provably Efficient Algorithm for Nonstationary Low-Rank MDPs,2023,2023.csv
Time-uniform confidence bands for the CDF under nonstationarity,2023,2023.csv
Single-Pass Pivot Algorithm for Correlation Clustering. Keep it simple!,2023,2023.csv
SAME: Uncovering GNN Black Box with Structure-aware Shapley-based Multipiece Explanations,2023,2023.csv
SPACE: Single-round Participant Amalgamation for Contribution Evaluation in Federated Learning,2023,2023.csv
"Federated Learning with Client Subsampling, Data Heterogeneity, and Unbounded Smoothness: A New Algorithm and Lower Bounds",2023,2023.csv
Quantifying the Cost of Learning in Queueing Systems,2023,2023.csv
One-Line-of-Code Data Mollification Improves Optimization of Likelihood-based Generative Models,2023,2023.csv
FLSL: Feature-level Self-supervised Learning,2023,2023.csv
FeCAM: Exploiting the Heterogeneity of Class Distributions in Exemplar-Free Continual Learning,2023,2023.csv
Learning non-Markovian Decision-Making from State-only Sequences,2023,2023.csv
Data Market Design through Deep Learning,2023,2023.csv
When Visual Prompt Tuning Meets Source-Free Domain Adaptive Semantic Segmentation,2023,2023.csv
Benchmarking and Analyzing 3D-aware Image Synthesis with a Modularized Codebase,2023,2023.csv
RL-ViGen: A Reinforcement Learning Benchmark for Visual Generalization,2023,2023.csv
DoWG Unleashed: An Efficient Universal Parameter-Free Gradient Descent Method,2023,2023.csv
Multitask Learning with No Regret: from Improved Confidence Bounds to Active Learning,2023,2023.csv
Macro Placement by Wire-Mask-Guided Black-Box Optimization,2023,2023.csv
Posterior Sampling with Delayed Feedback for Reinforcement Learning with Linear Function Approximation,2023,2023.csv
Reconciling Competing Sampling Strategies of Network Embedding,2023,2023.csv
VanillaNet: the Power of Minimalism in Deep Learning,2023,2023.csv
Finite-Time Analysis of Single-Timescale Actor-Critic,2023,2023.csv
Probabilistic inverse optimal control for non-linear partially observable systems disentangles perceptual uncertainty and behavioral costs,2023,2023.csv
Entropy-based Training Methods for Scalable Neural Implicit Samplers,2023,2023.csv
Direct Diffusion Bridge using Data Consistency for Inverse Problems,2023,2023.csv
Private Distribution Learning with Public Data: The View from Sample Compression,2023,2023.csv
Learning Robust Statistics for Simulation-based Inference under Model Misspecification,2023,2023.csv
Block-State Transformers,2023,2023.csv
Explaining Predictive Uncertainty with Information Theoretic Shapley Values,2023,2023.csv
Fitting trees to $\ell_1$-hyperbolic distances,2023,2023.csv
CADet: Fully Self-Supervised Out-Of-Distribution Detection With Contrastive Learning,2023,2023.csv
PriorBand: Practical Hyperparameter Optimization in the Age of Deep Learning,2023,2023.csv
Towards Efficient Image Compression Without Autoregressive Models,2023,2023.csv
De novo Drug Design using Reinforcement Learning with Multiple GPT Agents,2023,2023.csv
Pointwise uncertainty quantification for sparse variational Gaussian process regression with a Brownian motion prior,2023,2023.csv
Balancing memorization and generalization in RNNs for high performance brain-machine Interfaces,2023,2023.csv
Saddle-to-Saddle Dynamics in Diagonal Linear Networks,2023,2023.csv
Generating Behaviorally Diverse Policies with Latent Diffusion Models,2023,2023.csv
Initialization-Dependent Sample Complexity of Linear Predictors and Neural Networks,2023,2023.csv
VideoComposer: Compositional Video Synthesis with Motion Controllability,2023,2023.csv
SNAP: Self-Supervised Neural Maps for Visual Positioning and Semantic Understanding,2023,2023.csv
Incentivizing Honesty among Competitors in Collaborative Learning and Optimization,2023,2023.csv
Nonparametric Teaching for Multiple Learners,2023,2023.csv
TopP&R: Robust Support Estimation Approach for Evaluating Fidelity and Diversity in Generative Models,2023,2023.csv
Non-Stationary Bandits with Auto-Regressive Temporal Dependency,2023,2023.csv
Globally solving the Gromov-Wasserstein problem for point clouds in low dimensional Euclidean spaces,2023,2023.csv
Combinatorial Optimization with Policy Adaptation using Latent Space Search,2023,2023.csv
Adversarial Resilience in Sequential Prediction via Abstention,2023,2023.csv
Accelerated Quasi-Newton Proximal Extragradient: Faster Rate for Smooth Convex Optimization,2023,2023.csv
Conditional Adapters: Parameter-efficient Transfer Learning with Fast Inference,2023,2023.csv
Temporally Disentangled Representation Learning under Unknown Nonstationarity,2023,2023.csv
Multiplication-Free Transformer Training via Piecewise Affine Operations,2023,2023.csv
A Unified Framework for Uniform Signal Recovery in Nonlinear Generative Compressed Sensing,2023,2023.csv
Tempo Adaptation in Non-stationary Reinforcement Learning,2023,2023.csv
Efficient Subgame Refinement for Extensive-form Games,2023,2023.csv
How Does Adaptive Optimization Impact Local Neural Network Geometry?,2023,2023.csv
ProlificDreamer: High-Fidelity and Diverse Text-to-3D Generation with Variational Score Distillation,2023,2023.csv
MCUFormer: Deploying Vision Tranformers on Microcontrollers with Limited Memory,2023,2023.csv
In-Context Learning Unlocked for Diffusion Models,2023,2023.csv
Towards Accelerated Model Training via Bayesian Data Selection,2023,2023.csv
Demographic Parity Constrained Minimax Optimal Regression under Linear Model,2023,2023.csv
Minimum norm interpolation by perceptra: Explicit regularization and implicit bias,2023,2023.csv
Gradient Informed Proximal Policy Optimization,2023,2023.csv
Blockwise Parallel Transformers for Large Context Models,2023,2023.csv
Neural Combinatorial Optimization with Heavy Decoder: Toward Large Scale Generalization,2023,2023.csv
Topological Obstructions and How to Avoid Them,2023,2023.csv
The Double-Edged Sword of Implicit Bias: Generalization vs. Robustness in ReLU Networks,2023,2023.csv
PromptRestorer: A Prompting Image Restoration Method with Degradation Perception,2023,2023.csv
Bandit Task Assignment with Unknown Processing Time,2023,2023.csv
Beyond MLE: Convex Learning for Text Generation,2023,2023.csv
"Multimodal C4: An Open, Billion-scale Corpus of Images Interleaved with Text",2023,2023.csv
Adaptive Topological Feature via Persistent Homology: Filtration Learning for Point Clouds,2023,2023.csv
Learning Universal Policies via Text-Guided Video Generation,2023,2023.csv
Necessary and Sufficient Conditions for Optimal Decision Trees using Dynamic Programming,2023,2023.csv
Faster Query Times for Fully Dynamic $k$-Center Clustering with Outliers,2023,2023.csv
Natural Language Instruction-following with Task-related Language Development and Translation,2023,2023.csv
Convergence of Actor-Critic with Multi-Layer Neural Networks,2023,2023.csv
Percentile Criterion Optimization in Offline Reinforcement Learning,2023,2023.csv
"Inconsistency, Instability, and Generalization Gap of Deep Neural Network Training",2023,2023.csv
Neural approximation of Wasserstein distance via a universal architecture for symmetric and factorwise group invariant functions,2023,2023.csv
What Do Deep Saliency Models Learn about Visual Attention?,2023,2023.csv
Visual Instruction Inversion: Image Editing via Image Prompting,2023,2023.csv
Federated Compositional Deep AUC Maximization,2023,2023.csv
Dynamics of Finite Width Kernel and Prediction Fluctuations in Mean Field Neural Networks,2023,2023.csv
TART: A plug-and-play Transformer module for task-agnostic reasoning,2023,2023.csv
Semantic HELM: A Human-Readable Memory for Reinforcement Learning,2023,2023.csv
Empowering Convolutional Neural Nets with MetaSin Activation,2023,2023.csv
Combining Behaviors with the Successor Features Keyboard,2023,2023.csv
Boosting Verification of Deep Reinforcement Learning via Piece-Wise Linear Decision Neural Networks,2023,2023.csv
Star-Shaped Denoising Diffusion Probabilistic Models,2023,2023.csv
An Adaptive Algorithm for Learning with Unknown Distribution Drift,2023,2023.csv
EMMA-X: An EM-like Multilingual Pre-training Algorithm for Cross-lingual Representation Learning,2023,2023.csv
On Single-Index Models beyond Gaussian Data,2023,2023.csv
LD2: Scalable Heterophilous Graph Neural Network with Decoupled Embeddings,2023,2023.csv
Graph Denoising Diffusion for Inverse Protein Folding,2023,2023.csv
Active Vision Reinforcement Learning under Limited Visual Observability,2023,2023.csv
Gradient Flossing: Improving Gradient Descent through Dynamic Control of Jacobians,2023,2023.csv
Bandit Social Learning under Myopic Behavior,2023,2023.csv
How to Data in Datathons,2023,2023.csv
Fast Rank-1 Lattice Targeted Sampling for Black-box Optimization,2023,2023.csv
Online learning of long-range dependencies,2023,2023.csv
DreamHuman: Animatable 3D Avatars from Text,2023,2023.csv
No-Regret Learning in Dynamic Competition with Reference Effects Under Logit Demand,2023,2023.csv
Evaluating and Inducing Personality in Pre-trained Language Models,2023,2023.csv
On Measuring Fairness in Generative Models,2023,2023.csv
IMPRESS: Evaluating the Resilience of Imperceptible Perturbations Against Unauthorized Data Usage in Diffusion-Based  Generative AI,2023,2023.csv
Robust Contrastive Language-Image Pretraining against Data Poisoning and Backdoor Attacks,2023,2023.csv
Block-Coordinate Methods and Restarting for Solving Extensive-Form Games,2023,2023.csv
MetaBox: A Benchmark Platform for Meta-Black-Box Optimization with Reinforcement Learning,2023,2023.csv
Improving Adversarial Robustness via Information Bottleneck Distillation,2023,2023.csv
Provable Guarantees for Nonlinear Feature Learning in Three-Layer Neural Networks,2023,2023.csv
Lockdown: Backdoor Defense for Federated Learning  with Isolated Subspace Training,2023,2023.csv
Robust Lipschitz Bandits to Adversarial Corruptions,2023,2023.csv
Predicting Global Label Relationship Matrix for Graph Neural Networks under Heterophily,2023,2023.csv
Bayesian target optimisation for high-precision holographic optogenetics,2023,2023.csv
What Knowledge Gets Distilled in Knowledge Distillation?,2023,2023.csv
Kernelized Cumulants: Beyond Kernel Mean Embeddings,2023,2023.csv
Uni-ControlNet: All-in-One Control to Text-to-Image Diffusion Models,2023,2023.csv
Horospherical Decision Boundaries for Large Margin Classification in Hyperbolic Space,2023,2023.csv
Non-adversarial training of Neural SDEs with signature kernel scores,2023,2023.csv
Hypernetwork-based Meta-Learning for Low-Rank Physics-Informed Neural Networks,2023,2023.csv
Solving a Class of Non-Convex  Minimax Optimization in Federated Learning,2023,2023.csv
Contextual Bandits and Imitation Learning with Preference-Based Active Queries,2023,2023.csv
Localized Symbolic Knowledge Distillation for Visual Commonsense Models,2023,2023.csv
Are GATs Out of Balance?,2023,2023.csv
SHAP-IQ: Unified Approximation of any-order Shapley Interactions,2023,2023.csv
Fast Asymptotically Optimal Algorithms for Non-Parametric Stochastic Bandits,2023,2023.csv
Low Tensor Rank Learning of Neural Dynamics,2023,2023.csv
2Direction: Theoretically Faster Distributed Training with Bidirectional Communication Compression,2023,2023.csv
What functions can Graph Neural Networks compute on random graphs? The role of Positional Encoding,2023,2023.csv
Tree of Thoughts: Deliberate Problem Solving with Large Language Models,2023,2023.csv
Learning to Reason and Memorize with Self-Notes,2023,2023.csv
On the Learnability of Multilabel Ranking,2023,2023.csv
Debiasing Scores and Prompts of 2D Diffusion for View-consistent Text-to-3D Generation,2023,2023.csv
Let the Flows Tell:  Solving Graph Combinatorial Problems with GFlowNets,2023,2023.csv
Counterfactually Fair Representation,2023,2023.csv
f-Policy Gradients: A General Framework for Goal-Conditioned RL using f-Divergences,2023,2023.csv
Truncating Trajectories in Monte Carlo Policy Evaluation: an Adaptive Approach,2023,2023.csv
Eliciting User Preferences for Personalized Multi-Objective Decision Making through Comparative Feedback,2023,2023.csv
Deep Recurrent Optimal Stopping,2023,2023.csv
A Partially-Supervised Reinforcement Learning Framework for Visual Active Search,2023,2023.csv
Distributed Inference and Fine-tuning of Large Language Models Over The Internet,2023,2023.csv
Bridging Discrete and Backpropagation: Straight-Through and Beyond,2023,2023.csv
"Contrast, Attend and Diffuse to Decode High-Resolution Images from Brain Activities",2023,2023.csv
Diffusion with Forward Models: Solving Stochastic Inverse Problems Without Direct Supervision,2023,2023.csv
Computational Guarantees for Doubly Entropic Wasserstein Barycenters,2023,2023.csv
Protein Design with Guided Discrete Diffusion,2023,2023.csv
Disentangled Counterfactual Learning for Physical Audiovisual Commonsense Reasoning,2023,2023.csv
Tanh Works Better with Asymmetry,2023,2023.csv
Constraint-Conditioned Policy Optimization for Versatile Safe Reinforcement Learning,2023,2023.csv
Face Reconstruction from Facial Templates by Learning Latent Space of a Generator Network,2023,2023.csv
Weitzman's Rule for Pandora's Box with Correlations,2023,2023.csv
A Long $N$-step Surrogate Stage Reward for Deep Reinforcement Learning,2023,2023.csv
Scale-Space Hypernetworks for Efficient Biomedical Image Analysis,2023,2023.csv
Compositional Sculpting of Iterative Generative Processes,2023,2023.csv
Offline Minimax Soft-Q-learning Under Realizability and Partial Coverage,2023,2023.csv
Smooth Flipping Probability for Differential Private Sign Random Projection Methods,2023,2023.csv
Restless Bandits with Average Reward: Breaking the Uniform Global Attractor Assumption,2023,2023.csv
Idempotent Learned Image Compression with Right-Inverse,2023,2023.csv
A Simple Yet Effective Strategy to Robustify the Meta Learning Paradigm,2023,2023.csv
Stabilized Neural Differential Equations for Learning Dynamics with Explicit Constraints,2023,2023.csv
On the Importance of Exploration for Generalization in Reinforcement Learning,2023,2023.csv
Uniform Convergence with Square-Root Lipschitz Loss,2023,2023.csv
A Fractional Graph Laplacian Approach to Oversmoothing,2023,2023.csv
On Proper Learnability between Average- and Worst-case Robustness,2023,2023.csv
On the Convergence and Sample Complexity Analysis of Deep Q-Networks with $\epsilon$-Greedy Exploration,2023,2023.csv
Joint Data-Task Generation for Auxiliary Learning,2023,2023.csv
Human-like Few-Shot Learning via Bayesian Reasoning over Natural Language,2023,2023.csv
CSLP-AE: A Contrastive Split-Latent Permutation Autoencoder Framework for Zero-Shot Electroencephalography Signal Conversion,2023,2023.csv
Delegated Classification,2023,2023.csv
Distributional Policy Evaluation: a Maximum Entropy approach to Representation Learning,2023,2023.csv
Doubly Constrained Fair Clustering,2023,2023.csv
PTQD: Accurate Post-Training Quantization for Diffusion Models,2023,2023.csv
Towards Characterizing the First-order Query Complexity of Learning (Approximate) Nash Equilibria in Zero-sum Matrix Games,2023,2023.csv
Fast Conditional Mixing of MCMC Algorithms for Non-log-concave Distributions,2023,2023.csv
How to Select Which Active Learning Strategy is Best Suited for Your Specific Problem and Budget,2023,2023.csv
A Unified Solution for Privacy and Communication Efficiency in Vertical Federated Learning,2023,2023.csv
Optimization and Bayes: A Trade-off for Overparameterized Neural Networks,2023,2023.csv
Understanding Social Reasoning in Language Models with Language Models,2023,2023.csv
Flexible Attention-Based Multi-Policy Fusion for Efficient Deep Reinforcement Learning,2023,2023.csv
Joint Training of Deep Ensembles Fails Due to Learner Collusion,2023,2023.csv
Policy Optimization for Continuous Reinforcement Learning,2023,2023.csv
PrimDiffusion: Volumetric Primitives Diffusion for 3D Human Generation,2023,2023.csv
Model Spider: Learning to Rank Pre-Trained Models Efficiently,2023,2023.csv
Investigating how ReLU-networks encode symmetries,2023,2023.csv
A Closer Look at the Robustness of Contrastive Language-Image Pre-Training (CLIP),2023,2023.csv
Optimal and Fair Encouragement Policy Evaluation and Learning,2023,2023.csv
Improving the Privacy and Practicality of Objective Perturbation for Differentially Private Linear Learners,2023,2023.csv
DSR: Dynamical Surface Representation as Implicit Neural Networks for Protein,2023,2023.csv
A Theory of Transfer-Based Black-Box Attacks: Explanation and Implications,2023,2023.csv
StEik: Stabilizing the Optimization of Neural Signed Distance Functions and Finer Shape Representation,2023,2023.csv
Voicebox: Text-Guided Multilingual Universal Speech Generation at Scale,2023,2023.csv
Optimizing Solution-Samplers for Combinatorial Problems: The Landscape of Policy-Gradient Method,2023,2023.csv
A Neural Collapse Perspective on Feature Evolution in Graph Neural Networks,2023,2023.csv
FouriDown: Factoring Down-Sampling into Shuffling and Superposing,2023,2023.csv
SoTTA: Robust Test-Time Adaptation on Noisy Data Streams,2023,2023.csv
Participatory Personalization in Classification,2023,2023.csv
ResoNet: Noise-Trained Physics-Informed MRI Off-Resonance Correction,2023,2023.csv
Improved Frequency Estimation Algorithms with and without Predictions,2023,2023.csv
Two-Stage Predict+Optimize for MILPs with Unknown Parameters in Constraints,2023,2023.csv
ARTree: A Deep Autoregressive Model for Phylogenetic Inference,2023,2023.csv
A One-Size-Fits-All Approach to Improving Randomness in Paper Assignment,2023,2023.csv
Loss Dynamics of Temporal Difference Reinforcement Learning,2023,2023.csv
Exact Generalization Guarantees for (Regularized) Wasserstein Distributionally Robust Models,2023,2023.csv
Agnostically Learning Single-Index Models using Omnipredictors,2023,2023.csv
Supply-Side Equilibria in Recommender Systems,2023,2023.csv
Gaussian Differential Privacy on Riemannian Manifolds,2023,2023.csv
On skip connections and normalisation layers in deep optimisation,2023,2023.csv
Transformer as a hippocampal memory consolidation model based on NMDAR-inspired nonlinearity,2023,2023.csv
AdaVAE: Bayesian Structural Adaptation for Variational Autoencoders,2023,2023.csv
Safety Verification of Decision-Tree Policies in Continuous Time,2023,2023.csv
Quasi-Monte Carlo Graph Random Features,2023,2023.csv
Functional Renyi Differential Privacy for Generative Modeling,2023,2023.csv
Persuading Farsighted Receivers in MDPs: the Power of Honesty,2023,2023.csv
When are ensembles really effective?,2023,2023.csv
Few-Shot Class-Incremental Learning via Training-Free Prototype Calibration,2023,2023.csv
Replicable Reinforcement Learning,2023,2023.csv
Alleviating the Semantic Gap for Generalized fMRI-to-Image Reconstruction,2023,2023.csv
Make Pre-trained Model Reversible: From Parameter to Memory Efficient Fine-Tuning,2023,2023.csv
Softmax Output Approximation for Activation Memory-Efficient Training of Attention-based Networks,2023,2023.csv
Design from Policies: Conservative Test-Time Adaptation for Offline Policy Optimization,2023,2023.csv
Lightweight Vision Transformer with Bidirectional Interaction,2023,2023.csv
Modeling Dynamics over Meshes with Gauge Equivariant Nonlinear Message Passing,2023,2023.csv
Multimodal Deep Learning Model Unveils Behavioral Dynamics of V1 Activity in Freely Moving Mice,2023,2023.csv
Goal-conditioned Offline Planning from Curious Exploration,2023,2023.csv
Rethinking the Role of Token Retrieval in Multi-Vector Retrieval,2023,2023.csv
Optimal Exploration for Model-Based RL in Nonlinear Systems,2023,2023.csv
ELDEN: Exploration via Local Dependencies,2023,2023.csv
Maximization of Average Precision for Deep Learning with Adversarial Ranking Robustness,2023,2023.csv
DynaDojo: An Extensible Platform for Benchmarking Scaling in Dynamical System Identification,2023,2023.csv
"Convergence of mean-field Langevin dynamics: time-space discretization, stochastic gradient, and variance reduction",2023,2023.csv
Online Constrained Meta-Learning: Provable Guarantees for Generalization,2023,2023.csv
Distributional Pareto-Optimal Multi-Objective Reinforcement Learning,2023,2023.csv
Physics-Driven ML-Based Modelling for Correcting Inverse Estimation,2023,2023.csv
One-Pass Distribution Sketch for Measuring Data Heterogeneity in Federated Learning,2023,2023.csv
Parameter-efficient Tuning of Large-scale Multimodal Foundation Model,2023,2023.csv
"Balance, Imbalance, and Rebalance: Understanding Robust Overfitting from a Minimax Game Perspective",2023,2023.csv
Adaptive Privacy Composition for Accuracy-first Mechanisms,2023,2023.csv
Should I Stop or Should I Go: Early Stopping with Heterogeneous Populations,2023,2023.csv
Statistical Limits of Adaptive Linear Models: Low-Dimensional Estimation and Inference,2023,2023.csv
To Stay or Not to Stay in the Pre-train Basin: Insights on Ensembling in Transfer Learning,2023,2023.csv
Future-Dependent Value-Based Off-Policy Evaluation in POMDPs,2023,2023.csv
DiffSketcher: Text Guided Vector Sketch Synthesis through Latent Diffusion Models,2023,2023.csv
Optimal Regret Is Achievable with Bounded Approximate Inference Error: An Enhanced Bayesian Upper Confidence Bound Framework,2023,2023.csv
PlanE: Representation Learning over Planar Graphs,2023,2023.csv
Mix-of-Show: Decentralized Low-Rank Adaptation for Multi-Concept Customization of Diffusion Models,2023,2023.csv
Rank-DETR for High Quality Object Detection,2023,2023.csv
Towards Efficient Pre-Trained Language Model via Feature Correlation Distillation,2023,2023.csv
Simple and Asymmetric Graph Contrastive Learning without Augmentations,2023,2023.csv
Facilitating Graph Neural Networks with Random Walk on Simplicial Complexes,2023,2023.csv
Large-Scale Distributed Learning via Private On-Device LSH,2023,2023.csv
Koopman Kernel Regression,2023,2023.csv
Diffusion Self-Guidance for Controllable Image Generation,2023,2023.csv
Fast Optimal Locally Private Mean Estimation via Random Projections,2023,2023.csv
PRODIGY: Enabling In-context Learning Over Graphs,2023,2023.csv
Getting ViT in Shape: Scaling Laws for Compute-Optimal Model Design,2023,2023.csv
On the Convergence of No-Regret Learning Dynamics in Time-Varying Games,2023,2023.csv
Expressive Sign Equivariant Networks for Spectral Geometric Learning,2023,2023.csv
Strategic Data Sharing between Competitors,2023,2023.csv
An $\varepsilon$-Best-Arm Identification Algorithm for Fixed-Confidence and Beyond,2023,2023.csv
Accelerated Training via Incrementally Growing Neural Networks using Variance Transfer and Learning Rate Adaptation,2023,2023.csv
Simultaneous embedding of multiple attractor manifolds in a recurrent neural network using constrained gradient optimization,2023,2023.csv
Fast and Regret Optimal Best Arm Identification: Fundamental Limits and Low-Complexity Algorithms,2023,2023.csv
Best Arm Identification with Fixed Budget: A Large Deviation Perspective,2023,2023.csv
Full-Atom Protein Pocket Design via Iterative Refinement,2023,2023.csv
Robust Learning for Smoothed Online Convex Optimization with Feedback Delay,2023,2023.csv
Learning DAGs from Data with Few Root Causes,2023,2023.csv
Flow Matching for Scalable Simulation-Based Inference,2023,2023.csv
Scalarization for Multi-Task and Multi-Domain Learning at Scale,2023,2023.csv
Beyond Normal: On the Evaluation of Mutual Information Estimators,2023,2023.csv
Structured Semidefinite Programming for Recovering Structured Preconditioners,2023,2023.csv
Causal discovery from observational and interventional data across multiple environments,2023,2023.csv
FACE: Evaluating Natural Language Generation with Fourier Analysis of Cross-Entropy,2023,2023.csv
Laughing Hyena Distillery: Extracting Compact Recurrences From Convolutions,2023,2023.csv
Structure from Duplicates: Neural Inverse Graphics from a Pile of Objects,2023,2023.csv
Adversarial Examples Are Not Real Features,2023,2023.csv
Online Ad Allocation with Predictions,2023,2023.csv
Dynamic Non-monotone Submodular Maximization,2023,2023.csv
Implicit Convolutional Kernels for Steerable CNNs,2023,2023.csv
Learning in the Presence of Low-dimensional Structure: A Spiked Random Matrix Perspective,2023,2023.csv
Block Low-Rank Preconditioner with Shared Basis for Stochastic Optimization,2023,2023.csv
Efficient Neural Music Generation,2023,2023.csv
Crystal Structure Prediction by Joint Equivariant Diffusion,2023,2023.csv
Diffusion-TTA: Test-time Adaptation of Discriminative Models via Generative Feedback,2023,2023.csv
Optimal Guarantees for Algorithmic Reproducibility and Gradient Complexity in Convex Optimization,2023,2023.csv
Characterizing Out-of-Distribution Error via Optimal Transport,2023,2023.csv
Does Localization Inform Editing? Surprising Differences in Causality-Based Localization vs. Knowledge Editing in Language Models,2023,2023.csv
Multi-Objective Intrinsic Reward Learning for Conversational Recommender Systems,2023,2023.csv
The Geometry of Neural Nets' Parameter Spaces Under Reparametrization,2023,2023.csv
Predict-then-Calibrate: A New Perspective of Robust Contextual LP,2023,2023.csv
What Makes Good Examples for Visual In-Context Learning?,2023,2023.csv
"Incentives in Federated Learning: Equilibria, Dynamics, and Mechanisms for Welfare Maximization",2023,2023.csv
Parameterizing Context: Unleashing the Power of Parameter-Efficient Fine-Tuning and In-Context Tuning for Continual Table Semantic Parsing,2023,2023.csv
MKOR: Momentum-Enabled Kronecker-Factor-Based Optimizer Using Rank-1 Updates,2023,2023.csv
Global Optimality in Bivariate Gradient-based DAG Learning,2023,2023.csv
$S^3$: Increasing GPU Utilization during Generative Inference for Higher Throughput,2023,2023.csv
Energy-Based Sliced Wasserstein Distance,2023,2023.csv
Pengi: An Audio Language Model for Audio Tasks,2023,2023.csv
Unleashing the Power of Graph Data Augmentation on Covariate Distribution Shift,2023,2023.csv
Adaptive recurrent vision performs zero-shot computation scaling to unseen difficulty levels,2023,2023.csv
Alternation makes the adversary weaker in two-player games,2023,2023.csv
A Pseudo-Semantic Loss for Autoregressive Models with Logical Constraints,2023,2023.csv
Data Pruning via Moving-one-Sample-out,2023,2023.csv
Rubik's Cube: High-Order Channel Interactions with a Hierarchical Receptive Field,2023,2023.csv
Detection Based Part-level Articulated Object Reconstruction from Single RGBD Image,2023,2023.csv
Closing the Computational-Statistical Gap in Best Arm Identification for Combinatorial Semi-bandits,2023,2023.csv
Physics-Informed Bayesian Optimization of Variational Quantum Circuits,2023,2023.csv
Elastic Decision Transformer,2023,2023.csv
Learning Probabilistic Symmetrization for Architecture Agnostic Equivariance,2023,2023.csv
Asymptotically Optimal Quantile Pure Exploration for Infinite-Armed Bandits,2023,2023.csv
Distributionally Robust Linear Quadratic Control,2023,2023.csv
Fully Dynamic $k$-Clustering in $\tilde O(k)$ Update Time,2023,2023.csv
RS-Del: Edit Distance Robustness Certificates for Sequence Classifiers via Randomized Deletion,2023,2023.csv
Flow: Per-instance Personalized Federated Learning,2023,2023.csv
Matrix Compression via Randomized Low Rank and Low Precision Factorization,2023,2023.csv
Safety Gymnasium: A Unified Safe Reinforcement Learning Benchmark,2023,2023.csv
Have it your way: Individualized Privacy Assignment for DP-SGD,2023,2023.csv
Statistical Insights into HSIC in High Dimensions,2023,2023.csv
PUCA: Patch-Unshuffle and Channel Attention for Enhanced Self-Supervised Image Denoising,2023,2023.csv
Synthetic Combinations: A Causal Inference Framework for Combinatorial Interventions,2023,2023.csv
Projection Regret: Reducing Background Bias for Novelty Detection via Diffusion Models,2023,2023.csv
User-Level Differential Privacy With Few Examples Per User,2023,2023.csv
Learning to Compress Prompts with Gist Tokens,2023,2023.csv
A Heavy-Tailed Algebra for Probabilistic Programming,2023,2023.csv
Performance Bounds for Policy-Based Average Reward Reinforcement Learning Algorithms,2023,2023.csv
Locally Invariant Explanations: Towards Stable and Unidirectional Explanations through Local Invariant Learning,2023,2023.csv
Quantification of Uncertainty with Adversarial Models,2023,2023.csv
NeuroGF: A Neural Representation for Fast Geodesic Distance and Path Queries,2023,2023.csv
A Trichotomy for Transductive Online Learning,2023,2023.csv
Learning threshold neurons via edge of stability,2023,2023.csv
$k$-Means Clustering with Distance-Based Privacy,2023,2023.csv
First Order Stochastic Optimization with Oblivious Noise,2023,2023.csv
A Theory of Link Prediction via Relational Weisfeiler-Leman on Knowledge Graphs,2023,2023.csv
Bayes beats Cross Validation: Efficient and Accurate Ridge Regression via Expectation Maximization,2023,2023.csv
Sparse Modular Activation for Efficient Sequence Modeling,2023,2023.csv
Trust Region-Based Safe Distributional Reinforcement Learning for Multiple Constraints,2023,2023.csv
Two Heads are Better Than One: A Simple Exploration Framework for Efficient Multi-Agent Reinforcement Learning,2023,2023.csv
Cross-Scale MAE: A Tale of Multiscale Exploitation in Remote Sensing,2023,2023.csv
MotionGPT: Human Motion as a Foreign Language,2023,2023.csv
CS4ML: A general framework for active learning with arbitrary data based on Christoffel functions,2023,2023.csv
Model-Free Reinforcement Learning with the Decision-Estimation Coefficient,2023,2023.csv
FlowPG: Action-constrained Policy Gradient with Normalizing Flows,2023,2023.csv
Distributionally Robust Bayesian Optimization with $\varphi$-divergences,2023,2023.csv
Connected Superlevel Set in (Deep) Reinforcement Learning and its Application to Minimax Theorems,2023,2023.csv
Quantum Bayesian Optimization,2023,2023.csv
Guarantees for Self-Play in Multiplayer Games via Polymatrix Decomposability,2023,2023.csv
Interpretable Reward Redistribution in Reinforcement Learning: A Causal Approach,2023,2023.csv
VCC: Scaling Transformers to 128K Tokens or More by Prioritizing Important Tokens,2023,2023.csv
Generative Neural Fields by Mixtures of Neural Implicit Functions,2023,2023.csv
Nearest Neighbour with Bandit Feedback,2023,2023.csv
MAViL: Masked Audio-Video Learners,2023,2023.csv
VPGTrans: Transfer Visual Prompt Generator across LLMs,2023,2023.csv
Online Inventory Problems: Beyond the i.i.d. Setting with Online Convex Optimization,2023,2023.csv
On kernel-based statistical learning theory in the mean field limit,2023,2023.csv
Recovering Unbalanced Communities in the Stochastic Block Model with Application to Clustering with a Faulty Oracle,2023,2023.csv
Unexpected Improvements to Expected Improvement for Bayesian Optimization,2023,2023.csv
Transition-constant Normalization for Image Enhancement,2023,2023.csv
Calibrating “Cheap Signals” in Peer Review without a Prior,2023,2023.csv
SnapFusion: Text-to-Image Diffusion Model on Mobile Devices within Two Seconds,2023,2023.csv
Paxion: Patching Action Knowledge in Video-Language Foundation Models,2023,2023.csv
Spectral Evolution and Invariance in Linear-width Neural Networks,2023,2023.csv
The Goldilocks of Pragmatic Understanding: Fine-Tuning Strategy Matters for Implicature Resolution by LLMs,2023,2023.csv
Mind the spikes: Benign overfitting of kernels and neural networks in fixed dimension,2023,2023.csv
Slow and Weak Attractor Computation Embedded in Fast and Strong E-I Balanced Neural Dynamics,2023,2023.csv
Test-time Training for Matching-based Video Object Segmentation,2023,2023.csv
Exact Representation of Sparse Networks with Symmetric Nonnegative Embeddings,2023,2023.csv
Data-Centric Learning from Unlabeled Graphs with Diffusion Model,2023,2023.csv
Real-World Image Super-Resolution as Multi-Task Learning,2023,2023.csv
Wasserstein Gradient Flows for Optimizing Gaussian Mixture Policies,2023,2023.csv
Change point detection and inference in multivariate non-parametric models under mixing conditions,2023,2023.csv
Near-optimal learning with average Hölder smoothness,2023,2023.csv
Neural-Logic Human-Object Interaction Detection,2023,2023.csv
Inferring the Future by Imagining the Past,2023,2023.csv
The Grand Illusion: The Myth of Software Portability and Implications for ML Progress.,2023,2023.csv
Computing Optimal Nash Equilibria in Multiplayer Games,2023,2023.csv
RoboDepth: Robust Out-of-Distribution Depth Estimation under Corruptions,2023,2023.csv
SyncTREE: Fast Timing Analysis for Integrated Circuit Design through a Physics-informed Tree-based Graph Neural Network,2023,2023.csv
"Look Ma, No Hands! Agent-Environment Factorization of Egocentric Videos",2023,2023.csv
MoVie: Visual Model-Based Policy Adaptation for View Generalization,2023,2023.csv
Does Visual Pretraining Help End-to-End Reasoning?,2023,2023.csv
Newton–Cotes Graph Neural Networks: On the Time Evolution of Dynamic Systems,2023,2023.csv
Neuro-symbolic Learning Yielding Logical Constraints,2023,2023.csv
Exploiting Connections between Lipschitz Structures for Certifiably Robust Deep Equilibrium Models,2023,2023.csv
A Combinatorial Algorithm for Approximating the Optimal Transport in the Parallel and MPC Settings,2023,2023.csv
Nearly Optimal VC-Dimension and Pseudo-Dimension Bounds for Deep Neural Network Derivatives,2023,2023.csv
RegBN: Batch Normalization of Multimodal Data with Regularization,2023,2023.csv
Near-Optimal Bounds for Learning Gaussian Halfspaces with Random Classification Noise,2023,2023.csv
No-Regret Learning with Unbounded Losses: The Case of Logarithmic Pooling,2023,2023.csv
Scaling laws for language encoding models in fMRI,2023,2023.csv
Optimal Rates for Bandit Nonstochastic Control,2023,2023.csv
Taking the neural sampling code very seriously: A data-driven approach for evaluating generative models of the visual system,2023,2023.csv
On the Last-iterate Convergence in Time-varying Zero-sum Games: Extra Gradient Succeeds where Optimism Fails,2023,2023.csv
Learning the Efficient Frontier,2023,2023.csv
Relative Entropic Optimal Transport: a (Prior-aware) Matching Perspective to (Unbalanced) Classification,2023,2023.csv
Connecting Multi-modal Contrastive Representations,2023,2023.csv
Boosting Learning for LDPC Codes to Improve the Error-Floor Performance,2023,2023.csv
Learning Score-based Grasping Primitive for Human-assisting Dexterous Grasping,2023,2023.csv
"Maximize to Explore: One Objective Function Fusing Estimation, Planning, and Exploration",2023,2023.csv
Learning and Collusion in Multi-unit Auctions,2023,2023.csv
VeriX: Towards Verified Explainability of Deep Neural Networks,2023,2023.csv
SPRING: Studying Papers and Reasoning to play Games,2023,2023.csv
Compositional Foundation Models for Hierarchical Planning,2023,2023.csv
Diversified Outlier Exposure for Out-of-Distribution Detection via Informative Extrapolation,2023,2023.csv
Generalized test utilities for long-tail performance in extreme multi-label classification,2023,2023.csv
Convergence of Alternating Gradient Descent for Matrix Factorization,2023,2023.csv
Hybrid Search for Efficient Planning with Completeness Guarantees,2023,2023.csv
Attacks on Online Learners: a Teacher-Student Analysis,2023,2023.csv
Delayed Algorithms for Distributed Stochastic Weakly Convex Optimization,2023,2023.csv
Grounding Neural Inference with Satisfiability Modulo Theories,2023,2023.csv
D$^2$CSG: Unsupervised Learning of Compact CSG Trees with Dual Complements and Dropouts,2023,2023.csv
Iteratively Learn Diverse Strategies with State Distance Information,2023,2023.csv
Neural Fields with Hard Constraints of Arbitrary Differential Order,2023,2023.csv
Thinker: Learning to Plan and Act,2023,2023.csv
Explainable and Efficient Randomized Voting Rules,2023,2023.csv
Label Robust and Differentially Private Linear Regression: Computational and Statistical Efficiency,2023,2023.csv
Conformal PID Control for Time Series Prediction,2023,2023.csv
Dynamically Masked Discriminator for GANs,2023,2023.csv
Self-Supervised Learning of Representations for Space Generates Multi-Modular Grid Cells,2023,2023.csv
Construction of Hierarchical Neural Architecture Search Spaces based on Context-free Grammars,2023,2023.csv
Data-Informed Geometric Space Selection,2023,2023.csv
Prioritizing Samples in Reinforcement Learning with Reducible Loss,2023,2023.csv
Learning Large Graph Property Prediction via Graph Segment Training,2023,2023.csv
Online Nonstochastic Model-Free Reinforcement Learning,2023,2023.csv
Cascading Contextual Assortment Bandits,2023,2023.csv
Time-Reversed Dissipation Induces Duality Between Minimizing Gradient Norm and Function Value,2023,2023.csv
Open Visual Knowledge Extraction via Relation-Oriented Multimodality Model Prompting,2023,2023.csv
Reusable Slotwise Mechanisms,2023,2023.csv
Improved Bayesian Regret Bounds for Thompson Sampling in Reinforcement Learning,2023,2023.csv
Bottleneck Structure in Learned Features: Low-Dimension vs Regularity Tradeoff,2023,2023.csv
Noise-Adaptive Thompson Sampling for Linear Contextual Bandits,2023,2023.csv
Regularization properties of adversarially-trained linear regression,2023,2023.csv
A Toolkit for Reliable Benchmarking and Research in Multi-Objective Reinforcement Learning,2023,2023.csv
Complex-valued Neurons Can Learn More but Slower than Real-valued Neurons via Gradient Descent,2023,2023.csv
Separable Physics-Informed Neural Networks,2023,2023.csv
SwiftSage: A Generative Agent with Fast and Slow Thinking for Complex Interactive Tasks,2023,2023.csv
Gradient-Free Kernel Stein Discrepancy,2023,2023.csv
ConDaFormer: Disassembled Transformer with Local Structure Enhancement for 3D Point Cloud Understanding,2023,2023.csv
Variational Monte Carlo on a Budget — Fine-tuning pre-trained Neural Wavefunctions,2023,2023.csv
Near Optimal Reconstruction of Spherical Harmonic Expansions,2023,2023.csv
Lexinvariant Language Models,2023,2023.csv
Bayesian Extensive-Rank Matrix Factorization with Rotational Invariant Priors,2023,2023.csv
Optimal Transport Model Distributional Robustness,2023,2023.csv
Learning Efficient Coding of Natural Images with Maximum Manifold Capacity Representations,2023,2023.csv
Single-Stage Visual Query Localization in Egocentric Videos,2023,2023.csv
Generalizing Importance Weighting to A Universal Solver for Distribution Shift Problems,2023,2023.csv
Improved Convergence in High Probability of Clipped Gradient Methods with Heavy Tailed Noise,2023,2023.csv
Refining Diffusion Planner for Reliable Behavior Synthesis by Automatic Detection of Infeasible Plans,2023,2023.csv
Generate What You Prefer: Reshaping Sequential Recommendation via Guided Diffusion,2023,2023.csv
Conditional score-based diffusion models for Bayesian inference in infinite dimensions,2023,2023.csv
Provable Advantage of Curriculum Learning on Parity Targets with Mixed Inputs,2023,2023.csv
Optimal Excess Risk Bounds for Empirical Risk Minimization on $p$-Norm Linear Regression,2023,2023.csv
Failure-Aware Gaussian Process Optimization with Regret Bounds,2023,2023.csv
Efficient Adversarial Attacks on Online Multi-agent Reinforcement Learning,2023,2023.csv
Similarity-based cooperative equilibrium,2023,2023.csv
Preference-grounded Token-level Guidance for Language Model Fine-tuning,2023,2023.csv
Transformers learn through gradual rank increase,2023,2023.csv
A-NeSI: A Scalable Approximate Method for Probabilistic Neurosymbolic Inference,2023,2023.csv
Reconstructing the Mind's Eye: fMRI-to-Image with Contrastive Learning and Diffusion Priors,2023,2023.csv
Outlier-Robust Gromov-Wasserstein for Graph Data,2023,2023.csv
Retrieval-Augmented Multiple Instance Learning,2023,2023.csv
Cinematic Mindscapes: High-quality Video Reconstruction from Brain Activity,2023,2023.csv
Attention as Implicit Structural Inference,2023,2023.csv
Multi-task Graph Neural Architecture Search with Task-aware Collaboration and Curriculum,2023,2023.csv
The Impact of Positional Encoding on Length Generalization in Transformers,2023,2023.csv
Nearly Tight Bounds For Differentially Private Multiway Cut,2023,2023.csv
Permutation Equivariant Neural Functionals,2023,2023.csv
Integration-free Training for Spatio-temporal Multimodal Covariate Deep Kernel Point Processes,2023,2023.csv
Conditional Matrix Flows for Gaussian Graphical Models,2023,2023.csv
Additive Decoders for Latent Variables Identification and Cartesian-Product Extrapolation,2023,2023.csv
LANCE: Stress-testing Visual Models by Generating Language-guided Counterfactual Images,2023,2023.csv
Most Neural Networks Are Almost Learnable,2023,2023.csv
Refined Mechanism Design for Approximately Structured Priors via Active Regression,2023,2023.csv
Blocked Collaborative Bandits: Online Collaborative Filtering with Per-Item Budget Constraints,2023,2023.csv
Efficient Online Clustering with Moving Costs,2023,2023.csv
SEGA: Instructing Text-to-Image Models using Semantic Guidance,2023,2023.csv
Asynchronous Proportional Response Dynamics: Convergence in Markets with Adversarial Scheduling,2023,2023.csv
Intra-Modal Proxy Learning for Zero-Shot Visual Categorization with CLIP,2023,2023.csv
"The Simplicity Bias in Multi-Task RNNs: Shared Attractors, Reuse of Dynamics, and Geometric Representation",2023,2023.csv
"Optimize Planning Heuristics to Rank, not to Estimate Cost-to-Goal",2023,2023.csv
Goal-Conditioned Predictive Coding for Offline Reinforcement Learning,2023,2023.csv
Exposing Attention Glitches with Flip-Flop Language Modeling,2023,2023.csv
Information Design in Multi-Agent Reinforcement Learning,2023,2023.csv
Gaussian Mixture Solvers for Diffusion Models,2023,2023.csv
Provably Robust Temporal Difference Learning for Heavy-Tailed Rewards,2023,2023.csv
Trade-off Between Efficiency and Consistency for Removal-based Explanations,2023,2023.csv
QuACK: Accelerating Gradient-Based Quantum Optimization with Koopman Operator Learning,2023,2023.csv
Layer-Neighbor Sampling --- Defusing Neighborhood Explosion in GNNs,2023,2023.csv
No Train No Gain: Revisiting Efficient Training Algorithms For Transformer-based Language Models,2023,2023.csv
Adaptive Data Analysis in a Balanced Adversarial Model,2023,2023.csv
"Train Faster, Perform Better: Modular Adaptive Training in Over-Parameterized Models",2023,2023.csv
Rethinking Tokenizer and Decoder in Masked Graph Modeling for Molecules,2023,2023.csv
Calibration by Distribution Matching: Trainable Kernel Calibration Metrics,2023,2023.csv
Polynomially Over-Parameterized Convolutional Neural Networks Contain Structured Strong Winning Lottery Tickets,2023,2023.csv
Robustifying Generalizable Implicit Shape Networks with a Tunable Non-Parametric Model,2023,2023.csv
Every Parameter Matters: Ensuring the Convergence of Federated Learning with Dynamic Heterogeneous Models Reduction,2023,2023.csv
Small batch deep reinforcement learning,2023,2023.csv
A Unified Discretization Framework for Differential Equation Approach with Lyapunov Arguments for Convex Optimization,2023,2023.csv
Practical Sharpness-Aware Minimization Cannot Converge All the Way to Optima,2023,2023.csv
NeRF Revisited: Fixing Quadrature Instability in Volume Rendering,2023,2023.csv
Making Scalable Meta Learning Practical,2023,2023.csv
Online Convex Optimization with Unbounded Memory,2023,2023.csv
Dynamic Prompt Learning: Addressing Cross-Attention Leakage for Text-Based Image Editing,2023,2023.csv
SOC: Semantic-Assisted  Object Cluster for Referring Video Object Segmentation,2023,2023.csv
Strategic Classification under Unknown Personalized Manipulation,2023,2023.csv
On the Ability of Graph Neural Networks to Model Interactions Between Vertices,2023,2023.csv
Sorting with Predictions,2023,2023.csv
Posterior Sampling for Competitive RL: Function Approximation and Partial Observation,2023,2023.csv
Towards Test-Time Refusals via Concept Negation,2023,2023.csv
Likelihood Ratio Confidence Sets for Sequential Decision Making,2023,2023.csv
Uncertainty Quantification over Graph with Conformalized Graph Neural Networks,2023,2023.csv
VPP: Efficient Conditional 3D Generation via Voxel-Point Progressive Representation,2023,2023.csv
Multi Time Scale World Models,2023,2023.csv
How many samples are needed to leverage smoothness?,2023,2023.csv
Causal Imitability Under Context-Specific Independence Relations,2023,2023.csv
Bringing regularized optimal transport to lightspeed: a splitting method adapted for GPUs,2023,2023.csv
A Finite-Particle Convergence Rate for Stein Variational Gradient Descent,2023,2023.csv
Use perturbations when learning from explanations,2023,2023.csv
Contextual Gaussian Process Bandits with Neural Networks,2023,2023.csv
The Memory-Perturbation Equation: Understanding Model's Sensitivity to Data,2023,2023.csv
On Computing Pairwise Statistics with Local Differential Privacy,2023,2023.csv
Self-Predictive Universal AI,2023,2023.csv
Is Heterogeneity Notorious? Taming Heterogeneity to Handle Test-Time Shift in Federated Learning,2023,2023.csv
Addressing Negative Transfer in Diffusion Models,2023,2023.csv
The Clock and the Pizza: Two Stories in Mechanistic Explanation of Neural Networks,2023,2023.csv
Convergent Bregman Plug-and-Play Image Restoration for Poisson Inverse Problems,2023,2023.csv
SQ Lower Bounds for Learning Mixtures of Linear Classifiers,2023,2023.csv
Landscape Surrogate: Learning Decision Losses for Mathematical Optimization Under Partial Information,2023,2023.csv
Canonical normalizing flows for manifold learning,2023,2023.csv
A Single 2D Pose with Context is Worth Hundreds for 3D Human Pose Estimation,2023,2023.csv
"Paraphrasing evades detectors of AI-generated text, but retrieval is an effective defense",2023,2023.csv
Energy Transformer,2023,2023.csv
Theoretical and Practical Perspectives on what Influence Functions Do,2023,2023.csv
Training neural operators to preserve invariant measures of chaotic attractors,2023,2023.csv
D-CIPHER: Discovery of Closed-form Partial Differential Equations,2023,2023.csv
Certification of Distributional Individual Fairness,2023,2023.csv
Leveraging sparse and shared feature activations for disentangled representation learning,2023,2023.csv
A Unified Framework for U-Net Design and Analysis,2023,2023.csv
When is Agnostic Reinforcement Learning Statistically Tractable?,2023,2023.csv
Convolutional Visual Prompt for Robust Visual Perception,2023,2023.csv
Lending Interaction Wings to Recommender Systems with Conversational Agents,2023,2023.csv
High-Fidelity Audio Compression with Improved RVQGAN,2023,2023.csv
Scalable Transformer for PDE Surrogate Modeling,2023,2023.csv
Comparing Apples to Oranges: Learning Similarity Functions for Data Produced by Different Distributions,2023,2023.csv
Emergent and Predictable Memorization in Large Language Models,2023,2023.csv
Two Sides of The Same Coin: Bridging Deep Equilibrium Models and Neural ODEs via Homotopy Continuation,2023,2023.csv
What is the Inductive Bias of Flatness Regularization? A Study of Deep Matrix Factorization Models,2023,2023.csv
TransHP: Image Classification with Hierarchical Prompting,2023,2023.csv
Learning to Discover Skills through Guidance,2023,2023.csv
Counterfactually Comparing Abstaining Classifiers,2023,2023.csv
Polynomial-Time Linear-Swap Regret Minimization in Imperfect-Information Sequential Games,2023,2023.csv
Learning Layer-wise Equivariances Automatically using Gradients,2023,2023.csv
Byzantine-Tolerant Methods for Distributed Variational Inequalities,2023,2023.csv
Train 'n Trade: Foundations of Parameter Markets,2023,2023.csv
A Measure-Theoretic Axiomatisation of Causality,2023,2023.csv
Networks are Slacking Off: Understanding Generalization Problem in Image Deraining,2023,2023.csv
"Relax, it doesn’t matter how you get there: A new self-supervised approach for multi-timescale behavior analysis",2023,2023.csv
Architecture Matters: Uncovering Implicit Mechanisms in Graph Contrastive Learning,2023,2023.csv
On the Consistency of Maximum Likelihood Estimation of Probabilistic Principal Component Analysis,2023,2023.csv
"Lookaround Optimizer: $k$ steps around, 1 step average",2023,2023.csv
$\varepsilon$-fractional core stability in Hedonic Games.,2023,2023.csv
CAP:  Correlation-Aware Pruning for Highly-Accurate Sparse Vision Models,2023,2023.csv
Your representations are in the network: composable and parallel adaptation for large scale models,2023,2023.csv
Performance-optimized deep neural networks are evolving into worse models of inferotemporal visual cortex,2023,2023.csv
On Class Distributions Induced by Nearest Neighbor Graphs for Node Classification of Tabular Data,2023,2023.csv
Learning Energy-based Model via Dual-MCMC Teaching,2023,2023.csv
Variational Gaussian processes for linear inverse problems,2023,2023.csv
Self-Supervised Learning with Lie Symmetries for Partial Differential Equations,2023,2023.csv
Finite-Time Analysis of Whittle Index based Q-Learning for Restless Multi-Armed Bandits with Neural Network Function Approximation,2023,2023.csv
Efficient Beam Tree Recursion,2023,2023.csv
Adapting to Continuous Covariate Shift via Online Density Ratio Estimation,2023,2023.csv
Practical Equivariances via Relational Conditional Neural Processes,2023,2023.csv
FourierHandFlow: Neural 4D Hand Representation Using Fourier Query Flow,2023,2023.csv
Safe Exploration in Reinforcement Learning: A Generalized Formulation and Algorithms,2023,2023.csv
Mass-Producing Failures of Multimodal Systems with Language Models,2023,2023.csv
"(S)GD over Diagonal Linear Networks: Implicit bias, Large Stepsizes and Edge of Stability",2023,2023.csv
Optimal Preconditioning and Fisher Adaptive Langevin Sampling,2023,2023.csv
Complexity Matters: Rethinking the Latent Space for Generative Modeling,2023,2023.csv
Riemannian stochastic optimization methods avoid strict saddle points,2023,2023.csv
Toward Better PAC-Bayes Bounds for Uniformly Stable Algorithms,2023,2023.csv
Brain encoding models based on multimodal transformers can transfer across language and vision,2023,2023.csv
Online Pricing for Multi-User Multi-Item Markets,2023,2023.csv
Online (Multinomial) Logistic Bandit: Improved Regret and Constant Computation Cost,2023,2023.csv
Statistical Knowledge Assessment for Large Language Models,2023,2023.csv
Color Equivariant Convolutional Networks,2023,2023.csv
Feature Adaptation for Sparse Linear Regression,2023,2023.csv
Minimax Optimal Rate for Parameter Estimation in Multivariate Deviated Models,2023,2023.csv
Partial Matrix Completion,2023,2023.csv
BLIP-Diffusion: Pre-trained Subject Representation for Controllable Text-to-Image Generation and Editing,2023,2023.csv
SpecTr: Fast Speculative Decoding via Optimal Transport,2023,2023.csv
Implicit Bias of Gradient Descent for Two-layer ReLU and Leaky ReLU Networks on Nearly-orthogonal Data,2023,2023.csv
Proportional Response: Contextual Bandits for Simple and Cumulative Regret Minimization,2023,2023.csv
Higher-Order Uncoupled Dynamics Do Not Lead to Nash Equilibrium - Except When They Do,2023,2023.csv
Subject-driven Text-to-Image Generation via Apprenticeship Learning,2023,2023.csv
Large Language Models can Implement Policy Iteration,2023,2023.csv
ForkMerge: Mitigating Negative Transfer in Auxiliary-Task Learning,2023,2023.csv
Revisiting Adversarial Robustness Distillation from the Perspective of Robust Fairness,2023,2023.csv
Differentiable Sampling of Categorical Distributions Using the CatLog-Derivative Trick,2023,2023.csv
On Certified Generalization in Structured Prediction,2023,2023.csv
Fast Bellman Updates for Wasserstein Distributionally Robust MDPs,2023,2023.csv
Practical Contextual Bandits with Feedback Graphs,2023,2023.csv
Real-World Image Variation by Aligning Diffusion Inversion Chain,2023,2023.csv
Policy Optimization in a Noisy Neighborhood: On Return Landscapes in Continuous Control,2023,2023.csv
A Novel Framework for Policy Mirror Descent with General Parameterization and Linear Convergence,2023,2023.csv
Ordering-based Conditions for Global Convergence of Policy Gradient Methods,2023,2023.csv
Finding Order in Chaos: A Novel Data Augmentation Method for Time Series in Contrastive Learning,2023,2023.csv
List and Certificate Complexities in Replicable Learning,2023,2023.csv
Flat Seeking Bayesian Neural Networks,2023,2023.csv
Enhancing User Intent Capture in Session-Based Recommendation with Attribute Patterns,2023,2023.csv
Implicit Contrastive Representation Learning with Guided Stop-gradient,2023,2023.csv
Improved Best-of-Both-Worlds Guarantees for Multi-Armed Bandits: FTRL with General Regularizers and Multiple Optimal Arms,2023,2023.csv
LightSpeed: Light and Fast Neural Light Fields on Mobile Devices,2023,2023.csv
Riemannian Laplace approximations for Bayesian neural networks,2023,2023.csv
Contrastive Retrospection: honing in on critical steps for rapid learning and generalization in RL,2023,2023.csv
A Hierarchical Training Paradigm for Antibody Structure-sequence Co-design,2023,2023.csv
Differentiable Clustering with Perturbed Spanning Forests,2023,2023.csv
Logarithmic-Regret Quantum Learning Algorithms for Zero-Sum Games,2023,2023.csv
Three Towers: Flexible Contrastive Learning with Pretrained Image Models,2023,2023.csv
Practical and Asymptotically Exact Conditional Sampling in Diffusion Models,2023,2023.csv
Causal Interpretation of Self-Attention in Pre-Trained Transformers,2023,2023.csv
Stability of Random Forests and Coverage of Random-Forest Prediction Intervals,2023,2023.csv
Improving Language Plasticity via Pretraining with Active Forgetting,2023,2023.csv
Multi-Fidelity Multi-Armed Bandits Revisited,2023,2023.csv
Structured Voronoi Sampling,2023,2023.csv
Stability and Generalization of the Decentralized Stochastic Gradient Descent Ascent Algorithm,2023,2023.csv
Latent Field Discovery in Interacting Dynamical Systems with Neural Fields,2023,2023.csv
Hierarchical clustering with dot products recovers hidden tree structure,2023,2023.csv
Accelerating Reinforcement Learning with Value-Conditional State Entropy Exploration,2023,2023.csv
Learning World Models with Identifiable Factorization,2023,2023.csv
Online Map Vectorization for Autonomous Driving: A Rasterization Perspective,2023,2023.csv
NAP: Neural 3D Articulated Object Prior,2023,2023.csv
Compressed Video Prompt Tuning,2023,2023.csv
Sampling from Structured Log-Concave Distributions via a Soft-Threshold Dikin Walk,2023,2023.csv
Implicit Regularization in Over-Parameterized Support Vector Machine,2023,2023.csv
Large Language Models as Commonsense Knowledge for Large-Scale Task Planning,2023,2023.csv
Partial Counterfactual Identification of Continuous Outcomes with a Curvature Sensitivity Model,2023,2023.csv
Uncovering Meanings of Embeddings via Partial Orthogonality,2023,2023.csv
Training biologically plausible recurrent neural networks on cognitive tasks with long-term dependencies,2023,2023.csv
Non-stationary Experimental Design under Linear Trends,2023,2023.csv
Diffusion Probabilistic Models for Structured Node Classification,2023,2023.csv
NeuroEvoBench:  Benchmarking Evolutionary Optimizers for Deep Learning Applications,2023,2023.csv
PGDiff: Guiding Diffusion Models for Versatile Face Restoration via Partial Guidance,2023,2023.csv
CLIP-OGD: An Experimental Design for Adaptive Neyman Allocation in Sequential Experiments,2023,2023.csv
Sharp Spectral Rates for Koopman Operator Learning,2023,2023.csv
Masked Two-channel Decoupling Framework for Incomplete Multi-view Weak Multi-label Learning,2023,2023.csv
Embracing the chaos: analysis and diagnosis of numerical instability in variational flows,2023,2023.csv
Exponential Lower Bounds for Fictitious Play in Potential Games,2023,2023.csv
Cocktail: Mixing Multi-Modality Control for Text-Conditional Image Generation,2023,2023.csv
RePo: Resilient Model-Based Reinforcement Learning by Regularizing Posterior Predictability,2023,2023.csv
Energy Guided Diffusion for Generating Neurally Exciting Images,2023,2023.csv
An active learning framework for multi-group mean estimation,2023,2023.csv
Unbiased constrained sampling with Self-Concordant Barrier Hamiltonian Monte Carlo,2023,2023.csv
Continuous-time Analysis of Anchor Acceleration,2023,2023.csv
On the Power of SVD in the Stochastic Block Model,2023,2023.csv
Self-supervised Object-Centric Learning for Videos,2023,2023.csv
State Regularized Policy Optimization on Data with Dynamics Shift,2023,2023.csv
Improving Adversarial Transferability via Intermediate-level Perturbation Decay,2023,2023.csv
Distilling Out-of-Distribution Robustness from Vision-Language Foundation Models,2023,2023.csv
"SimFBO: Towards Simple, Flexible and Communication-efficient Federated Bilevel Learning",2023,2023.csv
PICProp: Physics-Informed Confidence Propagation for Uncertainty Quantification,2023,2023.csv
SOL: Sampling-based Optimal Linear bounding of arbitrary scalar functions,2023,2023.csv
On the Pareto Front of Multilingual Neural Machine Translation,2023,2023.csv
Hierarchically Gated Recurrent Neural Network for Sequence Modeling,2023,2023.csv
Online Corrupted User Detection and Regret Minimization,2023,2023.csv
Nash Regret Guarantees for Linear Bandits,2023,2023.csv
ShiftAddViT: Mixture of Multiplication Primitives Towards Efficient Vision Transformer,2023,2023.csv
Combinatorial Group Testing with Selfish Agents,2023,2023.csv
Optimal Extragradient-Based Algorithms for Stochastic Variational Inequalities with Separable Structure,2023,2023.csv
Rethinking Gauss-Newton for learning over-parameterized models,2023,2023.csv
GNNEvaluator: Evaluating GNN Performance On Unseen Graphs Without Labels,2023,2023.csv
Unsupervised Protein-Ligand Binding Energy Prediction via Neural Euler's Rotation Equation,2023,2023.csv
Kronecker-Factored Approximate Curvature for Modern Neural Network Architectures,2023,2023.csv
ProteinNPT: Improving Protein Property Prediction and Design with Non-Parametric Transformers,2023,2023.csv
Probabilistic Inference in Reinforcement Learning Done Right,2023,2023.csv
Beyond Geometry: Comparing the Temporal Structure of Computation in Neural Circuits with Dynamical Similarity Analysis,2023,2023.csv
A Randomized Approach to Tight Privacy Accounting,2023,2023.csv
VillanDiffusion: A Unified Backdoor Attack Framework for Diffusion Models,2023,2023.csv
An Information Theory Perspective on Variance-Invariance-Covariance Regularization,2023,2023.csv
Learning and processing the ordinal information of temporal sequences in recurrent neural circuits,2023,2023.csv
UNSSOR: Unsupervised Neural Speech Separation by Leveraging Over-determined Training Mixtures,2023,2023.csv
Characteristic Circuits,2023,2023.csv
Banana: Banach Fixed-Point Network for Pointcloud Segmentation with Inter-Part Equivariance,2023,2023.csv
"Describe, Explain, Plan and Select: Interactive Planning with LLMs Enables Open-World Multi-Task Agents",2023,2023.csv
Posterior Contraction Rates for Matérn Gaussian Processes on Riemannian Manifolds,2023,2023.csv
Partial Label Learning with Dissimilarity Propagation guided Candidate Label Shrinkage,2023,2023.csv
Learning To Dive In Branch And Bound,2023,2023.csv
Self-supervised Graph Neural Networks via Low-Rank Decomposition,2023,2023.csv
Intriguing Properties of Quantization at Scale,2023,2023.csv
Cookie Consent Has Disparate Impact on Estimation Accuracy,2023,2023.csv
NPCL: Neural Processes for Uncertainty-Aware Continual Learning,2023,2023.csv
Robust Mean Estimation Without Moments for Symmetric Distributions,2023,2023.csv
CL-NeRF: Continual Learning of Neural Radiance Fields for Evolving Scene Representation,2023,2023.csv
Generalised f-Mean Aggregation for Graph Neural Networks,2023,2023.csv
Certified Robustness via Dynamic Margin Maximization and Improved Lipschitz Regularization,2023,2023.csv
Unpaired Multi-Domain Causal Representation Learning,2023,2023.csv
Optimistic Exploration in Reinforcement Learning Using Symbolic Model Estimates,2023,2023.csv
Feature learning via mean-field Langevin dynamics: classifying sparse parities and beyond,2023,2023.csv
Functional-Group-Based Diffusion for Pocket-Specific Molecule Generation and Elaboration,2023,2023.csv
A Causal Framework for Decomposing Spurious Variations,2023,2023.csv
Uncovering motifs of concurrent signaling across multiple neuronal populations,2023,2023.csv
H2O: Heavy-Hitter Oracle for Efficient Generative Inference of Large Language Models,2023,2023.csv
Don't be so Monotone: Relaxing Stochastic Line Search in Over-Parameterized Models,2023,2023.csv
OFCOURSE: A Multi-Agent Reinforcement Learning Environment for Order Fulfillment,2023,2023.csv
On Private and Robust Bandits,2023,2023.csv
RiskQ: Risk-sensitive Multi-Agent Reinforcement Learning Value Factorization,2023,2023.csv
Learning Exponential Families from Truncated Samples,2023,2023.csv
XAGen: 3D Expressive Human Avatars Generation,2023,2023.csv
HIQL: Offline Goal-Conditioned RL with Latent States as Actions,2023,2023.csv
A Fast and Accurate Estimator for Large Scale Linear Model via Data Averaging,2023,2023.csv
Correlative Information Maximization: A Biologically Plausible Approach to Supervised Deep Neural Networks without Weight Symmetry,2023,2023.csv
Expressive probabilistic sampling in recurrent neural networks,2023,2023.csv
Stochastic Collapse: How Gradient Noise Attracts SGD Dynamics Towards Simpler Subnetworks,2023,2023.csv
Demystifying Oversmoothing in Attention-Based Graph Neural Networks,2023,2023.csv
Sample Complexity for Quadratic Bandits: Hessian Dependent Bounds and Optimal Algorithms,2023,2023.csv
Adaptive Algorithms for Relaxed Pareto Set Identification,2023,2023.csv
Training shallow ReLU networks on noisy data using hinge loss: when do we overfit and is it benign?,2023,2023.csv
PHOTOSWAP: Personalized Subject Swapping in Images,2023,2023.csv
Regret Minimization via Saddle Point Optimization,2023,2023.csv
On the Sublinear Regret of GP-UCB,2023,2023.csv
Quantum speedups for stochastic optimization,2023,2023.csv
Concept Algebra for (Score-Based) Text-Controlled Generative Models,2023,2023.csv
Fast Optimal Transport through Sliced Generalized Wasserstein Geodesics,2023,2023.csv
Aggregating Capacity in FL through Successive Layer Training for Computationally-Constrained Devices,2023,2023.csv
Meta-Learning Adversarial Bandit Algorithms,2023,2023.csv
Geometric Algebra Transformer,2023,2023.csv
Top-Ambiguity Samples Matter: Understanding Why Deep Ensemble Works in Selective Classification,2023,2023.csv
Extensible Prompts for Language Models on Zero-shot Language Style Customization,2023,2023.csv
MIMEx: Intrinsic Rewards from Masked Input Modeling,2023,2023.csv
Learning Mask-aware CLIP Representations for Zero-Shot Segmentation,2023,2023.csv
"Stochastic Multi-armed Bandits: Optimal Trade-off among Optimality, Consistency, and Tail Risk",2023,2023.csv
Understanding Multi-phase Optimization Dynamics and Rich Nonlinear Behaviors of ReLU Networks,2023,2023.csv
Gradient Descent with Linearly Correlated Noise: Theory and Applications to Differential Privacy,2023,2023.csv
A Framework for Fast and Stable Representations of Multiparameter Persistent Homology Decompositions,2023,2023.csv
Should We Learn Most Likely Functions or Parameters?,2023,2023.csv
Differentially Private Image Classification by Learning Priors from Random Processes,2023,2023.csv
Anonymous Learning via Look-Alike Clustering: A Precise Analysis of Model Generalization,2023,2023.csv
Sample Complexity of Forecast Aggregation,2023,2023.csv
Strategic Behavior in Two-sided Matching Markets with Prediction-enhanced Preference-formation,2023,2023.csv
Discriminative Calibration: Check Bayesian Computation from Simulations and Flexible Classifier,2023,2023.csv
Epidemic Learning: Boosting Decentralized Learning with Randomized Communication,2023,2023.csv
Global Identifiability of  $\ell_1$-based Dictionary Learning via Matrix Volume Optimization,2023,2023.csv
Training Fully Connected Neural Networks is $\exists\mathbb{R}$-Complete,2023,2023.csv
Efficient Symbolic Policy Learning with Differentiable Symbolic Expression,2023,2023.csv
"GLIME: General, Stable and Local LIME Explanation",2023,2023.csv
PAC-Bayesian Spectrally-Normalized Bounds for Adversarially Robust Generalization,2023,2023.csv
Deductive Verification of Chain-of-Thought Reasoning,2023,2023.csv
Uncoupled and Convergent Learning in Two-Player Zero-Sum Markov Games with Bandit Feedback,2023,2023.csv
Rigorous Runtime Analysis of MOEA/D for Solving Multi-Objective Minimum Weight Base Problems,2023,2023.csv
Causal de Finetti: On the Identification of Invariant Causal Structure in Exchangeable Data,2023,2023.csv
Implicit Transfer Operator Learning: Multiple Time-Resolution Models for Molecular Dynamics,2023,2023.csv
Scalable Primal-Dual Actor-Critic Method for Safe Multi-Agent RL with General Utilities,2023,2023.csv
Batch Bayesian Optimization For Replicable Experimental Design,2023,2023.csv
Contrastive Modules with Temporal Attention for Multi-Task Reinforcement Learning,2023,2023.csv
"When can Regression-Adjusted Control Variate Help? Rare Events, Sobolev Embedding and Minimax Optimality",2023,2023.csv
Sharp Calibrated Gaussian Processes,2023,2023.csv
The Learnability of In-Context Learning,2023,2023.csv
Decorate3D: Text-Driven High-Quality Texture Generation for Mesh Decoration in the Wild,2023,2023.csv
On the Relationship Between Relevance and Conflict in Online Social Link Recommendations,2023,2023.csv
Mobilizing Personalized Federated Learning in Infrastructure-Less and Heterogeneous Environments via Random Walk Stochastic ADMM,2023,2023.csv
Representational Strengths and Limitations of Transformers,2023,2023.csv
An Optimal Structured Zeroth-order Algorithm for Non-smooth Optimization,2023,2023.csv
Online Control for Meta-optimization,2023,2023.csv
On Slicing Optimality for Mutual Information,2023,2023.csv
Language Model Tokenizers Introduce Unfairness Between Languages,2023,2023.csv
Demystifying Structural Disparity in Graph Neural Networks: Can One Size Fit All?,2023,2023.csv
Greedy Poisson Rejection Sampling,2023,2023.csv
Deep Reinforcement Learning with Plasticity Injection,2023,2023.csv
Uncertainty Quantification via Neural Posterior Principal Components,2023,2023.csv
StreamNet: Memory-Efficient Streaming Tiny Deep Learning Inference on the Microcontroller,2023,2023.csv
SPA: A Graph Spectral Alignment Perspective for Domain Adaptation,2023,2023.csv
CosNet: A Generalized Spectral Kernel Network,2023,2023.csv
Adversarial Self-Training Improves Robustness and Generalization for Gradual Domain Adaptation,2023,2023.csv
Multi-Player Zero-Sum Markov Games with Networked Separable Interactions,2023,2023.csv
TensorNet: Cartesian Tensor Representations for Efficient Learning of Molecular Potentials,2023,2023.csv
Continuous-Time Functional Diffusion Processes,2023,2023.csv
DesCo: Learning Object Recognition with Rich Language Descriptions,2023,2023.csv
Is Distance Matrix Enough for Geometric Deep Learning?,2023,2023.csv
"On the Variance, Admissibility, and Stability of Empirical Risk Minimization",2023,2023.csv
LightZero: A Unified Benchmark for Monte Carlo Tree Search in General Sequential Decision Scenarios,2023,2023.csv
SMACv2: An Improved Benchmark for Cooperative Multi-Agent Reinforcement Learning,2023,2023.csv
Improving Diffusion-Based Image Synthesis with Context Prediction,2023,2023.csv
PyNeRF: Pyramidal Neural Radiance Fields,2023,2023.csv
Information Theoretic Lower Bounds for Information Theoretic Upper Bounds,2023,2023.csv
Universal Online Learning with Gradient Variations: A Multi-layer Online Ensemble Approach,2023,2023.csv
Exact Optimality of Communication-Privacy-Utility Tradeoffs in Distributed Mean Estimation,2023,2023.csv
Exact recovery and Bregman hard clustering of node-attributed Stochastic Block Model,2023,2023.csv
Learning to Receive Help: Intervention-Aware Concept Embedding Models,2023,2023.csv
Mixed Samples as Probes for Unsupervised Model Selection in Domain Adaptation,2023,2023.csv
Payoff-based Learning with Matrix Multiplicative Weights in Quantum Games,2023,2023.csv
Deep Stochastic Processes via Functional Markov Transition Operators,2023,2023.csv
Optimistic Active Exploration of Dynamical Systems,2023,2023.csv
A Computation and Communication Efficient Method for Distributed Nonconvex Problems in the Partial Participation Setting,2023,2023.csv
HuggingGPT: Solving AI Tasks with ChatGPT and its Friends in Hugging Face,2023,2023.csv
Multi-Step Generalized Policy Improvement by Leveraging Approximate Models,2023,2023.csv
GradOrth: A Simple yet Efficient Out-of-Distribution Detection with Orthogonal Projection of Gradients,2023,2023.csv
Injecting Multimodal Information into Rigid Protein Docking via Bi-level Optimization,2023,2023.csv
Binarized Spectral Compressive Imaging,2023,2023.csv
H3T: Efficient Integration of Memory Optimization and Parallelism for Large-scale Transformer Training,2023,2023.csv
When Can We Track Significant Preference Shifts in Dueling Bandits?,2023,2023.csv
Reversible and irreversible bracket-based dynamics for deep graph neural networks,2023,2023.csv
Leveraging Vision-Centric Multi-Modal Expertise for 3D Object Detection,2023,2023.csv
No-Regret Online Reinforcement Learning with Adversarial Losses and Transitions,2023,2023.csv
A Unified Approach to Count-Based Weakly Supervised Learning,2023,2023.csv
Conditional Score Guidance for Text-Driven Image-to-Image Translation,2023,2023.csv
GEQ: Gaussian Kernel Inspired Equilibrium Models,2023,2023.csv
Reduced Policy Optimization for Continuous Control with Hard Constraints,2023,2023.csv
What’s Left? Concept Grounding with Logic-Enhanced Foundation Models,2023,2023.csv
The Emergence of Essential Sparsity in Large Pre-trained Models: The Weights that Matter,2023,2023.csv
Hypervolume Maximization: A Geometric View of Pareto Set Learning,2023,2023.csv
Equivariant Neural Simulators for Stochastic Spatiotemporal Dynamics,2023,2023.csv
Collaborative Alignment of NLP Models,2023,2023.csv
Closing the gap between the upper bound and lower bound of Adam's iteration complexity,2023,2023.csv
PlanBench: An Extensible Benchmark for Evaluating Large Language Models on Planning and Reasoning about Change,2023,2023.csv
Isometric Quotient Variational Auto-Encoders for Structure-Preserving Representation Learning,2023,2023.csv
Deep Patch Visual Odometry,2023,2023.csv
Instructing Goal-Conditioned Reinforcement Learning Agents with Temporal Logic Objectives,2023,2023.csv
Neural Multi-Objective Combinatorial Optimization with Diversity Enhancement,2023,2023.csv
Multi-Agent First Order Constrained Optimization in Policy Space,2023,2023.csv
Speculative Decoding with Big Little Decoder,2023,2023.csv
Replicable Clustering,2023,2023.csv
Learning Generalizable Agents via Saliency-guided Features Decorrelation,2023,2023.csv
Achieving $\mathcal{O}(\epsilon^{-1.5})$ Complexity in Hessian/Jacobian-free Stochastic Bilevel Optimization,2023,2023.csv
Provably Efficient Offline Reinforcement Learning in Regular Decision Processes,2023,2023.csv
MIMONets: Multiple-Input-Multiple-Output Neural Networks Exploiting Computation in Superposition,2023,2023.csv
Birder: Communication-Efficient 1-bit Adaptive Optimizer for Practical Distributed DNN Training,2023,2023.csv
The Surprising Effectiveness of Diffusion Models for Optical Flow and Monocular Depth Estimation,2023,2023.csv
Federated Multi-Objective Learning,2023,2023.csv
Strategyproof Voting under Correlated Beliefs,2023,2023.csv
Robustness Guarantees for Adversarially Trained Neural Networks,2023,2023.csv
A Rigorous Link between Deep Ensembles and (Variational) Bayesian Methods,2023,2023.csv
Generative Modelling of Stochastic Actions with Arbitrary Constraints in Reinforcement Learning,2023,2023.csv
Markovian Sliced Wasserstein Distances: Beyond Independent Projections,2023,2023.csv
On the impact of activation  and normalization in obtaining  isometric embeddings at initialization,2023,2023.csv
RDumb: A simple approach that questions our progress in continual test-time adaptation,2023,2023.csv
"Swap Agnostic Learning, or Characterizing Omniprediction via Multicalibration",2023,2023.csv
SceneScape: Text-Driven Consistent Scene Generation,2023,2023.csv
AR-Diffusion: Auto-Regressive Diffusion Model for Text Generation,2023,2023.csv
Adaptive Uncertainty Estimation via High-Dimensional Testing on Latent Representations,2023,2023.csv
Algorithmic Regularization in Tensor Optimization: Towards a Lifted Approach in Matrix Sensing,2023,2023.csv
Analyzing Vision Transformers for Image Classification in Class Embedding Space,2023,2023.csv
Asymptotics of Bayesian Uncertainty Estimation in Random Features Regression,2023,2023.csv
Critical Initialization of Wide and Deep Neural Networks using Partial Jacobians: General Theory and Applications,2023,2023.csv
Trading-off price for data quality to achieve fair online allocation,2023,2023.csv
Decentralized Matrix Sensing: Statistical Guarantees and Fast Convergence,2023,2023.csv
Dynamics Generalisation in Reinforcement Learning via Adaptive Context-Aware Policies,2023,2023.csv
Convex and Non-convex Optimization Under Generalized Smoothness,2023,2023.csv
Optimality of Message-Passing Architectures for Sparse Graphs,2023,2023.csv
DOSE: Diffusion Dropout with Adaptive Prior for Speech Enhancement,2023,2023.csv
ISP: Multi-Layered Garment Draping with Implicit Sewing Patterns,2023,2023.csv
Distribution-Free Statistical Dispersion Control for Societal Applications,2023,2023.csv
Extremal Domain Translation with Neural Optimal Transport,2023,2023.csv
On Imitation in Mean-field Games,2023,2023.csv
Probabilistic Exponential Integrators,2023,2023.csv
Understanding Neural Network Binarization with Forward and Backward Proximal Quantizers,2023,2023.csv
Score-based Data Assimilation,2023,2023.csv
Sharp Bounds for Generalized Causal Sensitivity Analysis,2023,2023.csv
Reference-Based POMDPs,2023,2023.csv
Siamese Masked Autoencoders,2023,2023.csv
Structure Learning with Adaptive Random Neighborhood Informed MCMC,2023,2023.csv
BIRD: Generalizable Backdoor Detection and Removal for Deep Reinforcement Learning,2023,2023.csv
Bicriteria Multidimensional Mechanism Design with Side Information,2023,2023.csv
DELIFFAS: Deformable Light Fields for Fast Avatar Synthesis,2023,2023.csv
Exploring Diverse In-Context Configurations for Image Captioning,2023,2023.csv
Zero-Shot Anomaly Detection via Batch Normalization,2023,2023.csv
Parameter and Computation Efficient Transfer Learning for Vision-Language Pre-trained Models,2023,2023.csv
A Dynamical System View of Langevin-Based Non-Convex Sampling,2023,2023.csv
OKRidge: Scalable Optimal k-Sparse Ridge Regression,2023,2023.csv
Cold Diffusion: Inverting Arbitrary Image Transforms Without Noise,2023,2023.csv
Towards the Difficulty for a Deep Neural Network to Learn Concepts of Different Complexities,2023,2023.csv
"Limits, approximation and size transferability for GNNs on sparse graphs via graphops",2023,2023.csv
The Adversarial Consistency of Surrogate Risks for Binary Classification,2023,2023.csv
Composable Coresets for Determinant Maximization: Greedy is Almost Optimal,2023,2023.csv
Self-Evaluation Guided Beam Search for Reasoning,2023,2023.csv
Smoothed Online Learning for Prediction in Piecewise Affine Systems,2023,2023.csv
Adversarial Attacks on Online Learning to Rank with Click Feedback,2023,2023.csv
Automatic Clipping: Differentially Private Deep Learning Made Easier and Stronger,2023,2023.csv
Error Discovery By Clustering Influence Embeddings,2023,2023.csv
"Towards Evaluating Transfer-based Attacks Systematically, Practically, and Fairly",2023,2023.csv
BadTrack: A Poison-Only Backdoor Attack on Visual Object Tracking,2023,2023.csv
A Sublinear-Time Spectral Clustering Oracle with Improved Preprocessing Time,2023,2023.csv
Spiking PointNet: Spiking Neural Networks for Point Clouds,2023,2023.csv
Boosting with Tempered Exponential Measures,2023,2023.csv
Riemannian Projection-free Online Learning,2023,2023.csv
Discrete-Smoothness in Online Algorithms with Predictions,2023,2023.csv
Consistent Diffusion Models: Mitigating Sampling Drift by Learning to be Consistent,2023,2023.csv
On Learning Necessary and Sufficient Causal Graphs,2023,2023.csv
Efficient Exploration in Continuous-time Model-based Reinforcement Learning,2023,2023.csv
Slimmed Asymmetrical Contrastive Learning and Cross Distillation for Lightweight Model Training,2023,2023.csv
Beyond Unimodal: Generalising Neural Processes for Multimodal Uncertainty Estimation,2023,2023.csv
Plug-and-Play Stability for Intracortical Brain-Computer Interfaces: A One-Year Demonstration of Seamless Brain-to-Text Communication,2023,2023.csv
Can LLM Already Serve as A Database Interface? A BIg Bench for Large-Scale Database Grounded Text-to-SQLs,2023,2023.csv
Rethinking Conditional Diffusion Sampling with Progressive Guidance,2023,2023.csv
Towards robust and generalizable representations of extracellular data using contrastive learning,2023,2023.csv
Explore In-Context Learning for 3D Point Cloud Understanding,2023,2023.csv
Interactive Visual Reasoning under Uncertainty,2023,2023.csv
Norm-based Generalization Bounds for Sparse Neural Networks,2023,2023.csv
Generalized Belief Transport,2023,2023.csv
Generative Modeling through the Semi-dual Formulation of Unbalanced Optimal Transport,2023,2023.csv
Lie Point Symmetry and Physics-Informed Networks,2023,2023.csv
"Neural Injective Functions for Multisets, Measures and Graphs via a Finite Witness Theorem",2023,2023.csv
Precise asymptotic generalization for multiclass classification with overparameterized linear models,2023,2023.csv
Focused Transformer: Contrastive Training for Context Scaling,2023,2023.csv
Res-Tuning: A Flexible and Efficient Tuning Paradigm via Unbinding Tuner from Backbone,2023,2023.csv
Do SSL Models Have Déjà Vu? A Case of Unintended Memorization in Self-supervised Learning,2023,2023.csv
Differentiable and Stable Long-Range Tracking of Multiple Posterior Modes,2023,2023.csv
Benchmarking Robustness to Adversarial Image Obfuscations,2023,2023.csv
Mirror Diffusion Models for Constrained and Watermarked Generation,2023,2023.csv
Learning Curves for Deep Structured Gaussian Feature Models,2023,2023.csv
Beyond Pretrained Features: Noisy Image Modeling Provides Adversarial Defense,2023,2023.csv
UniControl: A Unified Diffusion Model for Controllable Visual Generation In the Wild,2023,2023.csv
Unlocking Deterministic Robustness Certification on ImageNet,2023,2023.csv
Bayesian Optimisation of Functions on Graphs,2023,2023.csv
L2T-DLN: Learning to Teach with Dynamic Loss Network,2023,2023.csv
Structured Federated Learning through Clustered Additive Modeling,2023,2023.csv
Efficient Robust Bayesian Optimization for Arbitrary Uncertain inputs,2023,2023.csv
Learning a 1-layer conditional generative model in total variation,2023,2023.csv
BiMatting: Efficient Video Matting via Binarization,2023,2023.csv
One Fits All: Power General Time Series Analysis by Pretrained LM,2023,2023.csv
Parameterizing Non-Parametric Meta-Reinforcement Learning Tasks via Subtask Decomposition,2023,2023.csv
Near-Optimal Algorithms for Gaussians with Huber Contamination: Mean Estimation and Linear Regression,2023,2023.csv
“Why Not Looking backward?” A Robust Two-Step Method to Automatically Terminate Bayesian Optimization,2023,2023.csv
Diffusion Models and Semi-Supervised Learners Benefit Mutually with Few Labels,2023,2023.csv
Chameleon: Plug-and-Play Compositional Reasoning with Large Language Models,2023,2023.csv
Pre-Training Protein Encoder via Siamese Sequence-Structure Diffusion Trajectory Prediction,2023,2023.csv
Differentially Private Approximate Near Neighbor Counting in High Dimensions,2023,2023.csv
Reinforcement-Enhanced Autoregressive Feature Transformation: Gradient-steered Search in Continuous Space for Postfix Expressions,2023,2023.csv
FD-Align: Feature Discrimination Alignment for Fine-tuning Pre-Trained Models in Few-Shot Learning,2023,2023.csv
History Filtering in Imperfect Information Games: Algorithms and Complexity,2023,2023.csv
Decision Tree for Locally Private Estimation with Public Data,2023,2023.csv
DeepACO: Neural-enhanced Ant Systems for Combinatorial Optimization,2023,2023.csv
Front-door Adjustment Beyond Markov Equivalence with Limited Graph Knowledge,2023,2023.csv
Training Energy-Based Normalizing Flow with Score-Matching Objectives,2023,2023.csv
Classification of Heavy-tailed Features in High Dimensions: a Superstatistical Approach,2023,2023.csv
CoLA: Exploiting Compositional Structure for Automatic and Efficient Numerical Linear Algebra,2023,2023.csv
Weakly Coupled Deep Q-Networks,2023,2023.csv
Provably Fast Convergence of Independent Natural Policy Gradient for Markov Potential Games,2023,2023.csv
Training Neural Networks is NP-Hard in Fixed Dimension,2023,2023.csv
Adaptive Online Replanning with Diffusion Models,2023,2023.csv
SODA: Robust Training of Test-Time Data Adaptors,2023,2023.csv
Domain Adaptive Imitation Learning with Visual Observation,2023,2023.csv
LegalBench: A Collaboratively Built Benchmark for Measuring Legal Reasoning in Large Language Models,2023,2023.csv
Information Geometry of the Retinal Representation Manifold,2023,2023.csv
Transportability for Bandits with Data from Different Environments,2023,2023.csv
Sequential Memory with Temporal Predictive Coding,2023,2023.csv
RoboHive: A Unified Framework for Robot Learning,2023,2023.csv
DiffuseBot: Breeding Soft Robots With Physics-Augmented Generative Diffusion Models,2023,2023.csv
On Separate Normalization in Self-supervised Transformers,2023,2023.csv
Modulated Neural ODEs,2023,2023.csv
DrugCLIP: Contrastive Protein-Molecule Representation Learning for Virtual Screening,2023,2023.csv
On the Convergence of Black-Box Variational Inference,2023,2023.csv
Optimal Learners for Realizable Regression: PAC Learning and Online Learning,2023,2023.csv
"On quantum backpropagation, information reuse, and cheating measurement collapse",2023,2023.csv
"Fair, Polylog-Approximate Low-Cost Hierarchical Clustering",2023,2023.csv
First Order Methods with Markovian Noise: from Acceleration to Variational Inequalities,2023,2023.csv
REx: Data-Free Residual Quantization Error Expansion,2023,2023.csv
Optimizing over trained GNNs via symmetry breaking,2023,2023.csv
LIBERO: Benchmarking Knowledge Transfer for Lifelong Robot Learning,2023,2023.csv
Adaptive Contextual Perception: How To Generalize To New Backgrounds and Ambiguous Objects,2023,2023.csv
On the Gini-impurity Preservation For Privacy Random Forests,2023,2023.csv
Improved Algorithms for Stochastic Linear Bandits Using Tail Bounds for Martingale Mixtures,2023,2023.csv
Regression with Cost-based Rejection,2023,2023.csv
Unified Segment-to-Segment Framework for Simultaneous Sequence Generation,2023,2023.csv
DYffusion: A Dynamics-informed Diffusion Model for Spatiotemporal Forecasting,2023,2023.csv
Energy Discrepancies: A Score-Independent Loss for Energy-Based Models,2023,2023.csv
Team-PSRO for Learning Approximate TMECor in Large Team Games via Cooperative Reinforcement Learning,2023,2023.csv
Learning Linear Causal Representations from Interventions under General Nonlinear Mixing,2023,2023.csv
Variance-Reduced Gradient Estimation via Noise-Reuse in Online Evolution Strategies,2023,2023.csv
Beyond Black-Box Advice: Learning-Augmented Algorithms for MDPs with Q-Value Predictions,2023,2023.csv
A normative theory of social conflict,2023,2023.csv
Transformers learn to implement preconditioned gradient descent for in-context learning,2023,2023.csv
Learning Invariant Representations of Graph Neural Networks via Cluster Generalization,2023,2023.csv
Pgx: Hardware-Accelerated Parallel Game Simulators for Reinforcement Learning,2023,2023.csv
Robust Distributed Learning: Tight Error Bounds and Breakdown Point under Data Heterogeneity,2023,2023.csv
Pre-RMSNorm and Pre-CRMSNorm Transformers: Equivalent and Efficient Pre-LN Transformers,2023,2023.csv
PDP: Parameter-free Differentiable Pruning is All You Need,2023,2023.csv
ToolkenGPT: Augmenting Frozen Language Models with Massive Tools via Tool Embeddings,2023,2023.csv
Exploring Geometry of Blind Spots in Vision models,2023,2023.csv
Strategic Distribution Shift of Interacting Agents via Coupled Gradient Flows,2023,2023.csv
"Provable benefits of annealing for estimating normalizing constants: Importance Sampling, Noise-Contrastive Estimation, and beyond",2023,2023.csv
GeoTMI: Predicting Quantum Chemical Property with Easy-to-Obtain Geometry via Positional Denoising,2023,2023.csv
Active Observing in Continuous-time Control,2023,2023.csv
Principled Weight Initialisation for Input-Convex Neural Networks,2023,2023.csv
Automatic Grouping for Efficient Cooperative Multi-Agent Reinforcement Learning,2023,2023.csv
On the Minimax Regret for Online Learning with Feedback Graphs,2023,2023.csv
DropPos: Pre-Training Vision Transformers by Reconstructing Dropped Positions,2023,2023.csv
Variational Gaussian Processes with Decoupled Conditionals,2023,2023.csv
ProtoDiff: Learning to Learn Prototypical Networks by Task-Guided Diffusion,2023,2023.csv
Action Inference by Maximising Evidence: Zero-Shot Imitation from Observation with World Models,2023,2023.csv
A Reduction-based Framework for Sequential Decision Making with Delayed Feedback,2023,2023.csv
Efficient RL with Impaired Observability: Learning to Act with Delayed and Missing State Observations,2023,2023.csv
Unified 3D Segmenter As Prototypical Classifiers,2023,2023.csv
Estimating Causal Effects Identifiable from a Combination of Observations and Experiments,2023,2023.csv
LMC: Large Model Collaboration with Cross-assessment for Training-Free Open-Set Object Recognition,2023,2023.csv
Pairwise Causality Guided Transformers for Event Sequences,2023,2023.csv
Self-Refine: Iterative Refinement with Self-Feedback,2023,2023.csv
TaskMet: Task-driven Metric Learning for Model Learning,2023,2023.csv
Fine-grained Expressivity of Graph Neural Networks,2023,2023.csv
Hierarchical Adaptive Value Estimation for Multi-modal Visual Reinforcement Learning,2023,2023.csv
"Small Total-Cost Constraints in Contextual Bandits with Knapsacks, with Application to Fairness",2023,2023.csv
Image Captioners Are Scalable Vision Learners Too,2023,2023.csv
Neural Oscillators are Universal,2023,2023.csv
Structured Prediction with Stronger Consistency Guarantees,2023,2023.csv
Explainable Brain Age Prediction using coVariance Neural Networks,2023,2023.csv
Structured State Space Models for In-Context Reinforcement Learning,2023,2023.csv
A Spectral Theory of Neural Prediction and Alignment,2023,2023.csv
Sharpness-Aware Minimization Leads to Low-Rank Features,2023,2023.csv
Adversarial Examples Might be Avoidable: The Role of Data Concentration in Adversarial Robustness,2023,2023.csv
Propagating Knowledge Updates to LMs Through Distillation,2023,2023.csv
Connecting Pre-trained Language Model and Downstream Task via Properties of Representation,2023,2023.csv
Unsupervised Learning for Solving the Travelling Salesman Problem,2023,2023.csv
Equivariant Single View Pose Prediction Via Induced and Restriction Representations,2023,2023.csv
ContinuAR: Continuous Autoregression For Infinite-Fidelity Fusion,2023,2023.csv
Normalizing flow neural networks by JKO scheme,2023,2023.csv
"Stability-penalty-adaptive follow-the-regularized-leader: Sparsity, game-dependency, and best-of-both-worlds",2023,2023.csv
Block Broyden's Methods for Solving Nonlinear Equations,2023,2023.csv
Diffusion Hyperfeatures: Searching Through Time and Space for Semantic Correspondence,2023,2023.csv
A Robust and Opponent-Aware League Training Method for StarCraft II,2023,2023.csv
Causal Fairness for Outcome Control,2023,2023.csv
"No Change, No Gain: Empowering Graph Neural Networks with Expected Model Change Maximization for Active Learning",2023,2023.csv
DeepPCR: Parallelizing Sequential Operations in Neural Networks,2023,2023.csv
Simple and Controllable Music Generation,2023,2023.csv
Conformal Meta-learners for Predictive Inference of Individual Treatment Effects,2023,2023.csv
Temporal Robustness against Data poisoning,2023,2023.csv
Optimal Treatment Regimes for Proximal Causal Learning,2023,2023.csv
Transformers over Directed Acyclic Graphs,2023,2023.csv
Credal Marginal MAP,2023,2023.csv
Understanding and Mitigating Copying in Diffusion Models,2023,2023.csv
Multi-task Representation Learning for Pure Exploration in Bilinear Bandits,2023,2023.csv
Mechanic: A Learning Rate Tuner,2023,2023.csv
Compositional Policy Learning in Stochastic Control Systems with Formal Guarantees,2023,2023.csv
On the Identifiability of Sparse ICA without Assuming Non-Gaussianity,2023,2023.csv
Aging with GRACE: Lifelong Model Editing with Discrete Key-Value Adaptors,2023,2023.csv
Online Performative Gradient Descent for Learning Nash Equilibria in Decision-Dependent Games,2023,2023.csv
Reliable learning in challenging environments,2023,2023.csv
Online PCA in Converging Self-consistent Field Equations,2023,2023.csv
No-regret Algorithms for Fair Resource Allocation,2023,2023.csv
DiffPack: A Torsional Diffusion Model for Autoregressive Protein Side-Chain Packing,2023,2023.csv
Bypass Exponential Time Preprocessing: Fast Neural Network Training via Weight-Data Correlation Preprocessing,2023,2023.csv
Max-Margin Token Selection in Attention Mechanism,2023,2023.csv
Semantic segmentation of sparse irregular point clouds for leaf/wood discrimination,2023,2023.csv
Locality-Aware Generalizable Implicit Neural Representation,2023,2023.csv
DropCompute: simple and more robust  distributed synchronous training via compute variance reduction,2023,2023.csv
Winner Takes It All: Training Performant RL Populations for Combinatorial Optimization,2023,2023.csv
Kissing to Find a Match: Efficient Low-Rank Permutation Representation,2023,2023.csv
Creating Multi-Level Skill Hierarchies in Reinforcement Learning,2023,2023.csv
Sketching Algorithms for Sparse Dictionary Learning: PTAS and Turnstile Streaming,2023,2023.csv
Provable Guarantees for Generative Behavior Cloning: Bridging Low-Level Stability and High-Level Behavior,2023,2023.csv
Prefix-Tree Decoding for Predicting Mass Spectra from Molecules,2023,2023.csv
Temporal Dynamic Quantization for Diffusion Models,2023,2023.csv
Meek Separators and Their Applications in Targeted Causal Discovery,2023,2023.csv
Learning Interpretable Low-dimensional Representation via Physical Symmetry,2023,2023.csv
A Spectral Algorithm for List-Decodable Covariance Estimation in Relative Frobenius Norm,2023,2023.csv
Optimal Treatment Allocation for Efficient Policy Evaluation in Sequential Decision Making,2023,2023.csv
Advancing Bayesian Optimization via Learning Correlated Latent Space,2023,2023.csv
Generalization bounds for neural ordinary differential equations and deep residual networks,2023,2023.csv
QuadAttac$K$: A Quadratic Programming Approach to Learning Ordered Top-$K$ Adversarial Attacks,2023,2023.csv
Learning Transformer Programs,2023,2023.csv
An Inverse Scaling Law for CLIP Training,2023,2023.csv
Training Transformers with 4-bit Integers,2023,2023.csv
TD Convergence: An Optimization Perspective,2023,2023.csv
Symbolic Discovery of Optimization Algorithms,2023,2023.csv
Privacy Auditing with One (1) Training Run,2023,2023.csv
On the Asymptotic Learning Curves of Kernel Ridge Regression under Power-law Decay,2023,2023.csv
High-dimensional Contextual Bandit Problem without Sparsity,2023,2023.csv
Sample-Conditioned Hypothesis Stability Sharpens Information-Theoretic Generalization Bounds,2023,2023.csv
Learning to Search Feasible and Infeasible Regions of Routing Problems with Flexible Neural k-Opt,2023,2023.csv
A Unified Conditional Framework for Diffusion-based Image Restoration,2023,2023.csv
A fast heuristic to optimize time-space tradeoff for large models,2023,2023.csv
Provably Fast Finite Particle Variants of SVGD via Virtual Particle Stochastic Approximation,2023,2023.csv
Stable Nonconvex-Nonconcave Training via Linear Interpolation,2023,2023.csv
On the Interplay between Social Welfare and Tractability of Equilibria,2023,2023.csv
Hierarchical Randomized Smoothing,2023,2023.csv
UniPC: A Unified Predictor-Corrector Framework for Fast Sampling of Diffusion Models,2023,2023.csv
Learning with Explanation Constraints,2023,2023.csv
Coop: Memory is not a Commodity,2023,2023.csv
Solving Linear Inverse Problems Provably via Posterior Sampling with Latent Diffusion Models,2023,2023.csv
Maximum State Entropy Exploration using Predecessor and Successor Representations,2023,2023.csv
Zero-shot Visual Relation Detection via Composite Visual Cues from Large Language Models,2023,2023.csv
T2T: From Distribution Learning in Training to Gradient Search in Testing for Combinatorial Optimization,2023,2023.csv
BiSLS/SPS: Auto-tune Step Sizes for Stable Bi-level Optimization,2023,2023.csv
Neural MMO 2.0: A Massively Multi-task Addition to Massively Multi-agent Learning,2023,2023.csv
Extracting Reward Functions from Diffusion Models,2023,2023.csv
Identifiability Guarantees for Causal Disentanglement from Soft Interventions,2023,2023.csv
Provable Training for Graph Contrastive Learning,2023,2023.csv
Generalized Weighted Path Consistency for Mastering Atari Games,2023,2023.csv
When Do Transformers Shine in RL? Decoupling Memory from Credit Assignment,2023,2023.csv
A Definition of Continual Reinforcement Learning,2023,2023.csv
Optimization or Architecture: How to Hack Kalman Filtering,2023,2023.csv
Online robust non-stationary estimation,2023,2023.csv
Faster Relative Entropy Coding with Greedy Rejection Coding,2023,2023.csv
Deep learning with kernels through RKHM and the Perron-Frobenius operator,2023,2023.csv
SyncDiffusion: Coherent Montage via Synchronized Joint Diffusions,2023,2023.csv
MLFMF: Data Sets for Machine Learning for Mathematical Formalization,2023,2023.csv
Explaining the Uncertain: Stochastic Shapley Values for Gaussian Process Models,2023,2023.csv
Interpretable and Explainable Logical Policies via Neurally Guided Symbolic Abstraction,2023,2023.csv
Graph Mixture of Experts: Learning on Large-Scale Graphs with Explicit Diversity Modeling,2023,2023.csv
Graph-Structured Gaussian Processes for Transferable Graph Learning,2023,2023.csv
Language Models are Weak Learners,2023,2023.csv
HyP-NeRF: Learning Improved NeRF Priors using a HyperNetwork,2023,2023.csv
Improving neural network representations using human similarity judgments,2023,2023.csv
GEO-Bench: Toward Foundation Models for Earth Monitoring,2023,2023.csv
Hard Prompts Made Easy: Gradient-Based Discrete Optimization for Prompt Tuning and Discovery,2023,2023.csv
Unified Lower Bounds for Interactive High-dimensional Estimation under Information Constraints,2023,2023.csv
MVDiffusion: Enabling Holistic Multi-view Image Generation with Correspondence-Aware Diffusion,2023,2023.csv
LambdaBeam: Neural Program Search with Higher-Order Functions and Lambdas,2023,2023.csv
"Deconstructing Data Reconstruction: Multiclass, Weight Decay and General Losses",2023,2023.csv
Vulnerabilities in Video Quality Assessment Models: The Challenge of Adversarial Attacks,2023,2023.csv
Unleash the Potential of Image Branch for Cross-modal 3D Object Detection,2023,2023.csv
"Phase diagram of early training dynamics in deep neural networks: effect of the learning rate, depth, and width",2023,2023.csv
Neural Algorithmic Reasoning Without Intermediate Supervision,2023,2023.csv
On the Powerfulness of Textual Outlier Exposure for Visual OoD Detection,2023,2023.csv
On Dynamic Programming Decompositions of Static Risk Measures in Markov Decision Processes,2023,2023.csv
A Robust Exact Algorithm for the Euclidean Bipartite Matching Problem,2023,2023.csv
Optimal cross-learning for contextual bandits with unknown context distributions,2023,2023.csv
Adjustable Robust Reinforcement Learning for Online 3D Bin Packing,2023,2023.csv
Bounding the Invertibility of Privacy-preserving Instance Encoding using Fisher Information,2023,2023.csv
"CAMEL: Communicative Agents for ""Mind"" Exploration of Large Language Model Society",2023,2023.csv
SUBP: Soft Uniform Block Pruning for 1$\times$N Sparse CNNs Multithreading Acceleration,2023,2023.csv
Robust Knowledge Transfer in Tiered Reinforcement Learning,2023,2023.csv
Bypassing the Simulator: Near-Optimal Adversarial Linear Contextual Bandits,2023,2023.csv
On the Convergence of Encoder-only Shallow Transformers,2023,2023.csv
Convergence of Adam Under Relaxed Assumptions,2023,2023.csv
Generalization in the Face of Adaptivity: A Bayesian Perspective,2023,2023.csv
Geodesic Multi-Modal Mixup for Robust Fine-Tuning,2023,2023.csv
Accelerated On-Device Forward Neural Network Training with Module-Wise Descending Asynchronism,2023,2023.csv
Unbalanced Low-rank Optimal Transport Solvers,2023,2023.csv
Optimal Parameter and Neuron Pruning for Out-of-Distribution Detection,2023,2023.csv
Scissorhands: Exploiting the Persistence of Importance Hypothesis for LLM KV Cache Compression at Test Time,2023,2023.csv
A Unified Fast Gradient Clipping Framework for DP-SGD,2023,2023.csv
A Logic for Expressing Log-Precision Transformers,2023,2023.csv
Universal Prompt Tuning for Graph Neural Networks,2023,2023.csv
Stochastic Approximation Approaches to Group Distributionally Robust Optimization,2023,2023.csv
Learning Efficient Surrogate Dynamic Models with Graph Spline Networks,2023,2023.csv
Hardness of Low Rank Approximation of Entrywise Transformed Matrix Products,2023,2023.csv
Efficient Adaptation of Large Vision Transformer via Adapter Re-Composing,2023,2023.csv
Reducing Blackwell and Average Optimality to Discounted MDPs via the Blackwell Discount Factor,2023,2023.csv
Distribution Learnability and Robustness,2023,2023.csv
SPAE: Semantic Pyramid AutoEncoder for Multimodal Generation with Frozen LLMs,2023,2023.csv
Tuning Multi-mode Token-level Prompt Alignment across Modalities,2023,2023.csv
Behavior Alignment via Reward Function Optimization,2023,2023.csv
Timewarp: Transferable Acceleration of Molecular Dynamics by Learning Time-Coarsened Dynamics,2023,2023.csv
Mode Connectivity in Auction Design,2023,2023.csv
Deep Neural Collapse Is Provably Optimal for the Deep Unconstrained Features Model,2023,2023.csv
Fine-Tuning Language Models with Just Forward Passes,2023,2023.csv
Module-wise Training of Neural Networks via the Minimizing Movement Scheme,2023,2023.csv
Ensemble-based Deep Reinforcement Learning for Vehicle Routing Problems under Distribution Shift,2023,2023.csv
POMDP Planning for Object Search in Partially Unknown Environment,2023,2023.csv
Online Learning under Adversarial Nonlinear Constraints,2023,2023.csv
Sample-Efficient and Safe Deep Reinforcement Learning via Reset Deep Ensemble Agents,2023,2023.csv
Towards Symmetry-Aware Generation of Periodic Materials,2023,2023.csv
Sequential Predictive Two-Sample and Independence Testing,2023,2023.csv
SALSA VERDE: a machine learning attack on LWE with sparse small secrets,2023,2023.csv
Designing Robust Transformers using Robust Kernel Density Estimation,2023,2023.csv
Benchmarking Distribution Shift in Tabular Data with TableShift,2023,2023.csv
Online Adaptive Policy Selection in Time-Varying Systems: No-Regret via Contractive Perturbations,2023,2023.csv
Geometric Neural Diffusion Processes,2023,2023.csv
IMP-MARL: a Suite of Environments for Large-scale Infrastructure Management Planning via MARL,2023,2023.csv
Learning Multi-agent Behaviors from Distributed and Streaming Demonstrations,2023,2023.csv
Diversify \& Conquer: Outcome-directed Curriculum RL via Out-of-Distribution Disagreement,2023,2023.csv
Distribution-Free Model-Agnostic Regression Calibration via Nonparametric Methods,2023,2023.csv
Training Private Models That Know What They Don’t Know,2023,2023.csv
Projection-Free Methods for Solving Nonconvex-Concave Saddle Point Problems,2023,2023.csv
Correlation Aware Sparsified Mean Estimation Using Random Projection,2023,2023.csv
Accelerating Value Iteration with Anchoring,2023,2023.csv
D4: Improving LLM Pretraining via Document De-Duplication and Diversification,2023,2023.csv
Effective Bayesian Heteroscedastic Regression with Deep Neural Networks,2023,2023.csv
Estimating Noise Correlations Across Continuous Conditions With Wishart Processes,2023,2023.csv
Universal Gradient Descent Ascent Method for Nonconvex-Nonconcave Minimax Optimization,2023,2023.csv
Generator Born from Classifier,2023,2023.csv
On Evaluating Adversarial Robustness of Large Vision-Language Models,2023,2023.csv
Task-aware world model learning with meta weighting via bi-level optimization,2023,2023.csv
MarioGPT: Open-Ended Text2Level Generation through Large Language Models,2023,2023.csv
Curriculum Learning With Infant Egocentric Videos,2023,2023.csv
Is Learning in Games Good for the Learners?,2023,2023.csv
The Shaped Transformer: Attention Models in the Infinite Depth-and-Width Limit,2023,2023.csv
Long Sequence Hopfield Memory,2023,2023.csv
Provably Safe Reinforcement Learning with Step-wise Violation Constraints,2023,2023.csv
Fair Allocation of Indivisible Chores: Beyond Additive Costs,2023,2023.csv
Robust Second-Order Nonconvex Optimization and Its Application to Low Rank Matrix Sensing,2023,2023.csv
Guide Your Agent with Adaptive Multimodal Rewards,2023,2023.csv
Fine-Grained Theoretical Analysis of Federated Zeroth-Order Optimization,2023,2023.csv
Sparse Deep Learning for Time Series Data: Theory and Applications,2023,2023.csv
GAN You See Me? Enhanced Data Reconstruction Attacks against Split Inference,2023,2023.csv
Random-Access Infinite Context Length for Transformers,2023,2023.csv
Egocentric Planning for Scalable Embodied Task Achievement,2023,2023.csv
No-Regret Online Prediction with Strategic Experts,2023,2023.csv
Autonomous Capability Assessment of Sequential Decision-Making Systems in Stochastic Settings,2023,2023.csv
Learning Unseen Modality Interaction,2023,2023.csv
Model-Free Active Exploration in Reinforcement Learning,2023,2023.csv
Private Everlasting Prediction,2023,2023.csv
ALGO: Synthesizing Algorithmic Programs with Generated Oracle Verifiers,2023,2023.csv
Structure of universal formulas,2023,2023.csv
Model-enhanced Vector Index,2023,2023.csv
Wide Neural Networks as Gaussian Processes: Lessons from Deep Equilibrium Models,2023,2023.csv
Unified Enhancement of Privacy Bounds for Mixture Mechanisms via $f$-Differential Privacy,2023,2023.csv
On the Role of Entanglement and Statistics in Learning,2023,2023.csv
Molecule Joint Auto-Encoding: Trajectory Pretraining with 2D and 3D Diffusion,2023,2023.csv
Fantastic Weights and How to Find Them: Where to Prune in Dynamic Sparse Training,2023,2023.csv
Tree-Based Diffusion Schrödinger Bridge with Applications to Wasserstein Barycenters,2023,2023.csv
Bucks for Buckets (B4B): Active Defenses Against Stealing Encoders,2023,2023.csv
GloptiNets: Scalable Non-Convex Optimization with Certificates,2023,2023.csv
Efficient Policy Adaptation with Contrastive Prompt Ensemble for Embodied Agents,2023,2023.csv
Efficient Learning of Linear Graph Neural Networks via Node Subsampling,2023,2023.csv
DPM-Solver-v3: Improved Diffusion ODE Solver with Empirical Model Statistics,2023,2023.csv
Are Emergent Abilities of Large Language Models a Mirage?,2023,2023.csv
The Exact Sample Complexity Gain from Invariances for Kernel Regression,2023,2023.csv
"FaceDNeRF: Semantics-Driven Face Reconstruction, Prompt Editing and Relighting with Diffusion Models",2023,2023.csv
RoboCLIP: One Demonstration is Enough to Learn Robot Policies,2023,2023.csv
Optimal privacy guarantees for a relaxed threat model: Addressing sub-optimal adversaries in differentially private machine learning,2023,2023.csv
Stochastic Approximation Algorithms for Systems of Interacting Particles,2023,2023.csv
Provable Guarantees for Neural Networks via Gradient Feature Learning,2023,2023.csv
Binary Radiance Fields,2023,2023.csv
A U-turn on Double Descent: Rethinking Parameter Counting in Statistical Learning,2023,2023.csv
Diversifying Spatial-Temporal Perception for Video Domain Generalization,2023,2023.csv
Causes and Effects of Unanticipated Numerical Deviations in Neural Network Inference Frameworks,2023,2023.csv
Learning via Wasserstein-Based High Probability Generalisation Bounds,2023,2023.csv
Towards Anytime Classification in Early-Exit Architectures by Enforcing Conditional Monotonicity,2023,2023.csv
A Scalable Neural Network for DSIC Affine Maximizer Auction Design,2023,2023.csv
Coordinating Distributed Example Orders for Provably Accelerated Training,2023,2023.csv
Individualized Dosing Dynamics via Neural Eigen Decomposition,2023,2023.csv
A Batch-to-Online Transformation under Random-Order Model,2023,2023.csv
The CLIP Model is Secretly an Image-to-Prompt Converter,2023,2023.csv
Invariant Anomaly Detection under Distribution Shifts: A Causal Perspective,2023,2023.csv
Locality Sensitive Hashing in Fourier Frequency Domain For Soft Set Containment Search,2023,2023.csv
L-C2ST: Local Diagnostics for Posterior Approximations in Simulation-Based Inference,2023,2023.csv
New Complexity-Theoretic Frontiers of Tractability for Neural Network Training,2023,2023.csv
Distributional Model Equivalence for Risk-Sensitive Reinforcement Learning,2023,2023.csv
Beyond Average Return in Markov Decision Processes,2023,2023.csv
Latent exploration for Reinforcement Learning,2023,2023.csv
Tackling Heavy-Tailed Rewards in Reinforcement Learning with Function Approximation: Minimax Optimal and Instance-Dependent Regret Bounds,2023,2023.csv
Learning Dictionary for Visual Attention,2023,2023.csv
A Bayesian Take on Gaussian Process Networks,2023,2023.csv
Sharp Recovery Thresholds of Tensor PCA Spectral Algorithms,2023,2023.csv
Exploring and Interacting with the Set of Good Sparse Generalized Additive Models,2023,2023.csv
Convergence Analysis of Sequential Federated Learning on Heterogeneous Data,2023,2023.csv
Efficient Batched Algorithm for Contextual Linear Bandits with Large Action Space via Soft Elimination,2023,2023.csv
Pitfall of Optimism: Distributional Reinforcement Learning by Randomizing Risk Criterion,2023,2023.csv
Efficient Meta Neural Heuristic for Multi-Objective Combinatorial Optimization,2023,2023.csv
Streaming Factor Trajectory Learning for Temporal Tensor Decomposition,2023,2023.csv
QuantSR: Accurate Low-bit Quantization for Efficient Image Super-Resolution,2023,2023.csv
Statistical Guarantees for Variational Autoencoders using PAC-Bayesian Theory,2023,2023.csv
Multi-Head Adapter Routing for Cross-Task Generalization,2023,2023.csv
GenS: Generalizable Neural Surface Reconstruction from Multi-View Images,2023,2023.csv
Better with Less: A Data-Active Perspective on Pre-Training Graph Neural Networks,2023,2023.csv
Latent Diffusion for Language Generation,2023,2023.csv
The emergence of clusters in self-attention dynamics,2023,2023.csv
Self-Consistent Velocity Matching of Probability Flows,2023,2023.csv
Domain Re-Modulation for Few-Shot Generative Domain Adaptation,2023,2023.csv
FAMO: Fast Adaptive Multitask Optimization,2023,2023.csv
A Theory of Multimodal Learning,2023,2023.csv
Transformers as Statisticians: Provable In-Context Learning with In-Context Algorithm Selection,2023,2023.csv
Arbitrarily Scalable Environment Generators via Neural Cellular Automata,2023,2023.csv
Learning Provably Robust Estimators for Inverse Problems via Jittering,2023,2023.csv
"Beyond NTK with Vanilla Gradient Descent: A Mean-Field Analysis of Neural Networks with Polynomial Width, Samples, and Time",2023,2023.csv
Customizable Image Synthesis with Multiple Subjects,2023,2023.csv
Masked Image Residual Learning for Scaling Deeper Vision Transformers,2023,2023.csv
Revisiting Area Convexity: Faster Box-Simplex Games and Spectrahedral Generalizations,2023,2023.csv
General Munchausen Reinforcement Learning with Tsallis Kullback-Leibler Divergence,2023,2023.csv
Globally injective and bijective neural operators,2023,2023.csv
On the Convergence of CART under Sufficient Impurity Decrease Condition,2023,2023.csv
Penalising the biases in norm regularisation enforces sparsity,2023,2023.csv
Optimistic Meta-Gradients,2023,2023.csv
Norm-guided latent space exploration for text-to-image generation,2023,2023.csv
Minimax Risks and Optimal Procedures for Estimation under Functional Local Differential Privacy,2023,2023.csv
From Tempered to Benign Overfitting in ReLU Neural Networks,2023,2023.csv
Tree-Rings Watermarks: Invisible Fingerprints for Diffusion Images,2023,2023.csv
"Adversarial Training for Graph Neural Networks: Pitfalls, Solutions, and New Directions",2023,2023.csv
Implicit Bias of (Stochastic) Gradient Descent for Rank-1 Linear Neural Network,2023,2023.csv
On the Properties of Kullback-Leibler Divergence Between Multivariate Gaussian Distributions,2023,2023.csv
Joint Prompt Optimization of Stacked LLMs using Variational Inference,2023,2023.csv
AdaPlanner: Adaptive Planning from Feedback with Language Models,2023,2023.csv
Lovász Principle for Unsupervised Graph Representation Learning,2023,2023.csv
ComSL: A Composite Speech-Language Model for End-to-End Speech-to-Text Translation,2023,2023.csv
DinoSR: Self-Distillation and Online Clustering for Self-supervised Speech Representation Learning,2023,2023.csv
Non-Rigid Shape Registration via Deep Functional Maps Prior,2023,2023.csv
4M: Massively Multimodal Masked Modeling,2023,2023.csv
Game Solving with Online Fine-Tuning,2023,2023.csv
Identifiable Contrastive Learning with Automatic Feature Importance Discovery,2023,2023.csv
Conditional independence testing under misspecified inductive biases,2023,2023.csv
Towards Consistent Video Editing with Text-to-Image Diffusion Models,2023,2023.csv
A Competitive Algorithm for Agnostic Active Learning,2023,2023.csv
Stable Diffusion is Unstable,2023,2023.csv
Efficient Hyper-parameter Optimization with Cubic Regularization,2023,2023.csv
Joint Attribute and Model Generalization Learning for Privacy-Preserving Action Recognition,2023,2023.csv
Counterfactual Evaluation of Peer-Review Assignment Policies,2023,2023.csv
MixFormerV2: Efficient Fully Transformer Tracking,2023,2023.csv
Randomized and Deterministic Maximin-share Approximations for Fractionally Subadditive Valuations,2023,2023.csv
Causal normalizing flows: from theory to practice,2023,2023.csv
Maximum Average Randomly Sampled: A Scale Free and Non-parametric Algorithm for Stochastic Bandits,2023,2023.csv
Reducing Shape-Radiance Ambiguity in Radiance Fields with a Closed-Form Color Estimation Method,2023,2023.csv
Cappy: Outperforming and Boosting Large Multi-Task LMs with a Small Scorer,2023,2023.csv
Towards Optimal Effective Resistance Estimation,2023,2023.csv
TradeMaster: A Holistic Quantitative Trading Platform Empowered by Reinforcement Learning,2023,2023.csv
Learning Adversarial Low-rank Markov Decision Processes with Unknown Transition and Full-information Feedback,2023,2023.csv
UE4-NeRF:Neural Radiance Field for Real-Time Rendering of Large-Scale Scene,2023,2023.csv
Online RL in Linearly $q^\pi$-Realizable MDPs Is as Easy as in Linear MDPs If You Learn What to Ignore,2023,2023.csv
The Waymo Open Sim Agents Challenge,2023,2023.csv
On Transfer of Adversarial Robustness from Pretraining to Downstream Tasks,2023,2023.csv
Dynamic Pricing and Learning with Bayesian Persuasion,2023,2023.csv
How to Fine-tune the Model: Unified Model Shift and Model Bias Policy Optimization,2023,2023.csv
RH-BrainFS: Regional Heterogeneous Multimodal Brain Networks Fusion Strategy,2023,2023.csv
Re-Think and Re-Design Graph Neural Networks in Spaces of Continuous Graph Diffusion Functionals,2023,2023.csv
Addressing the speed-accuracy simulation trade-off for adaptive spiking neurons,2023,2023.csv
PID-Inspired Inductive Biases for Deep Reinforcement Learning in Partially Observable Control Tasks,2023,2023.csv
SustainGym: Reinforcement Learning Environments for Sustainable Energy Systems,2023,2023.csv
Policy Gradient for Rectangular Robust Markov Decision Processes,2023,2023.csv
"MultiFusion: Fusing Pre-Trained Models for Multi-Lingual, Multi-Modal Image Generation",2023,2023.csv
What Planning Problems Can A Relational Neural Network Solve?,2023,2023.csv
Selectively Sharing Experiences Improves Multi-Agent Reinforcement Learning,2023,2023.csv
Grounded Decoding: Guiding Text Generation with Grounded Models for Embodied Agents,2023,2023.csv
Rotating Features for Object Discovery,2023,2023.csv
Focus Your Attention when Few-Shot Classification,2023,2023.csv
Path Regularization: A Convexity and Sparsity Inducing Regularization for Parallel ReLU Networks,2023,2023.csv
Unifying GANs and Score-Based Diffusion as Generative Particle Models,2023,2023.csv
Fast Attention Over Long Sequences With Dynamic Sparse Flash Attention,2023,2023.csv
Learning Better with Less: Effective Augmentation for Sample-Efficient Visual Reinforcement Learning,2023,2023.csv
Improved Communication Efficiency in Federated Natural Policy Gradient via ADMM-based Gradient Updates,2023,2023.csv
Equivariant flow matching,2023,2023.csv
An Efficient Doubly-Robust Test for the Kernel Treatment Effect,2023,2023.csv
Zero-sum Polymatrix Markov Games: Equilibrium Collapse and Efficient Computation of Nash Equilibria,2023,2023.csv
Learning to Configure Separators in Branch-and-Cut,2023,2023.csv
Revisiting Implicit Differentiation for Learning Problems in Optimal Control,2023,2023.csv
How a Student becomes a Teacher: learning and forgetting through Spectral methods,2023,2023.csv
Multi-Modal Inverse Constrained Reinforcement Learning from a Mixture of Demonstrations,2023,2023.csv
PAPR: Proximity Attention Point Rendering,2023,2023.csv
FedFed: Feature Distillation against Data Heterogeneity in Federated Learning,2023,2023.csv
Robust Data Valuation with Weighted Banzhaf Values,2023,2023.csv
A Privacy-Friendly Approach to Data Valuation,2023,2023.csv
Learning Nonparametric Latent Causal Graphs with Unknown Interventions,2023,2023.csv
Geometric Analysis of Matrix Sensing over Graphs,2023,2023.csv
Kullback-Leibler Maillard Sampling for Multi-armed Bandits with Bounded Rewards,2023,2023.csv
Unifying Predictions of Deterministic and Stochastic Physics in Mesh-reduced Space with Sequential Flow Generative Model,2023,2023.csv
Transitivity Recovering Decompositions: Interpretable and Robust Fine-Grained Relationships,2023,2023.csv
Dynamic Regret of Adversarial Linear Mixture MDPs,2023,2023.csv
Aiming towards the minimizers: fast convergence of SGD for overparametrized problems,2023,2023.csv
ResMem: Learn what you can and memorize the rest,2023,2023.csv
Generalized Semi-Supervised Learning via Self-Supervised Feature Adaptation,2023,2023.csv
Soft-Unification in Deep Probabilistic Logic,2023,2023.csv
Local Convergence of Gradient Methods for Min-Max Games: Partial Curvature Generically Suffices,2023,2023.csv
An Alternative to Variance: Gini Deviation for Risk-averse Policy Gradient,2023,2023.csv
Going Beyond Linear Mode Connectivity: The Layerwise Linear Feature Connectivity,2023,2023.csv
"Do Not Marginalize Mechanisms, Rather Consolidate!",2023,2023.csv
Learning Environment-Aware Affordance for 3D Articulated Object Manipulation under Occlusions,2023,2023.csv
InfoPrompt: Information-Theoretic Soft Prompt Tuning for Natural Language Understanding,2023,2023.csv
A Unified Approach for Maximizing Continuous DR-submodular Functions,2023,2023.csv
Towards Understanding the Dynamics of Gaussian-Stein Variational Gradient Descent,2023,2023.csv
Provable benefits of score matching,2023,2023.csv
Oracle Complexity of Single-Loop Switching Subgradient Methods for Non-Smooth Weakly Convex Functional Constrained Optimization,2023,2023.csv
Performance Scaling via Optimal Transport: Enabling Data Selection from Partially Revealed Sources,2023,2023.csv
The Rank-Reduced Kalman Filter: Approximate Dynamical-Low-Rank Filtering In High Dimensions,2023,2023.csv
Cognitive Model Discovery via Disentangled RNNs,2023,2023.csv
ViCA-NeRF: View-Consistency-Aware 3D Editing of Neural Radiance Fields,2023,2023.csv
SHOT: Suppressing the Hessian along the Optimization Trajectory for Gradient-Based Meta-Learning,2023,2023.csv
VisionLLM: Large Language Model is also an Open-Ended Decoder for Vision-Centric Tasks,2023,2023.csv
Are aligned neural networks adversarially aligned?,2023,2023.csv
Regret Matching+: (In)Stability and Fast Convergence in Games,2023,2023.csv
For SALE: State-Action Representation Learning for Deep Reinforcement Learning,2023,2023.csv
First- and Second-Order Bounds for Adversarial Linear Contextual Bandits,2023,2023.csv
Density of States Prediction of Crystalline Materials via Prompt-guided Multi-Modal Transformer,2023,2023.csv
A Single-Loop Accelerated Extra-Gradient Difference Algorithm with Improved Complexity Bounds for Constrained Minimax Optimization,2023,2023.csv
Calibrated Stackelberg Games: Learning Optimal Commitments Against Calibrated Agents,2023,2023.csv
The Bayesian Stability Zoo,2023,2023.csv
Improving the Knowledge Gradient Algorithm,2023,2023.csv
Deep Optimal Transport: A Practical Algorithm for Photo-realistic Image Restoration,2023,2023.csv
Hierarchical Multi-Agent Skill Discovery,2023,2023.csv
Residual Q-Learning: Offline and Online Policy Customization without Value,2023,2023.csv
Approximation-Generalization Trade-offs under (Approximate) Group Equivariance,2023,2023.csv
"Embedding Space Interpolation Beyond Mini-Batch, Beyond Pairs and Beyond Examples",2023,2023.csv
Reinforcement Learning with Simple Sequence Priors,2023,2023.csv
One Less Reason for Filter Pruning: Gaining Free Adversarial Robustness with Structured Grouped Kernel Pruning,2023,2023.csv
Recurrent Hypernetworks are Surprisingly Strong in Meta-RL,2023,2023.csv
Diffusion Schrödinger Bridge Matching,2023,2023.csv
Metropolis Sampling for Constrained Diffusion Models,2023,2023.csv
Pruning vs Quantization: Which is Better?,2023,2023.csv
Stability Guarantees for Feature Attributions with Multiplicative Smoothing,2023,2023.csv
FETV: A Benchmark for Fine-Grained Evaluation of Open-Domain Text-to-Video Generation,2023,2023.csv
Faster Margin Maximization Rates for Generic Optimization Methods,2023,2023.csv
StateMask: Explaining Deep Reinforcement Learning through State Mask,2023,2023.csv
Managing Temporal Resolution in Continuous Value Estimation: A Fundamental Trade-off,2023,2023.csv
BERT Lost Patience Won't Be Robust to Adversarial Slowdown,2023,2023.csv
Regularity as Intrinsic Reward for Free Play,2023,2023.csv
A Recurrent Neural Circuit Mechanism of Temporal-scaling Equivariant Representation,2023,2023.csv
Sample Complexity of Goal-Conditioned Hierarchical Reinforcement Learning,2023,2023.csv
Sensitivity in Translation Averaging,2023,2023.csv
Outlier-Robust Wasserstein DRO,2023,2023.csv
Data-Dependent Bounds for Online Portfolio Selection Without Lipschitzness and Smoothness,2023,2023.csv
Certified Minimax Unlearning with Generalization Rates and Deletion Capacity,2023,2023.csv
Can Language Models Teach? Teacher Explanations Improve Student Performance via Personalization,2023,2023.csv
Clifford Group Equivariant Neural Networks,2023,2023.csv
C-Eval: A Multi-Level Multi-Discipline Chinese Evaluation Suite for Foundation Models,2023,2023.csv
Convergence analysis of ODE models for accelerated first-order methods via positive semidefinite kernels,2023,2023.csv
Curvature Filtrations for Graph Generative Model Evaluation,2023,2023.csv
DiffUTE: Universal Text Editing Diffusion Model,2023,2023.csv
Sampling weights of deep neural networks,2023,2023.csv
Going beyond persistent homology using persistent homology,2023,2023.csv
Fast Attention Requires Bounded Entries,2023,2023.csv
Explore to Generalize in Zero-Shot RL,2023,2023.csv
Abide by the law and follow the flow: conservation laws for gradient flows,2023,2023.csv
CoLLAT: On Adding Fine-grained Audio Understanding to Language Models using Token-Level Locked-Language Tuning,2023,2023.csv
Perceptual Kalman Filters: Online State Estimation under a Perfect Perceptual-Quality Constraint,2023,2023.csv
Robust Matrix Sensing in the Semi-Random Model,2023,2023.csv
Implicit variance regularization in non-contrastive SSL,2023,2023.csv
Wasserstein Quantum Monte Carlo: A Novel Approach for Solving the Quantum Many-Body Schrödinger Equation,2023,2023.csv
ATMAN: Understanding Transformer Predictions Through Memory Efficient Attention Manipulation,2023,2023.csv
Riemannian Residual Neural Networks,2023,2023.csv
Aligning Gradient and Hessian for Neural Signed Distance Function,2023,2023.csv
Inferring Hybrid Neural Fluid Fields from Videos,2023,2023.csv
Double and Single Descent in Causal Inference with an Application to High-Dimensional Synthetic Control,2023,2023.csv
IPMix: Label-Preserving Data Augmentation Method for Training Robust Classifiers,2023,2023.csv
Discovering Hierarchical Achievements in Reinforcement Learning via Contrastive Learning,2023,2023.csv
Prediction and Control in Continual Reinforcement Learning,2023,2023.csv
An Alternating Optimization Method for Bilevel Problems under the Polyak-Łojasiewicz Condition,2023,2023.csv
Topological RANSAC for instance verification and retrieval without fine-tuning,2023,2023.csv
Sub-optimality of the Naive Mean Field approximation for proportional high-dimensional Linear Regression,2023,2023.csv
Variational Annealing on Graphs for Combinatorial Optimization,2023,2023.csv
Fast Scalable and Accurate Discovery of DAGs Using the Best Order Score Search and Grow Shrink Trees,2023,2023.csv
Bayesian Active Causal Discovery with Multi-Fidelity Experiments,2023,2023.csv
Meta-Learning with Neural Bandit Scheduler,2023,2023.csv
ClusterFomer: Clustering As A Universal Visual Learner,2023,2023.csv
Dis-inhibitory neuronal circuits can control the sign of synaptic plasticity,2023,2023.csv
Accelerated Zeroth-order Method for Non-Smooth Stochastic Convex Optimization Problem with Infinite Variance,2023,2023.csv
Spike-driven Transformer,2023,2023.csv
Generator Identification for Linear SDEs with Additive and Multiplicative Noise,2023,2023.csv
Efficient Sampling of Stochastic Differential Equations with Positive Semi-Definite Models,2023,2023.csv
On the spectral bias of two-layer linear networks,2023,2023.csv
A graphon-signal analysis of graph neural networks,2023,2023.csv
Class-Conditional Conformal Prediction with Many Classes,2023,2023.csv
A Unified Model and Dimension for Interactive Estimation,2023,2023.csv
Lo-Hi: Practical ML Drug Discovery Benchmark,2023,2023.csv
Streaming PCA for Markovian Data,2023,2023.csv
Homotopy-based training of NeuralODEs for accurate dynamics discovery,2023,2023.csv
Learning List-Level Domain-Invariant Representations for Ranking,2023,2023.csv
SGFormer: Simplifying and Empowering Transformers for Large-Graph Representations,2023,2023.csv
Neural Circuits for Fast Poisson Compressed Sensing in the Olfactory Bulb,2023,2023.csv
Group Fairness in Peer Review,2023,2023.csv
Single-Call Stochastic Extragradient Methods for Structured Non-monotone Variational Inequalities: Improved Analysis under Weaker Conditions,2023,2023.csv
Leveraging the two-timescale regime to demonstrate convergence of neural networks,2023,2023.csv
Grammar Prompting for Domain-Specific Language Generation with  Large Language Models,2023,2023.csv
Don’t just prune by magnitude! Your mask topology is a secret weapon,2023,2023.csv
Primal-Attention: Self-attention through Asymmetric Kernel SVD in Primal Representation,2023,2023.csv
End-To-End Latent Variational Diffusion Models for Inverse Problems in High Energy Physics,2023,2023.csv
Dynamic Context Pruning for Efficient and Interpretable Autoregressive Transformers,2023,2023.csv
Meta-in-context learning in large language models,2023,2023.csv
Does a sparse ReLU network training problem always admit an optimum ?,2023,2023.csv
Knowledge Diffusion for Distillation,2023,2023.csv
Learning Rate Free Sampling in Constrained Domains,2023,2023.csv
BayesTune: Bayesian Sparse Deep Model Fine-tuning,2023,2023.csv
Fairness Continual Learning Approach to Semantic Scene Understanding in Open-World Environments,2023,2023.csv
Understanding Diffusion Objectives as the ELBO with Simple Data Augmentation,2023,2023.csv
Derandomized novelty detection with FDR control via conformal e-values,2023,2023.csv
Private (Stochastic) Non-Convex Optimization Revisited: Second-Order Stationary Points and Excess Risks,2023,2023.csv
Minimax Forward and Backward Learning of Evolving Tasks with Performance Guarantees,2023,2023.csv
TrojLLM: A Black-box Trojan Prompt Attack on Large Language Models,2023,2023.csv
Self-supervised video pretraining yields robust and more human-aligned visual representations,2023,2023.csv
Deep Contract Design via Discontinuous Networks,2023,2023.csv
ODE-based Recurrent Model-free Reinforcement Learning for POMDPs,2023,2023.csv
Riemannian SAM: Sharpness-Aware Minimization on Riemannian Manifolds,2023,2023.csv
Kernel Quadrature with Randomly Pivoted Cholesky,2023,2023.csv
Analyzing the Sample Complexity of Self-Supervised Image Reconstruction Methods,2023,2023.csv
AMDP: An Adaptive Detection Procedure for False Discovery Rate Control in High-Dimensional Mediation Analysis,2023,2023.csv
Strong and Precise Modulation of Human Percepts via Robustified ANNs,2023,2023.csv
Experimental Designs for Heteroskedastic Variance,2023,2023.csv
Robust low-rank training via approximate orthonormal constraints,2023,2023.csv
LEACE: Perfect linear concept erasure in closed form,2023,2023.csv
"Symmetry-Informed Geometric Representation for Molecules, Proteins, and Crystalline Materials",2023,2023.csv
Last-Iterate Convergent Policy Gradient Primal-Dual Methods for Constrained MDPs,2023,2023.csv
On the Overlooked Structure of Stochastic Gradients,2023,2023.csv
Provable convergence guarantees for black-box variational inference,2023,2023.csv
Seeing is not Believing: Robust Reinforcement Learning against Spurious Correlation,2023,2023.csv
Spontaneous symmetry breaking in generative diffusion models,2023,2023.csv
Decision-Aware Actor-Critic with Function Approximation and Theoretical Guarantees,2023,2023.csv
Structured Neural Networks for Density Estimation and Causal Inference,2023,2023.csv
Cheaply Estimating Inference Efficiency Metrics for Autoregressive Transformer Models,2023,2023.csv
"Feature Learning for Interpretable, Performant Decision Trees",2023,2023.csv
Particle-based Variational Inference with Generalized Wasserstein Gradient Flow,2023,2023.csv
PAC Learning Linear Thresholds from Label Proportions,2023,2023.csv
A new perspective on building efficient and expressive 3D equivariant graph neural networks,2023,2023.csv
Scalable Fair Influence Maximization,2023,2023.csv
Task Arithmetic in the Tangent Space: Improved Editing of Pre-Trained Models,2023,2023.csv
Convex-Concave Zero-Sum Markov Stackelberg Games,2023,2023.csv
Efficient Model-Free Exploration in Low-Rank MDPs,2023,2023.csv
StyleDrop: Text-to-Image Synthesis of Any Style,2023,2023.csv
Random Cuts are Optimal for Explainable k-Medians,2023,2023.csv
Improved Bayes Risk Can Yield Reduced Social Welfare Under Competition,2023,2023.csv
Exploiting hidden structures in non-convex games for convergence to Nash equilibrium,2023,2023.csv
Classical Simulation of Quantum Circuits: Parallel Environments and Benchmark,2023,2023.csv
State2Explanation: Concept-Based Explanations to Benefit Agent Learning and User Understanding,2023,2023.csv
Machine learning detects terminal singularities,2023,2023.csv
CamoPatch: An Evolutionary Strategy for Generating Camoflauged Adversarial Patches,2023,2023.csv
Selective Sampling and Imitation Learning via Online Regression,2023,2023.csv
Learning Regularized Monotone Graphon Mean-Field Games,2023,2023.csv
PDE-Refiner: Achieving Accurate Long Rollouts with Neural PDE Solvers,2023,2023.csv
Multi-scale Diffusion Denoised Smoothing,2023,2023.csv
An Improved Relaxation for Oracle-Efficient Adversarial Contextual Bandits,2023,2023.csv
State Sequences Prediction via Fourier Transform for Representation Learning,2023,2023.csv
The Crucial Role of Normalization in Sharpness-Aware Minimization,2023,2023.csv
COOM: A Game Benchmark for Continual Reinforcement Learning,2023,2023.csv
Policy Space Diversity for Non-Transitive Games,2023,2023.csv
Eliminating Catastrophic Overfitting Via Abnormal Adversarial Examples Regularization,2023,2023.csv
Reliable Off-Policy Learning for Dosage Combinations,2023,2023.csv
Hardware Resilience Properties of Text-Guided Image Classifiers,2023,2023.csv
A Unified Algorithm Framework for Unsupervised Discovery of Skills based on Determinantal Point Process,2023,2023.csv
DESSERT: An Efficient Algorithm for Vector Set Search with Vector Set Queries,2023,2023.csv
Dynamic Sparsity Is Channel-Level Sparsity Learner,2023,2023.csv
SEEDS: Exponential SDE Solvers for Fast High-Quality Sampling from Diffusion Models,2023,2023.csv
Robust Multi-Agent Reinforcement Learning via Adversarial Regularization: Theoretical Foundation and Stable Algorithms,2023,2023.csv
Private estimation algorithms for stochastic block models and mixture models,2023,2023.csv
Nearly Optimal Bounds for Cyclic Forgetting,2023,2023.csv
Understanding and Improving Feature Learning for Out-of-Distribution Generalization,2023,2023.csv
Towards Semi-Structured Automatic ICD Coding via Tree-based Contrastive Learning,2023,2023.csv
"Train Hard, Fight Easy: Robust Meta Reinforcement Learning",2023,2023.csv
Stable Vectorization of Multiparameter Persistent Homology using Signed Barcodes as Measures,2023,2023.csv
Model-Based Reparameterization Policy Gradient Methods: Theory and Practical Algorithms,2023,2023.csv
Structured Neural-PI Control with End-to-End Stability and Output Tracking Guarantees,2023,2023.csv
Toolformer: Language Models Can Teach Themselves to Use Tools,2023,2023.csv
Proximity-Informed Calibration for Deep Neural Networks,2023,2023.csv
The probability flow ODE is provably fast,2023,2023.csv
Faster Discrete Convex Function Minimization with Predictions: The M-Convex Case,2023,2023.csv
Individual Arbitrariness and Group Fairness,2023,2023.csv
ASPEN: Breaking Operator Barriers for Efficient Parallelization of Deep Neural Networks,2023,2023.csv
A Regularized Conditional GAN for Posterior Sampling in Image Recovery Problems,2023,2023.csv
Would I have gotten that reward? Long-term credit assignment by counterfactual contribution analysis,2023,2023.csv
Parallel Submodular Function Minimization,2023,2023.csv
Tight Risk Bounds for Gradient Descent on Separable Data,2023,2023.csv
Rewrite Caption Semantics: Bridging Semantic Gaps for Language-Supervised Semantic Segmentation,2023,2023.csv
Scenario Diffusion: Controllable Driving Scenario Generation With Diffusion,2023,2023.csv
Human-Guided Complexity-Controlled Abstractions,2023,2023.csv
Label-Only Model Inversion Attacks via Knowledge Transfer,2023,2023.csv
On the Adversarial Robustness of Out-of-distribution Generalization Models,2023,2023.csv
Double Randomized Underdamped Langevin with Dimension-Independent Convergence Guarantee,2023,2023.csv
Utilitarian Algorithm Configuration,2023,2023.csv
Non-Asymptotic Analysis of a UCB-based Top Two Algorithm,2023,2023.csv
Statistical and Computational Trade-off in Multi-Agent Multi-Armed Bandits,2023,2023.csv
3D molecule generation by denoising voxel grids,2023,2023.csv
Hierarchical Decomposition of Prompt-Based Continual Learning: Rethinking Obscured Sub-optimality,2023,2023.csv
Accessing Higher Dimensions for Unsupervised Word Translation,2023,2023.csv
Inverse Reinforcement Learning with the Average Reward Criterion,2023,2023.csv
Normalization Layers Are All That Sharpness-Aware Minimization Needs,2023,2023.csv
Privacy Amplification via Compression: Achieving the Optimal Privacy-Accuracy-Communication Trade-off in Distributed Mean Estimation,2023,2023.csv
Robust Bayesian Satisficing,2023,2023.csv
Information-guided Planning: An Online Approach for Partially Observable Problems,2023,2023.csv
Neural Modulation for Flash Memory: An Unsupervised Learning Framework for Improved Reliability,2023,2023.csv
Bayesian Metric Learning for Uncertainty Quantification in Image Retrieval,2023,2023.csv
On the Generalization Error of Stochastic Mirror Descent for Quadratically-Bounded Losses: an Improved Analysis,2023,2023.csv
MG-ViT: A Multi-Granularity Method for Compact and Efficient Vision Transformers,2023,2023.csv
Recursion in Recursion: Two-Level Nested Recursion for Length Generalization with Scalability,2023,2023.csv
Framework and Benchmarks for Combinatorial and Mixed-variable Bayesian Optimization,2023,2023.csv
Anonymous and Copy-Robust Delegations for Liquid Democracy,2023,2023.csv
KD-Zero: Evolving Knowledge Distiller for Any Teacher-Student Pairs,2023,2023.csv
DynPoint: Dynamic Neural Point For View Synthesis,2023,2023.csv
Data-driven Optimal Filtering for Linear Systems with Unknown Noise Covariances,2023,2023.csv
Representation Equivalent Neural Operators: a Framework for Alias-free Operator Learning,2023,2023.csv
Unsupervised Anomaly Detection with Rejection,2023,2023.csv
ChatGPT-Powered Hierarchical Comparisons for Image Classification,2023,2023.csv
Module-wise Adaptive Distillation for Multimodality Foundation Models,2023,2023.csv
Evaluating Cognitive Maps and Planning in Large Language Models with CogEval,2023,2023.csv
Iterative Reachability Estimation for Safe Reinforcement Learning,2023,2023.csv
Unsupervised Image Denoising with Score Function,2023,2023.csv
Guiding The Last Layer in Federated Learning with Pre-Trained Models,2023,2023.csv
GLEMOS: Benchmark for Instantaneous Graph Learning Model Selection,2023,2023.csv
Unbiased learning of deep generative models with structured discrete representations,2023,2023.csv
Thrust: Adaptively Propels Large Language Models with External Knowledge,2023,2023.csv
OneNet: Enhancing Time Series Forecasting Models under Concept Drift by Online Ensembling,2023,2023.csv
"Three-Way Trade-Off in Multi-Objective Learning: Optimization, Generalization and Conflict-Avoidance",2023,2023.csv
From Trainable Negative Depth to Edge Heterophily in Graphs,2023,2023.csv
GPT-ST: Generative Pre-Training of Spatio-Temporal Graph Neural Networks,2023,2023.csv
Direct Preference-based Policy Optimization without Reward Modeling,2023,2023.csv
On the Identifiability and Interpretability of Gaussian Process Models,2023,2023.csv
Towards a fuller understanding of neurons with Clustered Compositional Explanations,2023,2023.csv
Faster approximate subgraph counts with privacy,2023,2023.csv
ScaleLong: Towards More Stable Training of Diffusion Model via Scaling Network Long Skip Connection,2023,2023.csv
Recasting Continual Learning as Sequence Modeling,2023,2023.csv
Multiply Robust Federated Estimation of Targeted Average Treatment Effects,2023,2023.csv
Learning Motion Refinement for Unsupervised Face Animation,2023,2023.csv
Bifurcations and loss jumps in RNN training,2023,2023.csv
Masked Space-Time Hash Encoding for Efficient Dynamic Scene Reconstruction,2023,2023.csv
Learning Visual Prior via Generative Pre-Training,2023,2023.csv
Operator Learning with Neural Fields: Tackling PDEs on General Geometries,2023,2023.csv
Finding Safe Zones of Markov Decision Processes Policies,2023,2023.csv
Adversarial Counterfactual Environment Model Learning,2023,2023.csv
Towards Revealing the Mystery behind Chain of Thought: A Theoretical Perspective,2023,2023.csv
Zero-One Laws of Graph Neural Networks,2023,2023.csv
Training-free Diffusion Model Adaptation for Variable-Sized Text-to-Image Synthesis,2023,2023.csv
Distributed Personalized Empirical Risk Minimization,2023,2023.csv
Efficient Algorithms for Generalized Linear Bandits with Heavy-tailed Rewards,2023,2023.csv
Analyzing Generalization of Neural Networks through Loss Path Kernels,2023,2023.csv
Operation-Level Early Stopping for Robustifying Differentiable NAS,2023,2023.csv
CoDet: Co-occurrence Guided Region-Word Alignment for Open-Vocabulary Object Detection,2023,2023.csv
On the Complexity of Differentially Private Best-Arm Identification with Fixed Confidence,2023,2023.csv
PromptIR: Prompting for All-in-One Image Restoration,2023,2023.csv
An Optimization-based Approach To Node Role Discovery in Networks: Approximating Equitable Partitions,2023,2023.csv
Evaluating the Robustness of Interpretability Methods through Explanation Invariance and Equivariance,2023,2023.csv
Back-Modality: Leveraging Modal Transformation for Data Augmentation,2023,2023.csv
Gradient-Based Feature Learning under Structured Data,2023,2023.csv
Lower Bounds on Adaptive Sensing for Matrix Recovery,2023,2023.csv
An Exploration-by-Optimization Approach to Best of Both Worlds in Linear Bandits,2023,2023.csv
The expressive power of pooling in Graph Neural Networks,2023,2023.csv
Cal-DETR: Calibrated Detection Transformer,2023,2023.csv
Trajectory Alignment: Understanding the Edge of Stability Phenomenon via Bifurcation Theory,2023,2023.csv
On Generalization Bounds for Projective Clustering,2023,2023.csv
Resilient Constrained Learning,2023,2023.csv
Recovering Simultaneously Structured Data via Non-Convex Iteratively Reweighted Least Squares,2023,2023.csv
Error Bounds for Learning with Vector-Valued Random Features,2023,2023.csv
Scan and Snap: Understanding Training Dynamics and Token Composition in 1-layer Transformer,2023,2023.csv
Stein $\Pi$-Importance Sampling,2023,2023.csv
Reinforcement Learning with Fast and Forgetful Memory,2023,2023.csv
The s-value: evaluating stability with respect to distributional shifts,2023,2023.csv
Out-of-distribution Detection Learning with Unreliable Out-of-distribution Sources,2023,2023.csv
Clustering the Sketch: Dynamic Compression for Embedding Tables,2023,2023.csv
Data Minimization at Inference Time,2023,2023.csv
Learning Adaptive Tensorial Density Fields for Clean Cryo-ET Reconstruction,2023,2023.csv
Resetting the Optimizer in Deep RL: An Empirical Study,2023,2023.csv
Grassmann Manifold Flows for Stable Shape Generation,2023,2023.csv
A Unifying Perspective on Multi-Calibration: Game Dynamics for Multi-Objective Learning,2023,2023.csv
Not All Neuro-Symbolic Concepts Are Created Equal: Analysis and Mitigation of Reasoning Shortcuts,2023,2023.csv
Contrastive Moments: Unsupervised Halfspace Learning in Polynomial Time,2023,2023.csv
AlberDICE: Addressing Out-Of-Distribution Joint Actions in Offline Multi-Agent RL via Alternating Stationary Distribution Correction Estimation,2023,2023.csv
Approximate inference of marginals using the IBIA framework,2023,2023.csv
DASpeech: Directed Acyclic Transformer for Fast and High-quality Speech-to-Speech Translation,2023,2023.csv
Bicriteria Approximation Algorithms for the Submodular Cover Problem,2023,2023.csv
Responsible AI (RAI) Games and Ensembles,2023,2023.csv
May the Force be with You: Unified Force-Centric Pre-Training for 3D Molecular Conformations,2023,2023.csv
Deep Fractional Fourier Transform,2023,2023.csv
Survival Permanental Processes for Survival Analysis with Time-Varying Covariates,2023,2023.csv
Bayesian Learning via Q-Exponential Process,2023,2023.csv
"Facing Off World Model Backbones: RNNs, Transformers, and S4",2023,2023.csv
Inserting Anybody in Diffusion Models via Celeb Basis,2023,2023.csv
TFLEX: Temporal Feature-Logic Embedding Framework for Complex Reasoning over Temporal Knowledge Graph,2023,2023.csv
Successor-Predecessor Intrinsic Exploration,2023,2023.csv
"StyleGAN knows Normal, Depth, Albedo, and More",2023,2023.csv
Learning Large-Scale MTP$_2$ Gaussian Graphical Models via Bridge-Block Decomposition,2023,2023.csv
Collaborative Score Distillation for Consistent Visual Editing,2023,2023.csv
FLuID: Mitigating Stragglers in Federated Learning using Invariant Dropout,2023,2023.csv
Learning to Augment Distributions for Out-of-distribution Detection,2023,2023.csv
Covariance-adaptive best arm identification,2023,2023.csv
Minigrid & Miniworld: Modular & Customizable Reinforcement Learning Environments for Goal-Oriented Tasks,2023,2023.csv
Swarm Reinforcement Learning for Adaptive Mesh Refinement,2023,2023.csv
Cross-Domain Policy Adaptation via Value-Guided Data Filtering,2023,2023.csv
Connecting Certified and Adversarial Training,2023,2023.csv
Effectively Learning Initiation Sets in Hierarchical Reinforcement Learning,2023,2023.csv
The Behavior and Convergence of Local Bayesian Optimization,2023,2023.csv
Contrastive Sampling Chains in Diffusion Models,2023,2023.csv
ReMaX: Relaxing for Better Training on Efficient Panoptic Segmentation,2023,2023.csv
Effective Robustness against Natural Distribution Shifts for Models with Different Training Data,2023,2023.csv
Disentangled Wasserstein Autoencoder for T-Cell Receptor Engineering,2023,2023.csv
Model-free Posterior Sampling via Learning Rate Randomization,2023,2023.csv
A Theoretical Analysis of Optimistic Proximal Policy Optimization in Linear Markov Decision Processes,2023,2023.csv
Implicit Variational Inference for High-Dimensional Posteriors,2023,2023.csv
TriRE: A Multi-Mechanism Learning Paradigm for Continual Knowledge Retention and Promotion,2023,2023.csv
k-Median Clustering via Metric Embedding: Towards Better Initialization with Differential Privacy,2023,2023.csv
Towards a Unified Analysis of Kernel-based Methods Under Covariate Shift,2023,2023.csv
Learning Functional Transduction,2023,2023.csv
Dual Self-Awareness Value Decomposition Framework without Individual Global Max for Cooperative MARL,2023,2023.csv
Modality-Agnostic Self-Supervised Learning with Meta-Learned Masked Auto-Encoder,2023,2023.csv
DiffAttack: Evasion Attacks Against Diffusion-Based Adversarial Purification,2023,2023.csv
Squared Neural Families: A New Class of Tractable Density Models,2023,2023.csv
Michelangelo: Conditional 3D Shape Generation based on Shape-Image-Text Aligned Latent Representation,2023,2023.csv
Estimating Riemannian Metric with Noise-Contaminated Intrinsic Distance,2023,2023.csv
Inner Product-based Neural Network Similarity,2023,2023.csv
Many-body Approximation for Non-negative Tensors,2023,2023.csv
Breaking the Communication-Privacy-Accuracy Tradeoff with $f$-Differential Privacy,2023,2023.csv
State-space models with layer-wise nonlinearity are universal approximators with exponential decaying memory,2023,2023.csv
Characterization and Learning of Causal Graphs with Small Conditioning Sets,2023,2023.csv
Finite Population Regression Adjustment and Non-asymptotic Guarantees for Treatment Effect Estimation,2023,2023.csv
Implicit Bias of Gradient Descent for Logistic Regression at the Edge of Stability,2023,2023.csv
Theoretical Analysis of the Inductive Biases in Deep Convolutional Networks,2023,2023.csv
H-InDex: Visual Reinforcement Learning with Hand-Informed Representations for Dexterous Manipulation,2023,2023.csv
DynGFN: Towards Bayesian Inference of Gene Regulatory Networks with GFlowNets,2023,2023.csv
RaLEs: a Benchmark for Radiology Language Evaluations,2023,2023.csv
Where Did I Come From? Origin Attribution of AI-Generated Images,2023,2023.csv
Augmenting Language Models with Long-Term Memory,2023,2023.csv
Rethinking Incentives in Recommender Systems: Are Monotone Rewards Always Beneficial?,2023,2023.csv
Unconstrained Dynamic Regret via Sparse Coding,2023,2023.csv
Replicability in Reinforcement Learning,2023,2023.csv
Probabilistic Invariant Learning with Randomized Linear Classifiers,2023,2023.csv
Trial matching: capturing variability with data-constrained spiking neural networks,2023,2023.csv
Decentralized Randomly Distributed Multi-agent Multi-armed Bandit with Heterogeneous Rewards,2023,2023.csv
(Amplified) Banded Matrix Factorization: A unified approach to private training,2023,2023.csv
Anchor Data Augmentation,2023,2023.csv
The noise level in linear regression with dependent data,2023,2023.csv
SafeDICE: Offline Safe Imitation Learning with Non-Preferred Demonstrations,2023,2023.csv
Language Models Don't Always Say What They Think: Unfaithful Explanations in Chain-of-Thought Prompting,2023,2023.csv
Language-based Action Concept Spaces Improve Video Self-Supervised Learning,2023,2023.csv
Static and Sequential Malicious Attacks in the Context of Selective Forgetting,2023,2023.csv
Advice Querying under Budget Constraint for Online Algorithms,2023,2023.csv
Quantizable Transformers: Removing Outliers by Helping Attention Heads Do Nothing,2023,2023.csv
DIFFER:Decomposing Individual Reward for Fair Experience Replay in Multi-Agent Reinforcement Learning,2023,2023.csv
Adversarial Training from Mean Field Perspective,2023,2023.csv
MMD-Fuse: Learning and Combining Kernels for Two-Sample Testing Without Data Splitting,2023,2023.csv
Streaming Algorithms and Lower Bounds for Estimating Correlation Clustering Cost,2023,2023.csv
DAC-DETR: Divide the Attention Layers and Conquer,2023,2023.csv
Episodic Multi-Task Learning with Heterogeneous Neural Processes,2023,2023.csv
Knowledge Distillation Performs Partial Variance Reduction,2023,2023.csv
Towards Stable Backdoor Purification through Feature Shift Tuning,2023,2023.csv
Langevin Quasi-Monte Carlo,2023,2023.csv
Language Models Meet World Models: Embodied Experiences Enhance Language Models,2023,2023.csv
Activity Grammars for Temporal Action Segmentation,2023,2023.csv
SANFlow: Semantic-Aware Normalizing Flow for Anomaly Detection,2023,2023.csv
On Convergence of Polynomial Approximations to the Gaussian Mixture Entropy,2023,2023.csv
On the Convergence to a Global Solution of Shuffling-Type Gradient Algorithms,2023,2023.csv
Entropic Neural Optimal Transport via Diffusion Processes,2023,2023.csv
Evaluating Robustness and Uncertainty of Graph Models Under Structural Distributional Shifts,2023,2023.csv
Learning Causal Models under Independent Changes,2023,2023.csv
Brain Diffusion for Visual Exploration: Cortical Discovery using Large Scale Generative Models,2023,2023.csv
A Finite-Sample Analysis of Payoff-Based Independent Learning in Zero-Sum Stochastic Games,2023,2023.csv
Sketchy: Memory-efficient Adaptive Regularization with Frequent Directions,2023,2023.csv
On the Planning Abilities of Large Language Models - A Critical Investigation,2023,2023.csv
How does GPT-2 compute greater-than?: Interpreting mathematical abilities in a pre-trained language model,2023,2023.csv
Latent SDEs on Homogeneous Spaces,2023,2023.csv
GLOBER: Coherent Non-autoregressive Video Generation via GLOBal Guided Video DecodER,2023,2023.csv
Preconditioning Matters: Fast Global Convergence of Non-convex Matrix Factorization via Scaled Gradient Descent,2023,2023.csv
Computational Complexity of Learning Neural Networks: Smoothness and Degeneracy,2023,2023.csv
Deep Gaussian Markov Random Fields for Graph-Structured Dynamical Systems,2023,2023.csv
LoCoOp: Few-Shot Out-of-Distribution Detection via Prompt Learning,2023,2023.csv
Adversarially Robust Distributed Count Tracking via Partial Differential Privacy,2023,2023.csv
AdANNS: A Framework for Adaptive Semantic Search,2023,2023.csv
Energy-Based Cross Attention for Bayesian Context Update in Text-to-Image Diffusion Models,2023,2023.csv
Optimal Algorithms for the Inhomogeneous Spiked Wigner Model,2023,2023.csv
Momentum Provably Improves Error Feedback!,2023,2023.csv
Optimal Convergence Rate for Exact Policy Mirror Descent in Discounted Markov Decision Processes,2023,2023.csv
Frequency-domain MLPs are More Effective Learners in Time Series Forecasting,2023,2023.csv
Beyond Exponential Graph: Communication-Efficient Topologies for Decentralized Learning via Finite-time Convergence,2023,2023.csv
Alternating Updates for Efficient Transformers,2023,2023.csv
The Tunnel Effect: Building Data Representations in Deep Neural Networks,2023,2023.csv
Constructing Non-isotropic Gaussian Diffusion Model Using Isotropic Gaussian Diffusion Model for Image Editing,2023,2023.csv
Interpretable Prototype-based Graph Information Bottleneck,2023,2023.csv
Restart Sampling for Improving Generative Processes,2023,2023.csv
GAUCHE: A Library for Gaussian Processes in Chemistry,2023,2023.csv
Exponentially Convergent Algorithms for Supervised Matrix Factorization,2023,2023.csv
Differentially Private Statistical Inference through $\beta$-Divergence One Posterior Sampling,2023,2023.csv
Doubly Robust Augmented Transfer for Meta-Reinforcement Learning,2023,2023.csv
Spectral Entry-wise Matrix Estimation for Low-Rank Reinforcement Learning,2023,2023.csv
Adaptive Principal Component Regression with Applications to Panel Data,2023,2023.csv
One-step differentiation of iterative algorithms,2023,2023.csv
The Best of Both Worlds in Network Population Games: Reaching Consensus and Convergence to Equilibrium,2023,2023.csv
Convolutional Neural Operators for robust and accurate learning of PDEs,2023,2023.csv
Self-Adaptive Motion Tracking against On-body Displacement of Flexible Sensors,2023,2023.csv
Black-Box Differential Privacy for Interactive ML,2023,2023.csv
Mnemosyne: Learning to Train Transformers with Transformers,2023,2023.csv
BQ-NCO: Bisimulation Quotienting for Efficient Neural Combinatorial Optimization,2023,2023.csv
Neural Functional Transformers,2023,2023.csv
How to Turn Your Knowledge Graph Embeddings into Generative Models,2023,2023.csv
Bypassing spike sorting: Density-based decoding using spike localization from dense multielectrode probes,2023,2023.csv
Monarch Mixer: A Simple Sub-Quadratic GEMM-Based Architecture,2023,2023.csv
Anytime-Competitive Reinforcement Learning with Policy Prior,2023,2023.csv
Metis: Understanding and Enhancing In-Network Regular Expressions,2023,2023.csv
Context-lumpable stochastic bandits,2023,2023.csv
Waypoint Transformer: Reinforcement Learning via Supervised Learning with Intermediate Targets,2023,2023.csv
Should Under-parameterized Student Networks Copy or Average Teacher Weights?,2023,2023.csv
Granger Components Analysis: Unsupervised learning of latent temporal dependencies,2023,2023.csv
Monte Carlo Tree Search with Boltzmann Exploration,2023,2023.csv
False Discovery Proportion control for aggregated Knockoffs,2023,2023.csv
Large Language Models Are Semi-Parametric Reinforcement Learning Agents,2023,2023.csv
Amortized Reparametrization: Efficient and Scalable Variational Inference for Latent SDEs,2023,2023.csv
Collapsed Inference for Bayesian Deep Learning,2023,2023.csv
Kiki or Bouba? Sound Symbolism in Vision-and-Language Models,2023,2023.csv
Contextual Stochastic Bilevel Optimization,2023,2023.csv
Accelerating Motion Planning via Optimal Transport,2023,2023.csv
Decompose a Task into Generalizable Subtasks in Multi-Agent Reinforcement Learning,2023,2023.csv
The Equivalence of Dynamic and Strategic Stability under Regularized Learning in Games,2023,2023.csv
$L_2$-Uniform Stability of Randomized Learning Algorithms: Sharper Generalization Bounds and Confidence Boosting,2023,2023.csv
Block Coordinate Plug-and-Play Methods for Blind Inverse Problems,2023,2023.csv
T2I-CompBench: A Comprehensive Benchmark for Open-world Compositional Text-to-image Generation,2023,2023.csv
Bounding training data reconstruction in DP-SGD,2023,2023.csv
Neural Processes with Stability,2023,2023.csv
Multi-Agent Learning with Heterogeneous Linear Contextual Bandits,2023,2023.csv
MEGABYTE: Predicting Million-byte Sequences with Multiscale Transformers,2023,2023.csv
CQM: Curriculum Reinforcement Learning with a Quantized World Model,2023,2023.csv
Debiasing Conditional Stochastic Optimization,2023,2023.csv
CoPriv: Network/Protocol Co-Optimization for Communication-Efficient Private Inference,2023,2023.csv
Generalized equivalences between subsampling and ridge regularization,2023,2023.csv
DISCS: A Benchmark for Discrete Sampling,2023,2023.csv
Alternating Gradient Descent and Mixture-of-Experts for Integrated Multimodal Perception,2023,2023.csv
Learning Cuts via Enumeration Oracles,2023,2023.csv
Self-Correcting Bayesian Optimization through Bayesian Active Learning,2023,2023.csv
A unified framework for information-theoretic generalization bounds,2023,2023.csv
On the Role of Randomization in Adversarially Robust Classification,2023,2023.csv
Controlling Text-to-Image Diffusion by Orthogonal Finetuning,2023,2023.csv
NCDL:  A Framework for Deep Learning on non-Cartesian Lattices,2023,2023.csv
Auditing for Human Expertise,2023,2023.csv
On Robust Streaming for Learning with Experts: Algorithms and Lower Bounds,2023,2023.csv
Functional Equivalence and Path Connectivity of Reducible Hyperbolic Tangent Networks,2023,2023.csv
Stochastic Optimal Control for Collective Variable Free Sampling of Molecular Transition Paths,2023,2023.csv
The Graph Pencil Method: Mapping Subgraph Densities to Stochastic Block Models,2023,2023.csv
Sample-efficient Multi-objective Molecular Optimization with GFlowNets,2023,2023.csv
On the Robustness of Removal-Based Feature Attributions,2023,2023.csv
DeepSimHO: Stable Pose Estimation for Hand-Object Interaction via Physics Simulation,2023,2023.csv
Towards Data-Algorithm Dependent Generalization: a Case Study on Overparameterized Linear Regression,2023,2023.csv
Global Structure-Aware Diffusion Process for Low-light Image Enhancement,2023,2023.csv
SegRefiner: Towards Model-Agnostic Segmentation Refinement with Discrete Diffusion Process,2023,2023.csv
FedGCN: Convergence-Communication Tradeoffs in Federated Training of Graph Convolutional Networks,2023,2023.csv
On Masked Pre-training and the Marginal Likelihood,2023,2023.csv
Invariant Learning via Probability of Sufficient and Necessary Causes,2023,2023.csv
Smoothed Analysis of Sequential Probability Assignment,2023,2023.csv
Online POMDP Planning with Anytime Deterministic Guarantees,2023,2023.csv
The Curious Price of Distributional Robustness in Reinforcement Learning with a Generative Model,2023,2023.csv
Strategic Apple Tasting,2023,2023.csv
GAIA: Delving into Gradient-based Attribution Abnormality for Out-of-distribution Detection,2023,2023.csv
Context-guided Embedding Adaptation for Effective Topic Modeling in Low-Resource Regimes,2023,2023.csv
A Riemannian Exponential Augmented Lagrangian Method for Computing the Projection Robust Wasserstein Distance,2023,2023.csv
Discovering General Reinforcement Learning Algorithms with Adversarial Environment Design,2023,2023.csv
New Bounds for Hyperparameter Tuning of Regression Problems Across Instances,2023,2023.csv
Jailbroken: How Does LLM Safety Training Fail?,2023,2023.csv
Conditional Mutual Information for Disentangled Representations in Reinforcement Learning,2023,2023.csv
LogSpecT: Feasible Graph Learning Model from Stationary Signals with Recovery Guarantees,2023,2023.csv
Depth-discriminative Metric Learning for Monocular 3D Object Detection,2023,2023.csv
"Comparing Causal Frameworks: Potential Outcomes, Structural Models, Graphs, and Abstractions",2023,2023.csv
PLANNER: Generating Diversified Paragraph via Latent Language Diffusion Model,2023,2023.csv
Generalized Bayesian Inference for Scientific Simulators via Amortized Cost Estimation,2023,2023.csv
Mitigating Over-smoothing in Transformers via Regularized Nonlocal Functionals,2023,2023.csv
On the Role of Noise in the Sample Complexity of Learning Recurrent Neural Networks: Exponential Gaps for Long Sequences,2023,2023.csv
Provably Bounding Neural Network Preimages,2023,2023.csv
Decision Stacks: Flexible Reinforcement Learning via Modular Generative Models,2023,2023.csv
Conformal Prediction for Uncertainty-Aware Planning with Diffusion Dynamics Model,2023,2023.csv
Max-Sliced Mutual Information,2023,2023.csv
SLM: A Smoothed First-Order Lagrangian Method for Structured Constrained Nonconvex Optimization,2023,2023.csv
Rehearsal Learning for Avoiding Undesired Future,2023,2023.csv
Errors-in-variables Fr\'echet Regression with Low-rank Covariate Approximation,2023,2023.csv
Model and Feature Diversity for Bayesian Neural Networks in Mutual Learning,2023,2023.csv
Optimal testing using combined test statistics across independent studies,2023,2023.csv
Convolutional State Space Models for Long-Range Spatiotemporal Modeling,2023,2023.csv
Regret-Optimal Model-Free Reinforcement Learning for Discounted MDPs with Short Burn-In Time,2023,2023.csv
"CRoSS: Diffusion Model Makes Controllable, Robust and Secure Image Steganography",2023,2023.csv
Geometric Order Learning for Rank Estimation,2022,2022.csv
Fast Bayesian Coresets via Subsampling and Quasi-Newton Refinement,2022,2022.csv
Adaptive Interest for Emphatic Reinforcement Learning,2022,2022.csv
On Sample Optimality in Personalized Collaborative and Federated Learning,2022,2022.csv
Theory and Approximate Solvers for Branched Optimal Transport with Multiple Sources,2022,2022.csv
Decentralized Gossip-Based Stochastic Bilevel Optimization over Communication Networks,2022,2022.csv
Active Ranking without Strong Stochastic Transitivity,2022,2022.csv
CHIMLE: Conditional Hierarchical IMLE for Multimodal Conditional Image Synthesis,2022,2022.csv
Diffusion Visual Counterfactual Explanations,2022,2022.csv
On-Demand Sampling: Learning Optimally from Multiple Distributions,2022,2022.csv
Asynchronous SGD Beats Minibatch SGD Under Arbitrary Delays,2022,2022.csv
Coresets for Relational Data and The Applications,2022,2022.csv
Generating Training Data with Language Models: Towards Zero-Shot Language Understanding,2022,2022.csv
Markovian Interference in Experiments,2022,2022.csv
Identifiability and generalizability from multiple experts in Inverse Reinforcement Learning,2022,2022.csv
Provably Efficient Reinforcement Learning in Partially Observable Dynamical Systems,2022,2022.csv
Off-Policy Evaluation for Episodic Partially Observable Markov Decision Processes under Non-Parametric Models,2022,2022.csv
Parallel Tempering With a Variational Reference,2022,2022.csv
Tiered Reinforcement Learning: Pessimism in the Face of Uncertainty and Constant Regret,2022,2022.csv
Decoupled Self-supervised Learning for Graphs,2022,2022.csv
Shadow Knowledge Distillation: Bridging Offline and Online Knowledge Transfer,2022,2022.csv
Efficient Knowledge Distillation from Model Checkpoints,2022,2022.csv
Between Stochastic and Adversarial Online Convex Optimization: Improved Regret Bounds via Smoothness,2022,2022.csv
Early Stage Convergence and Global Convergence of Training Mildly Parameterized Neural Networks,2022,2022.csv
Differentially Private Learning Needs Hidden State (Or Much Faster Convergence),2022,2022.csv
BR-SNIS: Bias Reduced Self-Normalized Importance Sampling,2022,2022.csv
Learning to Configure Computer Networks with Neural Algorithmic Reasoning,2022,2022.csv
Multi-Class $H$-Consistency Bounds,2022,2022.csv
Queue Up Your Regrets: Achieving the Dynamic Capacity Region of Multiplayer Bandits,2022,2022.csv
On the Frequency-bias of Coordinate-MLPs,2022,2022.csv
Trimmed Maximum Likelihood Estimation for Robust Generalized Linear Model,2022,2022.csv
Differentially Private Covariance Revisited,2022,2022.csv
Mask Matching Transformer for Few-Shot Segmentation,2022,2022.csv
Learning Probabilistic Models from Generator Latent Spaces with Hat EBM,2022,2022.csv
Environment Diversification with Multi-head Neural Network for Invariant Learning,2022,2022.csv
Why Do Artificially Generated Data Help Adversarial Robustness,2022,2022.csv
DOPE: Doubly Optimistic and Pessimistic Exploration for Safe Reinforcement Learning,2022,2022.csv
Improved Regret Analysis for Variance-Adaptive Linear Bandits and Horizon-Free Linear Mixture MDPs,2022,2022.csv
Efficient Multi-agent Communication via Self-supervised Information Aggregation,2022,2022.csv
Accelerated Training of Physics-Informed Neural Networks (PINNs) using Meshless Discretizations,2022,2022.csv
Communication-Efficient Topologies for Decentralized Learning with $O(1)$ Consensus Rate,2022,2022.csv
Understanding Hyperdimensional Computing for Parallel Single-Pass Learning,2022,2022.csv
Pre-trained Adversarial Perturbations,2022,2022.csv
MABSplit: Faster Forest Training Using Multi-Armed Bandits,2022,2022.csv
Controlled Sparsity via Constrained Optimization or: How I Learned to Stop Tuning Penalties and Love Constraints,2022,2022.csv
Predictive Coding beyond Gaussian Distributions,2022,2022.csv
Boosting Barely Robust Learners: A New Perspective on Adversarial Robustness,2022,2022.csv
Decision-Focused Learning without Decision-Making: Learning Locally Optimized Decision Losses,2022,2022.csv
Neural Stochastic PDEs: Resolution-Invariant Learning of Continuous Spatiotemporal Dynamics,2022,2022.csv
Riemannian Neural SDE: Learning Stochastic Representations on Manifolds,2022,2022.csv
"Learning in Observable POMDPs, without Computationally Intractable Oracles",2022,2022.csv
Multi-Sample Training for Neural Image Compression,2022,2022.csv
Learning to Navigate Wikipedia by Taking Random Walks,2022,2022.csv
Provable Subspace Identification Under Post-Nonlinear Mixtures,2022,2022.csv
AdaFocal: Calibration-aware Adaptive Focal Loss,2022,2022.csv
Learning Robust Dynamics through Variational Sparse Gating,2022,2022.csv
Maximizing Revenue under Market Shrinkage and Market Uncertainty,2022,2022.csv
General Cutting Planes for Bound-Propagation-Based Neural Network Verification,2022,2022.csv
An $\alpha$-regret analysis of Adversarial Bilateral Trade,2022,2022.csv
LDSA: Learning Dynamic Subtask Assignment in Cooperative Multi-Agent Reinforcement Learning,2022,2022.csv
Functional Ensemble Distillation,2022,2022.csv
Iterative Feature Matching: Toward Provable Domain Generalization with Logarithmic Environments,2022,2022.csv
Certifying Robust Graph Classification under Orthogonal Gromov-Wasserstein Threats,2022,2022.csv
Lethal Dose Conjecture on Data Poisoning,2022,2022.csv
Neural-Symbolic Entangled Framework for Complex Query Answering,2022,2022.csv
Reinforcement Learning with Automated Auxiliary Loss Search,2022,2022.csv
M$^4$I: Multi-modal Models Membership Inference,2022,2022.csv
Best of Both Worlds Model Selection,2022,2022.csv
Augmentations in Hypergraph Contrastive Learning: Fabricated and Generative,2022,2022.csv
On the Global Convergence Rates of Decentralized Softmax Gradient Play in Markov Potential Games,2022,2022.csv
Sym-NCO: Leveraging Symmetricity for Neural Combinatorial Optimization,2022,2022.csv
HF-NeuS: Improved Surface Reconstruction Using High-Frequency Details,2022,2022.csv
Few-Shot Parameter-Efficient Fine-Tuning is Better and Cheaper than In-Context Learning,2022,2022.csv
Deep Differentiable Logic Gate Networks,2022,2022.csv
Maximizing and Satisficing in Multi-armed Bandits with Graph Information,2022,2022.csv
"VF-PS: How to Select Important Participants in Vertical Federated Learning, Efficiently and Securely?",2022,2022.csv
PopArt: Efficient Sparse Regression and Experimental Design for Optimal Sparse Linear Bandits,2022,2022.csv
Augmenting Online Algorithms with $\varepsilon$-Accurate Predictions,2022,2022.csv
Incrementality Bidding via Reinforcement Learning under Mixed and Delayed Rewards,2022,2022.csv
What You See is What You Get: Principled Deep Learning via Distributional Generalization,2022,2022.csv
GAPX: Generalized Autoregressive Paraphrase-Identification X,2022,2022.csv
CoNT: Contrastive Neural Text Generation,2022,2022.csv
Scalable Infomin Learning,2022,2022.csv
Learning to Accelerate Partial Differential Equations via Latent Global Evolution,2022,2022.csv
Monte Carlo Augmented Actor-Critic for Sparse Reward Deep Reinforcement Learning from Suboptimal Demonstrations,2022,2022.csv
"Not too little, not too much: a theoretical analysis of graph (over)smoothing",2022,2022.csv
Kernel similarity matching with Hebbian networks,2022,2022.csv
Scalable Representation Learning in Linear Contextual Bandits with Constant Regret Guarantees,2022,2022.csv
Why neural networks find simple solutions:  The many regularizers of geometric complexity,2022,2022.csv
Efficiently Computing Local Lipschitz Constants of Neural Networks via Bound Propagation,2022,2022.csv
A Causal Analysis of Harm,2022,2022.csv
Riemannian Score-Based Generative Modelling,2022,2022.csv
Semi-Supervised Learning with Decision Trees: Graph Laplacian Tree Alternating Optimization,2022,2022.csv
Intra-agent speech permits zero-shot task acquisition,2022,2022.csv
Free Probability for predicting the performance of feed-forward fully connected neural networks,2022,2022.csv
Open-Ended Reinforcement Learning with Neural Reward Functions,2022,2022.csv
Obj2Seq: Formatting Objects as Sequences with Class Prompt for Visual Tasks,2022,2022.csv
Few-Shot Audio-Visual Learning of Environment Acoustics,2022,2022.csv
The Phenomenon of Policy Churn,2022,2022.csv
Planning for Sample Efficient Imitation Learning,2022,2022.csv
Implicit Neural Representations with Levels-of-Experts,2022,2022.csv
Towards Safe Reinforcement Learning with a Safety Editor Policy,2022,2022.csv
Sustainable Online Reinforcement Learning for Auto-bidding,2022,2022.csv
Improved Coresets for Euclidean $k$-Means,2022,2022.csv
Uni-Perceiver-MoE: Learning Sparse Generalist Models with Conditional MoEs,2022,2022.csv
Accelerated Linearized Laplace Approximation for Bayesian Deep Learning,2022,2022.csv
Using Partial Monotonicity in Submodular Maximization,2022,2022.csv
Enhanced Meta Reinforcement Learning via Demonstrations in Sparse Reward Environments,2022,2022.csv
Riemannian Diffusion Models,2022,2022.csv
Training and Inference on Any-Order Autoregressive Models the Right Way,2022,2022.csv
Lazy and Fast Greedy MAP Inference for Determinantal Point Process,2022,2022.csv
Anytime-Valid Inference For Multinomial Count Data,2022,2022.csv
"What I Cannot Predict, I Do Not Understand: A Human-Centered Evaluation Framework for Explainability Methods",2022,2022.csv
Approximation with CNNs in Sobolev Space: with Applications to Classification,2022,2022.csv
S4ND: Modeling Images and Videos as Multidimensional Signals with State Spaces,2022,2022.csv
Sample Complexity of Learning Heuristic Functions for Greedy-Best-First and A* Search,2022,2022.csv
Sketch-GNN: Scalable Graph Neural Networks with Sublinear Training Complexity,2022,2022.csv
Tree Mover's Distance: Bridging Graph Metrics and Stability of Graph Neural Networks,2022,2022.csv
Revisiting Graph Contrastive Learning from the Perspective of Graph Spectrum,2022,2022.csv
Combinatorial Bandits with Linear Constraints: Beyond Knapsacks and Fairness,2022,2022.csv
Will Bilevel Optimizers Benefit from Loops,2022,2022.csv
Combining Explicit and Implicit Regularization for Efficient Learning in Deep Networks,2022,2022.csv
On A Mallows-type Model For (Ranked) Choices,2022,2022.csv
(De-)Randomized Smoothing for Decision Stump Ensembles,2022,2022.csv
Learning to Break the Loop: Analyzing and Mitigating Repetitions for Neural Text Generation,2022,2022.csv
Near-Optimal Sample Complexity Bounds for Constrained MDPs,2022,2022.csv
Bellman Residual Orthogonalization for Offline Reinforcement Learning,2022,2022.csv
Debiased Machine Learning without Sample-Splitting for Stable Estimators,2022,2022.csv
Integral Probability Metrics PAC-Bayes Bounds,2022,2022.csv
Quantum Speedups of Optimizing Approximately Convex Functions with Applications to Logarithmic Regret Stochastic Convex Bandits,2022,2022.csv
Learning Neural Acoustic Fields,2022,2022.csv
Online Reinforcement Learning for Mixed Policy Scopes,2022,2022.csv
A Universal Error Measure for Input Predictions Applied to Online Graph Problems,2022,2022.csv
XTC: Extreme Compression for Pre-trained Transformers Made Simple and Efficient,2022,2022.csv
Contrastive Neural Ratio Estimation,2022,2022.csv
An Information-Theoretic Framework for Deep Learning,2022,2022.csv
Uncoupled Learning Dynamics with $O(\log T)$ Swap Regret in Multiplayer Games,2022,2022.csv
Improving Task-Specific Generalization in Few-Shot Learning via Adaptive Vicinal Risk Minimization,2022,2022.csv
Generalised Mutual Information for Discriminative Clustering,2022,2022.csv
Consistent Interpolating Ensembles via the Manifold-Hilbert Kernel,2022,2022.csv
Sublinear Algorithms for Hierarchical Clustering,2022,2022.csv
Geo-Neus: Geometry-Consistent Neural Implicit Surfaces Learning for Multi-view Reconstruction,2022,2022.csv
Is Sortition Both Representative and Fair?,2022,2022.csv
Beyond Rewards: a Hierarchical Perspective on Offline Multiagent Behavioral Analysis,2022,2022.csv
Dynamic pricing and assortment under a contextual MNL demand,2022,2022.csv
DGD^2: A Linearly Convergent Distributed Algorithm For High-dimensional Statistical Recovery,2022,2022.csv
Pseudo-Riemannian Graph Convolutional Networks,2022,2022.csv
CroCo: Self-Supervised Pre-training for 3D Vision Tasks by Cross-View Completion,2022,2022.csv
Learning Predictions for Algorithms with Predictions,2022,2022.csv
Better SGD using Second-order Momentum,2022,2022.csv
Stimulative Training of Residual Networks: A Social Psychology Perspective of Loafing,2022,2022.csv
EGSDE: Unpaired Image-to-Image Translation via Energy-Guided Stochastic Differential Equations,2022,2022.csv
Frank-Wolfe-based Algorithms for Approximating Tyler's M-estimator,2022,2022.csv
Cryptographic Hardness of Learning Halfspaces with Massart Noise,2022,2022.csv
"Causal Identification under Markov equivalence: Calculus, Algorithm, and Completeness",2022,2022.csv
Unravelling the Performance of Physics-informed Graph Neural Networks for Dynamical Systems,2022,2022.csv
Dynamic Fair Division with Partial Information,2022,2022.csv
Communicating Natural Programs to Humans and Machines,2022,2022.csv
"A Closer Look at Learned Optimization: Stability, Robustness, and Inductive Biases",2022,2022.csv
"""Lossless"" Compression of Deep Neural Networks: A High-dimensional Neural Tangent Kernel Approach",2022,2022.csv
Privacy of Noisy Stochastic Gradient Descent: More Iterations without More Privacy Loss,2022,2022.csv
Asymmetric Temperature Scaling Makes Larger Networks Teach Well Again,2022,2022.csv
Theseus: A Library for Differentiable Nonlinear Optimization,2022,2022.csv
Structural Knowledge Distillation for Object Detection,2022,2022.csv
Thompson Sampling Efficiently Learns to Control Diffusion Processes,2022,2022.csv
Discrete Compositional Representations as an Abstraction for Goal Conditioned Reinforcement Learning,2022,2022.csv
Local Metric Learning for Off-Policy Evaluation in Contextual Bandits with Continuous Actions,2022,2022.csv
Graph Convolution Network based Recommender Systems: Learning Guarantee and Item Mixture Powered Strategy,2022,2022.csv
Quasi-Newton Methods for Saddle Point Problems,2022,2022.csv
Learning Dynamical Systems via Koopman Operator Regression in Reproducing Kernel Hilbert Spaces,2022,2022.csv
Oracle-Efficient Online Learning for Smoothed Adversaries,2022,2022.csv
On Enforcing Better Conditioned Meta-Learning for Rapid Few-Shot Adaptation,2022,2022.csv
Sample-Efficient Learning of Correlated Equilibria in Extensive-Form Games,2022,2022.csv
VectorAdam for Rotation Equivariant Geometry Optimization,2022,2022.csv
Matrix Multiplicative Weights Updates in Quantum Zero-Sum Games: Conservation Laws & Recurrence,2022,2022.csv
Generalization Analysis on Learning with a Concurrent Verifier,2022,2022.csv
Spartan: Differentiable Sparsity via Regularized Transportation,2022,2022.csv
Focal Modulation Networks,2022,2022.csv
Robust Streaming PCA,2022,2022.csv
Your Transformer May Not be as Powerful as You Expect,2022,2022.csv
SoteriaFL: A Unified Framework for Private Federated Learning with Communication Compression,2022,2022.csv
Diffusion-LM Improves Controllable Text Generation,2022,2022.csv
Making Sense of Dependence: Efficient Black-box Explanations Using Dependence Measure,2022,2022.csv
Why Robust Generalization in Deep Learning is Difficult: Perspective of Expressive Power,2022,2022.csv
Asynchronous Actor-Critic for Multi-Agent Reinforcement Learning,2022,2022.csv
Polynomial Neural Fields for Subband Decomposition and Manipulation,2022,2022.csv
Optimal Rates for Regularized Conditional Mean Embedding Learning,2022,2022.csv
Divert More Attention to Vision-Language Tracking,2022,2022.csv
Optimal Brain Compression: A Framework for Accurate Post-Training Quantization and Pruning,2022,2022.csv
Resource-Adaptive Federated Learning with All-In-One Neural Composition,2022,2022.csv
Challenging Common Assumptions in Convex Reinforcement Learning,2022,2022.csv
Self-Supervised Learning Through Efference Copies,2022,2022.csv
Constrained GPI for Zero-Shot Transfer in Reinforcement Learning,2022,2022.csv
UnfoldML: Cost-Aware and Uncertainty-Based Dynamic 2D Prediction for Multi-Stage Classification,2022,2022.csv
Learning with little mixing,2022,2022.csv
ComGAN: Unsupervised Disentanglement and Segmentation via Image Composition,2022,2022.csv
VAEL: Bridging Variational Autoencoders and Probabilistic Logic Programming,2022,2022.csv
Differentiable Analog Quantum Computing for Optimization and Control,2022,2022.csv
A Simple and Provably Efficient Algorithm for Asynchronous Federated Contextual Linear Bandits,2022,2022.csv
Dynamic Tensor Product Regression,2022,2022.csv
On Infinite Separations Between Simple and Optimal Mechanisms,2022,2022.csv
Online Learning and Pricing for Network Revenue Management with Reusable Resources,2022,2022.csv
Learning to Find Proofs and Theorems by Learning to Refine Search Strategies: The Case of Loop Invariant Synthesis,2022,2022.csv
Exploitability Minimization in Games and Beyond,2022,2022.csv
NaturalProver: Grounded Mathematical Proof Generation with Language Models,2022,2022.csv
Unsupervised Learning From Incomplete Measurements for Inverse Problems,2022,2022.csv
Smoothed Online Convex Optimization Based on Discounted-Normal-Predictor,2022,2022.csv
Redeeming intrinsic rewards via constrained optimization,2022,2022.csv
MissDAG: Causal Discovery in the Presence of Missing Data with Continuous Additive Noise Models,2022,2022.csv
A Theoretical Study on Solving Continual Learning,2022,2022.csv
Understanding Deep Neural Function Approximation in Reinforcement Learning via $\epsilon$-Greedy Exploration,2022,2022.csv
Outlier-Robust Sparse Mean Estimation for Heavy-Tailed Distributions,2022,2022.csv
The computational and learning benefits of Daleian neural networks,2022,2022.csv
Local-Global MCMC kernels: the best of both worlds,2022,2022.csv
Chaotic Dynamics are Intrinsic to Neural Network Training with SGD,2022,2022.csv
Efficient and Modular Implicit Differentiation,2022,2022.csv
Effective Dimension in Bandit Problems under Censorship,2022,2022.csv
Blackbox Attacks via Surrogate Ensemble Search,2022,2022.csv
Transition to Linearity of General Neural Networks with Directed Acyclic Graph Architecture,2022,2022.csv
Scale-invariant Learning by Physics Inversion,2022,2022.csv
Sample Constrained Treatment Effect Estimation,2022,2022.csv
CATER: Intellectual Property Protection on Text Generation APIs via Conditional Watermarks,2022,2022.csv
Regret Bounds for Multilabel Classification in Sparse Label Regimes,2022,2022.csv
ResQ: A Residual Q Function-based Approach for Multi-Agent Reinforcement Learning Value Factorization,2022,2022.csv
Sketching based Representations for Robust Image Classification with Provable Guarantees,2022,2022.csv
Conditional Diffusion Process for Inverse Halftoning,2022,2022.csv
Towards a Standardised Performance Evaluation Protocol for Cooperative MARL,2022,2022.csv
Size and depth of monotone neural networks: interpolation and approximation,2022,2022.csv
Action-modulated midbrain dopamine activity arises from distributed control policies,2022,2022.csv
"Turbocharging Solution Concepts: Solving NEs, CEs and CCEs with Neural Equilibrium Solvers",2022,2022.csv
Latent Hierarchical Causal Structure Discovery with Rank Constraints,2022,2022.csv
Doubly-Asynchronous Value Iteration: Making Value Iteration Asynchronous in Actions,2022,2022.csv
NOMAD: Nonlinear Manifold Decoders for Operator Learning,2022,2022.csv
Asymptotic Properties for Bayesian Neural Network in Besov Space,2022,2022.csv
A PAC-Bayesian Generalization Bound for Equivariant Networks,2022,2022.csv
Neural Network Architecture Beyond Width and Depth,2022,2022.csv
S-Prompts Learning with Pre-trained Transformers: An Occam’s Razor for Domain Incremental Learning,2022,2022.csv
Self-Organized Group for Cooperative Multi-agent Reinforcement Learning,2022,2022.csv
(Optimal) Online Bipartite Matching with Degree Information,2022,2022.csv
Attracting and Dispersing: A Simple Approach for Source-free Domain Adaptation,2022,2022.csv
Exploration-Guided Reward Shaping for Reinforcement Learning under Sparse Rewards,2022,2022.csv
Active Exploration for Inverse Reinforcement Learning,2022,2022.csv
Subspace Recovery from Heterogeneous Data with Non-isotropic Noise,2022,2022.csv
Lifelong Neural Predictive Coding: Learning Cumulatively Online without Forgetting,2022,2022.csv
Improved Differential Privacy for SGD via Optimal Private Linear Operators on Adaptive Streams,2022,2022.csv
On Privacy and Personalization in Cross-Silo Federated Learning,2022,2022.csv
Instance-Dependent Near-Optimal Policy Identification in Linear MDPs via Online Experiment Design,2022,2022.csv
Trajectory balance: Improved credit assignment in GFlowNets,2022,2022.csv
SHAQ: Incorporating Shapley Value Theory into Multi-Agent Q-Learning,2022,2022.csv
Efficient Sampling on Riemannian Manifolds via Langevin MCMC,2022,2022.csv
Natural image synthesis for the retina with variational information bottleneck representation,2022,2022.csv
A Communication-efficient Algorithm with Linear Convergence for Federated Minimax Learning,2022,2022.csv
Imitating Past Successes can be Very Suboptimal,2022,2022.csv
Biologically Inspired Dynamic Thresholds for Spiking Neural Networks,2022,2022.csv
GraphQNTK: Quantum Neural Tangent Kernel for Graph Data,2022,2022.csv
Distributed Optimization for Overparameterized Problems: Achieving Optimal Dimension Independent Communication Complexity,2022,2022.csv
Geodesic Self-Attention for 3D Point Clouds,2022,2022.csv
Surprise Minimizing Multi-Agent Learning with Energy-based Models,2022,2022.csv
Semantic uncertainty intervals for disentangled latent spaces,2022,2022.csv
AVLEN: Audio-Visual-Language Embodied Navigation in 3D Environments,2022,2022.csv
A Fast Scale-Invariant Algorithm for Non-negative Least Squares with Non-negative Data,2022,2022.csv
Beyond the Return: Off-policy Function Estimation under User-specified Error-measuring Distributions,2022,2022.csv
Disentangling Transfer in Continual Reinforcement Learning,2022,2022.csv
Meta-Learning with Self-Improving Momentum Target,2022,2022.csv
Online Allocation and Learning in the Presence of Strategic Agents,2022,2022.csv
Learning Contrastive Embedding in Low-Dimensional Space,2022,2022.csv
Near-Optimal Randomized Exploration for Tabular Markov Decision Processes,2022,2022.csv
Defending Against Adversarial Attacks via Neural Dynamic System,2022,2022.csv
Few-shot Relational Reasoning via Connection Subgraph Pretraining,2022,2022.csv
Quantile Constrained Reinforcement Learning: A Reinforcement Learning Framework Constraining Outage Probability,2022,2022.csv
Equivariant Networks for Zero-Shot Coordination,2022,2022.csv
On the Efficient Implementation of High Accuracy Optimality of Profile Maximum Likelihood,2022,2022.csv
Adversarial Robustness is at Odds with Lazy Training,2022,2022.csv
No-regret learning in games with noisy feedback: Faster rates and adaptivity via learning rate separation,2022,2022.csv
First-Order Algorithms for Min-Max Optimization in Geodesic Metric Spaces,2022,2022.csv
Conformal Frequency Estimation with Sketched Data,2022,2022.csv
Revisiting Active Sets for Gaussian Process Decoders,2022,2022.csv
Exact learning dynamics of deep linear networks with prior knowledge,2022,2022.csv
AMP: Automatically Finding Model Parallel Strategies with Heterogeneity Awareness,2022,2022.csv
A consistently adaptive trust-region method,2022,2022.csv
Leveraging Inter-Layer Dependency for Post -Training Quantization,2022,2022.csv
Emergence of Hierarchical Layers in a Single Sheet of Self-Organizing Spiking Neurons,2022,2022.csv
A gradient sampling method with complexity guarantees for Lipschitz functions in high and low dimensions,2022,2022.csv
Sampling without Replacement Leads to Faster Rates in Finite-Sum Minimax Optimization,2022,2022.csv
CyCLIP: Cyclic Contrastive Language-Image Pretraining,2022,2022.csv
Feature Learning in $L_2$-regularized DNNs: Attraction/Repulsion and Sparsity,2022,2022.csv
Non-deep Networks,2022,2022.csv
Privacy Induces Robustness: Information-Computation Gaps and Sparse Mean Estimation,2022,2022.csv
Batch Bayesian Optimization on Permutations using the Acquisition Weighted Kernel,2022,2022.csv
Formalizing Consistency and Coherence of Representation Learning,2022,2022.csv
Guaranteed Conservation of Momentum for Learning Particle-based Fluid Dynamics,2022,2022.csv
Positively Weighted Kernel Quadrature via Subsampling,2022,2022.csv
Bayesian Spline Learning for Equation Discovery of Nonlinear Dynamics with Quantified Uncertainty,2022,2022.csv
Convexity Certificates from Hessians,2022,2022.csv
Max-Min Off-Policy Actor-Critic Method Focusing on Worst-Case Robustness to Model Misspecification,2022,2022.csv
One-Inlier is First: Towards Efficient Position Encoding for Point Cloud Registration,2022,2022.csv
Adaptive Distribution Calibration for Few-Shot Learning with Hierarchical Optimal Transport,2022,2022.csv
Single Loop Gaussian Homotopy Method for Non-convex Optimization,2022,2022.csv
Mixture-of-Experts with Expert Choice Routing,2022,2022.csv
Multi-layer State Evolution Under Random Convolutional Design,2022,2022.csv
GULP: a prediction-based metric between representations,2022,2022.csv
On the convergence of policy gradient methods to Nash equilibria in general stochastic games,2022,2022.csv
Improved Bounds on Neural Complexity for Representing Piecewise Linear Functions,2022,2022.csv
M2N: Mesh Movement Networks for PDE Solvers,2022,2022.csv
Learning Interface Conditions in Domain Decomposition Solvers,2022,2022.csv
Physics-Informed Implicit Representations of Equilibrium Network Flows,2022,2022.csv
Hamiltonian Latent Operators for content and motion disentanglement in image sequences,2022,2022.csv
Fast Distance Oracles for Any Symmetric Norm,2022,2022.csv
Outlier-Robust Sparse Estimation via Non-Convex Optimization,2022,2022.csv
Recurrent Convolutional Neural Networks Learn Succinct Learning Algorithms,2022,2022.csv
Navigating Memory Construction by Global Pseudo-Task Simulation for Continual Learning,2022,2022.csv
Spectral Bias in Practice: The Role of Function Frequency in Generalization,2022,2022.csv
Out-of-Distribution Detection with An Adaptive Likelihood Ratio on Informative Hierarchical VAE,2022,2022.csv
Rate-Optimal Online Convex Optimization in Adaptive Linear Control,2022,2022.csv
RTFormer: Efficient Design for Real-Time Semantic Segmentation with Transformer,2022,2022.csv
Efficient and Near-Optimal Smoothed Online Learning for Generalized Linear Functions,2022,2022.csv
Systematic improvement of neural network quantum states using Lanczos,2022,2022.csv
Grounded Reinforcement Learning: Learning to Win the Game under Human Commands,2022,2022.csv
Trading Off Resource Budgets For Improved Regret Bounds,2022,2022.csv
Enhance the Visual Representation via Discrete Adversarial Training,2022,2022.csv
Society of Agents: Regret Bounds of Concurrent Thompson Sampling,2022,2022.csv
CEIP: Combining Explicit and Implicit Priors for Reinforcement Learning with Demonstrations,2022,2022.csv
A Non-asymptotic Analysis of Non-parametric Temporal-Difference Learning,2022,2022.csv
Memorization and Optimization in Deep Neural Networks with Minimum Over-parameterization,2022,2022.csv
LAMP: Extracting Text from Gradients with Language Model Priors,2022,2022.csv
Explainability Via Causal Self-Talk,2022,2022.csv
A gradient estimator via L1-randomization for online zero-order optimization with two point feedback,2022,2022.csv
Improving Neural Ordinary Differential Equations with Nesterov's Accelerated Gradient Method,2022,2022.csv
On the SDEs and Scaling Rules for Adaptive Gradient Algorithms,2022,2022.csv
VER: Scaling On-Policy RL Leads to the Emergence of Navigation in Embodied Rearrangement,2022,2022.csv
3D Concept Grounding on Neural Fields,2022,2022.csv
Path Independent Equilibrium Models Can Better Exploit Test-Time Computation,2022,2022.csv
Meta-Reinforcement Learning with Self-Modifying Networks,2022,2022.csv
Multiview Human Body Reconstruction from Uncalibrated Cameras,2022,2022.csv
Transform Once: Efficient Operator Learning in Frequency Domain,2022,2022.csv
A Solver-free Framework for Scalable Learning in Neural ILP Architectures,2022,2022.csv
Parameter-free Regret in High Probability with Heavy Tails,2022,2022.csv
Non-Convex Bilevel Games with Critical Point Selection Maps,2022,2022.csv
Consistent Sufficient Explanations and Minimal Local Rules for explaining the decision of any classifier or regressor,2022,2022.csv
High-dimensional Additive Gaussian Processes under Monotonicity Constraints,2022,2022.csv
Non-Monotonic Latent Alignments for CTC-Based Non-Autoregressive Machine Translation,2022,2022.csv
Learning Deep Input-Output Stable Dynamics,2022,2022.csv
Policy Optimization with Advantage Regularization for Long-Term Fairness in Decision Systems,2022,2022.csv
DAGMA: Learning DAGs via M-matrices and a Log-Determinant Acyclicity Characterization,2022,2022.csv
Gradient Descent: The Ultimate Optimizer,2022,2022.csv
Forward-Backward Latent State Inference for Hidden Continuous-Time semi-Markov Chains,2022,2022.csv
LobsDICE: Offline Learning from Observation via Stationary Distribution Correction Estimation,2022,2022.csv
Is $L^2$ Physics Informed Loss Always Suitable for Training Physics Informed Neural Network?,2022,2022.csv
Vision GNN: An Image is Worth Graph of Nodes,2022,2022.csv
ELIGN: Expectation Alignment as a Multi-Agent Intrinsic Reward,2022,2022.csv
Could Giant Pre-trained Image Models Extract Universal Representations?,2022,2022.csv
Zonotope Domains for Lagrangian Neural Network Verification,2022,2022.csv
Anonymized Histograms in Intermediate Privacy Models,2022,2022.csv
RecursiveMix: Mixed Learning with History,2022,2022.csv
GAR: Generalized Autoregression for Multi-Fidelity Fusion,2022,2022.csv
Rethinking Knowledge Graph Evaluation Under the Open-World Assumption,2022,2022.csv
Truly Deterministic Policy Optimization,2022,2022.csv
3DB: A Framework for Debugging Computer Vision Models,2022,2022.csv
Empirical Gateaux Derivatives for Causal Inference,2022,2022.csv
Calibrated Data-Dependent Constraints with Exact Satisfaction Guarantees,2022,2022.csv
Towards Consistency in Adversarial Classification,2022,2022.csv
A Closer Look at Offline RL Agents,2022,2022.csv
Private Isotonic Regression,2022,2022.csv
Formulating Robustness Against Unforeseen Attacks,2022,2022.csv
Generalization Bounds for Estimating Causal Effects of Continuous Treatments,2022,2022.csv
Better Uncertainty Calibration via Proper Scores for Classification and Beyond,2022,2022.csv
Video Diffusion Models,2022,2022.csv
Autoinverse: Uncertainty Aware Inversion of Neural Networks,2022,2022.csv
Semantic Diffusion Network for Semantic Segmentation,2022,2022.csv
FedPop: A Bayesian Approach for Personalised Federated Learning,2022,2022.csv
An efficient graph generative model for navigating ultra-large combinatorial synthesis libraries,2022,2022.csv
Near Instance-Optimal PAC Reinforcement Learning for Deterministic MDPs,2022,2022.csv
FlowHMM: Flow-based continuous hidden Markov models,2022,2022.csv
VICRegL: Self-Supervised Learning of Local Visual Features,2022,2022.csv
Policy Gradient With Serial Markov Chain Reasoning,2022,2022.csv
Improving Generative Adversarial Networks via Adversarial Learning in Latent Space,2022,2022.csv
Towards Disentangling Information Paths with Coded ResNeXt,2022,2022.csv
A Statistical Online Inference Approach in Averaged Stochastic Approximation,2022,2022.csv
SAViT: Structure-Aware Vision Transformer Pruning via Collaborative Optimization,2022,2022.csv
Amortized Proximal Optimization,2022,2022.csv
Deciding What to Model: Value-Equivalent Sampling for Reinforcement Learning,2022,2022.csv
Are GANs overkill for NLP?,2022,2022.csv
“Why Not Other Classes?”: Towards Class-Contrastive Back-Propagation Explanations,2022,2022.csv
Constrained Update Projection Approach to Safe Policy Optimization,2022,2022.csv
Neural Stochastic Control,2022,2022.csv
The Sample Complexity of One-Hidden-Layer Neural Networks,2022,2022.csv
Learning from Few Samples: Transformation-Invariant SVMs with Composition and Locality at Multiple Scales,2022,2022.csv
Learning interacting dynamical systems with latent Gaussian process ODEs,2022,2022.csv
Equivariant Graph Hierarchy-Based Neural Networks,2022,2022.csv
Learning Efficient Vision Transformers via Fine-Grained Manifold Distillation,2022,2022.csv
Off-Policy Evaluation for Action-Dependent Non-stationary Environments,2022,2022.csv
OPEN: Orthogonal Propagation with Ego-Network Modeling,2022,2022.csv
Fast Mixing of Stochastic Gradient Descent with Normalization and Weight Decay,2022,2022.csv
Beyond the Best:  Distribution Functional Estimation in Infinite-Armed Bandits,2022,2022.csv
Adversarial training for high-stakes reliability,2022,2022.csv
Stochastic Window Transformer for Image Restoration,2022,2022.csv
Augmented RBMLE-UCB Approach for Adaptive Control of Linear Quadratic Systems,2022,2022.csv
Squeezeformer: An Efficient Transformer for Automatic Speech Recognition,2022,2022.csv
Deep Generalized Schrödinger Bridge,2022,2022.csv
Defining and Characterizing Reward Gaming,2022,2022.csv
Lifting the Information Ratio: An Information-Theoretic Analysis of Thompson Sampling for Contextual  Bandits,2022,2022.csv
Is this the Right Neighborhood? Accurate and Query Efficient Model Agnostic Explanations,2022,2022.csv
Object Scene Representation Transformer,2022,2022.csv
Data-Driven Conditional Robust Optimization,2022,2022.csv
COLD Decoding: Energy-based Constrained Text Generation with Langevin Dynamics,2022,2022.csv
Multimodal Contrastive Learning with LIMoE: the Language-Image Mixture of Experts,2022,2022.csv
Matching in Multi-arm Bandit with Collision,2022,2022.csv
Few-shot Learning for Feature Selection with Hilbert-Schmidt Independence Criterion,2022,2022.csv
TVLT: Textless Vision-Language Transformer,2022,2022.csv
A Deep Reinforcement Learning Framework for Column Generation,2022,2022.csv
On the Adversarial Robustness of Mixture of Experts,2022,2022.csv
Safety Guarantees for Neural Network Dynamic Systems via Stochastic Barrier Functions,2022,2022.csv
Simple and Optimal Greedy Online Contention Resolution Schemes,2022,2022.csv
Composition Theorems for Interactive Differential Privacy,2022,2022.csv
On Margins and Generalisation for Voting Classifiers,2022,2022.csv
Antigen-Specific Antibody Design and Optimization with Diffusion-Based Generative Models for Protein Structures,2022,2022.csv
Learning single-index models with shallow neural networks,2022,2022.csv
"Information bottleneck theory of high-dimensional regression: relevancy, efficiency and optimality",2022,2022.csv
Theoretically Better and Numerically Faster Distributed Optimization with Smoothness-Aware Quantization Techniques,2022,2022.csv
On the Safety of Interpretable Machine Learning: A Maximum Deviation Approach,2022,2022.csv
Sparse Structure Search for Delta Tuning,2022,2022.csv
Non-stationary Transformers: Exploring the Stationarity in Time Series Forecasting,2022,2022.csv
Joint Entropy Search for Multi-Objective Bayesian Optimization,2022,2022.csv
Risk-Driven Design of Perception Systems,2022,2022.csv
GhostNetV2: Enhance Cheap Operation with Long-Range Attention,2022,2022.csv
Robustness to Unbounded Smoothness of Generalized SignSGD,2022,2022.csv
Analyzing Sharpness along GD Trajectory: Progressive Sharpening and Edge of Stability,2022,2022.csv
You Never Stop Dancing: Non-freezing Dance Generation via Bank-constrained Manifold Projection,2022,2022.csv
Nonnegative Tensor Completion via Integer Optimization,2022,2022.csv
LION: Latent Point Diffusion Models for 3D Shape Generation,2022,2022.csv
Distribution-Informed Neural Networks for Domain Adaptation Regression,2022,2022.csv
Hard ImageNet: Segmentations for Objects with Strong Spurious Cues,2022,2022.csv
A New Family of Generalization Bounds Using Samplewise Evaluated CMI,2022,2022.csv
Maximum-Likelihood Inverse Reinforcement Learning with Finite-Time Guarantees,2022,2022.csv
Near-Isometric Properties of Kronecker-Structured Random Tensor Embeddings,2022,2022.csv
On Leave-One-Out Conditional Mutual Information For Generalization,2022,2022.csv
How Sampling Impacts the Robustness of Stochastic Neural Networks,2022,2022.csv
Parameter-Efficient Masking Networks,2022,2022.csv
MExMI: Pool-based Active Model Extraction Crossover Membership Inference,2022,2022.csv
Gold-standard solutions to the Schrödinger equation using deep learning: How much physics do we need?,2022,2022.csv
End-to-end Symbolic Regression with Transformers,2022,2022.csv
EcoFormer: Energy-Saving Attention with Linear Complexity,2022,2022.csv
A Unified Diversity Measure for Multiagent Reinforcement Learning,2022,2022.csv
Sound and Complete Causal Identification with Latent Variables Given Local Background Knowledge,2022,2022.csv
HorNet: Efficient High-Order Spatial Interactions with Recursive Gated Convolutions,2022,2022.csv
Learning Tractable Probabilistic Models from Inconsistent Local Estimates,2022,2022.csv
Decomposed Knowledge Distillation for Class-Incremental Semantic Segmentation,2022,2022.csv
Minimax Optimal Algorithms for Fixed-Budget Best Arm Identification,2022,2022.csv
BEVFusion: A Simple and Robust LiDAR-Camera Fusion Framework,2022,2022.csv
Reduced Representation of Deformation Fields for Effective Non-rigid Shape Matching,2022,2022.csv
A Closer Look at the Adversarial Robustness of Deep Equilibrium Models,2022,2022.csv
Automatic Differentiation of Programs with Discrete Randomness,2022,2022.csv
Temporal Latent Bottleneck: Synthesis of Fast and Slow Processing Mechanisms in Sequence Learning,2022,2022.csv
Modeling Transitivity and Cyclicity in Directed Graphs via Binary Code Box Embeddings,2022,2022.csv
Generalization Bounds for Gradient Methods via Discrete and Continuous Prior,2022,2022.csv
On Deep Generative Models for Approximation and Estimation of Distributions on Manifolds,2022,2022.csv
Memory Efficient Continual Learning with Transformers,2022,2022.csv
Temporally-Consistent Survival Analysis,2022,2022.csv
Curriculum Reinforcement Learning using Optimal Transport via Gradual Domain Adaptation,2022,2022.csv
Hardness of Noise-Free Learning for Two-Hidden-Layer Neural Networks,2022,2022.csv
A Probabilistic Graph Coupling View of Dimension Reduction,2022,2022.csv
Convergence beyond the over-parameterized regime using Rayleigh quotients,2022,2022.csv
Optimistic Posterior Sampling for Reinforcement Learning with Few Samples and Tight Guarantees,2022,2022.csv
"On Convergence of FedProx: Local Dissimilarity Invariant Bounds, Non-smoothness and Beyond",2022,2022.csv
The Neural Covariance SDE: Shaped Infinite Depth-and-Width Networks at Initialization,2022,2022.csv
Diverse Weight Averaging for Out-of-Distribution Generalization,2022,2022.csv
Phase transitions in when feedback is useful,2022,2022.csv
Stochastic Second-Order Methods Improve Best-Known Sample Complexity of SGD for Gradient-Dominated Functions,2022,2022.csv
Understanding the Evolution of Linear Regions in Deep Reinforcement Learning,2022,2022.csv
Causal Discovery in Heterogeneous Environments Under the Sparse Mechanism Shift Hypothesis,2022,2022.csv
Towards Practical Control of Singular Values of Convolutional Layers,2022,2022.csv
Deep Multi-Modal Structural Equations For Causal Effect Estimation With Unstructured Proxies,2022,2022.csv
Generic bounds on the approximation error for physics-informed (and) operator learning,2022,2022.csv
Learning Distributions Generated by Single-Layer ReLU Networks in the Presence of Arbitrary Outliers,2022,2022.csv
GenerSpeech: Towards Style Transfer for Generalizable Out-Of-Domain Text-to-Speech,2022,2022.csv
On Non-Linear operators for Geometric Deep Learning,2022,2022.csv
Momentum Aggregation for Private Non-convex ERM,2022,2022.csv
Learning from Distributed Users in Contextual Linear Bandits Without Sharing the Context,2022,2022.csv
Recurrent Memory Transformer,2022,2022.csv
Learning in Congestion Games with Bandit Feedback,2022,2022.csv
SeqPATE: Differentially Private Text Generation via Knowledge Distillation,2022,2022.csv
Transcormer: Transformer for Sentence Scoring with Sliding Language Modeling,2022,2022.csv
Models Out of Line: A Fourier Lens on Distribution Shift Robustness,2022,2022.csv
Nest Your Adaptive Algorithm for Parameter-Agnostic Nonconvex Minimax Optimization,2022,2022.csv
Brownian Noise Reduction: Maximizing Privacy Subject to Accuracy Constraints,2022,2022.csv
Fairness Transferability Subject to Bounded Distribution Shift,2022,2022.csv
On the Spectral Bias of Convolutional Neural Tangent and Gaussian Process Kernels,2022,2022.csv
Improving Self-Supervised Learning by Characterizing Idealized Representations,2022,2022.csv
On the difficulty of learning chaotic dynamics with RNNs,2022,2022.csv
SKFlow: Learning Optical Flow with Super Kernels,2022,2022.csv
Mingling Foresight with Imagination: Model-Based Cooperative Multi-Agent Reinforcement Learning,2022,2022.csv
Learning low-dimensional generalizable natural features from retina using a U-net,2022,2022.csv
End-to-end Stochastic Optimization with Energy-based Model,2022,2022.csv
"Identification, Amplification and Measurement: A bridge to Gaussian Differential Privacy",2022,2022.csv
Learning Long-Term Crop Management Strategies with CyclesGym,2022,2022.csv
Improving Multi-Task Generalization via Regularizing Spurious Correlation,2022,2022.csv
Follow-the-Perturbed-Leader for Adversarial Markov Decision Processes with Bandit Feedback,2022,2022.csv
Joint Entropy Search For Maximally-Informed Bayesian Optimization,2022,2022.csv
Provable General Function Class Representation Learning in Multitask Bandits and MDP,2022,2022.csv
S2P: State-conditioned Image Synthesis for Data Augmentation in Offline Reinforcement Learning,2022,2022.csv
Neural Collapse with Normalized Features: A Geometric Analysis over the Riemannian Manifold,2022,2022.csv
Efficient Methods for Non-stationary Online Learning,2022,2022.csv
Increasing the Scope as You Learn: Adaptive Bayesian Optimization in Nested Subspaces,2022,2022.csv
ACIL: Analytic Class-Incremental Learning with Absolute Memorization and Privacy Protection,2022,2022.csv
MsSVT: Mixed-scale Sparse Voxel Transformer for 3D Object Detection on Point Clouds,2022,2022.csv
Deterministic Langevin Monte Carlo with Normalizing Flows for Bayesian Inference,2022,2022.csv
Evolution of Neural Tangent Kernels under Benign and Adversarial Training,2022,2022.csv
Zero-Sum Stochastic Stackelberg Games,2022,2022.csv
Distributed Learning of Conditional Quantiles in the Reproducing Kernel Hilbert Space,2022,2022.csv
Hilbert Distillation for Cross-Dimensionality Networks,2022,2022.csv
Provably Efficient Offline Multi-agent Reinforcement Learning via Strategy-wise Bonus,2022,2022.csv
A Best-of-Both-Worlds Algorithm for Bandits with Delayed Feedback,2022,2022.csv
GAL: Gradient Assisted Learning for Decentralized Multi-Organization Collaborations,2022,2022.csv
Direct Advantage Estimation,2022,2022.csv
Honor of Kings Arena: an Environment for Generalization in Competitive Reinforcement Learning,2022,2022.csv
On the Symmetries of Deep Learning Models and their Internal Representations,2022,2022.csv
Embed and Emulate: Learning to estimate parameters of dynamical systems with uncertainty quantification,2022,2022.csv
Friendly Noise against Adversarial Noise: A Powerful Defense against Data Poisoning Attack,2022,2022.csv
AZ-whiteness test: a test for signal uncorrelation on spatio-temporal graphs,2022,2022.csv
Embrace the Gap: VAEs Perform Independent Mechanism Analysis,2022,2022.csv
Value Function Decomposition for Iterative Design of Reinforcement Learning Agents,2022,2022.csv
Task-Agnostic Graph Explanations,2022,2022.csv
Statistically Meaningful Approximation: a Case Study on Approximating Turing Machines with Transformers,2022,2022.csv
ULNeF: Untangled Layered Neural Fields for Mix-and-Match Virtual Try-On,2022,2022.csv
Introspective Learning : A Two-Stage approach for Inference in Neural Networks,2022,2022.csv
E-MAPP: Efficient Multi-Agent Reinforcement Learning with Parallel Program Guidance,2022,2022.csv
In Defense of the Unitary Scalarization for Deep Multi-Task Learning,2022,2022.csv
Flexible Neural Image Compression via Code Editing,2022,2022.csv
Homomorphic Matrix Completion,2022,2022.csv
Spending Thinking Time Wisely: Accelerating MCTS with Virtual Expansions,2022,2022.csv
Moment Distributionally Robust Tree Structured Prediction,2022,2022.csv
Tempo: Accelerating Transformer-Based Model Training through Memory Footprint Reduction,2022,2022.csv
Benchmarking Heterogeneous Treatment Effect Models through the Lens of Interpretability,2022,2022.csv
Reinforced Genetic Algorithm for Structure-based Drug Design,2022,2022.csv
AD-DROP: Attribution-Driven Dropout for Robust Language Model Fine-Tuning,2022,2022.csv
Learning Optimal Flows for Non-Equilibrium Importance Sampling,2022,2022.csv
Sparse Fourier Backpropagation in Cryo-EM Reconstruction,2022,2022.csv
Modular Flows: Differential Molecular Generation,2022,2022.csv
Anonymous Bandits for Multi-User Systems,2022,2022.csv
Unsupervised Object Detection Pretraining with Joint Object Priors Generation and Detector Learning,2022,2022.csv
QueryPose: Sparse Multi-Person Pose Regression via Spatial-Aware Part-Level Query,2022,2022.csv
EAGER: Asking and Answering Questions for Automatic Reward Shaping in Language-guided RL,2022,2022.csv
Learning Energy Networks with Generalized Fenchel-Young Losses,2022,2022.csv
Improving Policy Learning via Language Dynamics Distillation,2022,2022.csv
The Neural Testbed: Evaluating Joint Predictions,2022,2022.csv
Monte Carlo Tree Descent for Black-Box Optimization,2022,2022.csv
Masked Autoencoding for Scalable and Generalizable Decision Making,2022,2022.csv
Sampling from Log-Concave Distributions with Infinity-Distance Guarantees,2022,2022.csv
Distributional Reward Estimation for Effective Multi-agent Deep Reinforcement Learning,2022,2022.csv
FiLM: Frequency improved Legendre Memory Model for Long-term Time Series Forecasting,2022,2022.csv
Scalable Neural Video Representations with Learnable Positional Features,2022,2022.csv
Data Augmentation MCMC for Bayesian Inference from Privatized Data,2022,2022.csv
Bayesian Optimization over Discrete and Mixed Spaces via Probabilistic Reparameterization,2022,2022.csv
Verification and search algorithms for causal DAGs,2022,2022.csv
Learning to Constrain Policy Optimization with Virtual Trust Region,2022,2022.csv
Causally motivated multi-shortcut identification and removal,2022,2022.csv
NeuPhysics: Editable Neural Geometry and Physics from Monocular Videos,2022,2022.csv
Measuring Data Reconstruction Defenses in Collaborative Inference Systems,2022,2022.csv
Make Some Noise: Reliable and Efficient Single-Step Adversarial Training,2022,2022.csv
Risk Bounds of Multi-Pass SGD for Least Squares  in  the Interpolation Regime,2022,2022.csv
EfficientFormer: Vision Transformers at MobileNet Speed,2022,2022.csv
LST: Ladder Side-Tuning for Parameter and Memory Efficient Transfer Learning,2022,2022.csv
Unlabelled Sample Compression Schemes for Intersection-Closed Classes and Extremal Classes,2022,2022.csv
RKHS-SHAP: Shapley Values for Kernel Methods,2022,2022.csv
Selective compression learning of latent representations for variable-rate image compression,2022,2022.csv
Increasing Confidence in Adversarial Robustness Evaluations,2022,2022.csv
Staircase Attention for Recurrent Processing of Sequences,2022,2022.csv
Local Bayesian optimization via maximizing probability of descent,2022,2022.csv
Causal Inference with Non-IID Data using Linear Graphical Models,2022,2022.csv
Learning Symmetric Rules with SATNet,2022,2022.csv
Provably Efficient Model-Free Constrained RL with Linear Function Approximation,2022,2022.csv
Towards Optimal Communication Complexity in Distributed Non-Convex Optimization,2022,2022.csv
Envy-free Policy Teaching to Multiple Agents,2022,2022.csv
Fair and Efficient Allocations Without Obvious Manipulations,2022,2022.csv
Shield Decentralization for Safe Multi-Agent Reinforcement Learning,2022,2022.csv
Domain Generalization without Excess Empirical Risk,2022,2022.csv
Signal Processing for Implicit Neural Representations,2022,2022.csv
Prompt Certified Machine Unlearning with Randomized Gradient Smoothing and Quantization,2022,2022.csv
"What Makes a ""Good"" Data Augmentation in Knowledge Distillation - A Statistical Perspective",2022,2022.csv
Consistency of Constrained Spectral Clustering under Graph Induced Fair Planted Partitions,2022,2022.csv
Streaming Radiance Fields for 3D Video Synthesis,2022,2022.csv
Neural Matching Fields: Implicit Representation of Matching Fields for Visual Correspondence,2022,2022.csv
Overparameterization from Computational Constraints,2022,2022.csv
Do Current Multi-Task Optimization Methods in Deep Learning Even Help?,2022,2022.csv
Anchor-Changing Regularized Natural Policy Gradient for Multi-Objective Reinforcement Learning,2022,2022.csv
Alignment-guided Temporal Attention for Video Action Recognition,2022,2022.csv
Meta Reinforcement Learning with Finite Training Tasks - a Density Estimation Approach,2022,2022.csv
"TotalSelfScan: Learning Full-body Avatars from Self-Portrait Videos of Faces, Hands, and Bodies",2022,2022.csv
DHRL: A Graph-Based Approach for Long-Horizon and Sparse Hierarchical Reinforcement Learning,2022,2022.csv
A Classification of $G$-invariant Shallow Neural Networks,2022,2022.csv
Biologically-Plausible Determinant Maximization Neural Networks for Blind Separation of Correlated Sources,2022,2022.csv
Generalized One-shot Domain Adaptation of Generative Adversarial Networks,2022,2022.csv
Representing Spatial Trajectories as Distributions,2022,2022.csv
Learning from a Sample in Online Algorithms,2022,2022.csv
Robust Rent Division,2022,2022.csv
Scalable Sensitivity and Uncertainty Analyses for Causal-Effect Estimates of Continuous-Valued Interventions,2022,2022.csv
Faster Stochastic Algorithms for Minimax Optimization under Polyak-{\L}ojasiewicz Condition,2022,2022.csv
Kantorovich Strikes Back! Wasserstein GANs are not Optimal Transport?,2022,2022.csv
VTC-LFC: Vision Transformer Compression with Low-Frequency Components,2022,2022.csv
PALBERT: Teaching ALBERT to Ponder,2022,2022.csv
Distributional Convergence of the Sliced Wasserstein Process,2022,2022.csv
A Theory of PAC Learnability under Transformation Invariances,2022,2022.csv
"Distributed Methods with Compressed Communication for Solving Variational Inequalities, with Theoretical Guarantees",2022,2022.csv
Training Scale-Invariant Neural Networks on the Sphere Can Happen in Three Regimes,2022,2022.csv
Learning Bipartite Graphs: Heavy Tails and Multiple Components,2022,2022.csv
Graph Self-supervised Learning with Accurate Discrepancy Learning,2022,2022.csv
Deep Compression of Pre-trained Transformer Models,2022,2022.csv
Constrained Predictive Coding as a Biologically Plausible Model of the Cortical Hierarchy,2022,2022.csv
Washing The Unwashable : On The (Im)possibility of Fairwashing Detection,2022,2022.csv
Near-Optimal Collaborative Learning in Bandits,2022,2022.csv
Bayesian Optimistic Optimization: Optimistic Exploration for Model-based Reinforcement Learning,2022,2022.csv
TokenMixup: Efficient Attention-guided Token-level Data Augmentation for Transformers,2022,2022.csv
On the Theoretical Properties of Noise Correlation in Stochastic Optimization,2022,2022.csv
Error Analysis of Tensor-Train Cross Approximation,2022,2022.csv
Approximate Secular Equations for the Cubic Regularization Subproblem,2022,2022.csv
SemMAE: Semantic-Guided Masking for Learning Masked Autoencoders,2022,2022.csv
BiT: Robustly Binarized Multi-distilled Transformer,2022,2022.csv
Knowledge-Aware Bayesian Deep Topic Model,2022,2022.csv
Variational inference via Wasserstein gradient flows,2022,2022.csv
In the Eye of the Beholder: Robust Prediction with Causal User Modeling,2022,2022.csv
projUNN: efficient method for training deep networks with unitary matrices,2022,2022.csv
Reinforcement Learning in a Birth and Death Process: Breaking the Dependence on the State Space,2022,2022.csv
"Recipe for a General, Powerful, Scalable Graph Transformer",2022,2022.csv
ALIFE: Adaptive Logit Regularizer and Feature Replay for Incremental Semantic Segmentation,2022,2022.csv
Rare Gems: Finding Lottery Tickets at Initialization,2022,2022.csv
Fast Vision Transformers with HiLo Attention,2022,2022.csv
Identifying good directions to escape the NTK regime and efficiently learn low-degree plus sparse polynomials,2022,2022.csv
Online Bipartite Matching with Advice: Tight Robustness-Consistency Tradeoffs for the Two-Stage Model,2022,2022.csv
Orthogonal Transformer: An Efficient Vision Transformer Backbone with Token Orthogonalization,2022,2022.csv
NeurOLight: A Physics-Agnostic Neural Operator Enabling Parametric Photonic Device Simulation,2022,2022.csv
Learning the Structure of Large Networked Systems Obeying Conservation Laws,2022,2022.csv
FP8 Quantization: The Power of the Exponent,2022,2022.csv
Private Set Generation with Discriminative Information,2022,2022.csv
The First Optimal Algorithm for Smooth and Strongly-Convex-Strongly-Concave Minimax Optimization,2022,2022.csv
Diffusion Models as Plug-and-Play Priors,2022,2022.csv
Provable Defense against Backdoor Policies in Reinforcement Learning,2022,2022.csv
VaiPhy: a Variational Inference Based Algorithm for Phylogeny,2022,2022.csv
A simple but strong baseline for online continual learning: Repeated Augmented Rehearsal,2022,2022.csv
You Only Live Once: Single-Life Reinforcement Learning,2022,2022.csv
Compressible-composable NeRF via Rank-residual Decomposition,2022,2022.csv
Hardness in Markov Decision Processes: Theory and Practice,2022,2022.csv
On Gap-dependent Bounds for Offline Reinforcement Learning,2022,2022.csv
Learning Modular Simulations for Homogeneous Systems,2022,2022.csv
Batch-Size Independent Regret Bounds for Combinatorial Semi-Bandits with Probabilistically Triggered Arms or Independent Arms,2022,2022.csv
Semi-Discrete Normalizing Flows through Differentiable Tessellation,2022,2022.csv
Less-forgetting Multi-lingual Fine-tuning,2022,2022.csv
Adversarial Attack on Attackers: Post-Process to Mitigate Black-Box Score-Based Query Attacks,2022,2022.csv
Near-Optimal Multi-Agent Learning for Safe Coverage Control,2022,2022.csv
Network change point localisation under local differential privacy,2022,2022.csv
Independence Testing for Bounded Degree Bayesian Networks,2022,2022.csv
GriddlyJS: A Web IDE for Reinforcement Learning,2022,2022.csv
"Decentralized, Communication- and Coordination-free Learning in Structured Matching Markets",2022,2022.csv
Deliberated Domain Bridging for Domain Adaptive Semantic Segmentation,2022,2022.csv
Learning to Share in Networked Multi-Agent Reinforcement Learning,2022,2022.csv
Scalable and Efficient Non-adaptive Deterministic Group Testing,2022,2022.csv
Rethinking Variational Inference for Probabilistic Programs with Stochastic Support,2022,2022.csv
"Variance Reduced ProxSkip: Algorithm, Theory and Application to Federated Learning",2022,2022.csv
Order-Invariant Cardinality Estimators Are Differentially Private,2022,2022.csv
DreamShard: Generalizable Embedding Table Placement for Recommender Systems,2022,2022.csv
NeuForm: Adaptive Overfitting for Neural Shape Editing,2022,2022.csv
Inductive Logical Query Answering in Knowledge Graphs,2022,2022.csv
Unsupervised Object Representation Learning using Translation and Rotation Group Equivariant VAE,2022,2022.csv
PointTAD: Multi-Label Temporal Action Detection with Learnable Query Points,2022,2022.csv
Unpacking Reward Shaping: Understanding the Benefits of Reward Engineering on Sample Complexity,2022,2022.csv
Retrieval-Augmented Diffusion Models,2022,2022.csv
Logical Credal Networks,2022,2022.csv
Neural Set Function Extensions: Learning with Discrete Functions in High Dimensions,2022,2022.csv
PKD: General Distillation Framework for Object Detectors via Pearson Correlation Coefficient,2022,2022.csv
Private and Communication-Efficient Algorithms for Entropy Estimation,2022,2022.csv
Minimax-Optimal Multi-Agent RL in Markov Games With a Generative Model,2022,2022.csv
Off-Team Learning,2022,2022.csv
NUWA-Infinity: Autoregressive over Autoregressive Generation for Infinite Visual Synthesis,2022,2022.csv
TPU-KNN: K Nearest Neighbor Search at Peak FLOP/s,2022,2022.csv
A Multi-Resolution Framework for U-Nets with Applications to Hierarchical VAEs,2022,2022.csv
Watermarking for Out-of-distribution Detection,2022,2022.csv
Where do Models go Wrong? Parameter-Space Saliency Maps for Explainability,2022,2022.csv
LasUIE: Unifying Information Extraction with Latent Adaptive Structure-aware Generative Language Model,2022,2022.csv
Using Embeddings for Causal Estimation of Peer Influence in Social Networks,2022,2022.csv
On Batch Teaching with Sample Complexity Bounded by VCD,2022,2022.csv
Approaching Quartic Convergence Rates for Quasi-Stochastic Approximation with Application to Gradient-Free Optimization,2022,2022.csv
PAC: Assisted Value Factorization with Counterfactual Predictions in Multi-Agent Reinforcement Learning,2022,2022.csv
Better Best of Both Worlds Bounds for Bandits with Switching Costs,2022,2022.csv
Sharp Analysis of Stochastic Optimization under Global Kurdyka-Lojasiewicz Inequality,2022,2022.csv
The Hessian Screening Rule,2022,2022.csv
Translation-equivariant Representation in Recurrent Networks with a Continuous Manifold of Attractors,2022,2022.csv
Plan To Predict: Learning an Uncertainty-Foreseeing Model For Model-Based Reinforcement Learning,2022,2022.csv
Efficiency Ordering of Stochastic Gradient Descent,2022,2022.csv
Sequential Information Design: Learning to Persuade in the Dark,2022,2022.csv
AutoML Two-Sample Test,2022,2022.csv
Learning Individualized Treatment Rules with Many Treatments: A Supervised Clustering Approach Using Adaptive Fusion,2022,2022.csv
Robust Generalized Method of Moments: A Finite Sample Viewpoint,2022,2022.csv
$k$-Sliced Mutual Information: A Quantitative Study of Scalability with Dimension,2022,2022.csv
What's the Harm? Sharp Bounds on the Fraction Negatively Affected by Treatment,2022,2022.csv
Bessel Equivariant Networks for Inversion of Transmission Effects in Multi-Mode Optical Fibres,2022,2022.csv
No Free Lunch from Deep Learning in Neuroscience: A Case Study through Models of the Entorhinal-Hippocampal Circuit,2022,2022.csv
On the Importance of Gradient Norm in PAC-Bayesian Bounds,2022,2022.csv
Learning NP-Hard Multi-Agent Assignment Planning using GNN: Inference on a Random Graph and Provable Auction-Fitted Q-learning,2022,2022.csv
Expansion and Shrinkage of Localization for Weakly-Supervised Semantic Segmentation,2022,2022.csv
Improved techniques for deterministic l2 robustness,2022,2022.csv
Normalizing Flows for Knockoff-free Controlled Feature Selection,2022,2022.csv
Beyond Not-Forgetting: Continual Learning with Backward Knowledge Transfer,2022,2022.csv
ReFactor GNNs: Revisiting Factorisation-based Models from a Message-Passing Perspective,2022,2022.csv
Efficient Architecture Search for Diverse Tasks,2022,2022.csv
Inherently Explainable Reinforcement Learning in Natural Language,2022,2022.csv
Conditional Independence Testing with Heteroskedastic Data and Applications to Causal Discovery,2022,2022.csv
On Reinforcement Learning and Distribution Matching for Fine-Tuning Language Models with no Catastrophic Forgetting,2022,2022.csv
Ask4Help: Learning to Leverage an Expert for Embodied Tasks,2022,2022.csv
Robust Learning against Relational Adversaries,2022,2022.csv
Understanding and Improving Robustness of Vision Transformers through Patch-based Negative Augmentation,2022,2022.csv
Controllable 3D Face Synthesis with Conditional Generative Occupancy Fields,2022,2022.csv
FlashAttention: Fast and Memory-Efficient Exact Attention with IO-Awareness,2022,2022.csv
Locally Hierarchical Auto-Regressive Modeling for Image Generation,2022,2022.csv
On global convergence of ResNets: From finite to infinite width using linear parameterization,2022,2022.csv
Spherization Layer: Representation Using Only Angles,2022,2022.csv
Learning Enhanced Representation for Tabular Data via Neighborhood Propagation,2022,2022.csv
Self-Supervised Visual Representation Learning with Semantic Grouping,2022,2022.csv
Discovered Policy Optimisation,2022,2022.csv
Optimistic Mirror Descent Either Converges to Nash or to Strong Coarse Correlated Equilibria in Bimatrix Games,2022,2022.csv
Robust Testing in High-Dimensional Sparse Models,2022,2022.csv
Multi-Agent Reinforcement Learning is a Sequence Modeling Problem,2022,2022.csv
Non-stationary Bandits with Knapsacks,2022,2022.csv
Are Two Heads the Same as One? Identifying Disparate Treatment in Fair Neural Networks,2022,2022.csv
Provable Generalization of Overparameterized Meta-learning Trained with SGD,2022,2022.csv
When Do Flat Minima Optimizers Work?,2022,2022.csv
Sparse Gaussian Process Hyperparameters: Optimize or Integrate?,2022,2022.csv
Fast Instrument Learning with Faster Rates,2022,2022.csv
A Variant of Anderson Mixing with Minimal Memory Size,2022,2022.csv
Wasserstein Logistic Regression with Mixed Features,2022,2022.csv
Symmetry Teleportation for Accelerated Optimization,2022,2022.csv
SwinTrack: A Simple and Strong Baseline for Transformer Tracking,2022,2022.csv
Trajectory Inference via Mean-field Langevin in Path Space,2022,2022.csv
Learning Chaotic Dynamics in Dissipative Systems,2022,2022.csv
Poisson Flow Generative Models,2022,2022.csv
Semi-infinitely Constrained Markov Decision Processes,2022,2022.csv
Latent Planning via Expansive Tree Search,2022,2022.csv
Invertible Monotone Operators for Normalizing Flows,2022,2022.csv
Learning to Sample and Aggregate: Few-shot Reasoning over Temporal Knowledge Graphs,2022,2022.csv
When to Ask for Help: Proactive Interventions in Autonomous Reinforcement Learning,2022,2022.csv
CogView2: Faster and Better Text-to-Image Generation via Hierarchical Transformers,2022,2022.csv
Recursive Reasoning in Minimax Games: A Level $k$ Gradient Play Method,2022,2022.csv
Reinforcement Learning with Neural Radiance Fields,2022,2022.csv
On the Sample Complexity of Stabilizing LTI Systems on a Single Trajectory,2022,2022.csv
Taming Fat-Tailed (“Heavier-Tailed” with Potentially Infinite Variance) Noise in Federated Learning,2022,2022.csv
Operative dimensions in unconstrained connectivity of recurrent neural networks,2022,2022.csv
Batch size-invariance for policy optimization,2022,2022.csv
Inference and Sampling for Archimax Copulas,2022,2022.csv
Learning Physics Constrained Dynamics Using Autoencoders,2022,2022.csv
Variational Model Perturbation for Source-Free Domain Adaptation,2022,2022.csv
On the non-universality of deep learning: quantifying the cost of symmetry,2022,2022.csv
Sharper Convergence Guarantees for Asynchronous SGD for Distributed and Federated Learning,2022,2022.csv
Adjoint-aided inference of Gaussian process driven differential equations,2022,2022.csv
BOME! Bilevel Optimization Made Easy: A Simple First-Order Approach,2022,2022.csv
"Mirror Descent with Relative Smoothness in Measure Spaces, with application to Sinkhorn and EM",2022,2022.csv
Visual Clues: Bridging Vision and Language Foundations for Image Paragraph Captioning,2022,2022.csv
ShuffleMixer: An Efficient ConvNet for Image Super-Resolution,2022,2022.csv
S-PIFu: Integrating Parametric Human Models with PIFu for Single-view Clothed Human Reconstruction,2022,2022.csv
Outlier Suppression: Pushing the Limit of Low-bit Transformer Language Models,2022,2022.csv
A composable machine-learning approach for steady-state simulations on high-resolution grids,2022,2022.csv
All Politics is Local: Redistricting via Local Fairness,2022,2022.csv
Bayesian Risk Markov Decision Processes,2022,2022.csv
A Single-timescale Analysis for Stochastic Approximation with Multiple Coupled Sequences,2022,2022.csv
Confident Adaptive Language Modeling,2022,2022.csv
Submodular Maximization in Clean Linear Time,2022,2022.csv
Parameters or Privacy: A Provable Tradeoff Between Overparameterization and Membership Inference,2022,2022.csv
DataMUX: Data Multiplexing for Neural Networks,2022,2022.csv
When Combinatorial Thompson Sampling meets Approximation Regret,2022,2022.csv
Tikhonov Regularization is Optimal Transport Robust under Martingale Constraints,2022,2022.csv
Pruning has a disparate impact on model accuracy,2022,2022.csv
Policy Optimization with Linear Temporal Logic Constraints,2022,2022.csv
Sequence Model Imitation Learning with Unobserved Contexts,2022,2022.csv
Mind the Gap: Understanding the Modality Gap in Multi-modal Contrastive Representation Learning,2022,2022.csv
Merging Models with Fisher-Weighted Averaging,2022,2022.csv
Learning to Generate Inversion-Resistant Model Explanations,2022,2022.csv
FasterRisk: Fast and Accurate Interpretable Risk Scores,2022,2022.csv
Revisiting Sliced Wasserstein on Images: From Vectorization to Convolution,2022,2022.csv
Graph Learning Assisted Multi-Objective Integer Programming,2022,2022.csv
The Role of Baselines in Policy Gradient Optimization,2022,2022.csv
SignRFF: Sign Random Fourier Features,2022,2022.csv
Private Graph All-Pairwise-Shortest-Path Distance Release with Improved Error Rate,2022,2022.csv
SemiFL: Semi-Supervised Federated Learning for Unlabeled Clients with Alternate Training,2022,2022.csv
Multi-Fidelity Best-Arm Identification,2022,2022.csv
Learning Infinite-Horizon Average-Reward Restless Multi-Action Bandits via Index Awareness,2022,2022.csv
RankFeat: Rank-1 Feature Removal for Out-of-distribution Detection,2022,2022.csv
Jump Self-attention: Capturing High-order Statistics in Transformers,2022,2022.csv
ProtoVAE: A Trustworthy Self-Explainable Prototypical Variational Model,2022,2022.csv
SAPipe: Staleness-Aware Pipeline for Data Parallel DNN Training,2022,2022.csv
Reproducibility in Optimization: Theoretical Framework and Limits,2022,2022.csv
Kernel Multimodal Continuous Attention,2022,2022.csv
Hierarchical classification at multiple operating points,2022,2022.csv
Exact Shape Correspondence via 2D graph convolution,2022,2022.csv
Posterior Matching for Arbitrary Conditioning,2022,2022.csv
Benefits of Permutation-Equivariance in Auction Mechanisms,2022,2022.csv
What Can the Neural Tangent Kernel Tell Us About Adversarial Robustness?,2022,2022.csv
MoCoDA: Model-based Counterfactual Data Augmentation,2022,2022.csv
A permutation-free kernel two-sample test,2022,2022.csv
Communication-efficient distributed eigenspace estimation with arbitrary node failures,2022,2022.csv
Optimal Binary Classification Beyond Accuracy,2022,2022.csv
"On Uncertainty, Tempering, and Data Augmentation in Bayesian Classification",2022,2022.csv
Information-Theoretic GAN Compression with Variational Energy-based Model,2022,2022.csv
"Why So Pessimistic? Estimating Uncertainties for Offline RL through Ensembles, and Why Their Independence Matters",2022,2022.csv
On Learning and Refutation in Noninteractive Local Differential Privacy,2022,2022.csv
Sample-Efficient Reinforcement Learning of Partially Observable Markov Games,2022,2022.csv
Advancing Model Pruning via Bi-level Optimization,2022,2022.csv
Optimal Positive Generation via Latent Transformation for Contrastive Learning,2022,2022.csv
The price of unfairness in linear bandits with biased feedback,2022,2022.csv
Truncated Matrix Power Iteration for Differentiable DAG Learning,2022,2022.csv
Modeling the Machine Learning Multiverse,2022,2022.csv
Unifying Voxel-based Representation with Transformer for 3D Object Detection,2022,2022.csv
UDC: Unified DNAS for Compressible TinyML Models for Neural Processing Units,2022,2022.csv
On Scrambling Phenomena for Randomly Initialized Recurrent Networks,2022,2022.csv
Measures of Information Reflect Memorization Patterns,2022,2022.csv
Fine-Grained Analysis of Stability and Generalization for Modern Meta Learning Algorithms,2022,2022.csv
Learning to Branch with Tree MDPs,2022,2022.csv
Neural Sheaf Diffusion: A Topological Perspective on Heterophily and Oversmoothing in GNNs,2022,2022.csv
Adversarial Unlearning: Reducing Confidence Along Adversarial Directions,2022,2022.csv
On Elimination Strategies for Bandit Fixed-Confidence Identification,2022,2022.csv
Escaping from the Barren Plateau via Gaussian Initializations in Deep Variational Quantum Circuits,2022,2022.csv
A sharp NMF result with applications in network modeling,2022,2022.csv
Private Estimation with Public Data,2022,2022.csv
Pre-activation Distributions Expose Backdoor Neurons,2022,2022.csv
Most Activation Functions Can Win the Lottery Without Excessive Depth,2022,2022.csv
Rapid Model Architecture Adaption for Meta-Learning,2022,2022.csv
Unsupervised Learning under Latent Label Shift,2022,2022.csv
Exploring through Random Curiosity with General Value Functions,2022,2022.csv
Efficient Aggregated Kernel Tests using Incomplete $U$-statistics,2022,2022.csv
Influencing Long-Term Behavior in Multiagent Reinforcement Learning,2022,2022.csv
Convergent Representations of Computer Programs in Human and Artificial Neural Networks,2022,2022.csv
QC-StyleGAN - Quality Controllable Image Generation and Manipulation,2022,2022.csv
Data Distributional Properties Drive Emergent In-Context Learning in Transformers,2022,2022.csv
LOT: Layer-wise Orthogonal Training on Improving l2 Certified Robustness,2022,2022.csv
Reconstruction on Trees and Low-Degree Polynomials,2022,2022.csv
Memory safe computations with XLA compiler,2022,2022.csv
Towards Theoretically Inspired Neural Initialization Optimization,2022,2022.csv
Uncertainty Estimation Using Riemannian Model Dynamics for Offline Reinforcement Learning,2022,2022.csv
Improved Convergence Rate of Stochastic Gradient Langevin Dynamics with Variance Reduction and its Application to Optimization,2022,2022.csv
Efficient learning of nonlinear prediction models with time-series privileged information,2022,2022.csv
Trustworthy Monte Carlo,2022,2022.csv
"Double Bubble, Toil and Trouble: Enhancing Certified Robustness through Transitivity",2022,2022.csv
An $\alpha$-No-Regret Algorithm For Graphical Bilinear Bandits,2022,2022.csv
A Unified Analysis of Federated Learning with Arbitrary Client Participation,2022,2022.csv
Deconfounded Representation Similarity for Comparison of Neural Networks,2022,2022.csv
Dynamic Pricing with Monotonicity Constraint under Unknown Parametric Demand Model,2022,2022.csv
Asymptotics of smoothed Wasserstein distances in the small noise regime,2022,2022.csv
Fine-tuning Language Models over Slow Networks using Activation Quantization with Guarantees,2022,2022.csv
Non-monotonic Resource Utilization in the Bandits with Knapsacks Problem,2022,2022.csv
Pareto Set Learning for Expensive Multi-Objective Optimization,2022,2022.csv
Efficient identification of informative features in simulation-based inference,2022,2022.csv
Diagnosing failures of fairness transfer across distribution shift in real-world medical settings,2022,2022.csv
Towards Lightweight Black-Box Attack Against Deep Neural Networks,2022,2022.csv
Large-Scale Differentiable Causal Discovery of Factor Graphs,2022,2022.csv
Theoretically Provable Spiking Neural Networks,2022,2022.csv
Approximate Euclidean lengths and distances beyond Johnson-Lindenstrauss,2022,2022.csv
InsPro: Propagating Instance Query and Proposal for Online Video Instance Segmentation,2022,2022.csv
Measuring and Reducing Model Update Regression in Structured Prediction for NLP,2022,2022.csv
RISE: Robust Individualized Decision Learning with Sensitive Variables,2022,2022.csv
Improving Variational Autoencoders with Density Gap-based Regularization,2022,2022.csv
Concentration of Data Encoding in Parameterized Quantum Circuits,2022,2022.csv
Bayesian Clustering of Neural Spiking Activity Using a Mixture of Dynamic Poisson Factor Analyzers,2022,2022.csv
Neural Estimation of Submodular Functions with Applications to Differentiable Subset Selection,2022,2022.csv
Maximum Class Separation as Inductive Bias in One Matrix,2022,2022.csv
Surprising Instabilities in Training Deep Networks and a Theoretical Analysis,2022,2022.csv
WaveBound: Dynamic Error Bounds for Stable Time Series Forecasting,2022,2022.csv
Finite-Time Analysis of Adaptive Temporal Difference Learning with Deep Neural Networks,2022,2022.csv
Benign Underfitting of Stochastic Gradient Descent,2022,2022.csv
Redundant representations help generalization in wide neural networks,2022,2022.csv
Rate-Distortion Theoretic Bounds on Generalization Error for Distributed Learning,2022,2022.csv
Online Frank-Wolfe with Arbitrary Delays,2022,2022.csv
Mean Estimation in High-Dimensional Binary Markov Gaussian Mixture Models,2022,2022.csv
Isometric 3D Adversarial Examples in the Physical World,2022,2022.csv
Tight Lower Bounds on Worst-Case Guarantees for Zero-Shot Learning with Attributes,2022,2022.csv
Robust Imitation of a Few Demonstrations with a Backwards Model,2022,2022.csv
Communication Efficient Distributed Learning for Kernelized Contextual Bandits,2022,2022.csv
ELIAS: End-to-End Learning to Index and Search in Large Output Spaces,2022,2022.csv
Trust Region Policy Optimization with Optimal Transport Discrepancies: Duality and Algorithm for Continuous Actions,2022,2022.csv
GStarX: Explaining Graph Neural Networks with Structure-Aware Cooperative Games,2022,2022.csv
Bridging the Gap from Asymmetry Tricks to Decorrelation Principles in Non-contrastive Self-supervised Learning,2022,2022.csv
Improving Barely Supervised Learning by Discriminating Unlabeled Samples with Super-Class,2022,2022.csv
Low-Rank Modular Reinforcement Learning via Muscle Synergy,2022,2022.csv
Lipschitz Bandits with Batched Feedback,2022,2022.csv
Generative Neural Articulated Radiance Fields,2022,2022.csv
GALOIS: Boosting Deep Reinforcement Learning via Generalizable Logic Synthesis,2022,2022.csv
Understanding Benign Overfitting in Gradient-Based Meta Learning,2022,2022.csv
Faster Deep Reinforcement Learning with Slower Online Network,2022,2022.csv
Efficient Frameworks for Generalized Low-Rank Matrix Bandit Problems,2022,2022.csv
Learn to Match with No Regret: Reinforcement Learning in Markov Matching Markets,2022,2022.csv
A Projection-free Algorithm for Constrained Stochastic Multi-level Composition Optimization,2022,2022.csv
Green Hierarchical Vision Transformer for Masked Image Modeling,2022,2022.csv
Simultaneous Missing Value Imputation and Structure Learning with Groups,2022,2022.csv
Towards Reliable Simulation-Based Inference with Balanced Neural Ratio Estimation,2022,2022.csv
Low-rank lottery tickets: finding efficient low-rank neural networks via matrix differential equations,2022,2022.csv
Interaction Modeling with Multiplex Attention,2022,2022.csv
Causality-driven Hierarchical Structure Discovery for Reinforcement Learning,2022,2022.csv
Weisfeiler and Leman Go Walking: Random Walk Kernels Revisited,2022,2022.csv
Gradient flow dynamics of shallow ReLU networks for square loss and orthogonal inputs,2022,2022.csv
Pay attention to your loss : understanding misconceptions about Lipschitz neural networks,2022,2022.csv
Multi-agent Dynamic Algorithm Configuration,2022,2022.csv
TaSIL: Taylor Series Imitation Learning,2022,2022.csv
Continuous MDP Homomorphisms and Homomorphic Policy Gradient,2022,2022.csv
Experimental Design for Linear Functionals in Reproducing Kernel Hilbert Spaces,2022,2022.csv
Score-based Generative Modeling Secretly Minimizes the Wasserstein Distance,2022,2022.csv
Uncertainty-Aware Reinforcement Learning for Risk-Sensitive Player Evaluation in Sports Game,2022,2022.csv
Smooth Fictitious Play in Stochastic Games with Perturbed Payoffs and Unknown Transitions,2022,2022.csv
OOD Link Prediction Generalization Capabilities of Message-Passing GNNs in Larger Test Graphs,2022,2022.csv
End-to-end Algorithm Synthesis with Recurrent Networks: Extrapolation without Overthinking,2022,2022.csv
Algorithms with Prediction Portfolios,2022,2022.csv
A Unified Hard-Constraint Framework for Solving Geometrically Complex PDEs,2022,2022.csv
Instability and Local Minima in GAN Training with Kernel Discriminators,2022,2022.csv
Versatile Multi-stage Graph Neural Network for Circuit Representation,2022,2022.csv
Optimal and Adaptive Monteiro-Svaiter Acceleration,2022,2022.csv
Adaptively Exploiting d-Separators with Causal Bandits,2022,2022.csv
Non-Stationary Bandits under Recharging Payoffs: Improved Planning with Sublinear Regret,2022,2022.csv
Chroma-VAE: Mitigating Shortcut Learning with Generative Classifiers,2022,2022.csv
SparCL: Sparse Continual Learning on the Edge,2022,2022.csv
Spectrum Random Masking for Generalization in Image-based Reinforcement Learning,2022,2022.csv
Pyramid Attention For Source Code Summarization,2022,2022.csv
SIREN: Shaping Representations for Detecting Out-of-Distribution Objects,2022,2022.csv
I2Q: A Fully Decentralized Q-Learning Algorithm,2022,2022.csv
Constrained Langevin Algorithms with L-mixing External Random Variables,2022,2022.csv
Planning to the Information Horizon of BAMDPs via Epistemic State Abstraction,2022,2022.csv
Biologically plausible solutions for spiking networks with efficient coding,2022,2022.csv
Wavelet Feature Maps Compression for Image-to-Image CNNs,2022,2022.csv
Finding Optimal Arms in Non-stochastic Combinatorial Bandits with Semi-bandit Feedback and Finite Budget,2022,2022.csv
Evaluated CMI Bounds for Meta Learning: Tightness and Expressiveness,2022,2022.csv
Graph Neural Networks are Dynamic Programmers,2022,2022.csv
Additive MIL: Intrinsically Interpretable Multiple Instance Learning for Pathology,2022,2022.csv
SPD: Synergy Pattern Diversifying Oriented Unsupervised Multi-agent Reinforcement Learning,2022,2022.csv
Model-Based Imitation Learning for Urban Driving,2022,2022.csv
Boosting Out-of-distribution Detection with Typical Features,2022,2022.csv
Dynamic Learning in Large Matching Markets,2022,2022.csv
Symplectic Spectrum Gaussian Processes: Learning Hamiltonians from Noisy and Sparse Data,2022,2022.csv
Invariant and Transportable Representations for Anti-Causal Domain Shifts,2022,2022.csv
Multiclass Learnability Beyond the PAC Framework: Universal Rates and Partial Concept Classes,2022,2022.csv
A Fourier Approach to Mixture Learning,2022,2022.csv
Losses Can Be Blessings: Routing Self-Supervised Speech Representations Towards Efficient Multilingual and Multitask Speech Processing,2022,2022.csv
SAPA: Similarity-Aware Point Affiliation for Feature Upsampling,2022,2022.csv
On the Statistical Efficiency of Reward-Free Exploration in Non-Linear RL,2022,2022.csv
Pessimism for Offline Linear Contextual Bandits using $\ell_p$ Confidence Sets,2022,2022.csv
Discrete-Convex-Analysis-Based Framework for Warm-Starting Algorithms with Predictions,2022,2022.csv
Generalizing Bayesian Optimization with Decision-theoretic Entropies,2022,2022.csv
Laplacian Autoencoders for Learning Stochastic Representations,2022,2022.csv
RSA: Reducing Semantic Shift from Aggressive Augmentations for Self-supervised Learning,2022,2022.csv
Learning Options via Compression,2022,2022.csv
Fixed-Distance Hamiltonian Monte Carlo,2022,2022.csv
"GlanceNets: Interpretable, Leak-proof Concept-based Models",2022,2022.csv
3DOS: Towards 3D Open Set Learning - Benchmarking and Understanding Semantic Novelty Detection on Point Clouds,2022,2022.csv
u-HuBERT: Unified Mixed-Modal Speech Pretraining And Zero-Shot Transfer to Unlabeled Modality,2022,2022.csv
Leveraging the Hints: Adaptive Bidding in Repeated First-Price Auctions,2022,2022.csv
Characterization of Excess Risk for Locally Strongly Convex Population Risk,2022,2022.csv
A Non-Asymptotic Moreau Envelope Theory for High-Dimensional Generalized Linear Models,2022,2022.csv
MGNNI: Multiscale Graph Neural Networks with Implicit Layers,2022,2022.csv
Sample Efficiency Matters: A Benchmark for Practical Molecular Optimization,2022,2022.csv
UQGAN: A Unified Model for Uncertainty Quantification of Deep Classifiers trained via Conditional GANs,2022,2022.csv
Audio-Driven Co-Speech Gesture Video Generation,2022,2022.csv
Non-Gaussian Tensor Programs,2022,2022.csv
Exploring the Latent Space of Autoencoders with Interventional Assays,2022,2022.csv
PaCo: Parameter-Compositional Multi-task Reinforcement Learning,2022,2022.csv
Score-Based Diffusion meets Annealed Importance Sampling,2022,2022.csv
Adaptation Accelerating Sampling-based Bayesian Inference in Attractor Neural Networks,2022,2022.csv
Pythae: Unifying Generative Autoencoders in Python - A Benchmarking Use Case,2022,2022.csv
Adaptive Multi-stage Density Ratio Estimation for Learning Latent Space Energy-based Model,2022,2022.csv
A Contrastive Framework for Neural Text Generation,2022,2022.csv
Entropy-Driven Mixed-Precision Quantization for Deep Network Design,2022,2022.csv
An Analysis of Ensemble Sampling,2022,2022.csv
Bridging Central and Local Differential Privacy in Data Acquisition Mechanisms,2022,2022.csv
Multi-fidelity Monte Carlo: a pseudo-marginal approach,2022,2022.csv
SAPD+: An Accelerated Stochastic Method for Nonconvex-Concave Minimax Problems,2022,2022.csv
Decoupled Context Processing for Context Augmented Language Modeling,2022,2022.csv
LISA: Learning Interpretable Skill Abstractions from Language,2022,2022.csv
Accelerated Primal-Dual Gradient Method for Smooth and Convex-Concave Saddle-Point Problems with Bilinear Coupling,2022,2022.csv
Diffusion Curvature for Estimating Local Curvature in High Dimensional Data,2022,2022.csv
Transformer Memory as a Differentiable Search Index,2022,2022.csv
Insights into Pre-training via Simpler Synthetic Tasks,2022,2022.csv
Communication Acceleration of Local Gradient Methods via an Accelerated Primal-Dual Algorithm with an Inexact Prox,2022,2022.csv
Aligning individual brains with fused unbalanced Gromov Wasserstein,2022,2022.csv
An In-depth Study of Stochastic Backpropagation,2022,2022.csv
Last-Iterate Convergence of Optimistic Gradient Method for Monotone Variational Inequalities,2022,2022.csv
3DILG: Irregular Latent Grids for 3D Generative Modeling,2022,2022.csv
Policy Optimization for Markov Games: Unified Framework and Faster Convergence,2022,2022.csv
Target alignment in truncated kernel ridge regression,2022,2022.csv
Respecting Transfer Gap in Knowledge Distillation,2022,2022.csv
Continual Learning In Environments With Polynomial Mixing Times,2022,2022.csv
Panchromatic and Multispectral Image Fusion via Alternating Reverse Filtering Network,2022,2022.csv
Natural gradient enables fast sampling in spiking neural networks,2022,2022.csv
Coordinate Linear Variance Reduction for Generalized Linear Programming,2022,2022.csv
Unsupervised Cross-Task Generalization via Retrieval Augmentation,2022,2022.csv
Adversarial Auto-Augment with Label Preservation: A Representation Learning Principle Guided Approach,2022,2022.csv
Gaussian Copula Embeddings,2022,2022.csv
Unsupervised Representation Learning from Pre-trained Diffusion Probabilistic Models,2022,2022.csv
To update or not to update? Neurons at equilibrium in deep models,2022,2022.csv
Non-convex online learning via algorithmic equivalence,2022,2022.csv
TA-MoE: Topology-Aware Large Scale Mixture-of-Expert Training,2022,2022.csv
A Combinatorial Perspective on the Optimization of Shallow ReLU Networks,2022,2022.csv
"Trading off Utility, Informativeness, and Complexity in Emergent Communication",2022,2022.csv
FiLM-Ensemble: Probabilistic Deep Learning via Feature-wise Linear Modulation,2022,2022.csv
Meta-DMoE: Adapting to Domain Shift by Meta-Distillation from Mixture-of-Experts,2022,2022.csv
Beyond Time-Average Convergence: Near-Optimal Uncoupled Online Learning via Clairvoyant Multiplicative Weights Update,2022,2022.csv
Efficient Phi-Regret Minimization in Extensive-Form Games via Online Mirror Descent,2022,2022.csv
On the inability of Gaussian process regression to optimally learn compositional functions,2022,2022.csv
Training Uncertainty-Aware Classifiers with Conformalized Deep Learning,2022,2022.csv
"A general approximation lower bound in $L^p$ norm, with applications to feed-forward neural networks",2022,2022.csv
Generative Visual Prompt: Unifying Distributional Control of Pre-Trained Generative Models,2022,2022.csv
EnvPool: A Highly Parallel Reinforcement Learning Environment Execution Engine,2022,2022.csv
Ontologue: Declarative Benchmark Construction for Ontological Multi-Label Classification,2022,2022.csv
FNeVR: Neural Volume Rendering for Face Animation,2022,2022.csv
Differentially Private Generalized Linear Models Revisited,2022,2022.csv
Efficient Adversarial Training without Attacking: Worst-Case-Aware Robust Reinforcement Learning,2022,2022.csv
Zeroth-Order Hard-Thresholding: Gradient Error vs. Expansivity,2022,2022.csv
Tracking Functional Changes in Nonstationary Signals with Evolutionary Ensemble Bayesian Model for Robust Neural Decoding,2022,2022.csv
"Alleviating ""Posterior Collapse'' in Deep Topic Models via Policy Gradient",2022,2022.csv
Collaborative Linear Bandits with Adversarial Agents: Near-Optimal Regret Bounds,2022,2022.csv
How Well Do Unsupervised Learning Algorithms Model Human Real-time and Life-long Learning?,2022,2022.csv
Tractable Function-Space Variational Inference in Bayesian Neural Networks,2022,2022.csv
Stochastic Multiple Target Sampling Gradient Descent,2022,2022.csv
Towards Out-of-Distribution Sequential Event Prediction: A Causal Treatment,2022,2022.csv
Can Hybrid Geometric Scattering Networks Help Solve the Maximum Clique Problem?,2022,2022.csv
Redistribution of Weights and Activations for AdderNet Quantization,2022,2022.csv
Continuous Deep Q-Learning in Optimal Control Problems: Normalized Advantage Functions Analysis,2022,2022.csv
Globally Convergent Policy Search for Output Estimation,2022,2022.csv
Partial Identification of Treatment Effects with Implicit Generative Models,2022,2022.csv
Robust Model Selection and Nearly-Proper Learning for GMMs,2022,2022.csv
"Shape, Light, and Material Decomposition from Images using Monte Carlo Rendering and Denoising",2022,2022.csv
Convergence for score-based generative modeling with polynomial complexity,2022,2022.csv
Contrastive Language-Image Pre-Training with Knowledge Graphs,2022,2022.csv
On-Device Training Under 256KB Memory,2022,2022.csv
Performative Power,2022,2022.csv
"Generative Time Series Forecasting with Diffusion, Denoise, and Disentanglement",2022,2022.csv
Deep Fourier Up-Sampling,2022,2022.csv
The Missing Invariance Principle found --  the Reciprocal Twin of Invariant Risk Minimization,2022,2022.csv
Signal Recovery with Non-Expansive Generative Network Priors,2022,2022.csv
Towards Understanding the Mixture-of-Experts Layer in Deep Learning,2022,2022.csv
Indicators of Attack Failure: Debugging and Improving Optimization of Adversarial Examples,2022,2022.csv
Beyond accuracy: generalization properties of bio-plausible temporal credit assignment rules,2022,2022.csv
Bridging the Gap: Unifying the Training and Evaluation of Neural Network Binary Classifiers,2022,2022.csv
VITA: Video Instance Segmentation via Object Token Association,2022,2022.csv
Truncated proposals for scalable and hassle-free simulation-based inference,2022,2022.csv
When to Update Your Model: Constrained Model-based Reinforcement Learning,2022,2022.csv
Iso-Dream: Isolating and Leveraging Noncontrollable Visual Dynamics in World Models,2022,2022.csv
PointNeXt: Revisiting PointNet++ with Improved Training and Scaling Strategies,2022,2022.csv
Quantum Algorithms for Sampling Log-Concave Distributions and Estimating Normalizing Constants,2022,2022.csv
Physics-Embedded Neural Networks: Graph Neural PDE Solvers with Mixed Boundary Conditions,2022,2022.csv
Mismatched No More: Joint Model-Policy Optimization for Model-Based RL,2022,2022.csv
Phase diagram of Stochastic Gradient Descent in high-dimensional two-layer neural networks,2022,2022.csv
Constrained Stochastic Nonconvex Optimization with State-dependent Markov Data,2022,2022.csv
Adapting Self-Supervised Vision Transformers by Probing Attention-Conditioned Masking Consistency,2022,2022.csv
Decomposing NeRF for Editing via Feature Field Distillation,2022,2022.csv
Video-based Human-Object Interaction Detection from Tubelet Tokens,2022,2022.csv
Efficient and Stable Fully Dynamic Facility Location,2022,2022.csv
Sample-Then-Optimize Batch Neural Thompson Sampling,2022,2022.csv
"MCVD - Masked Conditional Video Diffusion for Prediction, Generation, and Interpolation",2022,2022.csv
Addressing Leakage in Concept Bottleneck Models,2022,2022.csv
Meta-Auto-Decoder for Solving Parametric Partial Differential Equations,2022,2022.csv
Generalization for multiclass classification with overparameterized linear models,2022,2022.csv
Inception Transformer,2022,2022.csv
ElasticMVS: Learning elastic part representation for self-supervised multi-view stereopsis,2022,2022.csv
Adaptive Stochastic Variance Reduction for Non-convex Finite-Sum Minimization,2022,2022.csv
Thinking Outside the Ball: Optimal Learning with Gradient Descent for Generalized Linear Stochastic Convex Optimization,2022,2022.csv
Generalization Properties of NAS under Activation and Skip Connection Search,2022,2022.csv
Mesoscopic modeling of hidden spiking neurons,2022,2022.csv
On Translation and Reconstruction Guarantees of the Cycle-Consistent Generative Adversarial Networks,2022,2022.csv
Tractable Optimality in Episodic Latent MABs,2022,2022.csv
A Characterization of Semi-Supervised Adversarially Robust PAC Learnability,2022,2022.csv
Task-Free Continual Learning via Online Discrepancy Distance Learning,2022,2022.csv
Understanding the Eluder Dimension,2022,2022.csv
Context-Based Dynamic Pricing with Partially Linear Demand Model,2022,2022.csv
NeuroSchedule: A Novel Effective GNN-based Scheduling Method for High-level Synthesis,2022,2022.csv
Distinguishing discrete and continuous behavioral variability using warped autoregressive HMMs,2022,2022.csv
Optimal Scaling for Locally Balanced Proposals in Discrete Spaces,2022,2022.csv
The Impact of Task Underspecification in Evaluating Deep Reinforcement Learning,2022,2022.csv
Polynomial time guarantees for the Burer-Monteiro method,2022,2022.csv
Optimal Comparator Adaptive Online Learning with Switching Cost,2022,2022.csv
Fair Rank Aggregation,2022,2022.csv
A Robust Phased Elimination Algorithm for Corruption-Tolerant Gaussian Process Bandits,2022,2022.csv
Neur2SP: Neural Two-Stage Stochastic Programming,2022,2022.csv
Beyond IID: data-driven decision-making in heterogeneous environments,2022,2022.csv
SQ Lower Bounds for Learning Single Neurons with Massart Noise,2022,2022.csv
MaskPlace: Fast Chip Placement via Reinforced Visual Representation Learning,2022,2022.csv
Structure-Aware Image Segmentation with Homotopy Warping,2022,2022.csv
List-Decodable Sparse Mean Estimation,2022,2022.csv
Pluralistic Image Completion with Gaussian Mixture Models,2022,2022.csv
Extracting computational mechanisms from neural data using low-rank RNNs,2022,2022.csv
Posted Pricing and Dynamic Prior-independent Mechanisms with Value Maximizers,2022,2022.csv
Curious Exploration via Structured World Models Yields Zero-Shot Object Manipulation,2022,2022.csv
Single-phase deep learning in cortico-cortical networks,2022,2022.csv
Active Learning Polynomial Threshold Functions,2022,2022.csv
Torsional Diffusion for Molecular Conformer Generation,2022,2022.csv
AgraSSt: Approximate Graph Stein Statistics for Interpretable Assessment of Implicit Graph Generators,2022,2022.csv
LiteTransformerSearch: Training-free Neural Architecture Search for Efficient Language Models,2022,2022.csv
Proximal Point Imitation Learning,2022,2022.csv
On the Limitations of Stochastic Pre-processing Defenses,2022,2022.csv
Mining Unseen Classes via Regional Objectness: A Simple Baseline for Incremental Segmentation,2022,2022.csv
Finite Sample Analysis Of Dynamic Regression Parameter Learning,2022,2022.csv
Group Meritocratic Fairness in Linear Contextual Bandits,2022,2022.csv
New Lower Bounds for Private Estimation and a Generalized Fingerprinting Lemma,2022,2022.csv
Lower Bounds on Randomly Preconditioned Lasso via Robust Sparse Designs,2022,2022.csv
Model-based Safe Deep Reinforcement Learning via a Constrained Proximal Policy Optimization Algorithm,2022,2022.csv
Exact Solutions of a Deep Linear Network,2022,2022.csv
An Adaptive Kernel Approach to Federated Learning of Heterogeneous Causal Effects,2022,2022.csv
Towards Trustworthy Automatic Diagnosis Systems by Emulating Doctors' Reasoning  with Deep Reinforcement Learning,2022,2022.csv
Active Surrogate Estimators: An Active Learning Approach to Label-Efficient Model Evaluation,2022,2022.csv
Near-Optimal Regret Bounds for Multi-batch Reinforcement Learning,2022,2022.csv
Transformers meet Stochastic Block Models: Attention with Data-Adaptive Sparsity and Cost,2022,2022.csv
The Surprising Effectiveness of PPO in Cooperative Multi-Agent Games,2022,2022.csv
Resolving the data ambiguity for periodic crystals,2022,2022.csv
APG: Adaptive Parameter Generation Network for Click-Through Rate Prediction,2022,2022.csv
SNN-RAT: Robustness-enhanced Spiking Neural Network through Regularized Adversarial Training,2022,2022.csv
Stochastic Halpern Iteration with Variance Reduction for Stochastic Monotone Inclusions,2022,2022.csv
The Mechanism of Prediction Head in Non-contrastive Self-supervised Learning,2022,2022.csv
Counterfactual Temporal Point Processes,2022,2022.csv
Chain-of-Thought Prompting Elicits Reasoning in Large Language Models,2022,2022.csv
Polynomial-Time Optimal Equilibria with a Mediator in Extensive-Form Games,2022,2022.csv
Optimal Dynamic Regret in LQR Control,2022,2022.csv
Gradient Descent Is Optimal Under Lower Restricted Secant Inequality And Upper Error Bound,2022,2022.csv
Stochastic Online Learning with Feedback Graphs: Finite-Time and Asymptotic Optimality,2022,2022.csv
Asymptotics of $\ell_2$ Regularized Network Embeddings,2022,2022.csv
Differentiable hierarchical and surrogate gradient search for spiking neural networks,2022,2022.csv
On Embeddings for Numerical Features in Tabular Deep Learning,2022,2022.csv
MonoSDF: Exploring Monocular Geometric Cues for Neural Implicit Surface Reconstruction,2022,2022.csv
Reduction Algorithms for Persistence Diagrams of Networks: CoralTDA and PrunIT,2022,2022.csv
TreeMoCo: Contrastive Neuron Morphology Representation Learning,2022,2022.csv
Mask-based Latent Reconstruction for Reinforcement Learning,2022,2022.csv
Luckiness in Multiscale Online Learning,2022,2022.csv
Deep Active Learning by Leveraging Training Dynamics,2022,2022.csv
Learning and Covering Sums of Independent Random Variables with Unbounded Support,2022,2022.csv
Benign Overfitting in Two-layer Convolutional Neural Networks,2022,2022.csv
LieGG: Studying Learned Lie Group Generators,2022,2022.csv
FourierNets enable the design of highly non-local optical encoders for computational imaging,2022,2022.csv
Discovery of Single Independent Latent Variable,2022,2022.csv
Constants of motion network,2022,2022.csv
A Damped Newton Method Achieves Global $\mathcal O \left(\frac{1}{k^2}\right)$  and Local Quadratic  Convergence Rate,2022,2022.csv
Disentangling the Predictive Variance of Deep Ensembles through the Neural Tangent Kernel,2022,2022.csv
High-dimensional limit theorems for SGD: Effective dynamics and critical scaling,2022,2022.csv
Online Deep Equilibrium Learning for Regularization by Denoising,2022,2022.csv
"Benchopt: Reproducible, efficient and collaborative optimization benchmarks",2022,2022.csv
SketchBoost: Fast Gradient Boosted Decision Tree for Multioutput Problems,2022,2022.csv
Cross Aggregation Transformer for Image Restoration,2022,2022.csv
Decentralized Training of Foundation Models in Heterogeneous Environments,2022,2022.csv
Neural Payoff Machines: Predicting Fair and Stable Payoff Allocations Among Team Members,2022,2022.csv
Conservative Dual Policy Optimization for Efficient Model-Based Reinforcement Learning,2022,2022.csv
Learning Recourse on Instance Environment to Enhance Prediction Accuracy,2022,2022.csv
Finding Correlated Equilibrium of Constrained Markov Game: A Primal-Dual Approach,2022,2022.csv
Confident Approximate Policy Iteration for Efficient Local Planning in $q^\pi$-realizable MDPs,2022,2022.csv
Perfect Sampling from Pairwise Comparisons,2022,2022.csv
Improved Utility Analysis of Private CountSketch,2022,2022.csv
Optimal Efficiency-Envy Trade-Off via Optimal Transport,2022,2022.csv
SafeBench: A Benchmarking Platform for Safety Evaluation of Autonomous Vehicles,2022,2022.csv
Non-Linear Coordination Graphs,2022,2022.csv
Improving Diffusion Models for Inverse Problems using Manifold Constraints,2022,2022.csv
Fast Bayesian Estimation of Point Process Intensity as Function of Covariates,2022,2022.csv
Online PAC-Bayes Learning,2022,2022.csv
Fast Algorithms for Packing Proportional Fairness and its Dual,2022,2022.csv
Deep Model Reassembly,2022,2022.csv
A Closer Look at Prototype Classifier for Few-shot Image Classification,2022,2022.csv
Branch & Learn for Recursively and Iteratively Solvable Problems in Predict+Optimize,2022,2022.csv
Linear tree shap,2022,2022.csv
Gradient Estimation with Discrete Stein Operators,2022,2022.csv
Rapidly Mixing Multiple-try Metropolis Algorithms for Model Selection Problems,2022,2022.csv
Distributionally Adaptive Meta Reinforcement Learning,2022,2022.csv
Toward Efficient Robust Training against Union of $\ell_p$ Threat Models,2022,2022.csv
Online Agnostic Multiclass Boosting,2022,2022.csv
Distinguishing Learning Rules with Brain Machine Interfaces,2022,2022.csv
A contrastive rule for meta-learning,2022,2022.csv
CLEAR: Generative Counterfactual Explanations on Graphs,2022,2022.csv
Efficient Training of Low-Curvature Neural Networks,2022,2022.csv
Evaluation beyond Task Performance: Analyzing Concepts in AlphaZero in Hex,2022,2022.csv
A Mixture Of Surprises for Unsupervised Reinforcement Learning,2022,2022.csv
Diversified Recommendations for Agents with Adaptive Preferences,2022,2022.csv
TTOpt: A Maximum Volume Quantized Tensor Train-based Optimization and its Application to Reinforcement Learning,2022,2022.csv
Deep Hierarchical Planning from Pixels,2022,2022.csv
On the Generalization Power of the Overfitted Three-Layer Neural Tangent Kernel Model,2022,2022.csv
Efficient Submodular Optimization under Noise: Local Search is Robust,2022,2022.csv
"Chromatic Correlation Clustering, Revisited",2022,2022.csv
On Analyzing Generative and Denoising Capabilities of Diffusion-based Deep Generative Models,2022,2022.csv
On the Tradeoff Between Robustness and Fairness,2022,2022.csv
Learning Expressive Meta-Representations with Mixture of Expert Neural Processes,2022,2022.csv
Learning Physical Dynamics with Subequivariant Graph Neural Networks,2022,2022.csv
Learn what matters: cross-domain imitation learning with task-relevant embeddings,2022,2022.csv
UViM: A Unified Modeling Approach for Vision with Learned Guiding Codes,2022,2022.csv
Proximal Learning With Opponent-Learning Awareness,2022,2022.csv
The Policy-gradient Placement and Generative Routing Neural Networks for Chip Design,2022,2022.csv
IMED-RL: Regret optimal learning of ergodic Markov decision processes,2022,2022.csv
SAMURAI: Shape And Material from Unconstrained Real-world Arbitrary Image collections,2022,2022.csv
Automatic differentiation of nonsmooth iterative algorithms,2022,2022.csv
Neural Abstractions,2022,2022.csv
ST-Adapter: Parameter-Efficient Image-to-Video Transfer Learning,2022,2022.csv
Temporally Disentangled Representation Learning,2022,2022.csv
On the Effectiveness of Fine-tuning Versus Meta-reinforcement Learning,2022,2022.csv
Generalizing Goal-Conditioned Reinforcement Learning with Variational Causal Reasoning,2022,2022.csv
TREC: Transient Redundancy Elimination-based Convolution,2022,2022.csv
Elucidating the Design Space of Diffusion-Based Generative Models,2022,2022.csv
Chaotic Regularization and Heavy-Tailed Limits for Deterministic Gradient Descent,2022,2022.csv
The Gyro-Structure of Some Matrix Manifolds,2022,2022.csv
Contrastive and Non-Contrastive Self-Supervised Learning Recover Global and Local Spectral Embedding Methods,2022,2022.csv
Subgame Solving in Adversarial Team Games,2022,2022.csv
A framework for bilevel optimization that enables  stochastic and global variance reduction algorithms,2022,2022.csv
Accelerated Projected Gradient Algorithms for Sparsity Constrained Optimization Problems,2022,2022.csv
Does Momentum Change the Implicit Regularization on Separable Data?,2022,2022.csv
Generalization Gap in Amortized Inference,2022,2022.csv
Top Two Algorithms Revisited,2022,2022.csv
Probabilistic Transformer: Modelling Ambiguities and Distributions for RNA Folding  and Molecule Design,2022,2022.csv
Beyond Separability: Analyzing the Linear Transferability of Contrastive Representations to Related Subpopulations,2022,2022.csv
Dynamics of SGD with Stochastic Polyak Stepsizes: Truly Adaptive Variants and Convergence to Exact Solution,2022,2022.csv
Precise Regret Bounds for Log-loss via a Truncated Bayesian Algorithm,2022,2022.csv
MORA: Improving Ensemble Robustness Evaluation with Model Reweighing Attack,2022,2022.csv
Extrapolation and Spectral Bias of Neural Nets with Hadamard Product: a Polynomial Net Study,2022,2022.csv
Tensor Wheel Decomposition and Its Tensor Completion Application,2022,2022.csv
Movement Penalized Bayesian Optimization with Application to Wind Energy Systems,2022,2022.csv
Point-M2AE: Multi-scale Masked Autoencoders for Hierarchical Point Cloud Pre-training,2022,2022.csv
Subspace clustering in high-dimensions: Phase transitions & Statistical-to-Computational gap,2022,2022.csv
ZeroQuant: Efficient and Affordable Post-Training Quantization for Large-Scale Transformers,2022,2022.csv
Improving Out-of-Distribution Generalization by Adversarial Training with Structured Priors,2022,2022.csv
Signal Propagation in Transformers: Theoretical Perspectives and the Role of Rank Collapse,2022,2022.csv
Maximum a posteriori natural scene reconstruction from retinal ganglion cells with deep denoiser priors,2022,2022.csv
ProtoX: Explaining a Reinforcement Learning Agent via Prototyping,2022,2022.csv
"First Hitting Diffusion Models for Generating Manifold, Graph and Categorical Data",2022,2022.csv
Margin-Based Few-Shot Class-Incremental Learning with Class-Level Overfitting Mitigation,2022,2022.csv
Exponentially Improving the Complexity of Simulating the Weisfeiler-Lehman Test with Graph Neural Networks,2022,2022.csv
Nonlinear Sufficient Dimension Reduction with a Stochastic Neural Network,2022,2022.csv
NodeFormer: A Scalable Graph Structure Learning Transformer for Node Classification,2022,2022.csv
Is Integer Arithmetic Enough for Deep Learning Training?,2022,2022.csv
ESCADA: Efficient Safety and Context Aware Dose Allocation for Precision Medicine,2022,2022.csv
Grow and Merge: A Unified Framework for Continuous Categories Discovery,2022,2022.csv
Improved Algorithms for Neural Active Learning,2022,2022.csv
Robust Calibration with Multi-domain Temperature Scaling,2022,2022.csv
Independence Testing-Based Approach to Causal Discovery under Measurement Error and Linear Non-Gaussian Models,2022,2022.csv
CUP: Critic-Guided Policy Reuse,2022,2022.csv
Local Identifiability of Deep ReLU Neural Networks: the Theory,2022,2022.csv
DOMINO: Decomposed Mutual Information Optimization for Generalized Context in Meta-Reinforcement Learning,2022,2022.csv
Generalization Bounds with Minimal Dependency on Hypothesis Class via Distributionally Robust Optimization,2022,2022.csv
QUARK: Controllable Text Generation with Reinforced Unlearning,2022,2022.csv
Safe Opponent-Exploitation Subgame Refinement,2022,2022.csv
Non-Markovian Reward Modelling from Trajectory Labels via Interpretable Multiple Instance Learning,2022,2022.csv
Structuring Uncertainty for Fine-Grained Sampling in Stochastic Segmentation Networks,2022,2022.csv
Fair Bayes-Optimal Classifiers Under Predictive Parity,2022,2022.csv
Pre-Train Your Loss: Easy Bayesian Transfer Learning with Informative Priors,2022,2022.csv
Non-rigid Point Cloud Registration with Neural Deformation Pyramid,2022,2022.csv
Provably tuning the ElasticNet across instances,2022,2022.csv
"PlasticityNet: Learning to Simulate Metal, Sand, and Snow for Optimization Time Integration",2022,2022.csv
Hedging as Reward Augmentation in Probabilistic Graphical Models,2022,2022.csv
Power and limitations of single-qubit native quantum neural networks,2022,2022.csv
MATE: Benchmarking Multi-Agent Reinforcement Learning in Distributed Target Coverage Control,2022,2022.csv
Disentangling Causal Effects from Sets of Interventions in the Presence of Unobserved Confounders,2022,2022.csv
Receding Horizon Inverse Reinforcement Learning,2022,2022.csv
A Reparametrization-Invariant Sharpness Measure Based on Information Geometry,2022,2022.csv
Hyper-Representations as Generative Models: Sampling Unseen Neural Network Weights,2022,2022.csv
Improving Transformer with an Admixture of Attention Heads,2022,2022.csv
Geo-SIC: Learning Deformable Geometric Shapes in Deep Image Classifiers,2022,2022.csv
On Scalable Testing of Samplers,2022,2022.csv
How and Why to Manipulate Your Own Agent: On the Incentives of Users of Learning Agents,2022,2022.csv
Controllable Text Generation with Neurally-Decomposed Oracle,2022,2022.csv
LIPS - Learning Industrial Physical Simulation benchmark suite,2022,2022.csv
Beyond black box densities: Parameter learning for the deviated components,2022,2022.csv
"Statistical, Robustness, and Computational Guarantees for Sliced Wasserstein Distances",2022,2022.csv
Model-Based Opponent Modeling,2022,2022.csv
A Continuous Time Framework for Discrete Denoising Models,2022,2022.csv
Oracle Inequalities for Model Selection in Offline Reinforcement Learning,2022,2022.csv
On the Learning Mechanisms in Physical Reasoning,2022,2022.csv
Simple Mechanisms for Welfare Maximization in Rich Advertising Auctions,2022,2022.csv
Continuously Tempered PDMP samplers,2022,2022.csv
Distributed Influence-Augmented Local Simulators for Parallel MARL in Large Networked Systems,2022,2022.csv
Tight Mutual Information Estimation With Contrastive Fenchel-Legendre Optimization,2022,2022.csv
"Continual learning: a feature extraction formalization, an efficient algorithm, and fundamental obstructions",2022,2022.csv
Nonlinear MCMC for Bayesian Machine Learning,2022,2022.csv
Adam Can Converge Without Any Modification On Update Rules,2022,2022.csv
Exponential Family Model-Based Reinforcement Learning via Score Matching,2022,2022.csv
Monte Carlo Tree Search based Variable Selection for High Dimensional Bayesian Optimization,2022,2022.csv
Assistive Teaching of Motor Control Tasks to Humans,2022,2022.csv
Retrospective Adversarial Replay for Continual Learning,2022,2022.csv
CASA: Category-agnostic Skeletal Animal Reconstruction,2022,2022.csv
Regret Bounds for Information-Directed Reinforcement Learning,2022,2022.csv
Nearly Optimal Best-of-Both-Worlds Algorithms for Online Learning with Feedback Graphs,2022,2022.csv
When Does Differentially Private Learning Not Suffer in High Dimensions?,2022,2022.csv
Universal Rates for Interactive Learning,2022,2022.csv
On Computing Probabilistic Explanations for Decision Trees,2022,2022.csv
Knowledge Distillation: Bad Models Can Be Good Role Models,2022,2022.csv
DeepTOP: Deep Threshold-Optimal Policy for MDPs and RMABs,2022,2022.csv
Exploration via Planning for Information about the Optimal Trajectory,2022,2022.csv
Robust Anytime Learning of Markov Decision Processes,2022,2022.csv
Learning Distributed and Fair Policies for Network Load Balancing as Markov Potential Game,2022,2022.csv
Para-CFlows: $C^k$-universal diffeomorphism approximators as superior neural surrogates,2022,2022.csv
NCP: Neural Correspondence Prior for Effective Unsupervised Shape Matching,2022,2022.csv
Efficient Spatially Sparse Inference for Conditional GANs and Diffusion Models,2022,2022.csv
Multi-objective Deep Data Generation with Correlated Property Control,2022,2022.csv
Domain Adaptation meets Individual Fairness. And they get along.,2022,2022.csv
Enhanced Bilevel Optimization via Bregman Distance,2022,2022.csv
Reincarnating Reinforcement Learning: Reusing Prior Computation to Accelerate Progress,2022,2022.csv
Global Linear and Local Superlinear Convergence of IRLS for Non-Smooth Robust Regression,2022,2022.csv
Inducing Equilibria via Incentives: Simultaneous Design-and-Play Ensures Global Convergence,2022,2022.csv
Learning with convolution and pooling operations in kernel methods,2022,2022.csv
Estimating graphical models for count data with applications to single-cell gene network,2022,2022.csv
Online Minimax Multiobjective Optimization: Multicalibeating and Other Applications,2022,2022.csv
Random Rank: The One and Only Strategyproof and Proportionally Fair Randomized Facility Location Mechanism,2022,2022.csv
A Character-Level Length-Control Algorithm for Non-Autoregressive Sentence Summarization,2022,2022.csv
Distributionally robust weighted k-nearest neighbors,2022,2022.csv
Neural Lyapunov Control of Unknown Nonlinear Systems with Stability Guarantees,2022,2022.csv
Proppo: a Message Passing Framework for Customizable and Composable Learning Algorithms,2022,2022.csv
Mean Estimation with User-level Privacy under Data Heterogeneity,2022,2022.csv
Minimax Regret for Cascading Bandits,2022,2022.csv
Self-Supervised Image Restoration with Blurry and Noisy Pairs,2022,2022.csv
A Lower Bound of Hash Codes' Performance,2022,2022.csv
Pitfalls of Epistemic Uncertainty Quantification through Loss Minimisation,2022,2022.csv
Patching open-vocabulary models by interpolating weights,2022,2022.csv
Training stochastic stabilized supralinear networks by dynamics-neutral growth,2022,2022.csv
Post-hoc estimators for learning to defer to an expert,2022,2022.csv
Learning Generalizable Part-based Feature Representation for 3D Point Clouds,2022,2022.csv
FourierFormer: Transformer Meets Generalized Fourier Integral Theorem,2022,2022.csv
Learning Multi-resolution Functional Maps with Spectral Attention for Robust Shape Matching,2022,2022.csv
Test-Time Training with Masked Autoencoders,2022,2022.csv
Practical Adversarial Multivalid Conformal Prediction,2022,2022.csv
Label-invariant Augmentation for Semi-Supervised Graph Classification,2022,2022.csv
Constraining Gaussian Processes to Systems of Linear Ordinary Differential Equations,2022,2022.csv
So3krates: Equivariant attention for interactions on arbitrary length-scales in molecular systems,2022,2022.csv
HyperDomainNet: Universal Domain Adaptation for Generative Adversarial Networks,2022,2022.csv
Multiagent Q-learning with Sub-Team Coordination,2022,2022.csv
CLiMB: A Continual Learning Benchmark for Vision-and-Language Tasks,2022,2022.csv
Differentially Private Model Compression,2022,2022.csv
Meta-Complementing the Semantics of Short Texts in Neural Topic Models,2022,2022.csv
Multi-block Min-max Bilevel Optimization with Applications in Multi-task Deep AUC Maximization,2022,2022.csv
TUSK: Task-Agnostic Unsupervised Keypoints,2022,2022.csv
Coresets for Vertical Federated Learning: Regularized Linear Regression and $K$-Means Clustering,2022,2022.csv
A Few Expert Queries Suffices for Sample-Efficient RL with Resets and Linear Value Approximation,2022,2022.csv
Manifold Interpolating Optimal-Transport Flows for Trajectory Inference,2022,2022.csv
Multi-Lingual Acquisition on Multimodal Pre-training for Cross-modal Retrieval,2022,2022.csv
Depth is More Powerful than Width with Prediction Concatenation in Deep Forest,2022,2022.csv
Logical Activation Functions: Logit-space equivalents of Probabilistic Boolean Operators,2022,2022.csv
An Investigation into Whitening Loss for Self-supervised Learning,2022,2022.csv
Geometric Knowledge Distillation: Topology Compression for Graph Neural Networks,2022,2022.csv
Learning Articulated Rigid Body Dynamics with Lagrangian Graph Neural Network,2022,2022.csv
Amplifying Membership Exposure via Data Poisoning,2022,2022.csv
Boosting the Transferability of Adversarial Attacks with Reverse Adversarial Perturbation,2022,2022.csv
Batch Bayesian optimisation via density-ratio estimation with guarantees,2022,2022.csv
Extra-Newton: A First Approach to Noise-Adaptive Accelerated Second-Order Methods,2022,2022.csv
Global Convergence of Federated Learning for Mixed Regression,2022,2022.csv
Myriad: a real-world testbed to bridge trajectory optimization and deep learning,2022,2022.csv
Optimizing Data Collection for Machine Learning,2022,2022.csv
Semantic Probabilistic Layers for Neuro-Symbolic Learning,2022,2022.csv
BayesPCN: A Continually Learnable Predictive Coding Associative Memory,2022,2022.csv
DP-PCA: Statistically Optimal and Differentially Private PCA,2022,2022.csv
CAGroup3D: Class-Aware Grouping for 3D Object Detection on Point Clouds,2022,2022.csv
An empirical analysis of compute-optimal large language model training,2022,2022.csv
Robust Imitation via Mirror Descent Inverse Reinforcement Learning,2022,2022.csv
VoiceBlock: Privacy through Real-Time Adversarial Attacks with Audio-to-Audio Models,2022,2022.csv
A Theoretical View on Sparsely Activated Networks,2022,2022.csv
When to Intervene: Learning Optimal Intervention Policies for Critical Events,2022,2022.csv
Draft-and-Revise: Effective Image Generation with Contextual RQ-Transformer,2022,2022.csv
GENIE: Higher-Order Denoising Diffusion Solvers,2022,2022.csv
Finite-Sample Maximum Likelihood Estimation of Location,2022,2022.csv
Provably Adversarially Robust Detection of Out-of-Distribution Data (Almost) for Free,2022,2022.csv
Prune and distill: similar reformatting of image information along rat visual cortex and deep neural networks,2022,2022.csv
Graph Scattering beyond Wavelet Shackles,2022,2022.csv
Off-Policy Evaluation with Deficient Support Using Side Information,2022,2022.csv
The Nature of Temporal Difference Errors in Multi-step Distributional Reinforcement Learning,2022,2022.csv
Accelerating Sparse Convolution with Column Vector-Wise Sparsity,2022,2022.csv
GPT3.int8(): 8-bit Matrix Multiplication for Transformers at Scale,2022,2022.csv
Posterior Refinement Improves Sample Efficiency in Bayesian Neural Networks,2022,2022.csv
Spectral Bias Outside the Training Set for Deep Networks in the Kernel Regime,2022,2022.csv
Self-Similarity Priors: Neural Collages as Differentiable Fractal Representations,2022,2022.csv
An Algorithm for Learning Switched Linear Dynamics from Data,2022,2022.csv
LECO: Learnable Episodic Count for Task-Specific Intrinsic Reward,2022,2022.csv
Scalable Multi-agent Covering Option Discovery based on Kronecker Graphs,2022,2022.csv
Generalised Implicit Neural Representations,2022,2022.csv
"Personalized Federated Learning towards Communication Efficiency, Robustness and Fairness",2022,2022.csv
Local Linear Convergence of Gradient Methods for  Subspace Optimization via Strict Complementarity,2022,2022.csv
RNNs of RNNs: Recursive Construction of Stable Assemblies of Recurrent Neural Networks,2022,2022.csv
Efficient Non-Parametric Optimizer Search for Diverse Tasks,2022,2022.csv
What Can Transformers Learn In-Context? A Case Study of Simple Function Classes,2022,2022.csv
Boosting the Performance of Generic Deep Neural Network Frameworks with Log-supermodular CRFs,2022,2022.csv
Learning Generalized Policy Automata for Relational Stochastic Shortest Path Problems,2022,2022.csv
A Stochastic Linearized Augmented Lagrangian Method for Decentralized Bilevel Optimization,2022,2022.csv
"Don't Roll the Dice, Ask Twice: The Two-Query Distortion of Matching Problems and Beyond",2022,2022.csv
On the Effect of Pre-training for Transformer in Different Modality on Offline Reinforcement Learning,2022,2022.csv
Look where you look! Saliency-guided Q-networks for generalization in visual Reinforcement Learning,2022,2022.csv
Information-Theoretic Safe Exploration with Gaussian Processes,2022,2022.csv
On the consistent estimation of optimal Receiver Operating Characteristic (ROC) curve,2022,2022.csv
Online Algorithms for the Santa Claus Problem,2022,2022.csv
Instance-based Learning for Knowledge Base Completion,2022,2022.csv
Decomposable Non-Smooth Convex Optimization with Nearly-Linear Gradient Oracle Complexity,2022,2022.csv
On Optimal Learning Under Targeted Data Poisoning,2022,2022.csv
Transferring Pre-trained Multimodal Representations with Cross-modal Similarity Matching,2022,2022.csv
Generalized Laplacian Eigenmaps,2022,2022.csv
Does Self-supervised Learning Really Improve Reinforcement Learning from Pixels?,2022,2022.csv
TCT: Convexifying Federated Learning using Bootstrapped Neural Tangent Kernels,2022,2022.csv
Active Learning of Classifiers with Label and Seed Queries,2022,2022.csv
Make Sharpness-Aware Minimization Stronger: A Sparsified Perturbation Approach,2022,2022.csv
Analyzing Lottery Ticket Hypothesis from PAC-Bayesian Theory Perspective,2022,2022.csv
From Gradient Flow on Population Loss to Learning with Stochastic Gradient Descent,2022,2022.csv
Distributional Reinforcement Learning for Risk-Sensitive Policies,2022,2022.csv
Learning a Condensed Frame for Memory-Efficient Video Class-Incremental Learning,2022,2022.csv
Conformal Prediction with Temporal Quantile Adjustments,2022,2022.csv
Optimal Algorithms for Decentralized Stochastic Variational Inequalities,2022,2022.csv
A Theoretical Understanding of Gradient Bias in Meta-Reinforcement Learning,2022,2022.csv
Mirror Descent Maximizes Generalized Margin and Can Be Implemented Efficiently,2022,2022.csv
Geometry-aware Two-scale PIFu Representation for Human Reconstruction,2022,2022.csv
Root Cause Analysis of Failures in Microservices through Causal Discovery,2022,2022.csv
Falconn++: A Locality-sensitive Filtering Approach for Approximate Nearest Neighbor Search,2022,2022.csv
Anticipating Performativity by Predicting from Predictions,2022,2022.csv
Tight Analysis of Extra-gradient and Optimistic Gradient Methods For Nonconvex Minimax Problems,2022,2022.csv
Pre-Trained Language Models for Interactive Decision-Making,2022,2022.csv
Large-scale Optimization of Partial AUC in a Range of False Positive Rates,2022,2022.csv
The Burer-Monteiro SDP method can fail even above the Barvinok-Pataki bound,2022,2022.csv
Clipped Stochastic Methods for Variational Inequalities with Heavy-Tailed Noise,2022,2022.csv
A Unified Sequence Interface for Vision Tasks,2022,2022.csv
"Expected Frequency Matrices of Elections: Computation, Geometry, and Preference Learning",2022,2022.csv
Understanding and Extending Subgraph GNNs by Rethinking Their Symmetries,2022,2022.csv
Parametrically Retargetable Decision-Makers Tend To Seek Power,2022,2022.csv
CageNeRF: Cage-based Neural Radiance Field for Generalized 3D Deformation and Animation,2022,2022.csv
PAC-Bayes Compression Bounds So Tight That They Can Explain Generalization,2022,2022.csv
Unsupervised Learning for Combinatorial Optimization with Principled Objective Relaxation,2022,2022.csv
Conformal Off-Policy Prediction in Contextual Bandits,2022,2022.csv
Data augmentation for efficient learning from parametric experts,2022,2022.csv
HyperMiner: Topic Taxonomy Mining with Hyperbolic Embedding,2022,2022.csv
Nearly-Tight Bounds for Testing Histogram Distributions,2022,2022.csv
Quantifying Statistical Significance of Neural Network-based Image Segmentation by Selective Inference,2022,2022.csv
BEER: Fast $O(1/T)$ Rate for Decentralized Nonconvex Optimization with Communication Compression,2022,2022.csv
A Differentially Private Linear-Time fPTAS for the Minimum Enclosing Ball Problem,2022,2022.csv
Sampling with Riemannian Hamiltonian Monte Carlo in a Constrained Space,2022,2022.csv
Fair Ranking with Noisy Protected Attributes,2022,2022.csv
Social-Inverse: Inverse Decision-making of Social Contagion Management with Task Migrations,2022,2022.csv
Provable Benefit of Multitask Representation Learning in Reinforcement Learning,2022,2022.csv
ORIENT: Submodular Mutual Information Measures for Data Subset Selection under Distribution Shift,2022,2022.csv
Modeling Human Exploration Through Resource-Rational Reinforcement Learning,2022,2022.csv
BYOL-Explore: Exploration by Bootstrapped Prediction,2022,2022.csv
GET3D: A Generative Model of High Quality 3D Textured Shapes Learned from Images,2022,2022.csv
Interpreting Operation Selection in Differentiable Architecture Search: A Perspective from Influence-Directed Explanations,2022,2022.csv
Unsupervised Learning of Group Invariant and Equivariant Representations,2022,2022.csv
On the Stability and Scalability of Node Perturbation Learning,2022,2022.csv
Factored Adaptation for Non-Stationary Reinforcement Learning,2022,2022.csv
Learning to Compare Nodes in Branch and Bound with Graph Neural Networks,2022,2022.csv
TarGF: Learning Target Gradient Field to Rearrange Objects without Explicit Goal Specification,2022,2022.csv
Learning to Reconstruct Missing Data from Spatiotemporal Graphs with Sparse Observations,2022,2022.csv
Peripheral Vision Transformer,2022,2022.csv
Differentially Private Learning with Margin Guarantees,2022,2022.csv
Inverse Game Theory for Stackelberg Games: the Blessing of Bounded Rationality,2022,2022.csv
Provably expressive temporal graph networks,2022,2022.csv
Self-Consistent Dynamical Field Theory of Kernel Evolution in Wide Neural Networks,2022,2022.csv
When Privacy Meets Partial Information: A Refined Analysis of Differentially Private Bandits,2022,2022.csv
Maximum Likelihood Training of Implicit Nonlinear Diffusion Model,2022,2022.csv
First is Better Than Last for Language Data Influence,2022,2022.csv
Deep Combinatorial Aggregation,2022,2022.csv
"Efficient coding, channel capacity, and the emergence of retinal mosaics",2022,2022.csv
TA-GATES: An Encoding Scheme for Neural Network Architectures,2022,2022.csv
Autoformalization with Large Language Models,2022,2022.csv
Model-based Lifelong Reinforcement Learning with Bayesian Exploration,2022,2022.csv
On Robust Multiclass Learnability,2022,2022.csv
Rethinking Individual Global Max in Cooperative Multi-Agent Reinforcement Learning,2022,2022.csv
Estimation of Entropy in Constant Space with Improved Sample Complexity,2022,2022.csv
Archimedes Meets Privacy: On Privately Estimating Quantiles in High Dimensions Under Minimal Assumptions,2022,2022.csv
Uncovering the Structural Fairness in Graph Contrastive Learning,2022,2022.csv
Average Sensitivity of Euclidean k-Clustering,2022,2022.csv
Differentially Private Online-to-batch for Smooth Losses,2022,2022.csv
Multi-block-Single-probe Variance Reduced Estimator for Coupled Compositional Optimization,2022,2022.csv
Synergy-of-Experts: Collaborate to Improve Adversarial Robustness,2022,2022.csv
Improved Fine-Tuning by Better Leveraging Pre-Training Data,2022,2022.csv
OpenOOD: Benchmarking Generalized Out-of-Distribution Detection,2022,2022.csv
Two-layer neural network on infinite dimensional data:  global optimization guarantee in the mean-field regime,2022,2022.csv
KSD Aggregated Goodness-of-fit Test,2022,2022.csv
Efficient Risk-Averse Reinforcement Learning,2022,2022.csv
Object Representations as Fixed Points: Training Iterative Refinement Algorithms with Implicit Differentiation,2022,2022.csv
Robust $\phi$-Divergence MDPs,2022,2022.csv
Multi-Objective Deep Learning with Adaptive Reference Vectors,2022,2022.csv
Towards Hard-pose Virtual Try-on via 3D-aware Global Correspondence Learning,2022,2022.csv
Pushing the limits of fairness impossibility: Who's the fairest of them all?,2022,2022.csv
Global Convergence of Direct Policy Search for State-Feedback $\mathcal{H}_\infty$ Robust Control: A Revisit of Nonsmooth Synthesis with Goldstein Subdifferential,2022,2022.csv
In What Ways Are Deep Neural Networks Invariant and How Should We Measure This?,2022,2022.csv
Optimal Weak to Strong Learning,2022,2022.csv
A Neural Pre-Conditioning Active Learning Algorithm to Reduce Label Complexity,2022,2022.csv
Grounding Aleatoric Uncertainty for Unsupervised Environment Design,2022,2022.csv
VLMo: Unified Vision-Language Pre-Training with Mixture-of-Modality-Experts,2022,2022.csv
Unifying and Boosting Gradient-Based Training-Free Neural Architecture Search,2022,2022.csv
Approximate Value Equivalence,2022,2022.csv
The Power and Limitation of Pretraining-Finetuning for Linear Regression under Covariate Shift,2022,2022.csv
Rank Diminishing in Deep Neural Networks,2022,2022.csv
Optimistic Tree Searches for Combinatorial Black-Box Optimization,2022,2022.csv
Robust Feature-Level Adversaries are Interpretability Tools,2022,2022.csv
A Unified Convergence Theorem for Stochastic Optimization Methods,2022,2022.csv
Exponential Separations in Symmetric Neural Networks,2022,2022.csv
Oscillatory Tracking of Continuous Attractor Neural Networks Account for Phase Precession and Procession of Hippocampal Place Cells,2022,2022.csv
Finding and Listing Front-door Adjustment Sets,2022,2022.csv
Sobolev Acceleration and Statistical Optimality for Learning Elliptic Equations via Gradient Descent,2022,2022.csv
Block-Recurrent Transformers,2022,2022.csv
Learning Two-Player Markov Games: Neural Function Approximation and Correlated Equilibrium,2022,2022.csv
Dense Interspecies Face Embedding,2022,2022.csv
Efficient Scheduling of Data Augmentation for Deep Reinforcement Learning,2022,2022.csv
Neural Approximation of Graph Topological Features,2022,2022.csv
FreGAN: Exploiting Frequency Components for Training GANs under Limited Data,2022,2022.csv
Toward a realistic model of speech processing in the brain with self-supervised learning,2022,2022.csv
Distributed Inverse Constrained Reinforcement Learning for Multi-agent Systems,2022,2022.csv
Near-Optimal Regret for Adversarial MDP with Delayed Bandit Feedback,2022,2022.csv
Provably sample-efficient RL with side information about latent dynamics,2022,2022.csv
Optimal Gradient Sliding and its Application to Optimal Distributed Optimization Under Similarity,2022,2022.csv
Fast Stochastic Composite Minimization and an Accelerated Frank-Wolfe Algorithm under Parallelization,2022,2022.csv
DropCov: A Simple yet Effective Method for Improving Deep Architectures,2022,2022.csv
Stability and Generalization of Kernel Clustering: from Single Kernel to Multiple Kernel,2022,2022.csv
VICE: Variational Interpretable Concept Embeddings,2022,2022.csv
A Unifying Framework for Online Optimization with Long-Term Constraints,2022,2022.csv
Optimizing Relevance Maps of Vision Transformers Improves Robustness,2022,2022.csv
The least-control principle for local learning at equilibrium,2022,2022.csv
Distributionally Robust Optimization with Data Geometry,2022,2022.csv
Knowledge Distillation from A Stronger Teacher,2022,2022.csv
Optimal Transport of Classifiers to Fairness,2022,2022.csv
A Simple and Optimal Policy Design for Online Learning with Safety against Heavy-tailed Risk,2022,2022.csv
A Boosting Approach to Reinforcement Learning,2022,2022.csv
The Franz-Parisi Criterion and Computational Trade-offs in High Dimensional Statistics,2022,2022.csv
Relaxing Equivariance Constraints with Non-stationary Continuous Filters,2022,2022.csv
Why do We Need Large Batchsizes in Contrastive Learning? A Gradient-Bias Perspective,2022,2022.csv
Structural Analysis of Branch-and-Cut and the Learnability of Gomory Mixed Integer Cuts,2022,2022.csv
Finite-Time Last-Iterate Convergence for Learning in Multi-Player Games,2022,2022.csv
When are Local Queries Useful for Robust Learning?,2022,2022.csv
Improving Intrinsic Exploration with Language Abstractions,2022,2022.csv
The trade-offs of model size in large recommendation models : 100GB to 10MB Criteo-tb DLRM model,2022,2022.csv
Near-Optimal Goal-Oriented Reinforcement Learning in Non-Stationary Environments,2022,2022.csv
VoxGRAF: Fast 3D-Aware Image Synthesis with Sparse Voxel Grids,2022,2022.csv
Sparse Hypergraph Community Detection Thresholds in Stochastic Block Model,2022,2022.csv
Explainable Reinforcement Learning via Model Transforms,2022,2022.csv
Real-Valued Backpropagation is Unsuitable for Complex-Valued Neural Networks,2022,2022.csv
Learning dynamics of deep linear networks with multiple pathways,2022,2022.csv
Self-Supervised Learning via Maximum Entropy Coding,2022,2022.csv
Structuring Representations Using Group Invariants,2022,2022.csv
Black-box coreset variational inference,2022,2022.csv
Distilling Representations from GAN Generator via Squeeze and Span,2022,2022.csv
A Quantitative Geometric Approach to Neural-Network Smoothness,2022,2022.csv
AutoMTL: A Programming Framework for Automating Efficient Multi-Task Learning,2022,2022.csv
Log-Concave and Multivariate Canonical Noise Distributions for Differential Privacy,2022,2022.csv
On the generalization of learning algorithms that do not converge,2022,2022.csv
PALMER: Perception - Action Loop with Memory for Long-Horizon Planning,2022,2022.csv
Invariance-Aware Randomized Smoothing Certificates,2022,2022.csv
PatchComplete: Learning Multi-Resolution Patch Priors for 3D Shape Completion on Unseen Categories,2022,2022.csv
Hyperbolic Feature Augmentation via Distribution Estimation and Infinite Sampling on Manifolds,2022,2022.csv
Enhancing Safe Exploration Using Safety State Augmentation,2022,2022.csv
Distributed Online Convex Optimization with Compressed Communication,2022,2022.csv
Unsupervised Reinforcement Learning with Contrastive Intrinsic Control,2022,2022.csv
Local Latent Space Bayesian Optimization over Structured Inputs,2022,2022.csv
Graph Neural Network Bandits,2022,2022.csv
Chefs' Random Tables: Non-Trigonometric Random Features,2022,2022.csv
Regularized Gradient Descent Ascent for Two-Player Zero-Sum Markov Games,2022,2022.csv
Factuality Enhanced Language Models for Open-Ended Text Generation,2022,2022.csv
On the Representation Collapse of Sparse Mixture of Experts,2022,2022.csv
Nearly Optimal Algorithms for Linear Contextual Bandits with Adversarial Corruptions,2022,2022.csv
Implicit Bias of Gradient Descent on Reparametrized Models: On Equivalence to Mirror Descent,2022,2022.csv
Towards Understanding Grokking: An Effective Theory of Representation Learning,2022,2022.csv
Asymptotic Behaviors of Projected Stochastic Approximation: A Jump Diffusion Perspective,2022,2022.csv
Understanding the Generalization Benefit of Normalization Layers: Sharpness Reduction,2022,2022.csv
Multi-modal Grouping Network for Weakly-Supervised Audio-Visual Video Parsing,2022,2022.csv
Optimal-er Auctions through Attention,2022,2022.csv
Learning on the Edge: Online Learning with Stochastic Feedback Graphs,2022,2022.csv
Globally Gated Deep Linear Networks,2022,2022.csv
Cache-Augmented Inbatch Importance Resampling for Training Recommender Retriever,2022,2022.csv
Markov Chain Score Ascent: A Unifying Framework of Variational Inference with Markovian Gradients,2022,2022.csv
Rethinking Value Function Learning for Generalization in Reinforcement Learning,2022,2022.csv
Doubly Robust Counterfactual Classification,2022,2022.csv
Recruitment Strategies That Take a Chance,2022,2022.csv
Fully Convolutional One-Stage 3D Object Detection on LiDAR Range Images,2022,2022.csv
SALSA: Attacking Lattice Cryptography with Transformers,2022,2022.csv
Variable-rate hierarchical CPC leads to acoustic unit discovery in speech,2022,2022.csv
A Near-Optimal Best-of-Both-Worlds Algorithm for Online Learning with Feedback Graphs,2022,2022.csv
Learning from Stochastically Revealed Preference,2022,2022.csv
Optimal Query Complexities for Dynamic Trace Estimation,2022,2022.csv
Delving into Out-of-Distribution Detection with Vision-Language Representations,2022,2022.csv
Learning (Very) Simple Generative Models Is Hard,2022,2022.csv
Multitasking Models are Robust to Structural Failure: A Neural Model for Bilingual Cognitive Reserve,2022,2022.csv
Bring Your Own Algorithm for Optimal Differentially Private Stochastic Minimax Optimization,2022,2022.csv
A Regret-Variance Trade-Off in Online Learning,2022,2022.csv
Deep Counterfactual Estimation with Categorical Background Variables,2022,2022.csv
Alternating Mirror Descent for Constrained Min-Max Games,2022,2022.csv
SnAKe: Bayesian Optimization with Pathwise Exploration,2022,2022.csv
Model-based RL with Optimistic Posterior Sampling: Structural Conditions and Sample Complexity,2022,2022.csv
Listen to Interpret: Post-hoc Interpretability for Audio Networks with NMF,2022,2022.csv
OrdinalCLIP: Learning Rank Prompts for Language-Guided Ordinal Regression,2022,2022.csv
Deep Architecture Connectivity Matters for Its Convergence: A Fine-Grained Analysis,2022,2022.csv
Kernel Memory Networks: A Unifying Framework for Memory Modeling,2022,2022.csv
The First Optimal Acceleration of High-Order Methods in Smooth Convex Optimization,2022,2022.csv
Uni[MASK]: Unified Inference in Sequential Decision Problems,2022,2022.csv
CCCP is Frank-Wolfe in disguise,2022,2022.csv
Efficient Active Learning with Abstention,2022,2022.csv
On the Complexity of Adversarial Decision Making,2022,2022.csv
Expediting Large-Scale Vision Transformer for Dense Prediction without Fine-tuning,2022,2022.csv
An Adaptive Deep RL Method for Non-Stationary Environments with Piecewise Stable Context,2022,2022.csv
A time-resolved theory of information encoding in recurrent neural networks,2022,2022.csv
Recursive Reinforcement Learning,2022,2022.csv
Non-Linguistic Supervision for Contrastive Learning of Sentence Embeddings,2022,2022.csv
Contextual Bandits with Knapsacks for a Conversion Model,2022,2022.csv
Contrastive Learning as Goal-Conditioned Reinforcement Learning,2022,2022.csv
The Pitfalls of Regularization in Off-Policy TD Learning,2022,2022.csv
MCMAE: Masked Convolution Meets Masked Autoencoders,2022,2022.csv
Deep invariant networks with differentiable augmentation layers,2022,2022.csv
Reinforcement Learning with a Terminator,2022,2022.csv
Sub-exponential time Sum-of-Squares lower bounds for Principal Components Analysis,2022,2022.csv
A Multilabel Classification Framework for Approximate Nearest Neighbor Search,2022,2022.csv
Learnable Polyphase Sampling for Shift Invariant and Equivariant Convolutional Networks,2022,2022.csv
Not All Bits have Equal Value: Heterogeneous Precisions via Trainable Noise,2022,2022.csv
Tensor Program Optimization with Probabilistic Programs,2022,2022.csv
Deep Generative Model for Periodic Graphs,2022,2022.csv
Relational Reasoning via Set Transformers: Provable Efficiency and Applications to MARL,2022,2022.csv
Missing Data Imputation and Acquisition with Deep Hierarchical Models and Hamiltonian Monte Carlo,2022,2022.csv
Distributionally Robust Optimization via Ball Oracle Acceleration,2022,2022.csv
Score-Based Generative Models Detect Manifolds,2022,2022.csv
Triangulation candidates for Bayesian optimization,2022,2022.csv
DNA: Proximal Policy Optimization with a Dual Network Architecture,2022,2022.csv
On the Parameterization and Initialization of Diagonal State Space Models,2022,2022.csv
Implicit Regularization or Implicit Conditioning? Exact Risk Trajectories of SGD in High Dimensions,2022,2022.csv
Global Convergence and Stability of Stochastic Gradient Descent,2022,2022.csv
Reinforcement Learning with Logarithmic Regret and Policy Switches,2022,2022.csv
GLIPv2: Unifying Localization and Vision-Language Understanding,2022,2022.csv
"Robustness in deep learning: The good (width), the bad (depth), and the ugly (initialization)",2022,2022.csv
"Bounded-Regret MPC via Perturbation Analysis: Prediction Error, Constraints, and Nonlinearity",2022,2022.csv
AniFaceGAN: Animatable 3D-Aware Face Image Generation for Video Avatars,2022,2022.csv
Detection and Localization of Changes in Conditional Distributions,2022,2022.csv
Refining Low-Resource Unsupervised Translation by Language Disentanglement of Multilingual Translation Model,2022,2022.csv
A Mean-Field Game Approach to Cloud Resource Management with Function Approximation,2022,2022.csv
Regret Bounds for Risk-Sensitive Reinforcement Learning,2022,2022.csv
Left Heavy Tails and the Effectiveness of the Policy and Value Networks in DNN-based best-first search for Sokoban Planning,2022,2022.csv
Giving Feedback on Interactive Student Programs with Meta-Exploration,2022,2022.csv
Decoupling Features in Hierarchical Propagation for Video Object Segmentation,2022,2022.csv
Chain of Thought Imitation with Procedure Cloning,2022,2022.csv
Counterfactual harm,2022,2022.csv
Computationally Efficient Horizon-Free Reinforcement Learning for Linear Mixture MDPs,2022,2022.csv
Revisiting Optimal Convergence Rate for Smooth and Non-convex Stochastic Decentralized Optimization,2022,2022.csv
Out-of-Distribution Detection via Conditional Kernel Independence Model,2022,2022.csv
Online Convex Optimization with Hard Constraints: Towards the Best of Two Worlds and Beyond,2022,2022.csv
"ResT V2: Simpler, Faster and Stronger",2022,2022.csv
Object-Category Aware Reinforcement Learning,2022,2022.csv
Learning Partial Equivariances From Data,2022,2022.csv
A Simple Decentralized Cross-Entropy Method,2022,2022.csv
Diffusion-based Molecule Generation with Informative Prior Bridges,2022,2022.csv
Do Residual Neural Networks discretize Neural Ordinary Differential Equations?,2022,2022.csv
Revisit last-iterate convergence of mSGD under milder requirement on step size,2022,2022.csv
SecureFedYJ: a safe feature Gaussianization protocol for Federated Learning,2022,2022.csv
Interpolation and Regularization for Causal Learning,2022,2022.csv
A Direct Approximation of AIXI Using Logical State Abstractions,2022,2022.csv
Data-Efficient Structured Pruning via Submodular Optimization,2022,2022.csv
Learning Representations via a Robust Behavioral Metric for Deep Reinforcement Learning,2022,2022.csv
Finding Second-Order Stationary Points in Nonconvex-Strongly-Concave Minimax Optimization,2022,2022.csv
Fuzzy Learning Machine,2022,2022.csv
The price of ignorance: how much does it cost to forget noise structure in low-rank matrix estimation?,2022,2022.csv
Scalable Interpretability via Polynomials,2022,2022.csv
Hiding Images in Deep Probabilistic Models,2022,2022.csv
Polyhistor: Parameter-Efficient Multi-Task Adaptation for Dense Vision Tasks,2022,2022.csv
Latency-aware Spatial-wise Dynamic Networks,2022,2022.csv
Explain My Surprise: Learning Efficient Long-Term Memory by predicting uncertain outcomes,2022,2022.csv
GAMA: Generative Adversarial Multi-Object Scene Attacks,2022,2022.csv
Trajectory of Mini-Batch Momentum: Batch Size Saturation and Convergence in High Dimensions,2022,2022.csv
Transformers from an Optimization Perspective,2022,2022.csv
"PDSketch: Integrated Domain Programming, Learning, and Planning",2022,2022.csv
GT-GAN: General Purpose Time Series Synthesis with Generative Adversarial Networks,2022,2022.csv
Heterogeneous Skill Learning for Multi-agent Tasks,2022,2022.csv
On Margin Maximization in Linear and ReLU Networks,2022,2022.csv
Off-Policy Evaluation with Policy-Dependent Optimization Response,2022,2022.csv
Change-point Detection for  Sparse and Dense Functional Data in General Dimensions,2022,2022.csv
Sampling in Constrained Domains with Orthogonal-Space Variational Gradient Descent,2022,2022.csv
Nonstationary Dual Averaging and Online Fair Allocation,2022,2022.csv
Incentivizing Combinatorial Bandit Exploration,2022,2022.csv
Is Out-of-Distribution Detection Learnable?,2022,2022.csv
DMAP: a Distributed Morphological Attention Policy for learning to locomote with a changing body,2022,2022.csv
On the role of overparameterization in off-policy Temporal Difference learning with linear function approximation,2022,2022.csv
Whitening Convergence Rate of Coupling-based Normalizing Flows,2022,2022.csv
Neurosymbolic Deep Generative Models for Sequence Data with Relational Constraints,2022,2022.csv
PhysGNN: A Physics--Driven Graph Neural Network Based Model for Predicting Soft Tissue Deformation in Image--Guided Neurosurgery,2022,2022.csv
Towards Diverse and Faithful One-shot Adaption of Generative Adversarial Networks,2022,2022.csv
Deep Bidirectional Language-Knowledge Graph Pretraining,2022,2022.csv
A Theoretical Framework for Inference Learning,2022,2022.csv
Theoretical analysis of deep neural networks for temporally dependent observations,2022,2022.csv
Cross-modal Learning for Image-Guided Point Cloud Shape Completion,2022,2022.csv
Coreset for Line-Sets Clustering,2022,2022.csv
Robust On-Policy Sampling for Data-Efficient Policy Evaluation in Reinforcement Learning,2022,2022.csv
Tree ensemble kernels for Bayesian optimization with known constraints over  mixed-feature spaces,2022,2022.csv
Contextual Dynamic Pricing with Unknown Noise: Explore-then-UCB Strategy and Improved Regrets,2022,2022.csv
The Implicit Delta Method,2022,2022.csv
Adversarially Robust Learning: A Generic Minimax Optimal Learner and Characterization,2022,2022.csv
Singular Value Fine-tuning: Few-shot Segmentation requires Few-parameters Fine-tuning,2022,2022.csv
Annihilation of Spurious Minima in Two-Layer ReLU Networks,2022,2022.csv
Posterior Collapse of a Linear Latent Variable Model,2022,2022.csv
Instance-optimal PAC Algorithms for Contextual Bandits,2022,2022.csv
Efficient and Effective Multi-task Grouping via Meta Learning on Task Combinations,2022,2022.csv
Exploration via Elliptical Episodic Bonuses,2022,2022.csv
Learning Fractional White Noises in Neural Stochastic Differential Equations,2022,2022.csv
UniGAN: Reducing Mode Collapse in GANs using a Uniform Generator,2022,2022.csv
Exploit Reward Shifting in Value-Based Deep-RL: Optimistic Curiosity-Based Exploration and Conservative Exploitation via Linear Reward Shaping,2022,2022.csv
Stability and Generalization for Markov Chain Stochastic Gradient Methods,2022,2022.csv
Degradation-Aware Unfolding Half-Shuffle Transformer for Spectral Compressive Imaging,2022,2022.csv
Toward Equation of Motion for Deep Neural Networks: Continuous-time Gradient Descent and Discretization Error Analysis,2022,2022.csv
Detecting Abrupt Changes in Sequential Pairwise Comparison Data,2022,2022.csv
The Effects of Regularization and Data Augmentation are Class Dependent,2022,2022.csv
Learning to Mitigate AI Collusion on Economic Platforms,2022,2022.csv
The Query Complexity of Cake Cutting,2022,2022.csv
Cluster Randomized Designs for One-Sided Bipartite Experiments,2022,2022.csv
High-dimensional Asymptotics of Feature Learning: How One Gradient Step Improves the Representation,2022,2022.csv
Pruning’s Effect on Generalization Through the Lens of Training and Regularization,2022,2022.csv
Neural Conservation Laws: A Divergence-Free Perspective,2022,2022.csv
On the Convergence of Stochastic Multi-Objective Gradient Manipulation and Beyond,2022,2022.csv
Decentralized Local Stochastic Extra-Gradient for Variational Inequalities,2022,2022.csv
Thinned random measures for sparse graphs with overlapping communities,2022,2022.csv
What is a Good Metric to Study Generalization of Minimax Learners?,2022,2022.csv
Sequencer: Deep LSTM for Image Classification,2022,2022.csv
Learning on Arbitrary Graph Topologies via Predictive Coding,2022,2022.csv
Bandit Theory and Thompson Sampling-Guided Directed Evolution for Sequence Optimization,2022,2022.csv
Scalable and Efficient Training of Large Convolutional Neural Networks with Differential Privacy,2022,2022.csv
Zeroth-Order Negative Curvature Finding: Escaping Saddle Points  without Gradients,2022,2022.csv
Communication Efficient Federated Learning for Generalized Linear Bandits,2022,2022.csv
Operator Splitting Value Iteration,2022,2022.csv
Enhanced Latent Space Blind Model for Real Image Denoising via Alternative Optimization,2022,2022.csv
Self-Explaining Deviations for Coordination,2022,2022.csv
Descent Steps of a Relation-Aware Energy Produce Heterogeneous Graph Neural Networks,2022,2022.csv
Multi-agent Performative Prediction with Greedy Deployment and Consensus Seeking Agents,2022,2022.csv
Finite-Time Regret of Thompson Sampling Algorithms for Exponential Family Multi-Armed Bandits,2022,2022.csv
Preservation of the Global Knowledge by Not-True Distillation in Federated Learning,2022,2022.csv
Graph Reordering for Cache-Efficient Near Neighbor Search,2022,2022.csv
MetaMask: Revisiting Dimensional Confounder for Self-Supervised Learning,2022,2022.csv
On Feature Learning in the Presence of Spurious Correlations,2022,2022.csv
Stability and Generalization Analysis of Gradient Methods for Shallow Neural Networks,2022,2022.csv
ViTPose: Simple Vision Transformer Baselines for Human Pose Estimation,2022,2022.csv
Re-Analyze Gauss: Bounds for Private Matrix Approximation via Dyson Brownian Motion,2022,2022.csv
Learning-Augmented Algorithms for Online Linear and Semidefinite Programming,2022,2022.csv
Neural Differential Equations for Learning to Program Neural Nets Through Continuous Learning Rules,2022,2022.csv
Error Correction Code Transformer,2022,2022.csv
Universality of Group Convolutional Neural Networks Based on Ridgelet Analysis on Groups,2022,2022.csv
Towards Improving Calibration in Object Detection Under Domain Shift,2022,2022.csv
Learning Latent Seasonal-Trend Representations for Time Series Forecasting,2022,2022.csv
Explicable Policy Search,2022,2022.csv
SIXO: Smoothing Inference with Twisted Objectives,2022,2022.csv
Beyond L1: Faster and Better Sparse Models with skglm,2022,2022.csv
You Can’t Count on Luck: Why Decision Transformers and RvS Fail in Stochastic Environments,2022,2022.csv
Cost-efficient Gaussian tensor network embeddings for tensor-structured inputs,2022,2022.csv
Robust Models are less Over-Confident,2022,2022.csv
Near-Optimal No-Regret Learning Dynamics for General Convex Games,2022,2022.csv
Structural Kernel Search via Bayesian Optimization and Symbolical Optimal Transport,2022,2022.csv
Unsupervised Skill Discovery via Recurrent Skill Training,2022,2022.csv
OTKGE: Multi-modal Knowledge Graph Embeddings via Optimal Transport,2022,2022.csv
MEMO: Test Time Robustness via Adaptation and Augmentation,2022,2022.csv
Enhancing Chess Reinforcement Learning with Graph Representation,2024,2024.csv
Improved Regret for Bandit Convex Optimization with Delayed Feedback,2024,2024.csv
Learning Place Cell Representations and Context-Dependent Remapping,2024,2024.csv
How does PDE order affect the convergence of PINNs?,2024,2024.csv
MicroAdam: Accurate Adaptive Optimization with Low Space Overhead and Provable Convergence,2024,2024.csv
Training-Free Adaptive Diffusion with Bounded Difference Approximation Strategy,2024,2024.csv
Mixtures of Experts for Audio-Visual Learning,2024,2024.csv
TimeXer: Empowering Transformers for Time Series Forecasting with Exogenous Variables,2024,2024.csv
"Occupancy-based Policy Gradient: Estimation, Convergence, and Optimality",2024,2024.csv
UQ-Guided Hyperparameter Optimization for Iterative Learners,2024,2024.csv
Robust Sparse Regression with Non-Isotropic Designs,2024,2024.csv
Slot-VLM: Object-Event Slots for Video-Language Modeling,2024,2024.csv
VASA-1: Lifelike Audio-Driven Talking Faces Generated in Real Time,2024,2024.csv
Community Detection Guarantees using Embeddings Learned by Node2Vec,2024,2024.csv
Physics-Informed Regularization for Domain-Agnostic Dynamical System Modeling,2024,2024.csv
Improving Sparse Decomposition of Language Model Activations with Gated Sparse Autoencoders,2024,2024.csv
"Deep Policy Gradient Methods Without Batch Updates, Target Networks, or Replay Buffers",2024,2024.csv
Towards Understanding How Transformers Learn In-context Through a Representation Learning Lens,2024,2024.csv
SPO: Sequential Monte Carlo Policy Optimisation,2024,2024.csv
Prospective Representation Learning for Non-Exemplar Class-Incremental Learning,2024,2024.csv
Differentiable Modal Synthesis for Physical Modeling of Planar String Sound and Motion Simulation,2024,2024.csv
DiTFastAttn: Attention Compression for Diffusion Transformer Models,2024,2024.csv
KVQuant: Towards 10 Million Context Length LLM Inference with KV Cache Quantization,2024,2024.csv
Causal Contrastive Learning for Counterfactual Regression Over Time,2024,2024.csv
Causal vs. Anticausal merging of predictors,2024,2024.csv
Context and Geometry Aware Voxel Transformer for Semantic Scene Completion,2024,2024.csv
Provably Safe Neural Network Controllers via Differential Dynamic Logic,2024,2024.csv
MIDGArD: Modular Interpretable Diffusion over Graphs for Articulated Designs,2024,2024.csv
Learning Image Priors Through Patch-Based Diffusion Models for Solving Inverse Problems,2024,2024.csv
D-LLM: A Token Adaptive Computing Resource Allocation Strategy for Large Language Models,2024,2024.csv
Reciprocal Learning,2024,2024.csv
Seek Commonality but Preserve Differences: Dissected Dynamics Modeling for Multi-modal Visual RL,2024,2024.csv
Near-Optimal Distributionally Robust Reinforcement Learning with General $L_p$ Norms,2024,2024.csv
AdaNovo: Towards Robust \emph{De Novo} Peptide Sequencing in Proteomics against Data Biases,2024,2024.csv
MimicTalk: Mimicking a personalized and expressive 3D talking face in minutes,2024,2024.csv
Structured flexibility in recurrent neural networks via neuromodulation,2024,2024.csv
LibMOON: A Gradient-based MultiObjective OptimizatioN Library in PyTorch,2024,2024.csv
Diffusion PID: Interpreting Diffusion via Partial Information Decomposition,2024,2024.csv
Test-Time Dynamic Image Fusion,2024,2024.csv
Hamba: Single-view 3D Hand Reconstruction with Graph-guided Bi-Scanning Mamba,2024,2024.csv
Gliding over the Pareto Front with Uniform Designs,2024,2024.csv
AlchemistCoder: Harmonizing and Eliciting Code Capability by Hindsight Tuning on Multi-source Data,2024,2024.csv
Overcoming Common Flaws in the Evaluation of Selective Classification Systems,2024,2024.csv
SocialGPT: Prompting LLMs for Social Relation Reasoning via Greedy Segment Optimization,2024,2024.csv
Online Learning of Delayed Choices,2024,2024.csv
Multi-Label Learning with Stronger Consistency Guarantees,2024,2024.csv
AdjointDEIS: Efficient Gradients for Diffusion Models,2024,2024.csv
Using Unity to Help Solve Reinforcement Learning,2024,2024.csv
Differentially Private Equivalence Testing for Continuous Distributions and Applications,2024,2024.csv
Reinforcement Learning with Adaptive Regularization for Safe Control of Critical Systems,2024,2024.csv
BERTs are Generative In-Context Learners,2024,2024.csv
Faster Local Solvers for Graph Diffusion Equations,2024,2024.csv
Beyond Accuracy: Tracking more like Human via Visual Search,2024,2024.csv
A Walsh Hadamard Derived Linear Vector Symbolic Architecture,2024,2024.csv
Credit Attribution and Stable Compression,2024,2024.csv
Mobile-Agent-v2: Mobile Device Operation Assistant with Effective Navigation via Multi-Agent Collaboration,2024,2024.csv
Flatten Anything: Unsupervised Neural Surface Parameterization,2024,2024.csv
Analyzing & Reducing the Need for Learning Rate Warmup in GPT Training,2024,2024.csv
Mutual Information Estimation via Normalizing Flows,2024,2024.csv
Meta-Reinforcement Learning with Universal Policy Adaptation: Provable Near-Optimality under All-task Optimum Comparator,2024,2024.csv
Few-Shot Adversarial Prompt Learning on Vision-Language Models,2024,2024.csv
QBB: Quantization with Binary Bases for LLMs,2024,2024.csv
Warm-up Free Policy Optimization: Improved Regret in Linear Markov Decision Processes,2024,2024.csv
KV Cache is 1 Bit Per Channel: Efficient Large Language Model Inference with Coupled Quantization,2024,2024.csv
Unified Insights: Harnessing Multi-modal Data for Phenotype Imputation via View Decoupling,2024,2024.csv
Disentangling and mitigating the impact of task similarity for continual learning,2024,2024.csv
Optimal Private and Communication Constraint Distributed Goodness-of-Fit Testing for Discrete Distributions in the Large Sample Regime,2024,2024.csv
Concentrate Attention: Towards Domain-Generalizable Prompt Optimization for Language Models,2024,2024.csv
Training for Stable Explanation for Free,2024,2024.csv
"Feint Behaviors and Strategies: Formalization, Implementation and Evaluation",2024,2024.csv
NeuralSolver: Learning Algorithms For Consistent and Efficient Extrapolation Across General Tasks,2024,2024.csv
HyperLogic: Enhancing Diversity and Accuracy in Rule Learning with HyperNets,2024,2024.csv
LT-Defense: Searching-free Backdoor Defense via Exploiting the Long-tailed Effect,2024,2024.csv
Optimizing Automatic Differentiation with Deep Reinforcement Learning,2024,2024.csv
Fair Secretaries with Unfair Predictions,2024,2024.csv
Testably Learning Polynomial Threshold Functions,2024,2024.csv
Flexible Context-Driven Sensory Processing in Dynamical Vision Models,2024,2024.csv
LiteVAE: Lightweight and Efficient Variational Autoencoders for Latent Diffusion Models,2024,2024.csv
Searching for Efficient Linear Layers over a Continuous Space of Structured Matrices,2024,2024.csv
ROBIN: Robust and Invisible Watermarks for Diffusion Models with Adversarial Optimization,2024,2024.csv
ReGS: Reference-based Controllable Scene Stylization with Gaussian Splatting,2024,2024.csv
QueST: Self-Supervised Skill Abstractions for Learning Continuous Control,2024,2024.csv
FlowTurbo: Towards Real-time Flow-Based Image Generation with Velocity Refiner,2024,2024.csv
Polynomial-Time Computation of Exact $\Phi$-Equilibria in Polyhedral Games,2024,2024.csv
Verifiably Robust Conformal Prediction,2024,2024.csv
Revisiting Score Propagation in Graph Out-of-Distribution Detection,2024,2024.csv
Weight decay induces low-rank attention layers,2024,2024.csv
TaskBench: Benchmarking Large Language Models for Task Automation,2024,2024.csv
On Neural Networks as Infinite Tree-Structured Probabilistic Graphical Models,2024,2024.csv
Sparse Bayesian Generative Modeling for Compressive Sensing,2024,2024.csv
Building on Efficient Foundations: Effective Training of LLMs with Structured Feedforward Layers,2024,2024.csv
Optimizing over Multiple Distributions under Generalized Quasar-Convexity Condition,2024,2024.csv
ProEdit: Simple Progression is All You Need for High-Quality 3D Scene Editing,2024,2024.csv
HORSE: Hierarchical Representation for Large-Scale Neural Subset Selection,2024,2024.csv
IRCAN: Mitigating Knowledge Conflicts in LLM Generation via Identifying and Reweighting Context-Aware Neurons,2024,2024.csv
"Utilizing Human Behavior Modeling to Manipulate Explanations in AI-Assisted Decision Making: The Good, the Bad, and the Scary",2024,2024.csv
PV-Tuning: Beyond Straight-Through Estimation for Extreme LLM Compression,2024,2024.csv
Feedback control guides credit assignment in recurrent neural networks,2024,2024.csv
SLED: Self Logits Evolution Decoding for Improving Factuality in Large Language Models,2024,2024.csv
SG-Nav: Online 3D Scene Graph Prompting for LLM-based Zero-shot Object Navigation,2024,2024.csv
Controlling Multiple Errors Simultaneously with a PAC-Bayes Bound,2024,2024.csv
Can Graph Learning Improve Planning in LLM-based Agents?,2024,2024.csv
Fully Explicit Dynamic Gaussian Splatting,2024,2024.csv
Graph Neural Networks and Arithmetic Circuits,2024,2024.csv
Self-Refining Diffusion Samplers: Enabling Parallelization via Parareal Iterations,2024,2024.csv
Can Learned Optimization Make Reinforcement Learning Less Difficult?,2024,2024.csv
Kaleido Diffusion: Improving Conditional Diffusion Models with Autoregressive Latent Modeling,2024,2024.csv
Schur Nets: exploiting local structure for equivariance in higher order graph neural networks,2024,2024.csv
Learning Representations for Hierarchies with Minimal Support,2024,2024.csv
Hardness of Learning Neural Networks under the Manifold Hypothesis,2024,2024.csv
Continuous Partitioning for Graph-Based Semi-Supervised Learning,2024,2024.csv
Med-Real2Sim: Non-Invasive Medical Digital Twins using Physics-Informed Self-Supervised Learning,2024,2024.csv
Towards Scalable and Stable Parallelization of Nonlinear RNNs,2024,2024.csv
Trade-Offs of Diagonal Fisher Information Matrix Estimators,2024,2024.csv
WorkArena++: Towards Compositional Planning and Reasoning-based Common Knowledge Work Tasks,2024,2024.csv
UDC: A Unified Neural Divide-and-Conquer Framework for Large-Scale Combinatorial Optimization Problems,2024,2024.csv
Data-Efficient Operator Learning via Unsupervised Pretraining and In-Context Learning,2024,2024.csv
Supervised Kernel Thinning,2024,2024.csv
IMAGPose: A Unified Conditional Framework for Pose-Guided Person Generation,2024,2024.csv
Interpretable Lightweight Transformer via Unrolling of Learned Graph Smoothness Priors,2024,2024.csv
Sketching for Distributed Deep Learning: A Sharper Analysis,2024,2024.csv
Unified Covariate Adjustment for Causal Inference,2024,2024.csv
The High Line: Exact Risk and Learning Rate Curves of Stochastic Adaptive Learning Rate Algorithms,2024,2024.csv
Exploring Adversarial Robustness of Deep State Space Models,2024,2024.csv
EASI: Evolutionary Adversarial Simulator Identification for Sim-to-Real Transfer,2024,2024.csv
On the Role of Information Structure in Reinforcement Learning for Partially-Observable Sequential Teams and Games,2024,2024.csv
On $f$-Divergence Principled Domain Adaptation: An Improved Framework,2024,2024.csv
LLM-based Skill Diffusion for Zero-shot Policy Adaptation,2024,2024.csv
TARP-VP: Towards Evaluation of Transferred  Adversarial Robustness and Privacy on Label  Mapping Visual Prompting Models,2024,2024.csv
Learning diffusion at lightspeed,2024,2024.csv
One Token to Seg Them All: Language Instructed Reasoning Segmentation in Videos,2024,2024.csv
"SplitNeRF: Split Sum Approximation Neural Field for Joint Geometry, Illumination, and Material Estimation",2024,2024.csv
Flexible task abstractions emerge in linear networks with fast and bounded units,2024,2024.csv
On the Saturation Effects of Spectral Algorithms in Large Dimensions,2024,2024.csv
Learning to be Smooth: An End-to-End Differentiable Particle Smoother,2024,2024.csv
HonestLLM: Toward an Honest and Helpful Large Language Model,2024,2024.csv
UrbanDataLayer: A Unified Data Pipeline for Urban Science,2024,2024.csv
Neural Isometries: Taming Transformations for Equivariant ML,2024,2024.csv
You Only Cache Once: Decoder-Decoder Architectures for Language Models,2024,2024.csv
Locally Private and Robust Multi-Armed Bandits,2024,2024.csv
Sharing Key Semantics in Transformer Makes Efficient Image Restoration,2024,2024.csv
Breaking Long-Tailed Learning Bottlenecks: A Controllable Paradigm with Hypernetwork-Generated Diverse Experts,2024,2024.csv
Optimal Multiclass U-Calibration Error and Beyond,2024,2024.csv
Limits of Transformer Language Models on Learning to Compose Algorithms,2024,2024.csv
MVGamba: Unify 3D Content Generation as State Space Sequence Modeling,2024,2024.csv
Make Continual Learning Stronger via C-Flat,2024,2024.csv
Stability and Generalization of Asynchronous SGD: Sharper Bounds Beyond Lipschitz and Smoothness,2024,2024.csv
On the Identifiability of Hybrid Deep Generative Models: Meta-Learning as a Solution,2024,2024.csv
Understanding the Gains from Repeated Self-Distillation,2024,2024.csv
In-Context Learning State Vector with Inner and Momentum Optimization,2024,2024.csv
CiteME: Can Language Models Accurately Cite Scientific Claims?,2024,2024.csv
Visual Prompt Tuning in Null Space for Continual Learning,2024,2024.csv
Reproducibility of predictive networks for mouse visual cortex,2024,2024.csv
Kraken: Inherently Parallel Transformers For Efficient Multi-Device Inference,2024,2024.csv
Revisiting Adversarial Patches for Designing Camera-Agnostic Attacks against Person Detection,2024,2024.csv
Graph Diffusion Transformers for Multi-Conditional Molecular Generation,2024,2024.csv
Reparameterization invariance in approximate Bayesian inference,2024,2024.csv
Localized Adaptive Risk Control,2024,2024.csv
Theoretical and Empirical Insights into the Origins of Degree Bias in Graph Neural Networks,2024,2024.csv
Generalized Linear Bandits with Limited Adaptivity,2024,2024.csv
A Simple and Adaptive Learning Rate for FTRL in Online Learning with Minimax Regret of $\Theta(T^{2/3})$ and its Application to Best-of-Both-Worlds,2024,2024.csv
An effective framework for estimating individualized treatment rules,2024,2024.csv
Beyond Primal-Dual Methods in Bandits with Stochastic and Adversarial Constraints,2024,2024.csv
"Rethinking Model-based, Policy-based, and Value-based Reinforcement Learning via the Lens of Representation Complexity",2024,2024.csv
Invisible Image Watermarks Are Provably Removable Using Generative AI,2024,2024.csv
SDP4Bit: Toward 4-bit Communication Quantization in Sharded Data Parallelism for LLM Training,2024,2024.csv
Stochastic Optimization Schemes for Performative Prediction with Nonconvex Loss,2024,2024.csv
An Adaptive Approach for Infinitely Many-armed Bandits under Generalized Rotting Constraints,2024,2024.csv
Near-Optimal Streaming Heavy-Tailed Statistical Estimation with Clipped SGD,2024,2024.csv
Fine Tuning Out-of-Vocabulary Item Recommendation with User Sequence Imagination,2024,2024.csv
Data Mixture Inference Attack: BPE Tokenizers Reveal Training Data Compositions,2024,2024.csv
Improving Deep Learning Optimization through Constrained Parameter Regularization,2024,2024.csv
A generalized neural tangent kernel for surrogate gradient learning,2024,2024.csv
Towards Open-Vocabulary Semantic Segmentation Without Semantic Labels,2024,2024.csv
AlphaPruning: Using Heavy-Tailed Self Regularization Theory for Improved Layer-wise Pruning of Large Language Models,2024,2024.csv
Overcoming Brittleness in Pareto-Optimal Learning Augmented Algorithms,2024,2024.csv
Continual Counting with Gradual Privacy Expiration,2024,2024.csv
LoFiT: Localized Fine-tuning on LLM Representations,2024,2024.csv
"Meta 3D AssetGen: Text-to-Mesh Generation with High-Quality Geometry, Texture, and PBR Materials",2024,2024.csv
Graph Diffusion Policy Optimization,2024,2024.csv
PrivAuditor: Benchmarking Data Protection Vulnerabilities in LLM Adaptation Techniques,2024,2024.csv
"A Retrospective on the Robot Air Hockey Challenge: Benchmarking Robust, Reliable, and Safe Learning Techniques for Real-world Robotics",2024,2024.csv
A Recipe for Charge Density Prediction,2024,2024.csv
LIVE: Learnable In-Context Vector for Visual Question Answering,2024,2024.csv
Text-Infused Attention and Foreground-Aware Modeling for Zero-Shot Temporal Action Detection,2024,2024.csv
Online Budgeted Matching with General Bids,2024,2024.csv
CRAYM: Neural Field Optimization via Camera RAY Matching,2024,2024.csv
The Road Less Scheduled,2024,2024.csv
Fully Unconstrained Online Learning,2024,2024.csv
Masked Hard-Attention Transformers Recognize Exactly the Star-Free Languages,2024,2024.csv
Exploring Context Window of Large Language Models via Decomposed Positional Vectors,2024,2024.csv
CosAE: Learnable Fourier Series for Image Restoration,2024,2024.csv
Exactly Minimax-Optimal Locally Differentially Private Sampling,2024,2024.csv
ECLipsE: Efficient Compositional Lipschitz Constant Estimation for Deep Neural Networks,2024,2024.csv
Stacking Your Transformers: A Closer Look at Model Growth for Efficient LLM Pre-Training,2024,2024.csv
Layer-Adaptive State Pruning for Deep State Space Models,2024,2024.csv
Score-based 3D molecule generation with neural fields,2024,2024.csv
PertEval: Unveiling Real Knowledge Capacity of LLMs with Knowledge-Invariant Perturbations,2024,2024.csv
On Sparse Canonical Correlation Analysis,2024,2024.csv
A Pairwise Pseudo-likelihood Approach for Matrix Completion with Informative Missingness,2024,2024.csv
Conditioning non-linear and infinite-dimensional diffusion processes,2024,2024.csv
Quantum algorithm for large-scale market equilibrium computation,2024,2024.csv
On Convergence of Adam for Stochastic Optimization under Relaxed Assumptions,2024,2024.csv
I Don't Know: Explicit Modeling of Uncertainty with an [IDK] Token,2024,2024.csv
Scaling Continuous Latent Variable Models as Probabilistic Integral Circuits,2024,2024.csv
What do Graph Neural Networks learn? Insights from Tropical Geometry,2024,2024.csv
Selective Attention: Enhancing Transformer through Principled Context Control,2024,2024.csv
Understanding the Expressivity and Trainability of Fourier Neural Operator: A Mean-Field Perspective,2024,2024.csv
Differentially Private Stochastic Gradient Descent with Fixed-Size Minibatches: Tighter RDP Guarantees with or without Replacement,2024,2024.csv
A Simple and Optimal Approach for Universal Online Learning with Gradient Variations,2024,2024.csv
Optimal Algorithms for Augmented Testing of Discrete Distributions,2024,2024.csv
Robust Reinforcement Learning with General Utility,2024,2024.csv
Addressing Bias in Online Selection with Limited Budget of Comparisons,2024,2024.csv
Measuring Goal-Directedness,2024,2024.csv
Long-Range Feedback Spiking Network Captures Dynamic and Static Representations of the Visual Cortex under Movie Stimuli,2024,2024.csv
MonoMAE: Enhancing Monocular 3D Detection through Depth-Aware Masked Autoencoders,2024,2024.csv
EffiBench: Benchmarking the Efficiency of Automatically Generated Code,2024,2024.csv
PutnamBench: Evaluating Neural Theorem-Provers on the Putnam Mathematical Competition,2024,2024.csv
Episodic Future Thinking Mechanism for Multi-agent Reinforcement Learning,2024,2024.csv
Slot State Space Models,2024,2024.csv
Incorporating Test-Time Optimization into Training with Dual Networks for Human Mesh Recovery,2024,2024.csv
Variational Flow Matching for Graph Generation,2024,2024.csv
A Versatile Diffusion Transformer with Mixture of Noise Levels for Audiovisual Generation,2024,2024.csv
Identifying Selections for Unsupervised Subtask Discovery,2024,2024.csv
Kangaroo: Lossless Self-Speculative Decoding for Accelerating LLMs via Double Early Exiting,2024,2024.csv
DMesh: A Differentiable Mesh Representation,2024,2024.csv
Differentially Private Graph Diffusion with Applications in Personalized PageRanks,2024,2024.csv
Exploring Structured Semantic Priors Underlying Diffusion Score for Test-time Adaptation,2024,2024.csv
PhoCoLens: Photorealistic and Consistent Reconstruction in Lensless Imaging,2024,2024.csv
What makes unlearning hard and what to do about it,2024,2024.csv
The Power of Resets in Online Reinforcement Learning,2024,2024.csv
Invertible Consistency Distillation for Text-Guided Image Editing in Around 7 Steps,2024,2024.csv
Gaussian Approximation and Multiplier Bootstrap for Polyak-Ruppert Averaged Linear Stochastic Approximation with Applications to TD Learning,2024,2024.csv
Reversing the Forget-Retain Objectives: An Efficient LLM Unlearning Framework from Logit Difference,2024,2024.csv
"Scaling the Codebook Size of VQ-GAN to 100,000 with a Utilization Rate of 99%",2024,2024.csv
Towards Calibrated Robust Fine-Tuning of Vision-Language Models,2024,2024.csv
Variational Distillation of Diffusion Policies into Mixture of Experts,2024,2024.csv
Representation Noising: A Defence Mechanism Against Harmful Finetuning,2024,2024.csv
Generalization Bound and Learning Methods for Data-Driven Projections in Linear Programming,2024,2024.csv
Handling Learnwares from Heterogeneous Feature Spaces with Explicit Label Exploitation,2024,2024.csv
CV-VAE: A Compatible Video VAE for Latent Generative Video Models,2024,2024.csv
Non-asymptotic Analysis of Biased Adaptive Stochastic Approximation,2024,2024.csv
Regret Minimization in Stackelberg Games with Side Information,2024,2024.csv
Peri-midFormer: Periodic Pyramid Transformer for Time Series Analysis,2024,2024.csv
Policy-shaped prediction: avoiding distractions in model-based reinforcement learning,2024,2024.csv
Fundamental Convergence Analysis of Sharpness-Aware Minimization,2024,2024.csv
Honor Among Bandits: No-Regret Learning for Online Fair Division,2024,2024.csv
Learning to grok: Emergence of in-context learning and skill composition in modular arithmetic tasks,2024,2024.csv
$\texttt{Model-GLUE}$: Democratized LLM Scaling for A Large Model Zoo in the Wild,2024,2024.csv
A Full-duplex Speech Dialogue Scheme Based On Large Language Model,2024,2024.csv
eXponential FAmily Dynamical Systems (XFADS): Large-scale nonlinear Gaussian state-space modeling,2024,2024.csv
AROMA: Preserving Spatial Structure for Latent PDE Modeling with Local Neural Fields,2024,2024.csv
Parameter Efficient Adaptation for Image Restoration with Heterogeneous Mixture-of-Experts,2024,2024.csv
DiffCut: Catalyzing Zero-Shot Semantic Segmentation with Diffusion Features and Recursive Normalized Cut,2024,2024.csv
Fast and Memory-Efficient Video Diffusion Using Streamlined Inference,2024,2024.csv
Sparse High Rank Adapters,2024,2024.csv
High-Resolution Image Harmonization with Adaptive-Interval Color Transformation,2024,2024.csv
SCAFFLSA: Taming Heterogeneity in Federated Linear Stochastic Approximation and TD Learning,2024,2024.csv
"Sequential Probability Assignment with Contexts: Minimax Regret, Contextual Shtarkov Sums, and Contextual Normalized Maximum Likelihood",2024,2024.csv
Functional Bilevel Optimization for Machine Learning,2024,2024.csv
Emergence of heavy tails in homogenized stochastic gradient descent,2024,2024.csv
Learning-Augmented Dynamic Submodular Maximization,2024,2024.csv
IF-Font: Ideographic Description Sequence-Following Font Generation,2024,2024.csv
Pretrained Optimization Model for Zero-Shot Black Box Optimization,2024,2024.csv
Leveraging Visual Tokens for Extended Text Contexts in Multi-Modal Learning,2024,2024.csv
Boundary Decomposition for Nadir Objective Vector Estimation,2024,2024.csv
Recurrent Reinforcement Learning with Memoroids,2024,2024.csv
Federated Fine-tuning of Large Language Models under Heterogeneous Tasks and Client Resources,2024,2024.csv
Interaction-Force Transport Gradient Flows,2024,2024.csv
Optimal Parallelization of Boosting,2024,2024.csv
Language Models as Hierarchy Encoders,2024,2024.csv
Data-Efficient Learning with Neural Programs,2024,2024.csv
Unconditional stability of a recurrent neural circuit implementing divisive normalization,2024,2024.csv
Directional Smoothness and Gradient Methods: Convergence and Adaptivity,2024,2024.csv
On the Role of Attention Masks and LayerNorm in Transformers,2024,2024.csv
The Implicit Bias of Heterogeneity towards Invariance: A Study of Multi-Environment Matrix Sensing,2024,2024.csv
Towards Universal Mesh Movement Networks,2024,2024.csv
Natural Counterfactuals With Necessary Backtracking,2024,2024.csv
BLAST: Block-Level Adaptive Structured Matrices for Efficient Deep Neural Network Inference,2024,2024.csv
ReLIZO: Sample Reusable Linear Interpolation-based Zeroth-order Optimization,2024,2024.csv
Lower Bounds of Uniform Stability in Gradient-Based Bilevel Algorithms for Hyperparameter Optimization,2024,2024.csv
Learning to Mitigate Externalities: the Coase Theorem with Hindsight Rationality,2024,2024.csv
Improving self-training under distribution shifts via anchored confidence with theoretical guarantees,2024,2024.csv
Touchstone Benchmark: Are We on the Right Way for Evaluating AI Algorithms for Medical Segmentation?,2024,2024.csv
Improving Deep Reinforcement Learning by Reducing the Chain Effect of Value and Policy Churn,2024,2024.csv
Benchmarking LLMs via Uncertainty Quantification,2024,2024.csv
HYSYNTH: Context-Free LLM Approximation for Guiding Program Synthesis,2024,2024.csv
Observational Scaling Laws and the Predictability of Langauge Model Performance,2024,2024.csv
How to Boost Any Loss Function,2024,2024.csv
No Regrets: Investigating and Improving Regret Approximations for Curriculum Discovery,2024,2024.csv
Stability and Generalization of Adversarial Training for Shallow Neural Networks with Smooth Activation,2024,2024.csv
Melting Pot Contest: Charting the Future of Generalized Cooperative Intelligence,2024,2024.csv
Collaborative Video Diffusion: Consistent Multi-video Generation with Camera Control,2024,2024.csv
DPIC: Decoupling Prompt and Intrinsic Characteristics for LLM Generated Text Detection,2024,2024.csv
Cryptographic Hardness of Score Estimation,2024,2024.csv
The Secretary Problem with Predicted Additive Gap,2024,2024.csv
SpecExec: Massively Parallel Speculative Decoding For Interactive LLM Inference on Consumer Devices,2024,2024.csv
From Unstructured Data to In-Context Learning: Exploring What Tasks Can Be Learned and When,2024,2024.csv
4+3 Phases of Compute-Optimal Neural Scaling Laws,2024,2024.csv
Learning Mixtures of Unknown Causal Interventions,2024,2024.csv
Implicit Regularization of Decentralized Gradient Descent for Sparse Regression,2024,2024.csv
Non-geodesically-convex optimization in the Wasserstein space,2024,2024.csv
ST$_k$: A Scalable Module for Solving Top-k Problems,2024,2024.csv
Non-asymptotic Global Convergence Analysis of BFGS with the Armijo-Wolfe Line Search,2024,2024.csv
Ordered Momentum for Asynchronous SGD,2024,2024.csv
Abstract Reward Processes: Leveraging State Abstraction for Consistent Off-Policy Evaluation,2024,2024.csv
Real-Time Recurrent Learning using Trace Units in Reinforcement Learning,2024,2024.csv
A Globally Optimal Portfolio for m-Sparse Sharpe Ratio Maximization,2024,2024.csv
Enhancing Efficiency of Safe Reinforcement Learning via Sample Manipulation,2024,2024.csv
Policy Optimization for Robust Average Reward MDPs,2024,2024.csv
Incremental Learning of Retrievable Skills For Efficient Continual Task Adaptation,2024,2024.csv
Preference-based Pure Exploration,2024,2024.csv
Learning Discrete Latent Variable Structures with Tensor Rank Conditions,2024,2024.csv
Beyond Euclidean: Dual-Space Representation Learning for Weakly Supervised Video Violence Detection,2024,2024.csv
Locating What You Need: Towards Adapting Diffusion Models to OOD Concepts In-the-Wild,2024,2024.csv
ESPACE: Dimensionality Reduction of Activations for Model Compression,2024,2024.csv
Toxicity Detection for Free,2024,2024.csv
Banded Square Root Matrix Factorization for Differentially Private Model Training,2024,2024.csv
Visual Anchors Are Strong Information Aggregators For Multimodal Large Language Model,2024,2024.csv
Combining Observational Data and Language for Species Range Estimation,2024,2024.csv
Fixed Confidence Best Arm Identification in the Bayesian Setting,2024,2024.csv
Mars: Situated Inductive Reasoning in an Open-World Environment,2024,2024.csv
Recursive PAC-Bayes: A Frequentist Approach to Sequential Prior Updates with No Information Loss,2024,2024.csv
Addressing Spatial-Temporal Heterogeneity: General Mixed Time Series Analysis via Latent Continuity Recovery and Alignment,2024,2024.csv
Shopping MMLU: A Massive Multi-Task Online Shopping Benchmark for Large Language Models,2024,2024.csv
FedAvP: Augment Local Data via Shared Policy in Federated Learning,2024,2024.csv
The Representation Landscape of Few-Shot Learning and Fine-Tuning in Large Language Models,2024,2024.csv
Interpret Your Decision: Logical Reasoning Regularization for Generalization in Visual Classification,2024,2024.csv
In-Context Learning of a Linear Transformer Block: Benefits of the MLP Component and One-Step GD Initialization,2024,2024.csv
Communication Efficient Distributed Training with Distributed Lion,2024,2024.csv
Ad Auctions for LLMs via Retrieval Augmented Generation,2024,2024.csv
Fairness and Efficiency in Online Class Matching,2024,2024.csv
ReVideo: Remake a Video with Motion and Content Control,2024,2024.csv
Auditing Local Explanations is Hard,2024,2024.csv
Finding Transformer Circuits With Edge Pruning,2024,2024.csv
Globally Convergent Variational Inference,2024,2024.csv
Efficient Reinforcement Learning by Discovering Neural Pathways,2024,2024.csv
"MeMo: Meaningful, Modular Controllers via Noise Injection",2024,2024.csv
FERERO: A Flexible Framework for Preference-Guided Multi-Objective Learning,2024,2024.csv
RGMDT: Return-Gap-Minimizing Decision Tree Extraction in Non-Euclidean Metric Space,2024,2024.csv
WaterMax: breaking the LLM watermark detectability-robustness-quality trade-off,2024,2024.csv
Invariant subspaces and PCA in nearly matrix multiplication time,2024,2024.csv
Image Reconstruction Via Autoencoding Sequential Deep Image Prior,2024,2024.csv
Proportional Fairness in Non-Centroid Clustering,2024,2024.csv
PaGoDA: Progressive Growing of a One-Step Generator from a Low-Resolution Diffusion Teacher,2024,2024.csv
OpenGaussian: Towards Point-Level 3D Gaussian-based Open Vocabulary Understanding,2024,2024.csv
Make-An-Agent: A Generalizable Policy Network Generator with Behavior-Prompted Diffusion,2024,2024.csv
Evaluating the design space of diffusion-based generative models,2024,2024.csv
SOI: Scaling Down Computational Complexity by Estimating Partial States of the Model,2024,2024.csv
Robust Neural Contextual Bandit against Adversarial Corruptions,2024,2024.csv
Beyond Slow Signs in High-fidelity Model Extraction,2024,2024.csv
Optimizing the coalition gain in Online Auctions with Greedy Structured Bandits,2024,2024.csv
DEFT: Efficient Fine-tuning of Diffusion Models by Learning the Generalised $h$-transform,2024,2024.csv
Achieving Near-Optimal Convergence for Distributed Minimax Optimization with Adaptive Stepsizes,2024,2024.csv
LookHere: Vision Transformers with Directed Attention Generalize and Extrapolate,2024,2024.csv
Complete Graphical Criterion for Sequential Covariate Adjustment in Causal Inference,2024,2024.csv
Task Me Anything,2024,2024.csv
Exploring Fixed Point in Image Editing: Theoretical Support and Convergence Optimization,2024,2024.csv
DropBP: Accelerating Fine-Tuning of Large Language Models by Dropping Backward Propagation,2024,2024.csv
Grounding Multimodal Large Language Models in Actions,2024,2024.csv
Efficient Streaming Algorithms for Graphlet Sampling,2024,2024.csv
MemoryFormer : Minimize Transformer Computation by Removing Fully-Connected Layers,2024,2024.csv
LCGen: Mining in Low-Certainty Generation for View-consistent Text-to-3D,2024,2024.csv
Learning and Transferring Sparse Contextual Bigrams with Linear Transformers,2024,2024.csv
Public-data Assisted Private Stochastic Optimization: Power and Limitations,2024,2024.csv
Predictor-Corrector Enhanced Transformers with Exponential Moving Average Coefficient Learning,2024,2024.csv
Globally Q-linear Gauss-Newton Method for Overparameterized Non-convex Matrix Sensing,2024,2024.csv
Implicit Curriculum in Procgen Made Explicit,2024,2024.csv
Gradient Methods for Online DR-Submodular Maximization with Stochastic Long-Term Constraints,2024,2024.csv
Needle In A Multimodal Haystack,2024,2024.csv
General Articulated Objects Manipulation in Real Images via Part-Aware Diffusion Process,2024,2024.csv
Boosting the Transferability of Adversarial Attack on Vision Transformer with Adaptive Token Tuning,2024,2024.csv
Nesterov acceleration despite very noisy gradients,2024,2024.csv
DiffAug: A Diffuse-and-Denoise Augmentation for Training Robust Classifiers,2024,2024.csv
Edit Distance Robust Watermarks via Indexing Pseudorandom Codes,2024,2024.csv
No-Regret Bandit Exploration based on Soft Tree Ensemble Model,2024,2024.csv
Derivative-enhanced Deep Operator Network,2024,2024.csv
A Unified Debiasing Approach for Vision-Language Models across Modalities and Tasks,2024,2024.csv
Bridging semantics and pragmatics in information-theoretic emergent communication,2024,2024.csv
Approximation-Aware Bayesian Optimization,2024,2024.csv
"Differential Privacy in Scalable General Kernel Learning via $K$-means Nystr{\""o}m Random Features",2024,2024.csv
Discrete Dictionary-based Decomposition Layer for Structured Representation Learning,2024,2024.csv
WildGaussians: 3D Gaussian Splatting In the Wild,2024,2024.csv
What If the Input is Expanded in OOD Detection?,2024,2024.csv
RelBench: A Benchmark for Deep Learning on Relational Databases,2024,2024.csv
DreamMesh4D: Video-to-4D Generation with Sparse-Controlled Gaussian-Mesh Hybrid Representation,2024,2024.csv
PageRank Bandits for Link Prediction,2024,2024.csv
Acceleration Exists! Optimization Problems When Oracle Can Only Compare Objective Function Values,2024,2024.csv
Towards the Transferability of Rewards Recovered via Regularized Inverse Reinforcement Learning,2024,2024.csv
Spatio-Temporal Interactive Learning for Efficient Image Reconstruction of Spiking Cameras,2024,2024.csv
OneActor: Consistent Subject Generation via Cluster-Conditioned Guidance,2024,2024.csv
Nimbus: Secure and Efficient Two-Party Inference for Transformers,2024,2024.csv
Injecting Undetectable Backdoors in Obfuscated Neural Networks and Language Models,2024,2024.csv
FUSE: Fast Unified Simulation and Estimation for PDEs,2024,2024.csv
SureMap: Simultaneous mean estimation for single-task and multi-task disaggregated evaluation,2024,2024.csv
The Collusion of Memory and Nonlinearity in Stochastic Approximation With Constant Stepsize,2024,2024.csv
"BetterBench: Assessing AI Benchmarks, Uncovering Issues, and Establishing Best Practices",2024,2024.csv
Absorb & Escape: Overcoming Single Model Limitations in Generating Heterogeneous Genomic Sequences,2024,2024.csv
Can We Leave Deepfake Data Behind in Training Deepfake Detector?,2024,2024.csv
RAGChecker: A Fine-grained Framework for Diagnosing Retrieval-Augmented Generation,2024,2024.csv
Adaptive Variance Reduction for Stochastic Optimization under Weaker Assumptions,2024,2024.csv
Kaleidoscope: Learnable Masks for Heterogeneous Multi-agent Reinforcement Learning,2024,2024.csv
Quadratic Quantum Variational Monte Carlo,2024,2024.csv
Multimodal Task Vectors Enable Many-Shot Multimodal In-Context Learning,2024,2024.csv
Lorentz-Equivariant Geometric Algebra Transformers for High-Energy Physics,2024,2024.csv
Position Coupling: Improving Length Generalization of Arithmetic Transformers Using Task Structure,2024,2024.csv
TFG: Unified Training-Free Guidance for Diffusion Models,2024,2024.csv
Is Your HD Map Constructor Reliable under Sensor Corruptions?,2024,2024.csv
Rethinking Weight Decay for Robust Fine-Tuning of Foundation Models,2024,2024.csv
FLoRA: Federated Fine-Tuning Large Language Models with Heterogeneous Low-Rank Adaptations,2024,2024.csv
Implicit Optimization Bias of Next-token Prediction in Linear Models,2024,2024.csv
Learning the Expected Core of Strictly Convex Stochastic Cooperative Games,2024,2024.csv
Not so griddy: Internal representations of RNNs path integrating more than one agent,2024,2024.csv
QVAE-Mole: The Quantum VAE with Spherical Latent Variable Learning for 3-D Molecule Generation,2024,2024.csv
Sample Complexity Reduction via Policy Difference Estimation in Tabular Reinforcement Learning,2024,2024.csv
Distribution Learning with Valid Outputs Beyond the Worst-Case,2024,2024.csv
FairQueue: Rethinking Prompt Learning for Fair Text-to-Image Generation,2024,2024.csv
ConMe: Rethinking Evaluation of Compositional Reasoning for Modern VLMs,2024,2024.csv
Parallel Backpropagation for Shared-Feature Visualization,2024,2024.csv
On Differentially Private U Statistics,2024,2024.csv
A two-scale Complexity Measure for Deep Learning Models,2024,2024.csv
Communication-Efficient Federated Group Distributionally Robust Optimization,2024,2024.csv
Sketched Lanczos uncertainty score: a low-memory summary of the Fisher information,2024,2024.csv
Unified Generative and Discriminative Training for Multi-modal Large Language Models,2024,2024.csv
Why Do We Need Weight Decay in Modern Deep Learning?,2024,2024.csv
Efficient LLM Jailbreak via Adaptive Dense-to-sparse Constrained Optimization,2024,2024.csv
On conditional diffusion models for PDE simulations,2024,2024.csv
Fast Last-Iterate Convergence of Learning in Games Requires Forgetful Algorithms,2024,2024.csv
NeuroBOLT: Resting-state EEG-to-fMRI Synthesis with Multi-dimensional Feature Mapping,2024,2024.csv
DeepStack: Deeply Stacking Visual Tokens is Surprisingly Simple and Effective for LMMs,2024,2024.csv
Consistency Diffusion Bridge Models,2024,2024.csv
Identifying Equivalent Training Dynamics,2024,2024.csv
Dense Associative Memory Through the Lens of Random Features,2024,2024.csv
Ensemble sampling for linear bandits: small ensembles suffice,2024,2024.csv
Cross-Care: Assessing the Healthcare Implications of Pre-training Data on Language Model Bias,2024,2024.csv
Is Knowledge Power? On the (Im)possibility of Learning from Strategic Interactions,2024,2024.csv
Linear Causal Bandits: Unknown Graph and Soft Interventions,2024,2024.csv
The Implicit Bias of Adam on Separable Data,2024,2024.csv
"Be like a Goldfish, Don't Memorize! Mitigating Memorization in Generative LLMs",2024,2024.csv
SIRIUS : Contexual Sparisty with Correction for Efficient LLMs,2024,2024.csv
Ferrari: Federated Feature Unlearning via Optimizing Feature Sensitivity,2024,2024.csv
Diffusion Forcing: Next-token Prediction Meets Full-Sequence Diffusion,2024,2024.csv
Uncertainty of Thoughts: Uncertainty-Aware Planning Enhances Information Seeking in LLMs,2024,2024.csv
Causal Discovery from Event Sequences by Local Cause-Effect Attribution,2024,2024.csv
Corruption-Robust Linear Bandits: Minimax Optimality and Gap-Dependent Misspecification,2024,2024.csv
PAC-Bayes-Chernoff bounds for unbounded losses,2024,2024.csv
Transcoders find interpretable LLM feature circuits,2024,2024.csv
SymILO: A Symmetry-Aware Learning Framework for Integer Linear Optimization,2024,2024.csv
CLIP in Mirror: Disentangling text from visual images through reflection,2024,2024.csv
Grammar-Aligned Decoding,2024,2024.csv
Controlled maximal variability along with reliable performance in recurrent neural networks,2024,2024.csv
Maximum Entropy Inverse Reinforcement Learning of Diffusion Models with Energy-Based Models,2024,2024.csv
A Comprehensive Analysis on the Learning Curve in Kernel Ridge Regression,2024,2024.csv
Statistical Efficiency of Distributional Temporal Difference Learning,2024,2024.csv
Faster Repeated Evasion Attacks in Tree Ensembles,2024,2024.csv
DiPEx: Dispersing Prompt Expansion for Class-Agnostic Object Detection,2024,2024.csv
ShiftAddLLM: Accelerating Pretrained LLMs via Post-Training Multiplication-Less Reparameterization,2024,2024.csv
BAdam: A Memory Efficient Full Parameter Optimization Method for Large Language Models,2024,2024.csv
Sample Complexity of Algorithm Selection Using Neural Networks and Its Applications to Branch-and-Cut,2024,2024.csv
A Simple Image Segmentation Framework via In-Context Examples,2024,2024.csv
Pre-trained Large Language Models Use Fourier Features to Compute Addition,2024,2024.csv
ReMAP: Neural Model Reprogramming with Network Inversion and Retrieval-Augmented Mapping for Adaptive Motion Forecasting,2024,2024.csv
Cross-video Identity Correlating for Person Re-identification Pre-training,2024,2024.csv
Cloud Object Detector Adaptation by Integrating Different Source Knowledge,2024,2024.csv
DETAIL: Task DEmonsTration Attribution for Interpretable In-context Learning,2024,2024.csv
Mirror and Preconditioned Gradient Descent in Wasserstein Space,2024,2024.csv
Retrieval-Retro: Retrieval-based Inorganic Retrosynthesis with Expert Knowledge,2024,2024.csv
Kernel-Based Function Approximation for Average Reward Reinforcement Learning: An Optimist No-Regret Algorithm,2024,2024.csv
MathPile: A Billion-Token-Scale Pretraining Corpus for Math,2024,2024.csv
"AWT: Transferring Vision-Language Models via Augmentation, Weighting, and Transportation",2024,2024.csv
Least Squares Regression Can Exhibit Under-Parameterized Double Descent,2024,2024.csv
Geometric Trajectory Diffusion Models,2024,2024.csv
Decentralized Noncooperative Games with Coupled Decision-Dependent Distributions,2024,2024.csv
Multi-Scale VMamba: Hierarchy in Hierarchy Visual State Space Model,2024,2024.csv
AdanCA: Neural Cellular Automata As Adaptors For More Robust Vision Transformer,2024,2024.csv
Understanding the Expressive Power and Mechanisms of Transformer for Sequence Modeling,2024,2024.csv
A Combinatorial Algorithm for the Semi-Discrete Optimal Transport Problem,2024,2024.csv
Learning 1D Causal Visual Representation with De-focus Attention Networks,2024,2024.csv
Nonlinear dynamics of localization in neural receptive fields,2024,2024.csv
Learning-Augmented Approximation Algorithms for Maximum Cut and Related Problems,2024,2024.csv
Score Distillation via Reparametrized DDIM,2024,2024.csv
Smoke and Mirrors in Causal Downstream Tasks,2024,2024.csv
Newton Losses: Using Curvature Information for Learning with Differentiable Algorithms,2024,2024.csv
LINGOLY: A Benchmark of Olympiad-Level Linguistic Reasoning Puzzles in Low Resource and Extinct Languages,2024,2024.csv
Improving Decision Sparsity,2024,2024.csv
Multi-Instance Partial-Label Learning with Margin Adjustment,2024,2024.csv
Unified Gradient-Based Machine Unlearning with Remain Geometry Enhancement,2024,2024.csv
Policy Mirror Descent with Lookahead,2024,2024.csv
Generalization of Hamiltonian algorithms,2024,2024.csv
Stochastic Optimization Algorithms for Instrumental Variable Regression with Streaming Data,2024,2024.csv
"Universality of AdaGrad Stepsizes for Stochastic Optimization: Inexact Oracle, Acceleration and Variance Reduction",2024,2024.csv
Achieving Tractable Minimax Optimal Regret in Average Reward MDPs,2024,2024.csv
When LLM Meets DRL: Advancing Jailbreaking Efficiency via DRL-guided Search,2024,2024.csv
Advancing Spiking Neural Networks for Sequential Modeling with Central Pattern Generators,2024,2024.csv
Evaluating the World Model Implicit in a Generative Model,2024,2024.csv
Contextual Linear Optimization with Bandit Feedback,2024,2024.csv
Are We on the Right Way for Evaluating Large Vision-Language Models?,2024,2024.csv
On the Benefits of Public Representations for Private Transfer Learning under Distribution Shift,2024,2024.csv
Reparameterized Multi-Resolution Convolutions for Long Sequence Modelling,2024,2024.csv
Streaming Bayes GFlowNets,2024,2024.csv
Inverse Factorized Soft Q-Learning for Cooperative Multi-agent Imitation Learning,2024,2024.csv
Diffeomorphic interpolation for efficient persistence-based topological optimization,2024,2024.csv
Exploring Low-Dimensional Subspace in Diffusion Models for Controllable Image Editing,2024,2024.csv
Efficiency for Free: Ideal Data Are Transportable Representations,2024,2024.csv
MambaLLIE: Implicit Retinex-Aware Low Light Enhancement with Global-then-Local State Space,2024,2024.csv
"First-Explore, then Exploit: Meta-Learning to Solve Hard Exploration-Exploitation Trade-Offs",2024,2024.csv
Learning Truncated Causal History Model for Video Restoration,2024,2024.csv
Constrained Adaptive Attack: Effective Adversarial Attack Against Deep Neural Networks for Tabular Data,2024,2024.csv
"Multi-Agent Imitation Learning: Value is Easy, Regret is Hard",2024,2024.csv
Optimal deep learning of holomorphic operators between Banach spaces,2024,2024.csv
How Far Can Transformers Reason? The Globality Barrier and Inductive Scratchpad,2024,2024.csv
Scalable DBSCAN with Random Projections,2024,2024.csv
Generative Forests,2024,2024.csv
"M$^3$GPT: An Advanced Multimodal, Multitask Framework  for Motion Comprehension and Generation",2024,2024.csv
Near-Optimal Distributed Minimax Optimization under the Second-Order Similarity,2024,2024.csv
From Transparent to Opaque: Rethinking Neural Implicit Surfaces with $\alpha$-NeuS,2024,2024.csv
Test Where Decisions Matter: Importance-driven Testing for Deep Reinforcement Learning,2024,2024.csv
Value-Based Deep Multi-Agent Reinforcement Learning with Dynamic Sparse Training,2024,2024.csv
Rethinking Memory and Communication Costs for Efficient Data Parallel Training of Large Language Models,2024,2024.csv
GTBench: Uncovering the Strategic Reasoning Capabilities of LLMs via Game-Theoretic Evaluations,2024,2024.csv
"The Empirical Impact of Neural Parameter Symmetries, or Lack Thereof",2024,2024.csv
FuseFL: One-Shot Federated Learning through the Lens of Causality with Progressive Model Fusion,2024,2024.csv
A Layer-Wise Natural Gradient Optimizer for Training Deep Neural Networks,2024,2024.csv
RL-GPT: Integrating Reinforcement Learning and Code-as-policy,2024,2024.csv
MoEUT: Mixture-of-Experts Universal Transformers,2024,2024.csv
Visual Perception by Large Language Model’s Weights,2024,2024.csv
Stabilize the Latent Space for Image Autoregressive Modeling: A Unified Perspective,2024,2024.csv
Stochastic Optimal Control for Diffusion Bridges in Function Spaces,2024,2024.csv
Enhancing LLM Reasoning via Vision-Augmented Prompting,2024,2024.csv
MediQ: Question-Asking LLMs and a Benchmark for Reliable Interactive Clinical Reasoning,2024,2024.csv
"Multi-LLM Debate: Framework, Principals, and Interventions",2024,2024.csv
MomentumSMoE: Integrating Momentum into Sparse Mixture of Experts,2024,2024.csv
"Face2QR: A Unified Framework for Aesthetic, Face-Preserving, and Scannable QR Code Generation",2024,2024.csv
MSPE: Multi-Scale Patch Embedding Prompts Vision Transformers to Any Resolution,2024,2024.csv
Global Convergence in Training Large-Scale Transformers,2024,2024.csv
Constrained Sampling with Primal-Dual Langevin Monte Carlo,2024,2024.csv
Scalable Neural Network Verification with Branch-and-bound Inferred Cutting Planes,2024,2024.csv
Hamiltonian Monte Carlo Inference of Marginalized Linear Mixed-Effects Models,2024,2024.csv
C-GAIL: Stabilizing Generative Adversarial Imitation Learning with Control Theory,2024,2024.csv
VideoTetris: Towards Compositional Text-to-Video Generation,2024,2024.csv
Kermut: Composite kernel regression for protein variant effects,2024,2024.csv
SubgDiff: A Subgraph Diffusion Model to Improve Molecular Representation Learning,2024,2024.csv
Protecting Your LLMs with Information Bottleneck,2024,2024.csv
Time-Reversal Provides Unsupervised Feedback to LLMs,2024,2024.csv
UQE: A Query Engine for Unstructured Databases,2024,2024.csv
Tactile DreamFusion: Exploiting Tactile Sensing for 3D Generation,2024,2024.csv
Mind the Graph When Balancing Data for Fairness or Robustness,2024,2024.csv
Model Fusion through Bayesian Optimization in Language Model Fine-Tuning,2024,2024.csv
On Giant's Shoulders: Effortless Weak to Strong by Dynamic Logits Fusion,2024,2024.csv
Heavy-Tailed Class Imbalance and Why Adam Outperforms Gradient Descent on Language Models,2024,2024.csv
Using Time-Aware Graph Neural Networks to Predict Temporal Centralities in Dynamic Graphs,2024,2024.csv
Fast T2T: Optimization Consistency Speeds Up Diffusion-Based Training-to-Testing Solving for Combinatorial Optimization,2024,2024.csv
MV2Cyl: Reconstructing 3D Extrusion Cylinders from Multi-View Images,2024,2024.csv
Towards Efficient and Optimal Covariance-Adaptive Algorithms for Combinatorial Semi-Bandits,2024,2024.csv
Exponential Quantum Communication Advantage in Distributed Inference and Learning,2024,2024.csv
Zero-to-Hero: Enhancing Zero-Shot Novel View Synthesis via Attention Map Filtering,2024,2024.csv
Federated Learning from Vision-Language Foundation Models: Theoretical Analysis and Method,2024,2024.csv
Binarized Diffusion Model for Image Super-Resolution,2024,2024.csv
Micro-Bench: A Microscopy Benchmark for Vision-Language Understanding,2024,2024.csv
Delving into the Reversal Curse: How Far Can Large Language Models Generalize?,2024,2024.csv
Accelerating Transformers with Spectrum-Preserving Token Merging,2024,2024.csv
Should We Really Edit Language Models? On the Evaluation of Edited Language Models,2024,2024.csv
Model-free Low-Rank Reinforcement Learning via Leveraged Entry-wise Matrix Estimation,2024,2024.csv
Solving Minimum-Cost Reach Avoid using Reinforcement Learning,2024,2024.csv
Delta-CoMe: Training-Free Delta-Compression with Mixed-Precision for Large Language Models,2024,2024.csv
Inverse M-Kernels for Linear Universal Approximators of Non-Negative Functions,2024,2024.csv
Evidence of Learned Look-Ahead in a Chess-Playing Neural Network,2024,2024.csv
Universal Online Convex Optimization with $1$ Projection per Round,2024,2024.csv
Towards Croppable Implicit Neural Representations,2024,2024.csv
On Statistical Rates and  Provably Efficient Criteria of Latent Diffusion Transformers (DiTs),2024,2024.csv
DARNet: Dual Attention Refinement Network with Spatiotemporal Construction for Auditory Attention Detection,2024,2024.csv
High-dimensional (Group) Adversarial Training in Linear Regression,2024,2024.csv
Interpretable Mesomorphic Networks for Tabular Data,2024,2024.csv
GameTraversalBenchmark: Evaluating Planning Abilities Of Large Language Models Through Traversing 2D Game Maps,2024,2024.csv
Transformers to SSMs: Distilling Quadratic Knowledge to Subquadratic Models,2024,2024.csv
Exact Gradients for Stochastic Spiking Neural Networks Driven by Rough Signals,2024,2024.csv
Quantum Deep Equilibrium Models,2024,2024.csv
Replicable Uniformity Testing,2024,2024.csv
Low Degree Hardness for Broadcasting on Trees,2024,2024.csv
Latent Learning Progress Drives Autonomous Goal Selection in Human Reinforcement Learning,2024,2024.csv
Neural Network Reparametrization for Accelerated Optimization in Molecular Simulations,2024,2024.csv
Your Diffusion Model is Secretly a Noise Classifier and Benefits from Contrastive Training,2024,2024.csv
Stabilizing Linear Passive-Aggressive Online Learning with Weighted Reservoir Sampling,2024,2024.csv
MatrixNet: Learning over symmetry groups using learned group representations,2024,2024.csv
Statistical and Geometrical properties of the Kernel Kullback-Leibler divergence,2024,2024.csv
Masked Pre-training Enables Universal Zero-shot Denoiser,2024,2024.csv
"Distributional regression: CRPS-error bounds for model fitting, model selection and convex aggregation",2024,2024.csv
Non-convolutional graph neural networks.,2024,2024.csv
Where does In-context Learning Happen in Large Language Models?,2024,2024.csv
Improved Few-Shot Jailbreaking Can Circumvent Aligned Language Models and Their Defenses,2024,2024.csv
The Surprising Ineffectiveness of Pre-Trained Visual Representations for Model-Based Reinforcement Learning,2024,2024.csv
DiMSUM: Diffusion Mamba - A Scalable and Unified Spatial-Frequency Method for Image Generation,2024,2024.csv
Graph-based Uncertainty Metrics for Long-form Language Model Generations,2024,2024.csv
Latent Neural Operator for Solving Forward and Inverse PDE Problems,2024,2024.csv
DiffNorm: Self-Supervised Normalization for Non-autoregressive Speech-to-speech Translation,2024,2024.csv
Neural Persistence Dynamics,2024,2024.csv
Pseudo-Private Data Guided Model Inversion Attacks,2024,2024.csv
Cluster-wise Graph Transformer with Dual-granularity Kernelized Attention,2024,2024.csv
Span-Based Optimal Sample Complexity for Weakly Communicating and General Average Reward MDPs,2024,2024.csv
Deep Equilibrium Algorithmic Reasoning,2024,2024.csv
Disentangling the Roles of Distinct Cell Classes with Cell-Type Dynamical Systems,2024,2024.csv
RefDrop: Controllable Consistency in Image or Video Generation via Reference Feature Guidance,2024,2024.csv
MG-Net: Learn to Customize QAOA with Circuit Depth Awareness,2024,2024.csv
Provable Acceleration of Nesterov's Accelerated Gradient for Asymmetric Matrix Factorization and Linear Neural Networks,2024,2024.csv
S-STE: Continuous Pruning Function for Efficient 2:4 Sparse Pre-training,2024,2024.csv
Sparse maximal update parameterization: A holistic approach to sparse training dynamics,2024,2024.csv
Rethinking Score Distillation as a Bridge Between Image Distributions,2024,2024.csv
Efficient Sign-Based Optimization: Accelerating Convergence via Variance Reduction,2024,2024.csv
Predicting Ground State Properties: Constant Sample Complexity and Deep Learning Algorithms,2024,2024.csv
Spiking Graph Neural Network on Riemannian Manifolds,2024,2024.csv
Vector Quantization Prompting for Continual Learning,2024,2024.csv
Shaping the distribution of neural responses with interneurons in a recurrent circuit model,2024,2024.csv
Accelerating Blockwise Parallel Language Models with Draft Refinement,2024,2024.csv
MotionBooth: Motion-Aware Customized Text-to-Video Generation,2024,2024.csv
DOGS: Distributed-Oriented Gaussian Splatting for Large-Scale 3D Reconstruction  Via Gaussian Consensus,2024,2024.csv
Blind Image Restoration via Fast Diffusion Inversion,2024,2024.csv
SpeedLoader: An I/O efficient scheme for heterogeneous and distributed LLM operation,2024,2024.csv
CoSy: Evaluating Textual Explanations of Neurons,2024,2024.csv
Kronecker-Factored Approximate Curvature for Physics-Informed Neural Networks,2024,2024.csv
Multistable Shape from Shading Emerges from Patch Diffusion,2024,2024.csv
Bidirectional Recurrence for Cardiac Motion Tracking with Gaussian Process Latent Coding,2024,2024.csv
Algebraic Positional Encodings,2024,2024.csv
What is my quantum computer good for? Quantum capability learning with physics-aware neural networks,2024,2024.csv
Rule Extrapolation in Language Modeling: A Study of Compositional Generalization on OOD Prompts,2024,2024.csv
Byzantine Robustness and Partial Participation Can Be Achieved at Once: Just Clip Gradient Differences,2024,2024.csv
Bridging OOD Detection and Generalization: A Graph-Theoretic View,2024,2024.csv
"3-in-1: 2D Rotary Adaptation for Efficient Finetuning, Efficient Batching and Composability",2024,2024.csv
"Localize, Understand, Collaborate: Semantic-Aware Dragging via Intention Reasoner",2024,2024.csv
Mean-Field Langevin Dynamics for Signed Measures via a Bilevel Approach,2024,2024.csv
Extensive-Form Game Solving via Blackwell Approachability on Treeplexes,2024,2024.csv
Quantum Algorithms for Non-smooth Non-convex Optimization,2024,2024.csv
Topological obstruction to the training of shallow ReLU neural networks,2024,2024.csv
AdaSociety: An Adaptive Environment with Social Structures for Multi-Agent Decision-Making,2024,2024.csv
Single Image Unlearning: Efficient Machine Unlearning in Multimodal Large Language Models,2024,2024.csv
Guiding Neural Collapse: Optimising Towards the Nearest Simplex Equiangular Tight Frame,2024,2024.csv
Time-Constrained Robust MDPs,2024,2024.csv
Randomized Strategic Facility Location with Predictions,2024,2024.csv
OccamLLM: Fast and Exact Language Model Arithmetic in a Single Step,2024,2024.csv
ProSST: Protein Language Modeling with Quantized Structure and Disentangled Attention,2024,2024.csv
NewTerm: Benchmarking Real-Time New Terms for Large Language Models with Annual Updates,2024,2024.csv
The Dormant Neuron Phenomenon in Multi-Agent Reinforcement Learning Value Factorization,2024,2024.csv
On the Impacts of the Random Initialization in the Neural Tangent Kernel Theory,2024,2024.csv
WeiPer: OOD Detection using Weight Perturbations of Class Projections,2024,2024.csv
Infinite Limits of Multi-head Transformer Dynamics,2024,2024.csv
Separations in the Representational Capabilities of Transformers and Recurrent Architectures,2024,2024.csv
NaRCan: Natural Refined Canonical Image with Integration of Diffusion Prior for Video Editing,2024,2024.csv
Provably Robust Score-Based Diffusion Posterior Sampling for Plug-and-Play Image Reconstruction,2024,2024.csv
A Phase Transition between Positional and Semantic Learning in a Solvable Model of Dot-Product Attention,2024,2024.csv
Mutli-Armed Bandits with Network Interference,2024,2024.csv
Learning the Optimal Policy for Balancing Short-Term and Long-Term Rewards,2024,2024.csv
On the Ability of Developers' Training Data Preservation of Learnware,2024,2024.csv
Unpacking DPO and PPO: Disentangling Best Practices for Learning from Preference Feedback,2024,2024.csv
Benign overfitting in leaky ReLU networks with moderate input dimension,2024,2024.csv
On the Computational Complexity of Private High-dimensional Model Selection,2024,2024.csv
Defensive Unlearning with Adversarial Training for Robust Concept Erasure in Diffusion Models,2024,2024.csv
PuLID: Pure and Lightning ID Customization via Contrastive Alignment,2024,2024.csv
Bridging Gaps: Federated Multi-View Clustering in Heterogeneous Hybrid Views,2024,2024.csv
Robust and Faster Zeroth-Order Minimax Optimization: Complexity and Applications,2024,2024.csv
Polyhedral Complex Derivation from Piecewise Trilinear Networks,2024,2024.csv
TopoFR: A Closer Look at Topology Alignment on Face Recognition,2024,2024.csv
Fair Online Bilateral Trade,2024,2024.csv
Towards Exact Gradient-based Training on Analog In-memory Computing,2024,2024.csv
Fast Tree-Field Integrators: From Low Displacement Rank to Topological Transformers,2024,2024.csv
Barely Random Algorithms and Collective Metrical Task Systems,2024,2024.csv
Disentangling Interpretable Factors with Supervised Independent Subspace Principal Component Analysis,2024,2024.csv
Why the Metric Backbone Preserves Community Structure,2024,2024.csv
Adjust Pearson's $r$ to Measure Arbitrary Monotone Dependence,2024,2024.csv
MSAGPT: Neural Prompting Protein Structure Prediction via MSA Generative Pre-Training,2024,2024.csv
Towards Editing Time Series,2024,2024.csv
DiffGS: Functional Gaussian Splatting Diffusion,2024,2024.csv
From Linear to Linearizable Optimization:  A Novel Framework with Applications to Stationary and Non-stationary DR-submodular Optimization,2024,2024.csv
Efficient Temporal Action Segmentation via Boundary-aware Query Voting,2024,2024.csv
"To Learn or Not to Learn, That is the Question — A Feature-Task Dual Learning Model of Perceptual Learning",2024,2024.csv
Efficient Sketches for Training Data Attribution and Studying the Loss Landscape,2024,2024.csv
Time Makes Space: Emergence of Place Fields in Networks Encoding Temporally Continuous Sensory Experiences,2024,2024.csv
Gradient-Variation Online Learning under Generalized Smoothness,2024,2024.csv
Soft ascent-descent as a stable and flexible alternative to flooding,2024,2024.csv
RanDumb: Random Representations Outperform Online Continually Learned Representations,2024,2024.csv
Randomized Truthful Auctions with Learning Agents,2024,2024.csv
Active Perception for Grasp Detection via Neural Graspness Field,2024,2024.csv
Bayesian Optimization of Functions over Node Subsets in Graphs,2024,2024.csv
A Geometric View of Data Complexity: Efficient Local Intrinsic Dimension Estimation with Diffusion Models,2024,2024.csv
Simplifying Latent Dynamics with Softly State-Invariant World Models,2024,2024.csv
Learning Multimodal Behaviors from Scratch with Diffusion Policy Gradient,2024,2024.csv
Attack-Resilient Image Watermarking Using Stable Diffusion,2024,2024.csv
Activating Self-Attention for Multi-Scene Absolute Pose Regression,2024,2024.csv
Generalized Protein Pocket Generation with Prior-Informed Flow Matching,2024,2024.csv
Reinforcement Learning Gradients as Vitamin for Online Finetuning Decision Transformers,2024,2024.csv
Credal Learning Theory,2024,2024.csv
On the Power of Small-size Graph Neural Networks for Linear Programming,2024,2024.csv
Maximizing utility in multi-agent environments by anticipating the behavior of other learners,2024,2024.csv
Generative Hierarchical Materials Search,2024,2024.csv
Certified Machine Unlearning via Noisy Stochastic Gradient Descent,2024,2024.csv
BiDM: Pushing the Limit of Quantization for Diffusion Models,2024,2024.csv
Leveraging Environment Interaction for Automated PDDL Translation and Planning with Large Language Models,2024,2024.csv
Gated Inference Network: Inference and Learning State-Space Models,2024,2024.csv
GREAT Score: Global Robustness Evaluation of Adversarial Perturbation using Generative Models,2024,2024.csv
Multivariate Stochastic Dominance via Optimal Transport and Applications to Models Benchmarking,2024,2024.csv
Rethinking Misalignment in Vision-Language Model Adaptation from a Causal Perspective,2024,2024.csv
DDGS-CT: Direction-Disentangled Gaussian Splatting for Realistic Volume Rendering,2024,2024.csv
Sample Complexity of Interventional Causal Representation Learning,2024,2024.csv
Group-wise oracle-efficient algorithms for online multi-group learning,2024,2024.csv
Diff-eRank: A Novel Rank-Based Metric for Evaluating Large Language Models,2024,2024.csv
SlimSAM: 0.1% Data Makes Segment Anything Slim,2024,2024.csv
The Sample-Communication Complexity Trade-off in Federated Q-Learning,2024,2024.csv
Harmonizing Stochasticity and Determinism: Scene-responsive Diverse Human Motion Prediction,2024,2024.csv
Bridge-IF: Learning Inverse Protein Folding with Markov Bridges,2024,2024.csv
Optimal Scalarizations for Sublinear Hypervolume Regret,2024,2024.csv
DenoiseRep: Denoising Model for Representation Learning,2024,2024.csv
RoboMamba: Efficient Vision-Language-Action Model for Robotic Reasoning and Manipulation,2024,2024.csv
Revealing Distribution Discrepancy by Sampling Transfer in Unlabeled Data,2024,2024.csv
Robust Prompt Optimization for Defending Language Models Against Jailbreaking Attacks,2024,2024.csv
HydraViT: Stacking Heads for a Scalable ViT,2024,2024.csv
Learning predictable and robust neural representations by straightening image sequences,2024,2024.csv
Quasi-Bayes meets Vines,2024,2024.csv
Online Learning with Sublinear Best-Action Queries,2024,2024.csv
On the Target-kernel Alignment: a Unified Analysis with Kernel Complexity,2024,2024.csv
On the Sparsity of the Strong Lottery Ticket Hypothesis,2024,2024.csv
Reshuffling Resampling Splits Can Improve Generalization of Hyperparameter Optimization,2024,2024.csv
Generative Modeling of Molecular Dynamics Trajectories,2024,2024.csv
MotionTTT: 2D Test-Time-Training Motion Estimation for 3D Motion Corrected MRI,2024,2024.csv
LLM Circuit Analyses Are Consistent Across Training and Scale,2024,2024.csv
Discovering plasticity rules that organize and maintain neural circuits,2024,2024.csv
On Weak Regret Analysis for Dueling Bandits,2024,2024.csv
Simple and Fast Distillation of Diffusion Models,2024,2024.csv
Yo'LLaVA: Your Personalized Language and Vision Assistant,2024,2024.csv
Improved Sample Complexity Bounds for Diffusion Model Training,2024,2024.csv
Inexact Augmented Lagrangian Methods for Conic Optimization: Quadratic Growth and Linear Convergence,2024,2024.csv
Compact Language Models via Pruning and Knowledge Distillation,2024,2024.csv
TurboHopp: Accelerated Molecule Scaffold Hopping with Consistency Models,2024,2024.csv
Boosting Sample Efficiency and Generalization in Multi-agent Reinforcement Learning via Equivariance,2024,2024.csv
The Expressive Capacity of State Space Models: A Formal Language Perspective,2024,2024.csv
Is One GPU Enough? Pushing Image Generation at Higher-Resolutions with Foundation Models.,2024,2024.csv
Optimal Algorithms for Online Convex Optimization with Adversarial Constraints,2024,2024.csv
Accelerated Regularized Learning in Finite N-Person Games,2024,2024.csv
Verified Code Transpilation with LLMs,2024,2024.csv
SVFT: Parameter-Efficient Fine-Tuning with Singular Vectors,2024,2024.csv
Interpretable Image Classification with Adaptive Prototype-based Vision Transformers,2024,2024.csv
Probabilistic Weather Forecasting with Hierarchical Graph Neural Networks,2024,2024.csv
A Universal Growth Rate for Learning with Smooth Surrogate Losses,2024,2024.csv
Exploiting LLM Quantization,2024,2024.csv
Learning 3D Garment Animation from Trajectories of A Piece of Cloth,2024,2024.csv
The Challenges of the Nonlinear Regime for Physics-Informed Neural Networks,2024,2024.csv
Physics-Regularized Multi-Modal Image Assimilation for Brain Tumor Localization,2024,2024.csv
Mechanism design augmented with output advice,2024,2024.csv
Sparsity-Agnostic Linear Bandits with Adaptive Adversaries,2024,2024.csv
MoME: Mixture of Multimodal Experts for Generalist Multimodal Large Language Models,2024,2024.csv
OW-VISCapTor: Abstractors for Open-World Video Instance Segmentation and Captioning,2024,2024.csv
Lookback Prophet Inequalities,2024,2024.csv
Self-Healing Machine Learning: A Framework for Autonomous Adaptation in Real-World Environments,2024,2024.csv
Learning Transferable Features for Implicit Neural Representations,2024,2024.csv
Wasserstein Distributionally Robust Optimization through the Lens of Structural Causal Models and Individual Fairness,2024,2024.csv
Beyond Prompts: Dynamic Conversational Benchmarking of Large Language Models,2024,2024.csv
InternLM-XComposer2-4KHD: A Pioneering Large Vision-Language Model Handling Resolutions from 336 Pixels to 4K HD,2024,2024.csv
IllumiNeRF: 3D Relighting Without Inverse Rendering,2024,2024.csv
Genetic-guided GFlowNets for Sample Efficient Molecular Optimization,2024,2024.csv
Slicing Vision Transformer for Flexible Inference,2024,2024.csv
Unleashing the Potential of the Diffusion Model in Few-shot Semantic Segmentation,2024,2024.csv
Improved Sample Complexity for Multiclass PAC Learning,2024,2024.csv
Online Estimation via Offline Estimation: An Information-Theoretic Framework,2024,2024.csv
Embedding Trajectory for Out-of-Distribution Detection in Mathematical Reasoning,2024,2024.csv
Revisiting the Integration of Convolution and Attention for Vision Backbone,2024,2024.csv
Learning Formal Mathematics From Intrinsic Motivation,2024,2024.csv
Hollowed Net for On-Device Personalization of Text-to-Image Diffusion Models,2024,2024.csv
Revisiting Self-Supervised Heterogeneous Graph Learning from Spectral Clustering Perspective,2024,2024.csv
LinNet: Linear Network for Efficient Point Cloud Representation Learning,2024,2024.csv
Mean-Field Analysis for Learning Subspace-Sparse Polynomials with Gaussian Input,2024,2024.csv
Exploiting Activation Sparsity with Dense to Dynamic-k Mixture-of-Experts Conversion,2024,2024.csv
TinyTTA: Efficient Test-time Adaptation via Early-exit Ensembles on Edge Devices,2024,2024.csv
DASH: Warm-Starting Neural Network Training in Stationary Settings without Loss of Plasticity,2024,2024.csv
QUEEN: QUantized Efficient ENcoding of Dynamic Gaussians for Streaming Free-viewpoint Videos,2024,2024.csv
Initializing Variable-sized Vision Transformers from Learngene with Learnable Transformation,2024,2024.csv
ReEvo: Large Language Models as Hyper-Heuristics with Reflective Evolution,2024,2024.csv
WaveAttack: Asymmetric Frequency Obfuscation-based Backdoor Attacks Against Deep Neural Networks,2024,2024.csv
DiffPO: A causal diffusion model for learning distributions of potential outcomes,2024,2024.csv
Policy Improvement using Language Feedback Models,2024,2024.csv
Self-Supervised Adversarial Training via Diverse Augmented Queries and Self-Supervised Double Perturbation,2024,2024.csv
RAMP: Boosting Adversarial Robustness Against Multiple $l_p$ Perturbations for Universal Robustness,2024,2024.csv
Causal Effect Identification in a Sub-Population with Latent Variables,2024,2024.csv
XLand-MiniGrid: Scalable Meta-Reinforcement Learning Environments in JAX,2024,2024.csv
Generating compositional scenes via Text-to-image RGBA Instance Generation,2024,2024.csv
Tight Rates for Bandit Control Beyond Quadratics,2024,2024.csv
When are dynamical systems learned from time series data statistically accurate?,2024,2024.csv
Generative Adversarial Model-Based Optimization via Source Critic Regularization,2024,2024.csv
Generalized Eigenvalue Problems with Generative Priors,2024,2024.csv
"A Single-Step, Sharpness-Aware Minimization is All You Need to Achieve Efficient and Accurate Sparse Training",2024,2024.csv
Multi-Object Hallucination in Vision Language Models,2024,2024.csv
Diffusing Differentiable Representations,2024,2024.csv
Implicit Regularization of Sharpness-Aware Minimization for Scale-Invariant Problems,2024,2024.csv
Simplifying Constraint Inference with Inverse Reinforcement Learning,2024,2024.csv
Constrained Human-AI Cooperation: An Inclusive Embodied Social Intelligence Challenge,2024,2024.csv
Parameter-free Clipped Gradient Descent Meets Polyak,2024,2024.csv
Temporally Consistent Atmospheric Turbulence Mitigation with Neural Representations,2024,2024.csv
Acoustic Volume Rendering for Neural Impulse Response Fields,2024,2024.csv
Is Programming by Example Solved by LLMs?,2024,2024.csv
Learning to Embed Distributions via Maximum Kernel Entropy,2024,2024.csv
Aligning Individual and Collective Objectives in Multi-Agent Cooperation,2024,2024.csv
Poisson Variational Autoencoder,2024,2024.csv
EM Distillation for One-step Diffusion Models,2024,2024.csv
Reliable Learning of Halfspaces under Gaussian Marginals,2024,2024.csv
An Accelerated Gradient Method for Convex Smooth Simple Bilevel Optimization,2024,2024.csv
Biologically Inspired Learning Model for Instructed Vision,2024,2024.csv
Transferable Boltzmann Generators,2024,2024.csv
Learning Noisy Halfspaces with a Margin: Massart is No Harder than Random,2024,2024.csv
Continuous Spatiotemporal Events Decoupling through Spike-based Bayesian Computation,2024,2024.csv
ControlMLLM: Training-Free Visual Prompt Learning for Multimodal Large Language Models,2024,2024.csv
GraphCroc: Cross-Correlation Autoencoder for Graph Structural Reconstruction,2024,2024.csv
A versatile informative diffusion model for single-cell ATAC-seq data generation and analysis,2024,2024.csv
Gradient-Free Methods for Nonconvex Nonsmooth Stochastic Compositional Optimization,2024,2024.csv
Dual-frame Fluid Motion Estimation with Test-time Optimization and Zero-divergence Loss,2024,2024.csv
Enhancing Domain Adaptation through Prompt Gradient Alignment,2024,2024.csv
HairFastGAN: Realistic and Robust Hair Transfer with a Fast Encoder-Based Approach,2024,2024.csv
DEL: Discrete Element Learner for Learning 3D Particle Dynamics with Neural Rendering,2024,2024.csv
Are More LLM Calls All You Need? Towards the Scaling Properties of Compound AI Systems,2024,2024.csv
In-N-Out: Lifting 2D Diffusion Prior for 3D Object Removal via Tuning-Free Latents Alignment,2024,2024.csv
DHA: Learning Decoupled-Head Attention from Transformer Checkpoints via Adaptive Heads Fusion,2024,2024.csv
Connectivity Shapes Implicit Regularization in Matrix Factorization Models for Matrix Completion,2024,2024.csv
Federated Transformer: Multi-Party Vertical Federated Learning on Practical Fuzzily Linked Data,2024,2024.csv
Goal-Conditioned On-Policy Reinforcement Learning,2024,2024.csv
FlowLLM: Flow Matching for Material Generation with Large Language Models as Base Distributions,2024,2024.csv
Training Dynamics of Transformers to Recognize Word Co-occurrence via Gradient Flow Analysis,2024,2024.csv
BELM: Bidirectional Explicit Linear Multi-step Sampler for Exact Inversion in Diffusion Models,2024,2024.csv
Learning to Understand: Identifying Interactions via the Möbius Transform,2024,2024.csv
SparseLLM: Towards Global Pruning of Pre-trained Language Models,2024,2024.csv
How does Gradient Descent Learn Features --- A Local Analysis for Regularized Two-Layer Neural Networks,2024,2024.csv
Goal Conditioned Reinforcement Learning for Photo Finishing Tuning,2024,2024.csv
Pipeline Parallelism with Controllable Memory,2024,2024.csv
ReFIR: Grounding Large Restoration Models with Retrieval Augmentation,2024,2024.csv
Loss Landscape Characterization of Neural Networks without  Over-Parametrization,2024,2024.csv
2D-OOB: Attributing Data Contribution Through Joint Valuation Framework,2024,2024.csv
Zero-Shot Tokenizer Transfer,2024,2024.csv
RGFN: Synthesizable Molecular Generation Using GFlowNets,2024,2024.csv
Controlling Continuous Relaxation for Combinatorial Optimization,2024,2024.csv
3DET-Mamba: Causal Sequence Modelling for End-to-End 3D Object Detection,2024,2024.csv
Cracking the Code of Juxtaposition: Can AI Models Understand the Humorous Contradictions,2024,2024.csv
DisCEdit: Model Editing by Identifying Discriminative Components,2024,2024.csv
Prompt Tuning Strikes Back: Customizing Foundation Models with Low-Rank Prompt Adaptation,2024,2024.csv
Metric Transforms and Low Rank Representations of Kernels for Fast Attention,2024,2024.csv
SEA: State-Exchange Attention for High-Fidelity Physics Based Transformers,2024,2024.csv
ZSC-Eval: An Evaluation Toolkit and Benchmark for Multi-agent Zero-shot Coordination,2024,2024.csv
Referencing Where to Focus: Improving Visual Grounding with Referential Query,2024,2024.csv
Remove that Square Root: A New Efficient Scale-Invariant Version of AdaGrad,2024,2024.csv
Generalized Tensor Decomposition for Understanding Multi-Output Regression under Combinatorial Shifts,2024,2024.csv
Task Confusion and Catastrophic Forgetting in Class-Incremental Learning: A Mathematical Framework for Discriminative and Generative Modelings,2024,2024.csv
Do's and Don'ts: Learning Desirable Skills with Instruction Videos,2024,2024.csv
Unleashing the Denoising Capability of Diffusion Prior for Solving Inverse Problems,2024,2024.csv
Stepping on the Edge: Curvature Aware Learning Rate Tuners,2024,2024.csv
Sample-efficient Bayesian Optimisation Using Known Invariances,2024,2024.csv
ProbTS: Benchmarking Point and Distributional Forecasting across Diverse Prediction Horizons,2024,2024.csv
Taming Heavy-Tailed Losses in Adversarial Bandits and the Best-of-Both-Worlds Setting,2024,2024.csv
Online Control with Adversarial Disturbance for Continuous-time Linear Systems,2024,2024.csv
Graph Neural Networks Do Not Always Oversmooth,2024,2024.csv
Identification and Estimation of the Bi-Directional MR with Some Invalid Instruments,2024,2024.csv
Estimating Generalization Performance Along the Trajectory of Proximal SGD in Robust Regression,2024,2024.csv
WildVision: Evaluating Vision-Language Models in the Wild with Human Preferences,2024,2024.csv
SARAD: Spatial Association-Aware Anomaly Detection and Diagnosis for Multivariate Time Series,2024,2024.csv
Measuring Per-Unit Interpretability at Scale Without Humans,2024,2024.csv
Model Based Inference of Synaptic Plasticity Rules,2024,2024.csv
Efficient Recurrent Off-Policy RL Requires a Context-Encoder-Specific Learning Rate,2024,2024.csv
Similarity-Navigated Conformal Prediction for Graph Neural Networks,2024,2024.csv
Monomial Matrix Group Equivariant Neural Functional Networks,2024,2024.csv
ReplaceAnything3D: Text-Guided Object Replacement in 3D Scenes with Compositional Scene Representations,2024,2024.csv
Divide-and-Conquer Predictive Coding: a structured Bayesian inference algorithm,2024,2024.csv
Error Analysis of Spherically Constrained Least Squares Reformulation in Solving the Stackelberg Prediction Game,2024,2024.csv
Block Transformer: Global-to-Local Language Modeling for Fast Inference,2024,2024.csv
Linear Transformers are Versatile In-Context Learners,2024,2024.csv
CountGD: Multi-Modal Open-World Counting,2024,2024.csv
SS1: Accelerating Inference with Fast and Expressive Sketch Structured Transform,2024,2024.csv
Learning Macroscopic Dynamics from Partial Microscopic Observations,2024,2024.csv
On Mesa-Optimization in Autoregressively Trained Transformers: Emergence and Capability,2024,2024.csv
FedGMark: Certifiably Robust Watermarking for Federated Graph Learning,2024,2024.csv
Spatio-Spectral Graph Neural Networks,2024,2024.csv
Intruding with Words: Towards Understanding Graph Injection Attacks at the Text Level,2024,2024.csv
FlexPlanner: Flexible 3D Floorplanning via Deep Reinforcement Learning in Hybrid Action Space with Multi-Modality Representation,2024,2024.csv
Learning to Shape In-distribution Feature Space for Out-of-distribution Detection,2024,2024.csv
Equivariant Neural Diffusion for Molecule Generation,2024,2024.csv
Gradients of Functions of Large Matrices,2024,2024.csv
SyncVIS: Synchronized Video Instance Segmentation,2024,2024.csv
Achieving Domain-Independent Certified Robustness via Knowledge Continuity,2024,2024.csv
Efficient Centroid-Linkage Clustering,2024,2024.csv
Everyday Object Meets Vision-and-Language Navigation Agent via Backdoor,2024,2024.csv
The Art of Saying No: Contextual Noncompliance in Language Models,2024,2024.csv
Monte Carlo Tree Search based Space Transfer for Black Box Optimization,2024,2024.csv
GS-Hider: Hiding Messages into 3D Gaussian Splatting,2024,2024.csv
LLMs Can Evolve Continually on Modality for $\mathbb{X}$-Modal Reasoning,2024,2024.csv
Optimus-1: Hybrid Multimodal Memory Empowered Agents Excel in Long-Horizon Tasks,2024,2024.csv
Learning Successor Features the Simple Way,2024,2024.csv
Probabilistic size-and-shape functional mixed models,2024,2024.csv
Diffusion Models are Certifiably Robust Classifiers,2024,2024.csv
Interpolating Item and User Fairness in Multi-Sided Recommendations,2024,2024.csv
Matryoshka Query Transformer for Large Vision-Language Models,2024,2024.csv
CA-SSLR: Condition-Aware Self-Supervised Learning Representation for Generalized Speech Processing,2024,2024.csv
Splatter a Video: Video Gaussian Representation  for Versatile Processing,2024,2024.csv
HYDRA-FL: Hybrid Knowledge Distillation for Robust and Accurate Federated Learning,2024,2024.csv
SWE-agent: Agent-Computer Interfaces Enable Automated Software Engineering,2024,2024.csv
Towards the Dynamics of a DNN Learning Symbolic Interactions,2024,2024.csv
Communication Bounds for the Distributed Experts Problem,2024,2024.csv
Déjà Vu Memorization in Vision–Language Models,2024,2024.csv
JaxMARL: Multi-Agent RL Environments and Algorithms in JAX,2024,2024.csv
HEPrune: Fast Private Training of Deep Neural Networks With Encrypted Data Pruning,2024,2024.csv
Benchmarking Uncertainty Disentanglement: Specialized Uncertainties for Specialized Tasks,2024,2024.csv
ShowMaker: Creating High-Fidelity 2D Human Video via Fine-Grained Diffusion Modeling,2024,2024.csv
Fast TRAC: A Parameter-Free Optimizer for Lifelong Reinforcement Learning,2024,2024.csv
Fast Proxy Experiment Design for Causal Effect Identification,2024,2024.csv
Practical $0.385$-Approximation for Submodular Maximization Subject to a Cardinality Constraint,2024,2024.csv
Incentivizing Quality Text Generation via Statistical Contracts,2024,2024.csv
WenMind: A Comprehensive Benchmark for Evaluating Large Language Models in Chinese Classical Literature and Language Arts,2024,2024.csv
Recognize Any Regions,2024,2024.csv
SAMPa: Sharpness-aware Minimization Parallelized,2024,2024.csv
ContextGS : Compact 3D Gaussian Splatting with Anchor Level Context Model,2024,2024.csv
Is Mamba Compatible with Trajectory Optimization in Offline Reinforcement Learning?,2024,2024.csv
DG-SLAM: Robust Dynamic Gaussian Splatting SLAM with Hybrid Pose Optimization,2024,2024.csv
Association of Objects May Engender Stereotypes: Mitigating Association-Engendered Stereotypes in Text-to-Image Generation,2024,2024.csv
Stealth edits to large language models,2024,2024.csv
The Many Faces of Optimal Weak-to-Strong Learning,2024,2024.csv
Vision Mamba Mender,2024,2024.csv
MAGIS: LLM-Based Multi-Agent Framework for GitHub Issue Resolution,2024,2024.csv
Online Non-convex Learning in Dynamic Environments,2024,2024.csv
Generalize or Detect? Towards Robust Semantic Segmentation Under Multiple Distribution Shifts,2024,2024.csv
OSWorld: Benchmarking Multimodal Agents for Open-Ended Tasks in Real Computer Environments,2024,2024.csv
Pandora's Box: Towards Building Universal Attackers against Real-World Large Vision-Language Models,2024,2024.csv
Outlier-Robust Distributionally Robust Optimization via Unbalanced Optimal Transport,2024,2024.csv
Generalization Bounds via Conditional $f$-Information,2024,2024.csv
REBEL: Reinforcement Learning via Regressing Relative Rewards,2024,2024.csv
Predictive Attractor Models,2024,2024.csv
Improving Adaptivity via Over-Parameterization in Sequence Models,2024,2024.csv
MInference 1.0: Accelerating Pre-filling for Long-Context LLMs via Dynamic Sparse Attention,2024,2024.csv
Unveiling Encoder-Free Vision-Language Models,2024,2024.csv
Overfitting Behaviour of Gaussian Kernel Ridgeless Regression: Varying Bandwidth or Dimensionality,2024,2024.csv
A Theory of Optimistically Universal Online Learnability for General Concept Classes,2024,2024.csv
Belief-State Query Policies for User-Aligned POMDPs,2024,2024.csv
Fast Iterative Hard Thresholding Methods with Pruning Gradient Computations,2024,2024.csv
Graph Convolutions Enrich the Self-Attention in Transformers!,2024,2024.csv
Alias-Free Mamba Neural Operator,2024,2024.csv
ERBench: An Entity-Relationship based Automatically Verifiable Hallucination Benchmark for Large Language Models,2024,2024.csv
Doing Experiments and Revising Rules with Natural Language and Probabilistic Reasoning,2024,2024.csv
Understanding Emergent Abilities of Language Models from the Loss Perspective,2024,2024.csv
Euclidean distance compression via deep random features,2024,2024.csv
Learning via Surrogate PAC-Bayes,2024,2024.csv
ECMamba: Consolidating Selective State Space Model with Retinex Guidance for Efficient Multiple Exposure Correction,2024,2024.csv
Provable Tempered Overfitting of Minimal Nets and Typical Nets,2024,2024.csv
Dynamic Service Fee Pricing under Strategic Behavior: Actions as Instruments and Phase Transition,2024,2024.csv
Only Strict Saddles in the Energy Landscape of Predictive Coding Networks?,2024,2024.csv
Unelicitable Backdoors via Cryptographic Transformer Circuits,2024,2024.csv
Accelerating Greedy Coordinate Gradient and General Prompt Optimization via Probe Sampling,2024,2024.csv
WISE: Rethinking the Knowledge Memory for Lifelong Model Editing of Large Language Models,2024,2024.csv
Harnessing Multiple Correlated Networks for Exact Community Recovery,2024,2024.csv
Active Learning for Derivative-Based Global Sensitivity Analysis with Gaussian Processes,2024,2024.csv
FlexSBDD: Structure-Based Drug Design with Flexible Protein Modeling,2024,2024.csv
Diffusion-based Reinforcement Learning via Q-weighted Variational Policy Optimization,2024,2024.csv
Denoising Diffusion Path: Attribution Noise Reduction with An Auxiliary Diffusion Model,2024,2024.csv
Transformer Doctor: Diagnosing and Treating Vision Transformers,2024,2024.csv
Learning to Merge Tokens via Decoupled Embedding for Efficient Vision Transformers,2024,2024.csv
PIVOT-R: Primitive-Driven Waypoint-Aware World Model for Robotic Manipulation,2024,2024.csv
LSH-MoE: Communication-efficient MoE Training via Locality-Sensitive Hashing,2024,2024.csv
Diffusion Actor-Critic with Entropy Regulator,2024,2024.csv
Can LLMs Implicitly Learn Numeric Parameter Constraints in Data Science APIs?,2024,2024.csv
Multivariate Probabilistic Time Series Forecasting with Correlated Errors,2024,2024.csv
Freya PAGE: First Optimal Time Complexity for Large-Scale Nonconvex Finite-Sum Optimization with Heterogeneous Asynchronous Computations,2024,2024.csv
Variational Delayed Policy Optimization,2024,2024.csv
MILP-StuDio: MILP Instance Generation via Block Structure Decomposition,2024,2024.csv
Q-Distribution guided Q-learning for offline reinforcement learning: Uncertainty penalized Q-value via consistency model,2024,2024.csv
BrainBits: How Much of the Brain are Generative Reconstruction Methods Using?,2024,2024.csv
ChatCam: Empowering Camera Control through Conversational AI,2024,2024.csv
What Rotary Position Embedding Can Tell Us: Identifying Query and Key Weights Corresponding to Basic Syntactic or High-level Semantic Information,2024,2024.csv
NeuralFuse: Learning to Recover the Accuracy of Access-Limited Neural Network Inference in Low-Voltage Regimes,2024,2024.csv
Dissecting Query-Key Interaction in Vision Transformers,2024,2024.csv
PEAC: Unsupervised Pre-training for Cross-Embodiment Reinforcement Learning,2024,2024.csv
Categorical Flow Matching on Statistical Manifolds,2024,2024.csv
How does Inverse RL Scale to Large State Spaces? A Provably Efficient Approach,2024,2024.csv
Unlocking the Capabilities of Thought: A Reasoning Boundary Framework to Quantify and Optimize Chain-of-Thought,2024,2024.csv
Distributionally Robust Performative Prediction,2024,2024.csv
Abrupt Learning in Transformers: A Case Study on Matrix Completion,2024,2024.csv
FilterNet: Harnessing Frequency Filters for Time Series Forecasting,2024,2024.csv
Not All Diffusion Model Activations Have Been Evaluated as Discriminative Features,2024,2024.csv
Single Image Reflection Separation via Dual-Stream Interactive Transformers,2024,2024.csv
Recursive Introspection: Teaching Language Model Agents How to Self-Improve,2024,2024.csv
START: A Generalized State Space Model with Saliency-Driven Token-Aware Transformation,2024,2024.csv
Towards Understanding the Working Mechanism of Text-to-Image Diffusion Model,2024,2024.csv
Inevitable Trade-off between Watermark Strength and Speculative Sampling Efficiency for Language Models,2024,2024.csv
Dual Lagrangian Learning for Conic Optimization,2024,2024.csv
Shuffling Gradient-Based Methods for Nonconvex-Concave Minimax Optimization,2024,2024.csv
GeoLRM: Geometry-Aware Large Reconstruction Model for High-Quality 3D Gaussian Generation,2024,2024.csv
Near-Optimal Dynamic Regret for Adversarial Linear Mixture MDPs,2024,2024.csv
Online Classification with Predictions,2024,2024.csv
QWO: Speeding Up Permutation-Based Causal Discovery in LiGAMs,2024,2024.csv
Era3D: High-Resolution Multiview Diffusion using Efficient Row-wise Attention,2024,2024.csv
Piecewise-Stationary Bandits with Knapsacks,2024,2024.csv
Bileve: Securing Text Provenance in Large Language Models Against Spoofing with Bi-level Signature,2024,2024.csv
Deep Homomorphism Networks,2024,2024.csv
Maximum Entropy Reinforcement Learning via Energy-Based Normalizing Flow,2024,2024.csv
FasterDiT: Towards Faster Diffusion Transformers Training without Architecture Modification,2024,2024.csv
"Learning in Markov Games with Adaptive Adversaries: Policy Regret, Fundamental Barriers, and Efficient Algorithms",2024,2024.csv
BAM! Just Like That: Simple and Efficient Parameter Upcycling for Mixture of Experts,2024,2024.csv
Self-Calibrated Tuning of Vision-Language Models for Out-of-Distribution Detection,2024,2024.csv
An Efficient Recipe for Long Context Extension via Middle-Focused Positional Encoding,2024,2024.csv
Precipitation Downscaling with Spatiotemporal Video Diffusion,2024,2024.csv
Diversity Is Not All You Need: Training A Robust Cooperative Agent Needs Specialist Partners,2024,2024.csv
Clustering with Non-adaptive Subset Queries,2024,2024.csv
Autoregressive Image Generation without Vector Quantization,2024,2024.csv
Bayesian Adaptive Calibration and Optimal Design,2024,2024.csv
Deep Submodular Peripteral Networks,2024,2024.csv
Parametric model reduction of mean-field and stochastic systems via higher-order action matching,2024,2024.csv
DeeR-VLA: Dynamic Inference of Multimodal Large Language Models for Efficient Robot Execution,2024,2024.csv
Can Simple Averaging Defeat Modern Watermarks?,2024,2024.csv
Causal language modeling can elicit search and reasoning capabilities on logic puzzles,2024,2024.csv
Single-Loop Stochastic Algorithms for Difference of Max-Structured Weakly Convex Functions,2024,2024.csv
Local and Adaptive Mirror Descents in Extensive-Form Games,2024,2024.csv
UniAudio 1.5: Large Language Model-Driven Audio Codec is A Few-Shot Audio Task Learner,2024,2024.csv
Spectral Editing of Activations for Large Language Model Alignment,2024,2024.csv
LISA: Layerwise Importance Sampling for Memory-Efficient Large Language Model Fine-Tuning,2024,2024.csv
"Magnet: We Never Know How Text-to-Image Diffusion Models Work, Until We Learn How Vision-Language Models Function",2024,2024.csv
Graph Neural Flows for Unveiling Systemic Interactions Among Irregularly Sampled Time Series,2024,2024.csv
PANORAMIA: Privacy Auditing of Machine Learning Models without Retraining,2024,2024.csv
A Metalearned Neural Circuit for Nonparametric Bayesian Inference,2024,2024.csv
Learning on Large Graphs using Intersecting Communities,2024,2024.csv
No-Regret M${}^{\natural}$-Concave Function Maximization: Stochastic Bandit Algorithms and NP-Hardness of Adversarial Full-Information Setting,2024,2024.csv
Flow Priors for Linear Inverse Problems via  Iterative Corrupted Trajectory Matching,2024,2024.csv
Functionally Constrained Algorithm Solves Convex Simple Bilevel Problem,2024,2024.csv
Generalizable and Animatable Gaussian Head Avatar,2024,2024.csv
No-Regret Learning for Fair Multi-Agent Social Welfare Optimization,2024,2024.csv
Shadowcast: Stealthy Data Poisoning Attacks Against Vision-Language Models,2024,2024.csv
Rethinking Exploration in Reinforcement Learning with Effective Metric-Based Exploration Bonus,2024,2024.csv
Local Curvature Smoothing with Stein's Identity for Efficient Score Matching,2024,2024.csv
Model-based Diffusion for Trajectory Optimization,2024,2024.csv
Challenges of Generating Structurally Diverse Graphs,2024,2024.csv
From News to Forecast: Integrating Event Analysis in LLM-Based Time Series Forecasting with Reflection,2024,2024.csv
Teach Better or Show Smarter? On Instructions and Exemplars in Automatic Prompt Optimization,2024,2024.csv
One Sample Fits All: Approximating All Probabilistic Values Simultaneously and Efficiently,2024,2024.csv
"Forgetting, Ignorance or Myopia: Revisiting Key Challenges in Online Continual Learning",2024,2024.csv
Where Do Large Learning Rates Lead Us?,2024,2024.csv
Provably Efficient Reinforcement Learning with Multinomial Logit Function Approximation,2024,2024.csv
Conformalized Multiple Testing after Data-dependent Selection,2024,2024.csv
Reconstruction of Manipulated Garment with Guided Deformation Prior,2024,2024.csv
GrounDiT: Grounding Diffusion Transformers via Noisy Patch Transplantation,2024,2024.csv
Navigating Chemical Space with Latent Flows,2024,2024.csv
Neural network learns low-dimensional polynomials with SGD near the information-theoretic limit,2024,2024.csv
Diffusion for World Modeling: Visual Details Matter in Atari,2024,2024.csv
Continual learning with the neural tangent ensemble,2024,2024.csv
Aligning Audio-Visual Joint Representations with an Agentic Workflow,2024,2024.csv
Inference via Interpolation: Contrastive Representations Provably Enable Planning and Inference,2024,2024.csv
Self-Guided Masked Autoencoder,2024,2024.csv
OnlineTAS: An Online Baseline for Temporal Action Segmentation,2024,2024.csv
Identifiability Analysis of Linear ODE Systems with Hidden Confounders,2024,2024.csv
Swift Sampler: Efficient Learning of Sampler by 10 Parameters,2024,2024.csv
Validating Climate Models with Spherical Convolutional Wasserstein Distance,2024,2024.csv
Private Stochastic Convex Optimization with Heavy Tails: Near-Optimality from Simple Reductions,2024,2024.csv
Optical Diffusion Models for Image Generation,2024,2024.csv
Learning World Models for Unconstrained Goal Navigation,2024,2024.csv
An engine not a camera: Measuring performative power of online search,2024,2024.csv
DFA-GNN: Forward Learning of Graph Neural Networks by Direct Feedback Alignment,2024,2024.csv
A Unified Framework for 3D Scene Understanding,2024,2024.csv
Reciprocal Reward Influence Encourages Cooperation From Self-Interested Agents,2024,2024.csv
Jailbreaking Large Language Models Against Moderation Guardrails via Cipher Characters,2024,2024.csv
HippoRAG: Neurobiologically Inspired Long-Term Memory for Large Language Models,2024,2024.csv
Navigable Graphs for High-Dimensional Nearest Neighbor Search: Constructions and Limits,2024,2024.csv
QTIP: Quantization with Trellises and Incoherence Processing,2024,2024.csv
Minimum Entropy Coupling with Bottleneck,2024,2024.csv
Artificial Generational Intelligence: Cultural Accumulation in Reinforcement Learning,2024,2024.csv
RMLR: Extending Multinomial Logistic Regression into General Geometries,2024,2024.csv
Wide Two-Layer Networks can Learn from Adversarial Perturbations,2024,2024.csv
ODRL: A Benchmark for Off-Dynamics Reinforcement Learning,2024,2024.csv
Are Language Models Actually Useful for Time Series Forecasting?,2024,2024.csv
Unveiling The Matthew Effect Across Channels: Assessing Layer Width Sufficiency via Weight Norm Variance,2024,2024.csv
Parameterized Approximation Schemes for Fair-Range Clustering,2024,2024.csv
Simulation-Free Training of Neural ODEs on Paired Data,2024,2024.csv
SemCoder: Training Code Language Models with Comprehensive Semantics Reasoning,2024,2024.csv
DI-MaskDINO: A Joint Object Detection and Instance Segmentation Model,2024,2024.csv
On the Limitations of Fractal Dimension as a Measure of Generalization,2024,2024.csv
Generating Code World Models with Large Language Models Guided by Monte Carlo Tree Search,2024,2024.csv
Multiclass Transductive Online Learning,2024,2024.csv
YouDream: Generating Anatomically Controllable Consistent Text-to-3D Animals,2024,2024.csv
How Do Large Language Models Acquire Factual Knowledge During Pretraining?,2024,2024.csv
"Scaling Laws in Linear Regression: Compute, Parameters, and Data",2024,2024.csv
Opponent Modeling based on Subgoal Inference,2024,2024.csv
Cherry on Top: Parameter Heterogeneity and Quantization in Large Language Models,2024,2024.csv
Online Consistency of the Nearest Neighbor Rule,2024,2024.csv
Constrained Binary Decision Making,2024,2024.csv
Found in the Middle: How Language Models Use Long Contexts Better via Plug-and-Play Positional Encoding,2024,2024.csv
HW-GPT-Bench: Hardware-Aware Architecture Benchmark for Language Models,2024,2024.csv
Inferring Neural Signed Distance Functions by Overfitting on Single Noisy Point Clouds through Finetuning Data-Driven based Priors,2024,2024.csv
Flipped Classroom: Aligning Teacher Attention with Student in Generalized Category Discovery,2024,2024.csv
A Canonicalization Perspective on Invariant and Equivariant Learning,2024,2024.csv
Neural Conditional Probability for Uncertainty Quantification,2024,2024.csv
Real-Time Selection Under General Constraints via Predictive Inference,2024,2024.csv
Talking Heads: Understanding Inter-Layer Communication in Transformer Language Models,2024,2024.csv
Exploring the Edges of Latent State Clusters for Goal-Conditioned Reinforcement Learning,2024,2024.csv
Repurposing Language Models into Embedding Models: Finding the Compute-Optimal Recipe,2024,2024.csv
The Fine-Grained Complexity of Gradient Computation for Training Large Language Models,2024,2024.csv
Learning Cut Generating Functions for Integer Programming,2024,2024.csv
Worst-Case Offline Reinforcement Learning with Arbitrary Data Support,2024,2024.csv
Opponent Modeling with In-context Search,2024,2024.csv
S-SOS: Stochastic Sum-Of-Squares for Parametric Polynomial Optimization,2024,2024.csv
TopoLogic: An Interpretable  Pipeline for Lane Topology Reasoning on Driving Scenes,2024,2024.csv
Detecting and Measuring Confounding Using Causal Mechanism Shifts,2024,2024.csv
Robust Gaussian Processes via Relevance Pursuit,2024,2024.csv
On the Minimax Regret for Contextual Linear Bandits and Multi-Armed Bandits with Expert Advice,2024,2024.csv
BOLD: Boolean Logic Deep Learning,2024,2024.csv
Unifying Generation and Prediction on Graphs with Latent Graph Diffusion,2024,2024.csv
Template-free Articulated Gaussian Splatting for Real-time Reposable Dynamic View Synthesis,2024,2024.csv
DART-Eval: A Comprehensive DNA Language Model Evaluation Benchmark on Regulatory DNA,2024,2024.csv
Rethinking The Training And Evaluation of Rich-Context Layout-to-Image Generation,2024,2024.csv
Periodic agent-state based Q-learning for POMDPs,2024,2024.csv
Nature-Inspired Local Propagation,2024,2024.csv
OSLO: One-Shot Label-Only Membership Inference Attacks,2024,2024.csv
The Feature Speed Formula: a flexible approach to scale hyper-parameters of deep neural networks,2024,2024.csv
On the Power of Decision Trees in Auto-Regressive Language Modeling,2024,2024.csv
The Mamba in the Llama: Distilling and Accelerating Hybrid Models,2024,2024.csv
BendVLM: Test-Time Debiasing of Vision-Language Embeddings,2024,2024.csv
An Analysis of Tokenization: Transformers under Markov Data,2024,2024.csv
SGLang: Efficient Execution of Structured Language Model Programs,2024,2024.csv
The Closeness of In-Context Learning and Weight Shifting for Softmax Regression,2024,2024.csv
PTQ4DiT: Post-training Quantization for Diffusion Transformers,2024,2024.csv
Mitigating Partial Observability in Sequential Decision Processes via the Lambda Discrepancy,2024,2024.csv
SPARKLE: A Unified Single-Loop Primal-Dual Framework for Decentralized Bilevel Optimization,2024,2024.csv
Improving the Training of Rectified Flows,2024,2024.csv
Score-based generative models are provably robust: an uncertainty quantification perspective,2024,2024.csv
Distributional Reinforcement Learning with Regularized Wasserstein Loss,2024,2024.csv
Provably Transformers Harness Multi-Concept Word Semantics for Efficient In-Context Learning,2024,2024.csv
Differentially Private Optimization with Sparse Gradients,2024,2024.csv
Conformal Inverse Optimization,2024,2024.csv
Self-Retrieval: End-to-End Information Retrieval with One Large Language Model,2024,2024.csv
Alignment for Honesty,2024,2024.csv
When to Sense and Control? A Time-adaptive Approach for Continuous-Time RL,2024,2024.csv
Efficient Multi-task LLM Quantization and Serving for Multiple LoRA Adapters,2024,2024.csv
Adversarial Environment Design via Regret-Guided Diffusion Models,2024,2024.csv
Generalizable Implicit Motion Modeling for Video Frame Interpolation,2024,2024.csv
SurgicAI: A Hierarchical Platform for Fine-Grained Surgical Policy Learning and Benchmarking,2024,2024.csv
Provable Partially Observable Reinforcement Learning with Privileged Information,2024,2024.csv
ReFT: Representation Finetuning for Language Models,2024,2024.csv
SOFTS: Efficient Multivariate Time Series Forecasting with Series-Core Fusion,2024,2024.csv
SMART: Towards Pre-trained Missing-Aware Model for Patient Health Status Prediction,2024,2024.csv
MO-DDN: A Coarse-to-Fine Attribute-based Exploration Agent for Multi-Object Demand-driven Navigation,2024,2024.csv
The Sample Complexity of Gradient Descent in Stochastic Convex Optimization,2024,2024.csv
The Evolution of Statistical Induction Heads: In-Context Learning Markov Chains,2024,2024.csv
Fight Back Against Jailbreaking via Prompt Adversarial Tuning,2024,2024.csv
Leveraging Tumor Heterogeneity: Heterogeneous Graph Representation Learning for Cancer Survival Prediction in Whole Slide Images,2024,2024.csv
Flipping-based Policy for Chance-Constrained Markov Decision Processes,2024,2024.csv
Learning Distinguishable Trajectory Representation with Contrastive Loss,2024,2024.csv
Stochastic contextual bandits with graph feedback: from independence number to MAS number,2024,2024.csv
Queueing Matching Bandits with Preference Feedback,2024,2024.csv
Reinforcement Learning with Lookahead Information,2024,2024.csv
Faster Neighborhood Attention: Reducing the O(n^2) Cost of Self Attention at the Threadblock Level,2024,2024.csv
Multi-Stage Predict+Optimize for (Mixed Integer) Linear Programs,2024,2024.csv
Optimization Can Learn Johnson Lindenstrauss Embeddings,2024,2024.csv
Co-occurrence is not Factual Association in Language Models,2024,2024.csv
AsCAN: Asymmetric Convolution-Attention Networks for Efficient Recognition and Generation,2024,2024.csv
Robust group and simultaneous inferences for high-dimensional single index model,2024,2024.csv
A Separation in Heavy-Tailed Sampling: Gaussian vs. Stable Oracles for Proximal Samplers,2024,2024.csv
Symmetry-Informed Governing Equation Discovery,2024,2024.csv
Listenable Maps for Zero-Shot Audio Classifiers,2024,2024.csv
The Limits of Differential Privacy in Online Learning,2024,2024.csv
Wasserstein Distance Rivals Kullback-Leibler Divergence for Knowledge Distillation,2024,2024.csv
Beyond Optimism: Exploration With Partially Observable Rewards,2024,2024.csv
Sequential Decision Making with Expert Demonstrations under Unobserved Heterogeneity,2024,2024.csv
CoFie: Learning Compact Neural Surface Representations with Coordinate Fields,2024,2024.csv
Learning Versatile Skills with Curriculum Masking,2024,2024.csv
Neural Collapse To Multiple Centers For Imbalanced Data,2024,2024.csv
Generalized Fast Exact Conformalization,2024,2024.csv
Doob's Lagrangian: A Sample-Efficient Variational Approach to Transition Path Sampling,2024,2024.csv
Nonparametric Classification on Low Dimensional Manifolds using Overparameterized Convolutional Residual Networks,2024,2024.csv
Breaking the curse of dimensionality in structured density estimation,2024,2024.csv
Zipper: Addressing Degeneracy in Algorithm-Agnostic Inference,2024,2024.csv
Adaptive Exploration for Data-Efficient General Value Function Evaluations,2024,2024.csv
The Poisson Midpoint Method for Langevin Dynamics:  Provably Efficient Discretization for Diffusion Models,2024,2024.csv
Dual Risk Minimization: Towards Next-Level Robustness in Fine-tuning Zero-Shot Models,2024,2024.csv
Provably and Practically Efficient Adversarial Imitation Learning with General Function Approximation,2024,2024.csv
Model Decides How to Tokenize: Adaptive DNA Sequence Tokenization with MxDNA,2024,2024.csv
Language Generation in the Limit,2024,2024.csv
EGonc : Energy-based Open-Set Node Classification with substitute Unknowns,2024,2024.csv
Latent Functional Maps: a spectral framework for representation alignment,2024,2024.csv
RouterDC: Query-Based Router by Dual Contrastive Learning for Assembling Large Language Models,2024,2024.csv
OneBit: Towards Extremely Low-bit Large Language Models,2024,2024.csv
Chain-of-Thought Reasoning Without Prompting,2024,2024.csv
Slack-Free Spiking Neural Network Formulation for Hypergraph Minimum Vertex Cover,2024,2024.csv
Optimal Top-Two Method for Best Arm Identification and Fluid Analysis,2024,2024.csv
Unveiling Induction Heads: Provable Training Dynamics and Feature Learning in Transformers,2024,2024.csv
The Impact of Geometric Complexity on Neural Collapse in Transfer Learning,2024,2024.csv
Smoothed Energy Guidance: Guiding Diffusion Models with Reduced Energy Curvature of Attention,2024,2024.csv
FM-Delta: Lossless Compression for Storing Massive Fine-tuned Foundation Models,2024,2024.csv
Back to the Continuous Attractor,2024,2024.csv
Learning Distributions on Manifolds with Free-Form Flows,2024,2024.csv
Truthful High Dimensional Sparse Linear Regression,2024,2024.csv
Exploratory Retrieval-Augmented Planning For Continual Embodied Instruction Following,2024,2024.csv
TrackIME: Enhanced Video Point Tracking via Instance Motion Estimation,2024,2024.csv
HHD-GP: Incorporating Helmholtz-Hodge Decomposition into Gaussian Processes for Learning Dynamical Systems,2024,2024.csv
UniFL: Improve Latent Diffusion Model via Unified Feedback Learning,2024,2024.csv
Partial observation can induce mechanistic mismatches in data-constrained models of neural dynamics,2024,2024.csv
GraphVis: Boosting LLMs with Visual Knowledge Graph Integration,2024,2024.csv
Evidential Stochastic Differential Equations for Time-Aware Sequential Recommendation,2024,2024.csv
Zero-Shot Transfer of Neural ODEs,2024,2024.csv
ACES: Generating a Diversity of Challenging Programming Puzzles with Autotelic Generative Models,2024,2024.csv
Subwords as Skills: Tokenization for Sparse-Reward Reinforcement Learning,2024,2024.csv
Do LLMs dream of elephants (when told not to)? Latent concept association and associative memory in transformers,2024,2024.csv
BLoB: Bayesian Low-Rank Adaptation by Backpropagation for Large Language Models,2024,2024.csv
FuseMoE: Mixture-of-Experts Transformers for Fleximodal Fusion,2024,2024.csv
Abductive Reasoning in Logical Credal Networks,2024,2024.csv
GSGAN: Adversarial Learning for Hierarchical Generation of 3D Gaussian Splats,2024,2024.csv
Smoothed Online Classification can be Harder than Batch Classification,2024,2024.csv
iVideoGPT: Interactive VideoGPTs are Scalable World Models,2024,2024.csv
Optimization Algorithm Design via Electric Circuits,2024,2024.csv
Improving Robustness of 3D Point Cloud Recognition from a Fourier Perspective,2024,2024.csv
Deep Graph Neural Networks via Posteriori-Sampling-based Node-Adaptative Residual Module,2024,2024.csv
Inversion-based Latent Bayesian Optimization,2024,2024.csv
John Ellipsoids via Lazy Updates,2024,2024.csv
Policy Aggregation,2024,2024.csv
Sample-Efficient Constrained Reinforcement Learning with General Parameterization,2024,2024.csv
HDR-GS: Efficient High Dynamic Range Novel View Synthesis at 1000x Speed via Gaussian Splatting,2024,2024.csv
Few-Shot Diffusion Models Escape the Curse of Dimensionality,2024,2024.csv
Safetywashing: Do AI Safety Benchmarks Actually Measure Safety Progress?,2024,2024.csv
Solving Zero-Sum Markov Games with Continuous State via Spectral Dynamic Embedding,2024,2024.csv
Group and Shuffle: Efficient Structured Orthogonal Parametrization,2024,2024.csv
Scaling transformer neural networks for skillful and reliable medium-range weather forecasting,2024,2024.csv
Changing the Training Data Distribution to Reduce Simplicity Bias Improves In-distribution Generalization,2024,2024.csv
Approximation Rate of the Transformer Architecture for Sequence Modeling,2024,2024.csv
Consistency of Neural Causal Partial Identification,2024,2024.csv
SpeAr: A Spectral Approach for Zero-Shot Node Classification,2024,2024.csv
Thinking Forward: Memory-Efficient Federated Finetuning of Language Models,2024,2024.csv
Putting Gale & Shapley to Work: Guaranteeing Stability Through Learning,2024,2024.csv
Bias Detection via Signaling,2024,2024.csv
Stress-Testing Capability Elicitation With Password-Locked Models,2024,2024.csv
FACT or Fiction: Can Truthful Mechanisms Eliminate Federated Free Riding?,2024,2024.csv
VideoGUI: A Benchmark for GUI Automation from Instructional Videos,2024,2024.csv
Log-concave Sampling from a Convex Body with a Barrier: a Robust and Unified Dikin Walk,2024,2024.csv
Can Graph Neural Networks Expose Training Data Properties? An Efficient Risk Assessment Approach,2024,2024.csv
Over-parameterized Student Model via Tensor Decomposition Boosted Knowledge Distillation,2024,2024.csv
Qualitative Mechanism Independence,2024,2024.csv
DINTR: Tracking via Diffusion-based Interpolation,2024,2024.csv
Multi-Agent Domain Calibration with a Handful of Offline Data,2024,2024.csv
"No Representation, No Trust: Connecting Representation, Collapse, and Trust Issues in PPO",2024,2024.csv
The Best of Both Worlds: On the Dilemma of Out-of-distribution Detection,2024,2024.csv
Semidefinite Relaxations of the Gromov-Wasserstein Distance,2024,2024.csv
Understanding Visual Feature Reliance through the Lens of Complexity,2024,2024.csv
VisionLLM v2: An End-to-End Generalist Multimodal Large Language Model for Hundreds of Vision-Language Tasks,2024,2024.csv
Continual Learning with Global Alignment,2024,2024.csv
Enhancing Motion in Text-to-Video Generation with Decomposed Encoding and Conditioning,2024,2024.csv
Scalable DP-SGD: Shuffling vs. Poisson Subsampling,2024,2024.csv
Self-Distilled Depth Refinement with Noisy Poisson Fusion,2024,2024.csv
"WorldCoder, a Model-Based LLM Agent: Building World Models by Writing Code and Interacting with the Environment",2024,2024.csv
Deterministic Uncertainty Propagation for Improved Model-Based Offline Reinforcement Learning,2024,2024.csv
Building a stable classifier with the inflated argmax,2024,2024.csv
VQ-Map: Bird's-Eye-View Map Layout Estimation in Tokenized Discrete Space via Vector Quantization,2024,2024.csv
Provably Faster Algorithms for Bilevel Optimization via Without-Replacement Sampling,2024,2024.csv
Dual-Perspective Activation: Efficient Channel Denoising via Joint Forward-Backward Criterion for Artificial Neural Networks,2024,2024.csv
Performative Control for Linear Dynamical Systems,2024,2024.csv
Provably Optimal Memory Capacity for  Modern Hopfield Models:   Transformer-Compatible   Dense Associative Memories as Spherical Codes,2024,2024.csv
Boosting Generalization in Parametric PDE Neural Solvers through Adaptive Conditioning,2024,2024.csv
Almost Free: Self-concordance in Natural Exponential Families and an Application to Bandits,2024,2024.csv
Neural Cover Selection for Image Steganography,2024,2024.csv
Faster Differentially Private Top-$k$ Selection: A Joint Exponential Mechanism with Pruning,2024,2024.csv
A Tractable Inference Perspective of Offline RL,2024,2024.csv
The Ladder in Chaos: Improving Policy Learning by Harnessing the Parameter Evolving Path in A Low-dimensional Space,2024,2024.csv
MetaLA: Unified Optimal Linear Approximation to Softmax Attention Map,2024,2024.csv
Zeroth-Order Sampling Methods for Non-Log-Concave Distributions: Alleviating Metastability by Denoising Diffusion,2024,2024.csv
2DQuant: Low-bit Post-Training Quantization for Image Super-Resolution,2024,2024.csv
Using Surrogates in Covariate-adjusted Response-adaptive Randomization Experiments with Delayed Outcomes,2024,2024.csv
Can LLMs Learn by Teaching for Better Reasoning? A Preliminary Study,2024,2024.csv
The Star Geometry of Critic-Based Regularizer Learning,2024,2024.csv
"Taming ""data-hungry"" reinforcement learning? Stability in continuous state-action spaces",2024,2024.csv
Risk-sensitive control as inference with Rényi divergence,2024,2024.csv
Learning to Assist Humans without Inferring Rewards,2024,2024.csv
"Trace is the Next AutoDiff: Generative Optimization with Rich Feedback, Execution Traces, and LLMs",2024,2024.csv
Great Minds Think Alike: The Universal Convergence Trend of Input Salience,2024,2024.csv
Boosted Conformal Prediction Intervals,2024,2024.csv
Megalodon: Efficient LLM Pretraining and Inference with Unlimited Context Length,2024,2024.csv
"OMG-LLaVA: Bridging Image-level, Object-level, Pixel-level Reasoning and Understanding",2024,2024.csv
Enriching Disentanglement: From Logical Definitions to Quantitative Metrics,2024,2024.csv
CorDA: Context-Oriented Decomposition Adaptation of Large Language Models for Task-Aware Parameter-Efficient Fine-tuning,2024,2024.csv
Marrying Causal Representation Learning with Dynamical Systems for Science,2024,2024.csv
Universal In-Context Approximation By Prompting Fully Recurrent Models,2024,2024.csv
DISP-LLM: Dimension-Independent Structural Pruning for Large Language Models,2024,2024.csv
Automatically Learning Hybrid Digital Twins of Dynamical Systems,2024,2024.csv
Training an Open-Vocabulary Monocular 3D Detection Model without 3D Data,2024,2024.csv
Physics-informed Neural Networks for Functional Differential Equations: Cylindrical Approximation and Its Convergence Guarantees,2024,2024.csv
ADOPT: Modified Adam Can Converge with Any $\beta_2$ with the Optimal Rate,2024,2024.csv
Integrating GNN and Neural ODEs for Estimating Non-Reciprocal Two-Body Interactions in Mixed-Species Collective Motion,2024,2024.csv
Decision Mamba: Reinforcement Learning via Hybrid Selective Sequence Modeling,2024,2024.csv
Does Worst-Performing Agent Lead the Pack? Analyzing Agent Dynamics in Unified Distributed SGD,2024,2024.csv
Accelerating ERM for data-driven algorithm design using output-sensitive techniques,2024,2024.csv
Dissecting the Interplay of Attention Paths in a Statistical Mechanics Theory of Transformers,2024,2024.csv
Order-Independence Without Fine Tuning,2024,2024.csv
SeTAR: Out-of-Distribution Detection with Selective Low-Rank Approximation,2024,2024.csv
Safe Exploitative Play with Untrusted Type Beliefs,2024,2024.csv
Compositional Automata Embeddings for Goal-Conditioned Reinforcement Learning,2024,2024.csv
Improved Bayes Regret Bounds for Multi-Task Hierarchical Bayesian Bandit Algorithms,2024,2024.csv
Towards Stable Representations for Protein Interface Prediction,2024,2024.csv
Symmetries in Overparametrized Neural Networks: A Mean Field View,2024,2024.csv
State Chrono Representation for Enhancing Generalization in Reinforcement Learning,2024,2024.csv
Physical Consistency Bridges Heterogeneous Data in Molecular Multi-Task Learning,2024,2024.csv
Secret Collusion among AI Agents: Multi-Agent Deception via Steganography,2024,2024.csv
Scalable Optimization in the Modular Norm,2024,2024.csv
Solving Inverse Problems via Diffusion Optimal Control,2024,2024.csv
Enhancing Reasoning Capabilities of LLMs via Principled Synthetic Logic Corpus,2024,2024.csv
Realizable $H$-Consistent and Bayes-Consistent Loss Functions for Learning to Defer,2024,2024.csv
On the Expressive Power of Tree-Structured Probabilistic Circuits,2024,2024.csv
Efficient Leverage Score Sampling for Tensor Train Decomposition,2024,2024.csv
Distributed Least Squares in Small Space via Sketching and Bias Reduction,2024,2024.csv
Hybrid Mamba for Few-Shot Segmentation,2024,2024.csv
Neural Flow Diffusion Models: Learnable Forward Process for Improved Diffusion Modelling,2024,2024.csv
Efficient Large Multi-modal Models via Visual Context Compression,2024,2024.csv
Vaccine: Perturbation-aware Alignment for Large Language Models against Harmful Fine-tuning Attack,2024,2024.csv
Efficient Lifelong Model Evaluation in an Era of Rapid Progress,2024,2024.csv
Pre-trained Text-to-Image Diffusion Models Are Versatile Representation Learners for Control,2024,2024.csv
AgentBoard: An Analytical Evaluation Board of Multi-turn LLM Agents,2024,2024.csv
Relationship Prompt Learning is Enough for Open-Vocabulary Semantic Segmentation,2024,2024.csv
HumanSplat: Generalizable Single-Image Human Gaussian Splatting with Structure Priors,2024,2024.csv
SwitchHead: Accelerating Transformers with Mixture-of-Experts Attention,2024,2024.csv
Small steps no more: Global convergence of stochastic gradient bandits for arbitrary learning rates,2024,2024.csv
Randomized Exploration in Cooperative Multi-Agent Reinforcement Learning,2024,2024.csv
Oja's Algorithm for Streaming Sparse PCA,2024,2024.csv
Stochastic Kernel Regularisation Improves Generalisation in Deep Kernel Machines,2024,2024.csv
Gaussian Process Bandits for Top-k Recommendations,2024,2024.csv
The Implicit Bias of Gradient Descent toward Collaboration between Layers: A Dynamic Analysis of Multilayer Perceptions,2024,2024.csv
Full-Atom Peptide Design with Geometric Latent Diffusion,2024,2024.csv
Universal Rates for Active Learning,2024,2024.csv
XMask3D: Cross-modal Mask Reasoning for Open Vocabulary 3D Semantic Segmentation,2024,2024.csv
Towards Global Optimal Visual In-Context Learning Prompt Selection,2024,2024.csv
NeoRL: Efficient Exploration for Nonepisodic RL,2024,2024.csv
GIC: Gaussian-Informed Continuum for Physical Property Identification and Simulation,2024,2024.csv
Spiking Neural Network as Adaptive Event Stream Slicer,2024,2024.csv
Transformers Represent Belief State Geometry in their Residual Stream,2024,2024.csv
Fast Rates for Bandit PAC Multiclass Classification,2024,2024.csv
Prune and Repaint: Content-Aware Image Retargeting for any Ratio,2024,2024.csv
BricksRL: A Platform for Democratizing Robotics and  Reinforcement Learning Research and Education with LEGO,2024,2024.csv
Exploration by Learning Diverse Skills through Successor State Representations,2024,2024.csv
MambaTree: Tree Topology is All You Need in State Space Model,2024,2024.csv
Is A Picture Worth A Thousand Words? Delving Into Spatial Reasoning for Vision Language Models,2024,2024.csv
Domain Adaptation for Large-Vocabulary Object Detectors,2024,2024.csv
CAT3D: Create Anything in 3D with Multi-View Diffusion Models,2024,2024.csv
IR-CM: The Fast and General-purpose Image Restoration Method Based on Consistency Model,2024,2024.csv
"Assouad, Fano, and Le Cam with Interaction: A Unifying Lower Bound Framework and Characterization for Bandit Learnability",2024,2024.csv
Towards an Information Theoretic Framework of Context-Based Offline Meta-Reinforcement Learning,2024,2024.csv
Accelerating Pre-training of Multimodal LLMs via Chain-of-Sight,2024,2024.csv
T2V-Turbo: Breaking the Quality Bottleneck of Video Consistency Model with Mixed Reward Feedback,2024,2024.csv
Pricing and Competition for Generative AI,2024,2024.csv
Accelerating Relative Entropy Coding with Space Partitioning,2024,2024.csv
Conditional Synthesis of 3D Molecules with Time Correction Sampler,2024,2024.csv
On Divergence Measures for Training GFlowNets,2024,2024.csv
Continual Audio-Visual Sound Separation,2024,2024.csv
The Reliability of OKRidge Method in Solving Sparse Ridge Regression Problems,2024,2024.csv
"Amortizing intractable inference in diffusion models for vision, language, and control",2024,2024.csv
Local Linearity: the Key for No-regret Reinforcement Learning in Continuous MDPs,2024,2024.csv
Video Diffusion Models are Training-free Motion Interpreter and Controller,2024,2024.csv
CoMat: Aligning Text-to-Image Diffusion Model with Image-to-Text Concept Matching,2024,2024.csv
Confident Natural Policy Gradient for Local Planning in  $q_\pi$-realizable Constrained MDPs,2024,2024.csv
Convergence of No-Swap-Regret Dynamics in Self-Play,2024,2024.csv
Scaling Laws and Compute-Optimal Training Beyond Fixed Training Durations,2024,2024.csv
Measuring Mutual Policy Divergence for Multi-Agent Sequential Exploration,2024,2024.csv
Normal-GS: 3D Gaussian Splatting with Normal-Involved Rendering,2024,2024.csv
GuardT2I: Defending Text-to-Image Models from Adversarial Prompts,2024,2024.csv
Online Bayesian Persuasion Without a Clue,2024,2024.csv
Disentangled Unsupervised Skill Discovery for Efficient Hierarchical Reinforcement Learning,2024,2024.csv
Space-Time Continuous PDE Forecasting using Equivariant Neural Fields,2024,2024.csv
Expanding Sparse Tuning for Low Memory Usage,2024,2024.csv
Randomized Exploration for Reinforcement Learning with Multinomial Logistic Function Approximation,2024,2024.csv
Lexicon3D: Probing Visual Foundation Models for Complex 3D Scene Understanding,2024,2024.csv
Enabling Adaptive Agent Training in Open-Ended Simulators by Targeting Diversity,2024,2024.csv
Deep linear networks for regression are implicitly regularized towards flat minima,2024,2024.csv
Robust Fine-tuning of Zero-shot Models via Variance Reduction,2024,2024.csv
Orchid: Flexible and Data-Dependent Convolution for Sequence Modeling,2024,2024.csv
Learning to Discuss Strategically: A Case Study on One Night Ultimate Werewolf,2024,2024.csv
CoMERA: Computing- and Memory-Efficient Training via Rank-Adaptive Tensor Optimization,2024,2024.csv
Sample-Efficient Geometry Reconstruction from Euclidean Distances using Non-Convex Optimization,2024,2024.csv
Pretrained Transformer Efficiently Learns Low-Dimensional Target Functions In-Context,2024,2024.csv
Faster Accelerated First-order Methods for Convex Optimization with Strongly Convex Function Constraints,2024,2024.csv
DevBench: A multimodal developmental benchmark for language learning,2024,2024.csv
Contracting with a Learning Agent,2024,2024.csv
Local Anti-Concentration Class: Logarithmic Regret for Greedy Linear Contextual Bandit,2024,2024.csv
Solving Sparse \& High-Dimensional-Output Regression via Compression,2024,2024.csv
Relational Concept Bottleneck Models,2024,2024.csv
Confidence Calibration of Classifiers with Many Classes,2024,2024.csv
An Analytical Study of Utility Functions in Multi-Objective Reinforcement Learning,2024,2024.csv
SkiLD: Unsupervised Skill Discovery Guided by Factor Interactions,2024,2024.csv
Point Cloud Matters: Rethinking the Impact of Different Observation Spaces on Robot Learning,2024,2024.csv
Language-Driven Interactive Traffic Trajectory Generation,2024,2024.csv
VLMimic: Vision Language Models are Visual Imitation Learner for Fine-grained Actions,2024,2024.csv
"Uncovering, Explaining, and Mitigating the Superficial Safety of Backdoor Defense",2024,2024.csv
Generating Highly Designable Proteins with Geometric Algebra Flow Matching,2024,2024.csv
Dual-Diffusion for Binocular 3D Human Pose Estimation,2024,2024.csv
Motion Forecasting in Continuous Driving,2024,2024.csv
Two-way Deconfounder for Off-policy Evaluation in Causal Reinforcement Learning,2024,2024.csv
An Accelerated Algorithm for Stochastic Bilevel Optimization under Unbounded Smoothness,2024,2024.csv
Structured Unrestricted-Rank Matrices for Parameter Efficient Finetuning,2024,2024.csv
Online Convex Optimisation: The Optimal Switching Regret for all Segmentations Simultaneously,2024,2024.csv
AmoebaLLM: Constructing Any-Shape Large Language Models for Efficient and Instant Deployment,2024,2024.csv
Understanding Transformer Reasoning Capabilities via Graph Algorithms,2024,2024.csv
Multi-modal Transfer Learning between Biological Foundation Models,2024,2024.csv
"Learning from higher-order correlations, efficiently: hypothesis tests, random features, and neural networks",2024,2024.csv
PeRFlow: Piecewise Rectified Flow as Universal Plug-and-Play Accelerator,2024,2024.csv
Achieving $\tilde{O}(1/\epsilon)$ Sample Complexity for Constrained Markov Decision Process,2024,2024.csv
Online Weighted Paging with Unknown Weights,2024,2024.csv
Overcoming the Sim-to-Real Gap: Leveraging Simulation to Learn to Explore for Real-World RL,2024,2024.csv
Transfer Learning for Latent Variable Network Models,2024,2024.csv
Replicability in Learning: Geometric Partitions and KKM-Sperner Lemma,2024,2024.csv
Is Value Learning Really the Main Bottleneck in Offline RL?,2024,2024.csv
Learnability of high-dimensional targets by two-parameter models and gradient flow,2024,2024.csv
Decision-Focused Learning with Directional Gradients,2024,2024.csv
Bridging the Divide: Reconsidering Softmax and Linear Attention,2024,2024.csv
Dendritic Integration Inspired Artificial Neural Networks Capture Data Correlation,2024,2024.csv
Learning with Fitzpatrick Losses,2024,2024.csv
Compact Proofs of Model Performance via Mechanistic Interpretability,2024,2024.csv
Credal Deep Ensembles for Uncertainty Quantification,2024,2024.csv
Mixture of In-Context Experts Enhance LLMs' Long Context Awareness,2024,2024.csv
BehaviorGPT: Smart Agent Simulation for Autonomous Driving with Next-Patch Prediction,2024,2024.csv
OctreeOcc: Efficient and Multi-Granularity Occupancy Prediction Using Octree Queries,2024,2024.csv
Discrete-state Continuous-time Diffusion for Graph Generation,2024,2024.csv
Langevin Unlearning: A New Perspective of Noisy Gradient Descent for Machine Unlearning,2024,2024.csv
A Boosting-Type Convergence Result for AdaBoost.MH with Factorized Multi-Class Classifiers,2024,2024.csv
Graph Neural Networks Need Cluster-Normalize-Activate Modules,2024,2024.csv
Reference Trustable Decoding: A Training-Free Augmentation Paradigm for Large Language Models,2024,2024.csv
MambaSCI: Efficient Mamba-UNet for Quad-Bayer Patterned Video Snapshot Compressive Imaging,2024,2024.csv
Learning from Snapshots of Discrete and Continuous Data Streams,2024,2024.csv
SongCreator: Lyrics-based Universal Song Generation,2024,2024.csv
Tetrahedron Splatting for 3D Generation,2024,2024.csv
Lighting Every Darkness with 3DGS: Fast Training and Real-Time Rendering for HDR View Synthesis,2024,2024.csv
A scalable generative model for dynamical system reconstruction from neuroimaging data,2024,2024.csv
Dynamic 3D Gaussian Fields for Urban Areas,2024,2024.csv
"Logarithmic Smoothing for Pessimistic Off-Policy Evaluation, Selection and Learning",2024,2024.csv
Bandits with Ranking Feedback,2024,2024.csv
FuseAnyPart: Diffusion-Driven Facial Parts Swapping via Multiple Reference Images,2024,2024.csv
Towards Dynamic Message Passing on Graphs,2024,2024.csv
3D Gaussian Splatting as Markov Chain Monte Carlo,2024,2024.csv
Towards Harmless Rawlsian Fairness Regardless of Demographic Prior,2024,2024.csv
Nearest Neighbor Speculative Decoding for LLM Generation and Attribution,2024,2024.csv
Decomposing and Interpreting Image Representations via Text in ViTs Beyond CLIP,2024,2024.csv
UPS: Unified Projection Sharing for Lightweight Single-Image Super-resolution and Beyond,2024,2024.csv
Transforming Vision Transformer: Towards Efficient Multi-Task Asynchronous Learner,2024,2024.csv
Get rich quick: exact solutions reveal how unbalanced initializations promote rapid feature learning,2024,2024.csv
The surprising efficiency of temporal difference learning for rare event prediction,2024,2024.csv
Uni-Med: A Unified Medical Generalist Foundation Model For Multi-Task Learning Via Connector-MoE,2024,2024.csv
The Implicit Bias of Gradient Descent on Separable Multiclass Data,2024,2024.csv
Mesa-Extrapolation: A Weave Position Encoding Method for Enhanced Extrapolation in LLMs,2024,2024.csv
Stability and Generalizability in SDE Diffusion Models with Measure-Preserving Dynamics,2024,2024.csv
QGFN: Controllable Greediness with Action Values,2024,2024.csv
A Structure-Aware Framework for Learning Device Placements on Computation Graphs,2024,2024.csv
SlowFocus: Enhancing Fine-grained Temporal Understanding in Video LLM,2024,2024.csv
Higher-Order Causal Message Passing for Experimentation with Complex Interference,2024,2024.csv
SWT-Bench: Testing and Validating Real-World Bug-Fixes with Code Agents,2024,2024.csv
Differentially Private Set Representations,2024,2024.csv
realSEUDO for real-time calcium imaging analysis,2024,2024.csv
Monoculture in Matching Markets,2024,2024.csv
SceneCraft: Layout-Guided 3D Scene Generation,2024,2024.csv
Input-to-State Stable Coupled Oscillator Networks for Closed-form Model-based Control in Latent Space,2024,2024.csv
Bayes-optimal learning of an extensive-width neural network from quadratically many samples,2024,2024.csv
One-Layer Transformer Provably Learns One-Nearest Neighbor In Context,2024,2024.csv
Promoting Fairness Among Dynamic Agents in Online-Matching Markets under Known Stationary Arrival Distributions,2024,2024.csv
Sample Complexity of Posted Pricing for a Single Item,2024,2024.csv
RaVL: Discovering and Mitigating Spurious Correlations in Fine-Tuned Vision-Language Models,2024,2024.csv
Leveraging Separated World Model for Exploration in Visually Distracted Environments,2024,2024.csv
UniBench: Visual Reasoning Requires Rethinking Vision-Language Beyond Scaling,2024,2024.csv
Reawakening knowledge: Anticipatory recovery from catastrophic interference via structured training,2024,2024.csv
Optimal Rates for Vector-Valued Spectral Regularization Learning Algorithms,2024,2024.csv
Conjugated Semantic Pool Improves OOD Detection with Pre-trained Vision-Language Models,2024,2024.csv
RL in Latent MDPs is Tractable: Online Guarantees via Off-Policy Evaluation,2024,2024.csv
Theoretical Investigations and Practical Enhancements on Tail Task Risk Minimization in Meta Learning,2024,2024.csv
AgentDojo: A Dynamic Environment to Evaluate Prompt Injection Attacks and Defenses for LLM Agents,2024,2024.csv
Gradient-free Decoder Inversion in Latent Diffusion Models,2024,2024.csv
QT-ViT: Improving Linear Attention in ViT with Quadratic Taylor Expansion,2024,2024.csv
Self-supervised Transformation Learning for Equivariant Representations,2024,2024.csv
Measuring Progress in Dictionary Learning for Language Model Interpretability with Board Game Models,2024,2024.csv
AnyFit: Controllable Virtual Try-on for Any Combination of Attire Across Any Scenario,2024,2024.csv
Non-Stationary Learning of Neural Networks with Automatic Soft Parameter Reset,2024,2024.csv
Improving Alignment and Robustness with Circuit Breakers,2024,2024.csv
Improving Equivariant Model Training via Constraint Relaxation,2024,2024.csv
"Cooperation, Competition, and Maliciousness: LLM-Stakeholders Interactive Negotiation",2024,2024.csv
The Value of Reward Lookahead in Reinforcement Learning,2024,2024.csv
On the Stability and Generalization of Meta-Learning,2024,2024.csv
How Does Variance Shape the Regret in Contextual Bandits?,2024,2024.csv
Understanding and Minimising Outlier Features in Transformer Training,2024,2024.csv
Towards training digitally-tied analog blocks via hybrid gradient computation,2024,2024.csv
Toward Efficient Inference for Mixture of Experts,2024,2024.csv
Phased Consistency Models,2024,2024.csv
Zero-shot Image Editing with Reference Imitation,2024,2024.csv
Practical Shuffle Coding,2024,2024.csv
Information-theoretic Generalization Analysis for Expected Calibration Error,2024,2024.csv
Interpreting CLIP with Sparse Linear Concept Embeddings (SpLiCE),2024,2024.csv
"Small coresets via negative dependence: DPPs, linear statistics, and concentration",2024,2024.csv
EffiLearner: Enhancing Efficiency of Generated Code via Self-Optimization,2024,2024.csv
Don't Compress Gradients in Random Reshuffling: Compress Gradient Differences,2024,2024.csv
Hybrid Generative AI for De Novo Design of Co-Crystals with Enhanced Tabletability,2024,2024.csv
Mimicking To Dominate: Imitation Learning Strategies for Success in Multiagent Games,2024,2024.csv
Deep Learning for Computing Convergence Rates of Markov Chains,2024,2024.csv
Visual Autoregressive Modeling: Scalable Image Generation via Next-Scale Prediction,2024,2024.csv
NeuralFluid: Nueral Fluidic System Design and Control with Differentiable Simulation,2024,2024.csv
What does guidance do? A fine-grained analysis in a simple setting,2024,2024.csv
PointAD: Comprehending 3D Anomalies from Points and Pixels for Zero-shot 3D Anomaly Detection,2024,2024.csv
Images that Sound: Composing Images and Sounds on a Single Canvas,2024,2024.csv
MagR: Weight Magnitude Reduction for Enhancing Post-Training Quantization,2024,2024.csv
Federated Learning over Connected Modes,2024,2024.csv
Faster Diffusion: Rethinking the Role of the Encoder for Diffusion Model Inference,2024,2024.csv
A provable control of sensitivity of neural networks through a direct parameterization of the overall bi-Lipschitzness,2024,2024.csv
TinyLUT: Tiny Look-Up Table for Efficient Image Restoration at the Edge,2024,2024.csv
PRODuctive bandits: Importance Weighting No More,2024,2024.csv
Continual Learning in the Frequency Domain,2024,2024.csv
Protected Test-Time Adaptation via Online Entropy Matching: A Betting Approach,2024,2024.csv
Flexible mapping of abstract domains by grid cells via self-supervised extraction and projection of generalized velocity signals,2024,2024.csv
INDICT: Code Generation with Internal Dialogues of Critiques for Both Security and Helpfulness,2024,2024.csv
On the Necessity of Collaboration for Online Model Selection with Decentralized Data,2024,2024.csv
Who Evaluates the Evaluations? Objectively Scoring Text-to-Image Prompt Coherence Metrics with T2IScoreScore (TS2),2024,2024.csv
Exploiting the Replay Memory Before Exploring the Environment: Enhancing Reinforcement Learning Through Empirical MDP Iteration,2024,2024.csv
Sub-optimal Experts mitigate Ambiguity in Inverse Reinforcement Learning,2024,2024.csv
In-Context Learning with Representations: Contextual Generalization of Trained Transformers,2024,2024.csv
Multi-Winner Reconfiguration,2024,2024.csv
StreamingDialogue: Prolonged Dialogue Learning via Long Context Compression with Minimal Losses,2024,2024.csv
Brain-JEPA: Brain Dynamics Foundation Model with Gradient Positioning and Spatiotemporal Masking,2024,2024.csv
Enhancing Robustness in Deep Reinforcement Learning: A Lyapunov Exponent Approach,2024,2024.csv
On Feature Learning in Structured State Space Models,2024,2024.csv
Cascade Speculative Drafting for Even Faster LLM Inference,2024,2024.csv
Localized Zeroth-Order Prompt Optimization,2024,2024.csv
Local to Global: Learning Dynamics and Effect of Initialization for Transformers,2024,2024.csv
Bayesian Optimisation with Unknown Hyperparameters: Regret Bounds Logarithmically Closer to Optimal,2024,2024.csv
SpaFL: Communication-Efficient Federated Learning With Sparse Models And Low Computational Overhead,2024,2024.csv
Neural Model Checking,2024,2024.csv
Interventional Causal Discovery in a Mixture of DAGs,2024,2024.csv
Minimax Optimal and Computationally Efficient Algorithms for Distributionally Robust Offline Reinforcement Learning,2024,2024.csv
Neur2BiLO: Neural Bilevel Optimization,2024,2024.csv
Analytically deriving Partial Information Decomposition for affine systems of stable and convolution-closed distributions,2024,2024.csv
Disentangling Linear Quadratic Control with Untrusted ML Predictions,2024,2024.csv
UDON: Universal Dynamic Online distillatioN for generic image representations,2024,2024.csv
CleanDiffuser: An Easy-to-use Modularized Library for Diffusion Models in Decision Making,2024,2024.csv
Reducing Transformer Key-Value Cache Size with Cross-Layer Attention,2024,2024.csv
Unveiling User Satisfaction and Creator Productivity Trade-Offs in Recommendation Platforms,2024,2024.csv
Identifying Causal Effects Under Functional Dependencies,2024,2024.csv
Linear Regression using Heterogeneous Data Batches,2024,2024.csv
Adaptive $Q$-Aid for Conditional Supervised Learning in Offline Reinforcement Learning,2024,2024.csv
You Only Look Around: Learning Illumination-Invariant Feature for Low-light Object Detection,2024,2024.csv
Bayesian Domain Adaptation with Gaussian Mixture Domain-Indexing,2024,2024.csv
Dual Encoder GAN Inversion for High-Fidelity 3D Head Reconstruction from Single Images,2024,2024.csv
Base of RoPE Bounds Context Length,2024,2024.csv
How does Architecture Influence the Base Capabilities of Pre-trained Language Models? A Case Study Based on FFN-Wider and MoE Transformers,2024,2024.csv
MoGU: A Framework for Enhancing Safety of LLMs While Preserving Their Usability,2024,2024.csv
Causal Imitation for Markov Decision Processes: a Partial Identification Approach,2024,2024.csv
Learning Diffusion Priors from Observations by Expectation Maximization,2024,2024.csv
FastSurvival: Hidden Computational Blessings in Training Cox Proportional Hazards Models,2024,2024.csv
DuQuant: Distributing Outliers via Dual Transformation Makes Stronger Quantized LLMs,2024,2024.csv
DAGER: Exact Gradient Inversion for Large Language Models,2024,2024.csv
Exploring DCN-like architecture for fast image generation with arbitrary resolution,2024,2024.csv
DeformableTST: Transformer for Time Series Forecasting without Over-reliance on Patching,2024,2024.csv
An Efficient High-dimensional Gradient Estimator for Stochastic Differential Equations,2024,2024.csv
Differentially Private Reinforcement Learning with Self-Play,2024,2024.csv
Transition Constrained Bayesian Optimization via Markov Decision Processes,2024,2024.csv
Contextual Decision-Making with Knapsacks Beyond the Worst Case,2024,2024.csv
Model-Based Transfer Learning for Contextual Reinforcement Learning,2024,2024.csv
Finding NeMo: Localizing Neurons Responsible For Memorization in Diffusion Models,2024,2024.csv
DeTeCtive: Detecting AI-generated Text via Multi-Level Contrastive Learning,2024,2024.csv
On the Optimality of Dilated Entropy and Lower Bounds for Online Learning in Extensive-Form Games,2024,2024.csv
Trap-MID: Trapdoor-based Defense against Model Inversion Attacks,2024,2024.csv
A Near-optimal Algorithm for Learning Margin Halfspaces with Massart Noise,2024,2024.csv
Speculative Monte-Carlo Tree Search,2024,2024.csv
Learning to Price Homogeneous Data,2024,2024.csv
Improving the Worst-Case Bidirectional Communication Complexity for Nonconvex Distributed Optimization under Function Similarity,2024,2024.csv
Decomposable Transformer Point Processes,2024,2024.csv
Once Read is Enough: Domain-specific Pretraining-free Language Models with Cluster-guided Sparse Experts for Long-tail Domain Knowledge,2024,2024.csv
Compressing Large Language Models using Low Rank and Low Precision Decomposition,2024,2024.csv
Intervention and Conditioning in Causal Bayesian Networks,2024,2024.csv
QUEST: Quality-Aware Metropolis-Hastings Sampling for Machine Translation,2024,2024.csv
Spectral Learning of Shared Dynamics Between Generalized-Linear Processes,2024,2024.csv
Molecule Design by Latent Prompt Transformer,2024,2024.csv
GaussianCut: Interactive segmentation via graph cut for 3D Gaussian Splatting,2024,2024.csv
Improved Guarantees for Fully Dynamic $k$-Center Clustering with Outliers in General Metric Spaces,2024,2024.csv
Constrained Synthesis with Projected Diffusion Models,2024,2024.csv
Thompson Sampling For Combinatorial Bandits: Polynomial Regret and Mismatched Sampling Paradox,2024,2024.csv
DiffHammer: Rethinking the Robustness of Diffusion-Based Adversarial Purification,2024,2024.csv
Adversarial Schrödinger Bridge Matching,2024,2024.csv
Multidimensional Fractional Programming for Normalized Cuts,2024,2024.csv
DiffusionBlend: Learning 3D Image Prior through Position-aware Diffusion Score Blending for 3D Computed Tomography Reconstruction,2024,2024.csv
Untrained Neural Nets for Snapshot Compressive Imaging: Theory and Algorithms,2024,2024.csv
Doubly Hierarchical Geometric Representations for Strand-based Human Hairstyle Generation,2024,2024.csv
FIFO-Diffusion: Generating Infinite Videos from Text without Training,2024,2024.csv
ActFusion: a Unified Diffusion Model for Action Segmentation and Anticipation,2024,2024.csv
Constant Acceleration Flow,2024,2024.csv
Low Precision Local Training is Enough for Federated Learning,2024,2024.csv
Instance-Optimal Private Density Estimation in the Wasserstein Distance,2024,2024.csv
Octopus: A Multi-modal LLM with Parallel Recognition and Sequential Understanding,2024,2024.csv
Prior-itizing Privacy: A Bayesian Approach to Setting the Privacy Budget in Differential Privacy,2024,2024.csv
Reinforcement Learning with Euclidean Data Augmentation for State-Based Continuous Control,2024,2024.csv
ENAT: Rethinking Spatial-temporal Interactions in Token-based Image Synthesis,2024,2024.csv
Binary Search with Distributional Predictions,2024,2024.csv
Towards a Theoretical Understanding of the 'Reversal Curse' via Training Dynamics,2024,2024.csv
GRANOLA: Adaptive Normalization for Graph Neural Networks,2024,2024.csv
Gradient Guidance for Diffusion Models: An Optimization Perspective,2024,2024.csv
"Private Edge Density Estimation for Random Graphs: Optimal, Efficient and Robust",2024,2024.csv
On provable privacy vulnerabilities of graph representations,2024,2024.csv
Stochastic Newton Proximal Extragradient Method,2024,2024.csv
On the Adversarial Robustness of Benjamini Hochberg,2024,2024.csv
The Space Complexity of Approximating Logistic Loss,2024,2024.csv
Rethinking 3D Convolution in $\ell_p$-norm Space,2024,2024.csv
Near-Optimality of Contrastive Divergence Algorithms,2024,2024.csv
Graph Learning for Numeric Planning,2024,2024.csv
How JEPA Avoids Noisy Features: The Implicit Bias of Deep Linear Self Distillation Networks,2024,2024.csv
Scaling Retrieval-Based Language Models with a Trillion-Token Datastore,2024,2024.csv
How Sparse Can We Prune A Deep Network: A Fundamental Limit Perspective,2024,2024.csv
NN4SysBench: Characterizing Neural Network Verification for Computer Systems,2024,2024.csv
Universal Exact Compression of Differentially Private Mechanisms,2024,2024.csv
DisenGCD: A Meta Multigraph-assisted Disentangled Graph Learning Framework for  Cognitive Diagnosis,2024,2024.csv
Your contrastive learning problem is secretly a distribution alignment problem,2024,2024.csv
Markov Equivalence and Consistency in Differentiable Structure Learning,2024,2024.csv
A Kernel Perspective on Distillation-based Collaborative Learning,2024,2024.csv
Multi-scale Consistency for Robust 3D Registration via Hierarchical Sinkhorn Tree,2024,2024.csv
Noisy Dual Mirror Descent: A Near Optimal Algorithm for Jointly-DP Convex Resource Allocation,2024,2024.csv
Extending Multi-modal Contrastive Representations,2024,2024.csv
Variance estimation in compound decision theory under boundedness,2024,2024.csv
COSMIC: Compress Satellite Image Efficiently via Diffusion Compensation,2024,2024.csv
Speculative Decoding with CTC-based Draft Model for LLM Inference Acceleration,2024,2024.csv
Second-order forward-mode optimization of recurrent neural networks for neuroscience,2024,2024.csv
QuanTA: Efficient High-Rank Fine-Tuning of LLMs with Quantum-Informed Tensor Adaptation,2024,2024.csv
OccFusion: Rendering Occluded Humans with Generative Diffusion Priors,2024,2024.csv
Unraveling the Gradient Descent Dynamics of Transformers,2024,2024.csv
Optimized Feature Generation for Tabular Data via LLMs with Decision Tree Reasoning,2024,2024.csv
QGym: Scalable Simulation and Benchmarking of Queuing Network Controllers,2024,2024.csv
Infinite-Dimensional Feature Interaction,2024,2024.csv
ConStat: Performance-Based Contamination Detection in Large Language Models,2024,2024.csv
Spectral-Risk Safe Reinforcement Learning with Convergence Guarantees,2024,2024.csv
One-Step Effective Diffusion Network for Real-World  Image Super-Resolution,2024,2024.csv
Rethinking the Membrane Dynamics and Optimization Objectives of Spiking Neural Networks,2024,2024.csv
Improved Regret of Linear Ensemble Sampling,2024,2024.csv
InterpBench: Semi-Synthetic Transformers for Evaluating Mechanistic Interpretability Techniques,2024,2024.csv
Learning Equilibria in Adversarial Team Markov Games: A Nonconvex-Hidden-Concave Min-Max Optimization Problem,2024,2024.csv
Understanding Model Selection for Learning in Strategic Environments,2024,2024.csv
Matrix Denoising with Doubly Heteroscedastic Noise: Fundamental Limits and Optimal Spectral Methods,2024,2024.csv
Batched Energy-Entropy acquisition for Bayesian Optimization,2024,2024.csv
SLowcalSGD : Slow Query Points Improve Local-SGD for Stochastic Convex Optimization,2024,2024.csv
Contrastive losses as generalized models of global epistasis,2024,2024.csv
Normalization Layer Per-Example Gradients are Sufficient to Predict Gradient Noise Scale in Transformers,2024,2024.csv
Learning to Handle Complex Constraints  for Vehicle Routing Problems,2024,2024.csv
Dynamic Conditional Optimal Transport through Simulation-Free Flows,2024,2024.csv
Piecewise deterministic generative models,2024,2024.csv
SSA-Seg: Semantic and Spatial Adaptive Pixel-level Classifier for Semantic Segmentation,2024,2024.csv
Accelerating Matroid Optimization through Fast Imprecise Oracles,2024,2024.csv
MonkeySee: Space-time-resolved reconstructions of natural images from macaque multi-unit activity,2024,2024.csv
Constrained Diffusion with Trust Sampling,2024,2024.csv
Parameter Symmetry and Noise Equilibrium of Stochastic Gradient Descent,2024,2024.csv
Light Unbalanced Optimal Transport,2024,2024.csv
Unsupervised Modality Adaptation with Text-to-Image Diffusion Models for Semantic Segmentation,2024,2024.csv
Adaptive and Optimal Second-order Optimistic Methods for Minimax Optimization,2024,2024.csv
Sequential Signal Mixing Aggregation for Message Passing Graph Neural Networks,2024,2024.csv
Learning Frequency-Adapted Vision Foundation Model for Domain Generalized Semantic Segmentation,2024,2024.csv
Perceiving Longer Sequences With Bi-Directional Cross-Attention Transformers,2024,2024.csv
Multi-Head Mixture-of-Experts,2024,2024.csv
OxonFair: A Flexible Toolkit for Algorithmic Fairness,2024,2024.csv
Derandomizing Multi-Distribution Learning,2024,2024.csv
Towards Next-Level Post-Training Quantization of Hyper-Scale Transformers,2024,2024.csv
Deterministic Policies for Constrained Reinforcement Learning in Polynomial Time,2024,2024.csv
Time-FFM: Towards LM-Empowered Federated Foundation Model for Time Series Forecasting,2024,2024.csv
Hypothesis Testing the Circuit Hypothesis in LLMs,2024,2024.csv
Temporal Graph Neural Tangent Kernel with Graphon-Guaranteed,2024,2024.csv
A Nearly Optimal and Low-Switching Algorithm for Reinforcement Learning with General Function Approximation,2024,2024.csv
Online Composite Optimization Between Stochastic and Adversarial Environments,2024,2024.csv
Stepping Forward on the Last Mile,2024,2024.csv
SpreadsheetBench: Towards Challenging Real World Spreadsheet Manipulation,2024,2024.csv
Adam with model exponential moving average is effective for nonconvex optimization,2024,2024.csv
RandNet-Parareal: a time-parallel PDE solver using Random Neural Networks,2024,2024.csv
A Primal-Dual-Assisted Penalty Approach to Bilevel Optimization with Coupled Constraints,2024,2024.csv
Excluding the Irrelevant: Focusing Reinforcement Learning through Continuous Action Masking,2024,2024.csv
AsyncDiff: Parallelizing Diffusion Models by Asynchronous Denoising,2024,2024.csv
Grokking of Implicit Reasoning in Transformers: A Mechanistic Journey to the Edge of Generalization,2024,2024.csv
Effective Exploration Based on the Structural  Information Principles,2024,2024.csv
Diffusion-Reward Adversarial Imitation Learning,2024,2024.csv
Preventing Dimensional Collapse in Self-Supervised Learning via Orthogonality Regularization,2024,2024.csv
Reverse Transition Kernel: A Flexible Framework to Accelerate Diffusion Inference,2024,2024.csv
Optimistic Verifiable Training by Controlling Hardware Nondeterminism,2024,2024.csv
Graph neural networks and non-commuting operators,2024,2024.csv
Improving Neural ODE Training with Temporal Adaptive Batch Normalization,2024,2024.csv
ContextCite: Attributing Model Generation to Context,2024,2024.csv
Randomized algorithms and PAC bounds for inverse reinforcement learning in continuous spaces,2024,2024.csv
Achieving Linear Convergence with Parameter-Free Algorithms in Decentralized Optimization,2024,2024.csv
Faster Algorithms for User-Level Private Stochastic Convex Optimization,2024,2024.csv
PCoTTA: Continual Test-Time Adaptation for Multi-Task Point Cloud Understanding,2024,2024.csv
A distributional simplicity bias in the learning dynamics of transformers,2024,2024.csv
DreamScene4D: Dynamic Multi-Object Scene Generation from Monocular Videos,2024,2024.csv
Nearly Minimax Optimal Submodular Maximization with Bandit Feedback,2024,2024.csv
Improved Generation of Adversarial Examples Against Safety-aligned LLMs,2024,2024.csv
Classification Done Right for Vision-Language Pre-Training,2024,2024.csv
COVE: Unleashing the Diffusion Feature Correspondence for Consistent Video Editing,2024,2024.csv
Lower Bounds and Optimal Algorithms for Non-Smooth Convex Decentralized Optimization over Time-Varying Networks,2024,2024.csv
Unveiling Causal Reasoning in Large Language Models: Reality or Mirage?,2024,2024.csv
Convolutions and More as Einsum: A Tensor Network Perspective with Advances for Second-Order Methods,2024,2024.csv
Inflationary Flows: Calibrated Bayesian Inference with Diffusion-Based Models,2024,2024.csv
The Power of Hard Attention Transformers on Data Sequences: A formal language theoretic perspective,2024,2024.csv
Latent Intrinsics Emerge from Training to Relight,2024,2024.csv
Trading Place for Space: Increasing Location Resolution Reduces Contextual Capacity in Hippocampal Codes,2024,2024.csv
NeuralPlane: An Efficiently Parallelizable Platform for Fixed-wing Aircraft Control with Reinforcement Learning,2024,2024.csv
RectifID: Personalizing Rectified Flow with Anchored Classifier Guidance,2024,2024.csv
Rethinking Deep Thinking: Stable Learning of Algorithms using Lipschitz Constraints,2024,2024.csv
Approximately Equivariant Neural Processes,2024,2024.csv
A Simple yet Scalable Granger Causal Structural Learning Approach for Topological Event Sequences,2024,2024.csv
MeshXL: Neural Coordinate Field for Generative 3D Foundation Models,2024,2024.csv
Unravelling in Collaborative Learning,2024,2024.csv
Mini-Sequence Transformers: Optimizing Intermediate Memory for Long Sequences Training,2024,2024.csv
Structure Consistent Gaussian Splatting with Matching Prior for Few-shot Novel View Synthesis,2024,2024.csv
Divide-and-Conquer Posterior Sampling for Denoising Diffusion priors,2024,2024.csv
GaussianCube: A Structured and Explicit Radiance Representation for 3D Generative Modeling,2024,2024.csv
"Learn more, but bother less: parameter efficient continual learning",2024,2024.csv
Neural Characteristic Activation Analysis and Geometric Parameterization for ReLU Networks,2024,2024.csv
B-ary Tree Push-Pull Method is Provably Efficient for Distributed Learning on Heterogeneous Data,2024,2024.csv
Diffusion-based Curriculum Reinforcement Learning,2024,2024.csv
"Dueling over Dessert, Mastering the Art of Repeated Cake Cutting",2024,2024.csv
AID: Attention Interpolation of Text-to-Image Diffusion,2024,2024.csv
Statistical-Computational Trade-offs for Density Estimation,2024,2024.csv
Benchmarking the Attribution Quality of Vision Models,2024,2024.csv
Extracting Training Data from Molecular Pre-trained Models,2024,2024.csv
Learning-Augmented Algorithms with Explicit Predictors,2024,2024.csv
Do LLMs Build World Representations? Probing Through the Lens of State Abstraction,2024,2024.csv
Understanding Transformers via N-Gram Statistics,2024,2024.csv
Transformers need glasses! Information over-squashing in language tasks,2024,2024.csv
RWKU: Benchmarking Real-World Knowledge Unlearning for Large Language Models,2024,2024.csv
Statistical Multicriteria Benchmarking via the GSD-Front,2024,2024.csv
A Modular Conditional Diffusion Framework for Image Reconstruction,2024,2024.csv
Stopping Bayesian Optimization with Probabilistic Regret Bounds,2024,2024.csv
Scale-invariant Optimal Sampling for Rare-events Data and Sparse Models,2024,2024.csv
Few-Shot Task Learning through Inverse Generative Modeling,2024,2024.csv
Scene Graph Disentanglement and Composition for Generalizable Complex Image Generation,2024,2024.csv
Physics-Informed Variational State-Space Gaussian Processes,2024,2024.csv
SuperDeepFool: a new fast and accurate minimal adversarial attack,2024,2024.csv
Dual Cone Gradient Descent for Training Physics-Informed Neural Networks,2024,2024.csv
On the Efficiency of ERM in Feature Learning,2024,2024.csv
$\text{Di}^2\text{Pose}$: Discrete Diffusion Model for Occluded 3D Human Pose Estimation,2024,2024.csv
Transformers Learn to Achieve Second-Order Convergence Rates for In-Context Linear Regression,2024,2024.csv
An Equivalence Between Static and Dynamic Regret Minimization,2024,2024.csv
Can neural operators always be continuously discretized?,2024,2024.csv
Sample-Efficient Private Learning of Mixtures of Gaussians,2024,2024.csv
Non-asymptotic Approximation Error Bounds of Parameterized Quantum Circuits,2024,2024.csv
ProvNeRF: Modeling per Point Provenance in NeRFs as a Stochastic Field,2024,2024.csv
Towards Next-Generation Logic Synthesis: A Scalable Neural Circuit Generation Framework,2024,2024.csv
Make-it-Real: Unleashing Large Multimodal Model for Painting 3D Objects with Realistic Materials,2024,2024.csv
Efficient Prompt Optimization Through the Lens of Best Arm Identification,2024,2024.csv
Fair Kernel K-Means: from Single Kernel to Multiple Kernel,2024,2024.csv
Stabilized Proximal-Point Methods for Federated Optimization,2024,2024.csv
Why Go Full? Elevating Federated Learning Through Partial Network Updates,2024,2024.csv
Relating Hopfield Networks to Episodic Control,2024,2024.csv
Explanations that reveal all through the deﬁnition of encoding,2024,2024.csv
DC-Gaussian: Improving 3D Gaussian Splatting for Reflective Dash Cam Videos,2024,2024.csv
Robust Mixture Learning when Outliers Overwhelm Small Groups,2024,2024.csv
Target-Guided Adversarial Point Cloud Transformer Towards Recognition Against Real-world Corruptions,2024,2024.csv
On the Complexity of Identification in Linear Structural Causal Models,2024,2024.csv
Dynamic Model Predictive Shielding for Provably Safe Reinforcement Learning,2024,2024.csv
A theoretical design of concept sets: improving the predictability of concept bottleneck models,2024,2024.csv
QuaRot: Outlier-Free 4-Bit Inference in Rotated LLMs,2024,2024.csv
Global Distortions from Local Rewards: Neural Coding Strategies in Path-Integrating Neural Systems,2024,2024.csv
Is O(log N) practical? Near-Equivalence Between Delay Robustness and Bounded Regret in Bandits and RL,2024,2024.csv
CoVoMix: Advancing Zero-Shot Speech Generation for Human-like Multi-talker Conversations,2024,2024.csv
Aligner-Encoders: Self-Attention Transformers Can Be Self-Transducers,2024,2024.csv
Embodied Agent Interface: Benchmarking LLMs for Embodied Decision Making,2024,2024.csv
Sample-Efficient Agnostic Boosting,2024,2024.csv
Geometry of naturalistic object representations in recurrent neural network models of working memory,2024,2024.csv
SustainDC: Benchmarking for Sustainable Data Center Control,2024,2024.csv
Adaptive Proximal Gradient Method for Convex Optimization,2024,2024.csv
ConvBench: A Multi-Turn Conversation Evaluation Benchmark with Hierarchical Ablation Capability for Large Vision-Language Models,2024,2024.csv
HYDRA: Model Factorization Framework for Black-Box LLM Personalization,2024,2024.csv
Paths to Equilibrium in Games,2024,2024.csv
Identity Decoupling for Multi-Subject Personalization of Text-to-Image Models,2024,2024.csv
Watch Out for Your Agents! Investigating Backdoor Threats to LLM-Based Agents,2024,2024.csv
An Information Theoretic Perspective on Conformal Prediction,2024,2024.csv
Warped Diffusion: Solving Video Inverse Problems with Image Diffusion Models,2024,2024.csv
"A Flexible, Equivariant Framework for Subgraph GNNs via Graph Products and Graph Coarsening",2024,2024.csv
Foundations of Multivariate Distributional Reinforcement Learning,2024,2024.csv
SEEV: Synthesis with Efficient Exact Verification for ReLU Neural Barrier Functions,2024,2024.csv
Unveiling the Hidden Structure of Self-Attention via Kernel Principal Component Analysis,2024,2024.csv
DiffusionFake: Enhancing Generalization in Deepfake Detection via Guided Stable Diffusion,2024,2024.csv
Consensus Learning with Deep Sets for Essential Matrix Estimation,2024,2024.csv
Neural Experts: Mixture of Experts for Implicit Neural Representations,2024,2024.csv
Fast Rates in Stochastic Online Convex Optimization by Exploiting the Curvature of Feasible Sets,2024,2024.csv
Strategic Littlestone Dimension: Improved Bounds on Online Strategic Classification,2024,2024.csv
Learning to Decouple the Lights for 3D Face Texture Modeling,2024,2024.csv
MotionGS: Exploring Explicit Motion Guidance for Deformable 3D Gaussian Splatting,2024,2024.csv
SSDM: Scalable Speech Dysfluency Modeling,2024,2024.csv
Neural Signed Distance Function Inference through Splatting 3D Gaussians Pulled on Zero-Level Set,2024,2024.csv
MaVEn: An Effective Multi-granularity Hybrid Visual Encoding Framework for Multimodal Large Language Model,2024,2024.csv
Continuous Heatmap Regression for Pose Estimation via Implicit Neural Representation,2024,2024.csv
Efficient Adaptation of Pre-trained Vision Transformer via Householder Transformation,2024,2024.csv
Random Cycle Coding: Lossless Compression of Cluster Assignments via Bits-Back Coding,2024,2024.csv
LoRANN: Low-Rank Matrix Factorization for Approximate Nearest Neighbor Search,2024,2024.csv
Structured Multi-Track Accompaniment Arrangement via Style Prior Modelling,2024,2024.csv
On the Scalability of Certified Adversarial Robustness with Generated Data,2024,2024.csv
No Free Delivery Service: Epistemic limits of passive data collection in complex social systems,2024,2024.csv
Discovery of the Hidden World with Large Language Models,2024,2024.csv
Can Models Learn Skill Composition from Examples?,2024,2024.csv
Full-Distance Evasion of Pedestrian Detectors in the Physical World,2024,2024.csv
A Fast Convoluted Story: Scaling Probabilistic Inference for Integer Arithmetics,2024,2024.csv
Unsupervised Object Detection with Theoretical Guarantees,2024,2024.csv
Atlas3D: Physically Constrained Self-Supporting Text-to-3D for Simulation and Fabrication,2024,2024.csv
Conditional Outcome Equivalence: A Quantile Alternative to CATE,2024,2024.csv
Generate Universal Adversarial Perturbations for Few-Shot Learning,2024,2024.csv
Integrating Suboptimal Human Knowledge with Hierarchical Reinforcement Learning for Large-Scale Multiagent Systems,2024,2024.csv
LFME: A Simple Framework for Learning from Multiple Experts in Domain Generalization,2024,2024.csv
Identifiability Guarantees for Causal Disentanglement from Purely Observational Data,2024,2024.csv
Visual Decoding and Reconstruction via EEG Embeddings with Guided Diffusion,2024,2024.csv
Trading off Consistency and Dimensionality of Convex Surrogates for Multiclass Classification,2024,2024.csv
VMamba: Visual State Space Model,2024,2024.csv
Simplified and Generalized Masked Diffusion for Discrete Data,2024,2024.csv
Graph-based Unsupervised Disentangled Representation Learning via Multimodal Large Language Models,2024,2024.csv
On the Complexity of Learning Sparse Functions with Statistical and Gradient Queries,2024,2024.csv
$\texttt{ConflictBank}$: A Benchmark for Evaluating the Influence of Knowledge Conflicts in LLMs,2024,2024.csv
Wild-GS: Real-Time Novel View Synthesis from Unconstrained Photo Collections,2024,2024.csv
Schrodinger Bridge Flow for Unpaired Data Translation,2024,2024.csv
Distributed-Order Fractional Graph Operating Network,2024,2024.csv
Convergence Analysis of Split Federated Learning on Heterogeneous Data,2024,2024.csv
SF-V: Single Forward Video Generation Model,2024,2024.csv
Bootstrapping Top-down Information for Self-modulating Slot Attention,2024,2024.csv
Reinforcing LLM Agents via Policy Optimization with Action Decomposition,2024,2024.csv
A Framework for Bilevel Optimization on Riemannian Manifolds,2024,2024.csv
Mixture of Tokens: Continuous MoE through Cross-Example Aggregation,2024,2024.csv
GENOT: Entropic (Gromov) Wasserstein Flow Matching with Applications to Single-Cell Genomics,2024,2024.csv
TrAct: Making First-layer Pre-Activations Trainable,2024,2024.csv
Fine-Grained Dynamic Framework for Bias-Variance Joint Optimization on Data Missing Not at Random,2024,2024.csv
Pretraining Codomain Attention Neural Operators for Solving Multiphysics PDEs,2024,2024.csv
SeeA*: Efficient Exploration-Enhanced A* Search by Selective Sampling,2024,2024.csv
Optimal Flow Matching: Learning Straight Trajectories in Just One Step,2024,2024.csv
Logical characterizations of recurrent graph neural networks with reals and floats,2024,2024.csv
In-Context Symmetries: Self-Supervised Learning through Contextual World Models,2024,2024.csv
Markovian Flow Matching: Accelerating MCMC with Continuous Normalizing Flows,2024,2024.csv
Efficient Federated Learning against Heterogeneous and Non-stationary Client Unavailability,2024,2024.csv
RFLPA: A Robust Federated Learning Framework against Poisoning Attacks with Secure Aggregation,2024,2024.csv
Algorithmic Capabilities of Random Transformers,2024,2024.csv
Towards Estimating Bounds on the Effect of Policies under Unobserved Confounding,2024,2024.csv
Universal Neural Functionals,2024,2024.csv
LCM: Locally Constrained Compact Point Cloud Model for Masked Point Modeling,2024,2024.csv
Disentangled Representation Learning in Non-Markovian Causal Systems,2024,2024.csv
Generalization Analysis for Label-Specific Representation Learning,2024,2024.csv
Quantifying Aleatoric Uncertainty of the Treatment Effect: A Novel Orthogonal Learner,2024,2024.csv
Consistency Purification: Effective and Efficient Diffusion Purification towards Certified Robustness,2024,2024.csv
Mutual Information Estimation via $f$-Divergence and Data Derangements,2024,2024.csv
Synthetic Programming Elicitation for Text-to-Code in Very Low-Resource Programming and Formal Languages,2024,2024.csv
Coarse-to-Fine Concept Bottleneck Models,2024,2024.csv
A Polar coordinate system represents syntax in large language models,2024,2024.csv
Diffusion of Thought: Chain-of-Thought Reasoning in Diffusion Language Models,2024,2024.csv
Multi-Reward Best Policy Identification,2024,2024.csv
Diffusion Models With Learned Adaptive Noise,2024,2024.csv
SCOREQ: Speech Quality Assessment with Contrastive Regression,2024,2024.csv
"Ask, Attend, Attack: An Effective Decision-Based Black-Box Targeted Attack for Image-to-Text Models",2024,2024.csv
SILENCE: Protecting privacy in offloaded speech understanding on resource-constrained devices,2024,2024.csv
Tight Bounds for Learning RUMs from Small Slates,2024,2024.csv
On the Computational Landscape of Replicable Learning,2024,2024.csv
Frozen-DETR: Enhancing DETR with Image Understanding from Frozen Foundation Models,2024,2024.csv
Mixed Dynamics In Linear Networks: Unifying the Lazy and Active Regimes,2024,2024.csv
Rough Transformers: Lightweight and Continuous Time Series Modelling through Signature Patching,2024,2024.csv
Elo Uncovered: Robustness and Best Practices in Language Model Evaluation,2024,2024.csv
Strategic Multi-Armed Bandit Problems Under Debt-Free Reporting,2024,2024.csv
Asymptotics of Alpha-Divergence Variational Inference Algorithms with Exponential Families,2024,2024.csv
CycleNet: Enhancing Time Series Forecasting through Modeling Periodic Patterns,2024,2024.csv
Task-Agnostic Machine-Learning-Assisted Inference,2024,2024.csv
Mitigating Biases in Blackbox Feature Extractors for Image Classification Tasks,2024,2024.csv
Normalization and effective learning rates in reinforcement learning,2024,2024.csv
Learning Optimal Lattice Vector Quantizers for End-to-end Neural Image Compression,2024,2024.csv
BABILong: Testing the Limits of LLMs with Long Context Reasoning-in-a-Haystack,2024,2024.csv
DeMo: Decoupling Motion Forecasting into  Directional Intentions and Dynamic States,2024,2024.csv
Transformers are Minimax Optimal Nonparametric In-Context Learners,2024,2024.csv
SPEAR: Exact Gradient Inversion of Batches in Federated Learning,2024,2024.csv
Fast Sampling via Discrete Non-Markov Diffusion Models with Predetermined Transition Time,2024,2024.csv
DEPrune: Depth-wise Separable Convolution Pruning for Maximizing GPU Parallelism,2024,2024.csv
Online Feature Updates Improve Online (Generalized) Label Shift Adaptation,2024,2024.csv
StreamBench: Towards Benchmarking Continuous Improvement of Language Agents,2024,2024.csv
Pessimistic Backward Policy for GFlowNets,2024,2024.csv
SlimGPT: Layer-wise Structured Pruning for Large Language Models,2024,2024.csv
Self-Calibrating Conformal Prediction,2024,2024.csv
Leveraging Hallucinations to Reduce Manual Prompt Dependency in Promptable Segmentation,2024,2024.csv
FreeSplat: Generalizable 3D Gaussian Splatting Towards Free View Synthesis of Indoor Scenes,2024,2024.csv
Identifying Functionally Important Features with End-to-End Sparse Dictionary Learning,2024,2024.csv
GFT: Graph Foundation Model with Transferable Tree Vocabulary,2024,2024.csv
Energy-Guided Continuous Entropic Barycenter Estimation for General Costs,2024,2024.csv
xLSTM: Extended Long Short-Term Memory,2024,2024.csv
Causal Deciphering and Inpainting in Spatio-Temporal Dynamics via Diffusion Model,2024,2024.csv
Leveraging Drift to Improve Sample Complexity of Variance Exploding Diffusion Models,2024,2024.csv
D-MiSo: Editing Dynamic 3D Scenes using Multi-Gaussians Soup,2024,2024.csv
How Does Black-Box Impact the Learning Guarantee of Stochastic Compositional Optimization?,2024,2024.csv
Fast Channel Simulation via Error-Correcting Codes,2024,2024.csv
YOLOv10: Real-Time End-to-End Object Detection,2024,2024.csv
Transformers Can Do Arithmetic with the Right Embeddings,2024,2024.csv
Accelerating Nash Equilibrium Convergence in Monte Carlo Settings Through Counterfactual Value Based Fictitious Play,2024,2024.csv
Consent in Crisis: The Rapid Decline of the AI Data Commons,2024,2024.csv
In-and-Out: Algorithmic Diffusion for Sampling Convex Bodies,2024,2024.csv
The Limits of Transfer Reinforcement Learning with Latent Low-rank Structure,2024,2024.csv
The Minimax Rate of HSIC Estimation for Translation-Invariant Kernels,2024,2024.csv
Learning General Parameterized Policies for Infinite Horizon Average Reward Constrained MDPs via Primal-Dual Policy Gradient Algorithm,2024,2024.csv
Transformation-Invariant Learning and Theoretical Guarantees for OOD Generalization,2024,2024.csv
Temporal-Difference Learning Using Distributed Error Signals,2024,2024.csv
Conformal Classification with Equalized Coverage for Adaptively Selected Groups,2024,2024.csv
Discretely beyond $1/e$: Guided Combinatorial Algortihms for Submodular Maximization,2024,2024.csv
Understanding and Improving Training-free Loss-based Diffusion Guidance,2024,2024.csv
Nearly Minimax Optimal Regret for Multinomial Logistic Bandit,2024,2024.csv
Partial Structure Discovery is Sufficient for No-regret Learning in Causal Bandits,2024,2024.csv
Iteration Head: A Mechanistic Study of Chain-of-Thought,2024,2024.csv
Rethinking Out-of-Distribution Detection on Imbalanced Data Distribution,2024,2024.csv
DeBaRA: Denoising-Based 3D Room Arrangement Generation,2024,2024.csv
Bridging Geometric States via Geometric Diffusion Bridge,2024,2024.csv
Visual Pinwheel Centers Act as Geometric Saliency Detectors,2024,2024.csv
Virtual Scanning: Unsupervised Non-line-of-sight Imaging from Irregularly Undersampled Transients,2024,2024.csv
DiffTORI: Differentiable Trajectory Optimization for Deep Reinforcement and Imitation Learning,2024,2024.csv
Amortized Bayesian Experimental Design for Decision-Making,2024,2024.csv
Approximately Pareto-optimal Solutions for Bi-Objective k-Clustering,2024,2024.csv
Customized Subgraph Selection and Encoding for Drug-drug Interaction Prediction,2024,2024.csv
Generalizing Consistency Policy to Visual RL with Prioritized Proximal Experience Regularization,2024,2024.csv
LLM Processes: Numerical Predictive Distributions Conditioned on Natural Language,2024,2024.csv
Elliptical Attention,2024,2024.csv
Nonconvex Federated Learning on Compact Smooth Submanifolds With Heterogeneous Data,2024,2024.csv
Finding good policies in average-reward Markov Decision Processes without prior knowledge,2024,2024.csv
Diffusion Spectral Representation for Reinforcement Learning,2024,2024.csv
Plant-and-Steal: Truthful Fair Allocations via Predictions,2024,2024.csv
Knowledge Graph Completion by Intermediate Variables Regularization,2024,2024.csv
StoryDiffusion: Consistent Self-Attention for Long-Range Image and Video Generation,2024,2024.csv
The motion planning neural circuit in goal-directed navigation as Lie group operator search,2024,2024.csv
Effective Rank Analysis and Regularization for Enhanced 3D Gaussian Splatting,2024,2024.csv
RoPINN: Region Optimized Physics-Informed Neural Networks,2024,2024.csv
Hamiltonian Score Matching and Generative Flows,2024,2024.csv
NeuralClothSim: Neural Deformation Fields Meet the Thin Shell Theory,2024,2024.csv
Skill-aware Mutual Information Optimisation for Zero-shot Generalisation in Reinforcement Learning,2024,2024.csv
RestoreAgent: Autonomous Image Restoration Agent via Multimodal Large Language Models,2024,2024.csv
How Molecules Impact Cells: Unlocking Contrastive PhenoMolecular Retrieval,2024,2024.csv
SegVol: Universal and Interactive Volumetric Medical Image Segmentation,2024,2024.csv
Hydra: Bidirectional State Space Models Through Generalized Matrix Mixers,2024,2024.csv
Fine-Tuning Large Vision-Language Models as Decision-Making Agents via Reinforcement Learning,2024,2024.csv
Hierarchical Selective Classification,2024,2024.csv
UltraPixel: Advancing Ultra High-Resolution Image Synthesis to New Peaks,2024,2024.csv
Random Function Descent,2024,2024.csv
Proportional Fairness in Clustering: A Social Choice Perspective,2024,2024.csv
GO4Align: Group Optimization for Multi-Task Alignment,2024,2024.csv
"Toward a Stable, Fair, and Comprehensive Evaluation of Object Hallucination in Large Vision-Language Models",2024,2024.csv
Operator World Models for Reinforcement Learning,2024,2024.csv
Team-Fictitious Play for Reaching Team-Nash Equilibrium in Multi-team Games,2024,2024.csv
Online Control in Population Dynamics,2024,2024.csv
Bayesian Strategic Classification,2024,2024.csv
Why Warmup the Learning Rate? Underlying Mechanisms and Improvements,2024,2024.csv
Linear Causal Representation Learning from Unknown Multi-node Interventions,2024,2024.csv
PrivCirNet: Efficient Private Inference via Block Circulant Transformation,2024,2024.csv
N-agent Ad Hoc Teamwork,2024,2024.csv
Prism: A Framework for Decoupling and Assessing the Capabilities of VLMs,2024,2024.csv
Coded Computing for Resilient Distributed Computing: A Learning-Theoretic Framework,2024,2024.csv
Rethinking the Diffusion Models for Missing Data Imputation: A Gradient Flow Perspective,2024,2024.csv
SleeperNets: Universal Backdoor Poisoning Attacks Against  Reinforcement Learning Agents,2024,2024.csv
Efficient Combinatorial Optimization via Heat Diffusion,2024,2024.csv
Adversarial Moment-Matching Distillation of Large Language Models,2024,2024.csv
Private Online Learning via Lazy Algorithms,2024,2024.csv
FreqMark: Invisible Image Watermarking via Frequency Based Optimization in Latent Space,2024,2024.csv
DisC-GS: Discontinuity-aware Gaussian Splatting,2024,2024.csv
Functional Gradient Flows for Constrained Sampling,2024,2024.csv
The Factorization Curse: Which Tokens You Predict Underlie the Reversal Curse and More,2024,2024.csv
When LLMs Meet Cunning Texts: A Fallacy Understanding Benchmark for Large Language Models,2024,2024.csv
Stochastic Optimal Control Matching,2024,2024.csv
Context-Aware Testing: A New Paradigm for Model Testing with Large Language Models,2024,2024.csv
3D Focusing-and-Matching Network for Multi-Instance Point Cloud Registration,2024,2024.csv
Learning Segmentation from Point Trajectories,2024,2024.csv
AdaptiveISP: Learning an Adaptive Image Signal Processor for Object Detection,2024,2024.csv
Source Code Foundation Models are Transferable Binary Analysis Knowledge Bases,2024,2024.csv
Causal Dependence Plots,2024,2024.csv
NoMAD-Attention: Efficient LLM Inference on CPUs Through Multiply-add-free Attention,2024,2024.csv
On the Robustness of Spectral Algorithms for Semirandom Stochastic Block Models,2024,2024.csv
Fractal Patterns May Illuminate the Success of Next-Token Prediction,2024,2024.csv
Compositional Generalization Across Distributional Shifts with Sparse Tree Operations,2024,2024.csv
Symmetry Discovery Beyond Affine Transformations,2024,2024.csv
Double-Ended Synthesis Planning with Goal-Constrained Bidirectional Search,2024,2024.csv
Efficient and Sharp Off-Policy Evaluation in Robust Markov Decision Processes,2024,2024.csv
Matching the Statistical Query Lower Bound for $k$-Sparse Parity Problems with Sign Stochastic Gradient Descent,2024,2024.csv
"Bigger, Regularized, Optimistic: scaling for compute and sample efficient continuous control",2024,2024.csv
ArkVale: Efficient Generative LLM Inference with Recallable Key-Value Eviction,2024,2024.csv
Oracle-Efficient Differentially Private Learning with Public Data,2024,2024.csv
Unsupervised Discovery of Formulas for Mathematical Constants,2024,2024.csv
Learning-Augmented Algorithms for the Bahncard Problem,2024,2024.csv
Exclusively Penalized Q-learning for Offline Reinforcement Learning,2024,2024.csv
Understanding the Limits of Vision Language Models Through the Lens of the Binding Problem,2024,2024.csv
Bridging The Gap between Low-rank and Orthogonal Adaptation via Householder Reflection Adaptation,2024,2024.csv
Approximating the Top Eigenvector in Random Order Streams,2024,2024.csv
Buffer of Thoughts: Thought-Augmented Reasoning with Large Language Models,2024,2024.csv
Enhancing Large Language Models through Adaptive Tokenizers,2024,2024.csv
Achieving Optimal Clustering in Gaussian Mixture Models with Anisotropic Covariance Structures,2024,2024.csv
Nonlocal Attention Operator: Materializing Hidden Knowledge Towards Interpretable Physics Discovery,2024,2024.csv
Improved Particle Approximation Error for Mean Field Neural Networks,2024,2024.csv
Provable Editing of Deep Neural Networks using Parametric Linear Relaxation,2024,2024.csv
Spike-based Neuromorphic Model for Sound Source Localization,2024,2024.csv
On the Surprising Effectiveness of Attention Transfer for Vision Transformers,2024,2024.csv
Chat-Scene: Bridging 3D Scene and Large Language Models with Object Identifiers,2024,2024.csv
Scaling Sign Language Translation,2024,2024.csv
Implicit Bias of Mirror Flow on Separable Data,2024,2024.csv
Scaling Laws with Vocabulary: Larger Models Deserve Larger Vocabularies,2024,2024.csv
User-item fairness tradeoffs in recommendations,2024,2024.csv
BAN: Detecting Backdoors Activated by Adversarial Neuron Noise,2024,2024.csv
TFS-NeRF: Template-Free NeRF for Semantic 3D Reconstruction of Dynamic Scene,2024,2024.csv
Learning to Solve Quadratic Unconstrained Binary Optimization in a Classification Way,2024,2024.csv
Q-VLM: Post-training Quantization for Large Vision-Language Models,2024,2024.csv
Diffusion Tuning: Transferring Diffusion Models via Chain of Forgetting,2024,2024.csv
Multi-Group Proportional Representation in Retrieval,2024,2024.csv
Provable Benefit of Cutout and CutMix for Feature Learning,2024,2024.csv
A PID Controller Approach for Adaptive Probability-dependent Gradient Decay in Model Calibration,2024,2024.csv
Dynamic Tuning Towards Parameter and Inference Efficiency for ViT Adaptation,2024,2024.csv
Graph Coarsening with Message-Passing Guarantees,2024,2024.csv
Breaking the False Sense of Security in Backdoor Defense through Re-Activation Attack,2024,2024.csv
Theoretical Characterisation of the Gauss Newton Conditioning in Neural Networks,2024,2024.csv
Image2Struct: Benchmarking Structure Extraction for Vision-Language Models,2024,2024.csv
AutoSurvey: Large Language Models Can Automatically Write Surveys,2024,2024.csv
Mixture of Adversarial LoRAs: Boosting Robust Generalization in Meta-Tuning,2024,2024.csv
Leveraging Catastrophic Forgetting to Develop Safe Diffusion Models against Malicious Finetuning,2024,2024.csv
LoQT: Low-Rank Adapters for Quantized Pretraining,2024,2024.csv
High Rank Path Development: an approach to learning the filtration of stochastic processes,2024,2024.csv
Structured Learning of Compositional Sequential Interventions,2024,2024.csv
Last-Iterate Convergence for Generalized Frank-Wolfe in Monotone Variational Inequalities,2024,2024.csv
Parallelizing Linear Transformers with the Delta Rule over Sequence Length,2024,2024.csv
Adaptable Logical Control for Large Language Models,2024,2024.csv
Cost-aware Bayesian Optimization via the Pandora's Box Gittins Index,2024,2024.csv
Clustering in Causal Attention Masking,2024,2024.csv
The Selective $G$-Bispectrum and its Inversion: Applications to $G$-Invariant Networks,2024,2024.csv
Schedule Your Edit: A Simple yet Effective Diffusion Noise Schedule for Image Editing,2024,2024.csv
Advancing Training Efficiency of Deep Spiking Neural Networks through Rate-based Backpropagation,2024,2024.csv
Geometry Awakening: Cross-Geometry Learning Exhibits Superiority over Individual Structures,2024,2024.csv
"Exploring Jacobian Inexactness in Second-Order Methods for Variational Inequalities: Lower Bounds, Optimal Algorithms and Quasi-Newton Approximations",2024,2024.csv
A Neuro-Symbolic Benchmark Suite for Concept Quality and Reasoning Shortcuts,2024,2024.csv
Provable Benefits of Complex Parameterizations for Structured State Space Models,2024,2024.csv
A teacher-teacher framework for clinical language representation learning,2024,2024.csv
Testing Calibration in Nearly-Linear Time,2024,2024.csv
You Don’t Need Domain-Specific Data Augmentations When Scaling Self-Supervised Learning,2024,2024.csv
$\textit{Read-ME}$: Refactorizing LLMs as Router-Decoupled Mixture of Experts with System Co-Design,2024,2024.csv
Nuclear Norm Regularization for Deep Learning,2024,2024.csv
SE(3)-bi-equivariant Transformers for Point Cloud Assembly,2024,2024.csv
Universal Rates of Empirical Risk Minimization,2024,2024.csv
LocCa: Visual Pretraining with Location-aware Captioners,2024,2024.csv
Efficient Graph Matching for Correlated Stochastic Block Models,2024,2024.csv
S2HPruner: Soft-to-Hard Distillation Bridges the Discretization Gap in Pruning,2024,2024.csv
Understanding the Transferability of Representations via Task-Relatedness,2024,2024.csv
Strategic Linear Contextual Bandits,2024,2024.csv
Dual Critic Reinforcement Learning under Partial Observability,2024,2024.csv
What type of inference is planning?,2024,2024.csv
Meta-Exploiting Frequency Prior for Cross-Domain Few-Shot Learning,2024,2024.csv
OT4P: Unlocking Effective Orthogonal Group Path for Permutation Relaxation,2024,2024.csv
Gated Slot Attention for Efficient Linear-Time Sequence Modeling,2024,2024.csv
Focus On What Matters: Separated Models For Visual-Based RL Generalization,2024,2024.csv
Tracing Hyperparameter Dependencies for Model Parsing via Learnable Graph Pooling Network,2024,2024.csv
Soft Superpixel Neighborhood Attention,2024,2024.csv
Conformalized Credal Set Predictors,2024,2024.csv
The Impact of Initialization on LoRA Finetuning Dynamics,2024,2024.csv
In-Trajectory Inverse Reinforcement Learning: Learn Incrementally Before an Ongoing Trajectory Terminates,2024,2024.csv
Reinforcement Learning with LTL and $\omega$-Regular Objectives via Optimality-Preserving Translation to Average Rewards,2024,2024.csv
Truthfulness of Calibration Measures,2024,2024.csv
Conditional Density Estimation with Histogram Trees,2024,2024.csv
Neural Residual Diffusion Models for Deep Scalable Vision Generation,2024,2024.csv
Truncated Variance Reduced Value Iteration,2024,2024.csv
The Fairness-Quality Tradeoff in Clustering,2024,2024.csv
QuadMamba: Learning Quadtree-based Selective Scan for Visual State Space Model,2024,2024.csv
Oracle-Efficient Reinforcement Learning for Max Value Ensembles,2024,2024.csv
State-free Reinforcement Learning,2024,2024.csv
Does Reasoning Emerge? Examining the Probabilities of Causation in Large Language Models,2024,2024.csv
Verified Safe Reinforcement Learning  for Neural Network Dynamic Models,2024,2024.csv
DMPlug: A Plug-in Method for Solving Inverse Problems with Diffusion Models,2024,2024.csv
Regression under demographic parity constraints via unlabeled post-processing,2024,2024.csv
Code Repair with LLMs gives an Exploration-Exploitation Tradeoff,2024,2024.csv
Efficient Multi-task Reinforcement Learning with Cross-Task Policy Guidance,2024,2024.csv
Data Acquisition via Experimental Design for Data Markets,2024,2024.csv
Large Language Model Unlearning via Embedding-Corrupted Prompts,2024,2024.csv
SLTrain: a sparse plus low rank approach for parameter and memory efficient pretraining,2024,2024.csv
Treeffuser: probabilistic prediction via conditional diffusions with gradient-boosted trees,2024,2024.csv
Sigmoid Gating is More Sample Efficient than Softmax Gating in Mixture of Experts,2024,2024.csv
Principled Probabilistic Imaging using Diffusion Models as Plug-and-Play Priors,2024,2024.csv
Exploring the Role of Large Language Models in Prompt Encoding for Diffusion Models,2024,2024.csv
E2ENet: Dynamic Sparse Feature Fusion for Accurate and Efficient 3D Medical Image Segmentation,2024,2024.csv
Multi-Agent Coordination via Multi-Level Communication,2024,2024.csv
Knowledge Circuits in Pretrained Transformers,2024,2024.csv
Inductive biases of multi-task learning and finetuning: multiple regimes of feature reuse,2024,2024.csv
Superposed Decoding: Multiple Generations from a Single Autoregressive Inference Pass,2024,2024.csv
Derivatives of Stochastic Gradient Descent in parametric optimization,2024,2024.csv
Hallo3D: Multi-Modal Hallucination Detection and Mitigation for Consistent 3D Content Generation,2024,2024.csv
Revisiting K-mer Profile for Effective and Scalable Genome Representation Learning,2024,2024.csv
Mixture of Experts Meets Prompt-Based Continual Learning,2024,2024.csv
Autoregressive Policy Optimization for Constrained Allocation Tasks,2024,2024.csv
ElasTST: Towards Robust Varied-Horizon Forecasting with Elastic Time-Series Transformer,2024,2024.csv
Unlocking the Potential of Global Human Expertise,2024,2024.csv
Algorithmic Collective Action in Recommender Systems: Promoting Songs by Reordering Playlists,2024,2024.csv
"STL: Still Tricky Logic (for System Validation, Even When Showing Your Work)",2024,2024.csv
Multiple Physics Pretraining for Spatiotemporal Surrogate Models,2024,2024.csv
Streaming Long Video Understanding with Large Language Models,2024,2024.csv
Geometry Cloak: Preventing TGS-based 3D Reconstruction from Copyrighted Images,2024,2024.csv
MR-Ben: A Meta-Reasoning Benchmark for Evaluating System-2 Thinking in LLMs,2024,2024.csv
How Transformers Utilize Multi-Head Attention in In-Context Learning? A Case Study on Sparse Linear Regression,2024,2024.csv
Diffusion Policy Attacker: Crafting Adversarial Attacks for Diffusion-based Policies,2024,2024.csv
InfLLM: Training-Free Long-Context Extrapolation for LLMs with an Efficient Context Memory,2024,2024.csv
Fearless Stochasticity in Expectation Propagation,2024,2024.csv
ALPINE: Unveiling The Planning Capability of Autoregressive Learning in Language Models,2024,2024.csv
Articulate your NeRF: Unsupervised articulated object modeling via conditional view synthesis,2024,2024.csv
Expectile Regularization for Fast and Accurate Training of Neural Optimal Transport,2024,2024.csv
Latent Paraphrasing: Perturbation on Layers Improves Knowledge Injection in Language Models,2024,2024.csv
Ensemble Learning for Heterogeneous Large Language Models with Deep Parallel Collaboration,2024,2024.csv
AutoGuide: Automated Generation and Selection of Context-Aware Guidelines for Large Language Model Agents,2024,2024.csv
Chimera: Effectively Modeling Multivariate Time Series with 2-Dimensional State Space Models,2024,2024.csv
Conjugate Bayesian Two-step Change Point Detection for Hawkes Process,2024,2024.csv
Tangent Space Causal Inference: Leveraging Vector Fields for Causal Discovery in Dynamical Systems,2024,2024.csv
Learning from Offline Foundation Features with Tensor Augmentations,2024,2024.csv
Test-Time Adaptation Induces Stronger Accuracy and Agreement-on-the-Line,2024,2024.csv
Conditional Controllable Image Fusion,2024,2024.csv
APEBench: A Benchmark for Autoregressive Neural Emulators of PDEs,2024,2024.csv
Understanding and Improving Adversarial Collaborative Filtering for Robust Recommendation,2024,2024.csv
Scalable Bayesian Optimization via Focalized Sparse Gaussian Processes,2024,2024.csv
GL-NeRF: Gauss-Laguerre Quadrature Enables Training-Free NeRF Acceleration,2024,2024.csv
EGSST: Event-based Graph Spatiotemporal Sensitive Transformer for Object Detection,2024,2024.csv
Is Behavior Cloning All You Need? Understanding Horizon in Imitation Learning,2024,2024.csv
DreamSteerer: Enhancing Source Image Conditioned Editability using Personalized Diffusion Models,2024,2024.csv
Dimension-free Private Mean Estimation for Anisotropic Distributions,2024,2024.csv
Newton Informed Neural Operator for Solving Nonlinear Partial Differential Equations,2024,2024.csv
PSL: Rethinking and Improving Softmax Loss from Pairwise Perspective for Recommendation,2024,2024.csv
An Autoencoder-Like Nonnegative Matrix Co-Factorization for Improved Student Cognitive Modeling,2024,2024.csv
PiSSA: Principal Singular Values and Singular Vectors Adaptation of Large Language Models,2024,2024.csv
Provably Efficient Interactive-Grounded Learning with Personalized Reward,2024,2024.csv
RankRAG: Unifying Context Ranking with Retrieval-Augmented Generation in LLMs,2024,2024.csv
Convolutional Differentiable Logic Gate Networks,2024,2024.csv
Robust Contrastive Multi-view Clustering against Dual Noisy Correspondence,2024,2024.csv
SampDetox: Black-box Backdoor Defense via Perturbation-based Sample Detoxification,2024,2024.csv
Extending Video Masked Autoencoders to 128 frames,2024,2024.csv
Federated Natural Policy Gradient and Actor Critic Methods for Multi-task Reinforcement Learning,2024,2024.csv
Unlock the Intermittent Control Ability of Model Free Reinforcement Learning,2024,2024.csv
No Free Lunch Theorem and Black-Box Complexity Analysis for Adversarial Optimisation,2024,2024.csv
The Group Robustness is in the Details: Revisiting Finetuning under Spurious Correlations,2024,2024.csv
Collaboration! Towards Robust Neural Methods for Routing Problems,2024,2024.csv
Utilizing Image Transforms and Diffusion Models for  Generative Modeling of Short and Long Time Series,2024,2024.csv
A Simple Framework for Generalization in Visual RL under Dynamic Scene Perturbations,2024,2024.csv
Optimal Multi-Fidelity Best-Arm Identification,2024,2024.csv
Adaptive Experimentation When You Can't Experiment,2024,2024.csv
Accelerating Non-Maximum Suppression: A Graph Theory Perspective,2024,2024.csv
A Non-parametric Direct Learning Approach to Heterogeneous Treatment Effect Estimation under Unmeasured Confounding,2024,2024.csv
AutoTimes: Autoregressive Time Series Forecasters via Large Language Models,2024,2024.csv
UNIT: Unifying Image and Text Recognition in One Vision Encoder,2024,2024.csv
Zipfian Whitening,2024,2024.csv
Stochastic Taylor Derivative Estimator: Efficient amortization for arbitrary differential operators,2024,2024.csv
Improving Neural Network Surface Processing with Principal Curvatures,2024,2024.csv
LP-3DGS: Learning to Prune 3D Gaussian Splatting,2024,2024.csv
DiffuserLite: Towards Real-time Diffusion Planning,2024,2024.csv
Non-Asymptotic Uncertainty Quantification in High-Dimensional Learning,2024,2024.csv
Randomized Sparse Matrix Compression for Large-Scale Constrained Optimization in Cancer Radiotherapy,2024,2024.csv
GLinSAT: The General Linear Satisfiability Neural Network Layer By Accelerated Gradient Descent,2024,2024.csv
On the Optimal Time Complexities in Decentralized Stochastic Asynchronous Optimization,2024,2024.csv
Prompt Optimization with EASE? Efficient Ordering-aware Automated Selection of Exemplars,2024,2024.csv
EMR-Merging: Tuning-Free High-Performance Model Merging,2024,2024.csv
Alleviating Hallucinations in Large Vision-Language Models through Hallucination-Induced Optimization,2024,2024.csv
DeepLag: Discovering Deep Lagrangian Dynamics for Intuitive Fluid Prediction,2024,2024.csv
IPM-LSTM: A Learning-Based Interior Point Method for Solving Nonlinear Programs,2024,2024.csv
Towards Neuron Attributions in Multi-Modal Large Language Models,2024,2024.csv
Cross-Device Collaborative Test-Time Adaptation,2024,2024.csv
Decomposed Prompt Decision Transformer for Efficient Unseen Task Generalization,2024,2024.csv
SG-Bench: Evaluating LLM Safety Generalization Across Diverse Tasks and Prompt Types,2024,2024.csv
Prospective Learning: Learning for a Dynamic Future,2024,2024.csv
MetaCURL: Non-stationary Concave Utility Reinforcement Learning,2024,2024.csv
Multi-Object 3D Grounding with Dynamic Modules and Language-Informed Spatial Attention,2024,2024.csv
What Factors Affect Multi-Modal In-Context Learning? An In-Depth Exploration,2024,2024.csv
"Continuously Learning, Adapting, and Improving: A Dual-Process Approach to Autonomous Driving",2024,2024.csv
Stochastic Optimal Control and Estimation with Multiplicative and Internal Noise,2024,2024.csv
"Deep Learning Through A Telescoping Lens: A Simple Model Provides Empirical Insights On Grokking, Gradient Boosting & Beyond",2024,2024.csv
Richelieu: Self-Evolving LLM-Based Agents for AI Diplomacy,2024,2024.csv
Towards Understanding Extrapolation: a Causal Lens,2024,2024.csv
No-regret Learning in Harmonic Games: Extrapolation in the Face of Conflicting Interests,2024,2024.csv
Stochastic Extragradient with Flip-Flop Shuffling & Anchoring: Provable Improvements,2024,2024.csv
Precise asymptotics of reweighted least-squares algorithms for linear diagonal networks,2024,2024.csv
Grid4D: 4D Decomposed Hash Encoding for High-Fidelity Dynamic Gaussian Splatting,2024,2024.csv
Reconstructing the Image Stitching Pipeline: Integrating Fusion and Rectangling into a Unified Inpainting Model,2024,2024.csv
Metric Space Magnitude for Evaluating the Diversity of Latent Representations,2024,2024.csv
Particle Semi-Implicit Variational Inference,2024,2024.csv
Rethinking the Capacity of Graph Neural Networks for Branching Strategy,2024,2024.csv
RobIR: Robust Inverse Rendering for High-Illumination Scenes,2024,2024.csv
Higher-Rank Irreducible Cartesian Tensors for Equivariant Message Passing,2024,2024.csv
Learning-Augmented Priority Queues,2024,2024.csv
Crafting Interpretable Embeddings for Language Neuroscience by Asking LLMs Questions,2024,2024.csv
The Power of Extrapolation in Federated Learning,2024,2024.csv
Moving Off-the-Grid: Scene-Grounded Video Representations,2024,2024.csv
LoCo: Learning 3D Location-Consistent Image Features with a Memory-Efficient Ranking Loss,2024,2024.csv
FairWire: Fair Graph Generation,2024,2024.csv
Learning Optimal Tax Design in Nonatomic Congestion Games,2024,2024.csv
EHRNoteQA: An LLM Benchmark for Real-World Clinical Practice Using Discharge Summaries,2024,2024.csv
Large Language Models as Urban Residents: An LLM Agent Framework for Personal Mobility Generation,2024,2024.csv
"A Unified Confidence Sequence for Generalized Linear Models, with Applications to Bandits",2024,2024.csv
Transductive Active Learning: Theory and Applications,2024,2024.csv
On the Curses of Future and History in Future-dependent Value Functions for Off-policy Evaluation,2024,2024.csv
CausalDiff: Causality-Inspired Disentanglement via Diffusion Model for Adversarial Defense,2024,2024.csv
A Method for Evaluating Hyperparameter Sensitivity in Reinforcement Learning,2024,2024.csv
Almost Surely Asymptotically Constant Graph Neural Networks,2024,2024.csv
Tolerant Algorithms for Learning with Arbitrary Covariate Shift,2024,2024.csv
Confidence Regulation Neurons in Language Models,2024,2024.csv
Invariant Tokenization of Crystalline Materials for Language Model Enabled Generation,2024,2024.csv
Adaptive Passive-Aggressive Framework for Online Regression with Side Information,2024,2024.csv
Unique3D: High-Quality and Efficient 3D Mesh Generation from a Single Image,2024,2024.csv
Efficient $\Phi$-Regret Minimization with Low-Degree Swap Deviations in Extensive-Form Games,2024,2024.csv
ResAD: A Simple Framework for Class Generalizable Anomaly Detection,2024,2024.csv
Dynamic Rescaling for Training GNNs,2024,2024.csv
ReNO: Enhancing One-step Text-to-Image Models through Reward-based Noise Optimization,2024,2024.csv
Federated Online Prediction from Experts with Differential Privacy: Separations and Regret Speed-ups,2024,2024.csv
User-Creator Feature Polarization in Recommender Systems with Dual Influence,2024,2024.csv
From Text to Trajectory: Exploring Complex Constraint Representation and Decomposition in Safe Reinforcement Learning,2024,2024.csv
Universality in Transfer Learning for Linear Models,2024,2024.csv
Learning rigid-body simulators over implicit shapes for large-scale scenes and vision,2024,2024.csv
Convergence of $\text{log}(1/\epsilon)$ for Gradient-Based Algorithms in Zero-Sum Games without the Condition Number: A Smoothed Analysis,2024,2024.csv
Fair Allocation in Dynamic Mechanism Design,2024,2024.csv
SELF-DISCOVER: Large Language Models Self-Compose Reasoning Structures,2024,2024.csv
Who's asking? User personas and the mechanics of latent misalignment,2024,2024.csv
Bandits with Abstention under Expert Advice,2024,2024.csv
Improved Algorithms for Contextual Dynamic Pricing,2024,2024.csv
Adversarial Representation Engineering: A General Model Editing Framework for Large Language Models,2024,2024.csv
Adapting to Unknown Low-Dimensional Structures in Score-Based Diffusion Models,2024,2024.csv
Last-Iterate Global Convergence of Policy Gradients for Constrained Reinforcement Learning,2024,2024.csv
Quantifying the Gain in Weak-to-Strong Generalization,2024,2024.csv
Self-playing Adversarial Language Game Enhances LLM Reasoning,2024,2024.csv
Coherence-free Entrywise Estimation of Eigenvectors in Low-rank Signal-plus-noise Matrix Models,2024,2024.csv
KALM: Knowledgeable Agents by Offline Reinforcement Learning from Large Language Model Rollouts,2024,2024.csv
Hierarchical Programmatic Option Framework,2024,2024.csv
Towards Principled Graph Transformers,2024,2024.csv
AUCSeg: AUC-oriented Pixel-level Long-tail Semantic Segmentation,2024,2024.csv
General bounds on the quality of Bayesian coresets,2024,2024.csv
4-bit Shampoo for Memory-Efficient Network Training,2024,2024.csv
RLE: A Unified Perspective of Data Augmentation for Cross-Spectral Re-Identification,2024,2024.csv
PUZZLES: A Benchmark for Neural Algorithmic Reasoning,2024,2024.csv
State Space Models on Temporal Graphs: A First-Principles Study,2024,2024.csv
Demystify Mamba in Vision: A Linear Attention Perspective,2024,2024.csv
Theoretical Foundations of Deep Selective State-Space Models,2024,2024.csv
Do Finetti: On Causal Effects for Exchangeable Data,2024,2024.csv
NeuralSteiner: Learning Steiner Tree for Overflow-avoiding Global Routing in Chip Design,2024,2024.csv
Understanding the Role of Equivariance in Self-supervised Learning,2024,2024.csv
DeSparsify: Adversarial Attack Against Token Sparsification Mechanisms,2024,2024.csv
Probablistic Emulation of a Global Climate Model with Spherical DYffusion,2024,2024.csv
Identifiable Shared Component Analysis of Unpaired Multimodal Mixtures,2024,2024.csv
3D Equivariant Pose Regression via Direct Wigner-D Harmonics Prediction,2024,2024.csv
Model LEGO: Creating Models Like Disassembling and Assembling Building Blocks,2024,2024.csv
Parseval Regularization for Continual Reinforcement Learning,2024,2024.csv
Continuous Temporal Domain Generalization,2024,2024.csv
Analysis of Corrected Graph Convolutions,2024,2024.csv
UV-free Texture Generation with Denoising and Geodesic Heat Diffusion,2024,2024.csv
A Theoretical Perspective for Speculative Decoding Algorithm,2024,2024.csv
Frieren: Efficient Video-to-Audio Generation Network with Rectified Flow Matching,2024,2024.csv
Equivariant Machine Learning on Graphs with Nonlinear Spectral Filters,2024,2024.csv
RoME: A Robust Mixed-Effects Bandit Algorithm for Optimizing Mobile Health Interventions,2024,2024.csv
Query-Based Adversarial Prompt Generation,2024,2024.csv
GenArtist: Multimodal LLM as an Agent for Unified Image Generation and Editing,2024,2024.csv
Fine-grained Image-to-LiDAR Contrastive Distillation with Visual Foundation Models,2024,2024.csv
Stabilizing Zero-Shot Prediction: A Novel Antidote to Forgetting in Continual Vision-Language Tasks,2024,2024.csv
Regularized Adaptive Momentum Dual Averaging with an Efficient Inexact Subproblem Solver for Training Structured Neural Network,2024,2024.csv
A hierarchical decomposition for explaining ML performance discrepancies,2024,2024.csv
DistrictNet: Decision-aware learning for geographical districting,2024,2024.csv
Private Algorithms for Stochastic Saddle Points and Variational Inequalities: Beyond Euclidean Geometry,2024,2024.csv
ET-Flow: Equivariant Flow-Matching for Molecular Conformer Generation,2024,2024.csv
Spiking Token Mixer:  An event-driven friendly Former structure for spiking neural networks,2024,2024.csv
Graph Structure Inference with BAM: Neural Dependency Processing via Bilinear Attention,2024,2024.csv
Symmetric Linear Bandits with Hidden Symmetry,2024,2024.csv
Almost Minimax Optimal Best Arm Identification in Piecewise Stationary Linear Bandits,2024,2024.csv
An Image is Worth 32 Tokens for Reconstruction and Generation,2024,2024.csv
Ctrl-X: Controlling Structure and Appearance for Text-To-Image Generation Without Guidance,2024,2024.csv
Frustratingly Easy Test-Time Adaptation of Vision-Language Models,2024,2024.csv
Towards General Loop Invariant Generation: A Benchmark of Programs with Memory Manipulation,2024,2024.csv
CLAP4CLIP: Continual Learning with Probabilistic Finetuning for Vision-Language Models,2024,2024.csv
Automated Multi-Task Learning for Joint Disease Prediction on Electronic Health Records,2024,2024.csv
4D Gaussian Splatting in the Wild with Uncertainty-Aware Regularization,2024,2024.csv
REBORN: Reinforcement-Learned Boundary Segmentation with Iterative Training for Unsupervised ASR,2024,2024.csv
Learning Cortico-Muscular Dependence through Orthonormal Decomposition of Density Ratios,2024,2024.csv
Autobidder's Dilemma: Why More Sophisticated Autobidders Lead to Worse Auction Efficiency,2024,2024.csv
Controlling Counterfactual Harm in Decision Support Systems Based on Prediction Sets,2024,2024.csv
Sequoia: Scalable and Robust Speculative Decoding,2024,2024.csv
GSDF: 3DGS Meets SDF for Improved Neural Rendering and Reconstruction,2024,2024.csv
MAC Advice for facility location mechanism design,2024,2024.csv
Bandit-Feedback Online Multiclass Classification: Variants and Tradeoffs,2024,2024.csv
Many-shot Jailbreaking,2024,2024.csv
Regularized Q-Learning,2024,2024.csv
Fast yet Safe: Early-Exiting with Risk Control,2024,2024.csv
Semi-Random Matrix Completion via Flow-Based Adaptive Reweighting,2024,2024.csv
Geometry-aware training of factorized layers in tensor Tucker format,2024,2024.csv
Safe and Sparse Newton Method for Entropic-Regularized Optimal Transport,2024,2024.csv
Block Sparse Bayesian Learning: A Diversified Scheme,2024,2024.csv
How to Continually Adapt Text-to-Image Diffusion Models for Flexible Customization?,2024,2024.csv
An Efficient Memory Module for Graph Few-Shot Class-Incremental Learning,2024,2024.csv
Online Adaptation of Language Models with a Memory of Amortized Contexts,2024,2024.csv
AgentPoison: Red-teaming LLM Agents via Poisoning Memory or Knowledge Bases,2024,2024.csv
Simple and Effective Masked Diffusion Language Models,2024,2024.csv
Information Re-Organization Improves Reasoning in Large Language Models,2024,2024.csv
Ultrafast classical phylogenetic method beats large protein language models on variant effect prediction,2024,2024.csv
Activation Map Compression through Tensor Decomposition for Deep Learning,2024,2024.csv
DiffusionPDE: Generative PDE-Solving under Partial Observation,2024,2024.csv
Probing the Decision Boundaries of In-context Learning in Large Language Models,2024,2024.csv
shapiq: Shapley Interactions for Machine Learning,2024,2024.csv
Improved learning rates in multi-unit uniform price auctions,2024,2024.csv
B'MOJO: Hybrid State Space Realizations of Foundation Models with Eidetic and Fading Memory,2024,2024.csv
Online Posterior Sampling with a Diffusion Prior,2024,2024.csv
RTify: Aligning Deep Neural Networks with Human Behavioral Decisions,2024,2024.csv
Transductive Learning is Compact,2024,2024.csv
EpiCare: A Reinforcement Learning Benchmark for Dynamic Treatment Regimes,2024,2024.csv
Self-Guiding Exploration for Combinatorial Problems,2024,2024.csv
Minimizing UCB: a Better Local Search Strategy in Local Bayesian Optimization,2024,2024.csv
Achieving Constant Regret in Linear Markov Decision Processes,2024,2024.csv
Spectral Adapter: Fine-Tuning in Spectral Space,2024,2024.csv
Implicit Multimodal Alignment: On the Generalization of Frozen LLMs to Multimodal Inputs,2024,2024.csv
Expecting The Unexpected: Towards Broad Out-Of-Distribution Detection,2024,2024.csv
Unlocking the Capabilities of Masked Generative Models for Image Synthesis via Self-Guidance,2024,2024.csv
Bayesian Online Natural Gradient (BONG),2024,2024.csv
GREATS: Online Selection of High-Quality Data for LLM Training in Every Iteration,2024,2024.csv
Wormhole Loss for Partial Shape Matching,2024,2024.csv
Vidu4D: Single Generated Video to High-Fidelity 4D Reconstruction with Dynamic Gaussian Surfels,2024,2024.csv
Lumina-Next : Making Lumina-T2X Stronger and Faster with Next-DiT,2024,2024.csv
Parallelizing Model-based Reinforcement Learning Over the Sequence Length,2024,2024.csv
FreeLong: Training-Free Long Video Generation with SpectralBlend Temporal Attention,2024,2024.csv
LLMDFA: Analyzing Dataflow in Code with Large Language Models,2024,2024.csv
Compositional 3D-aware Video Generation with LLM Director,2024,2024.csv
Equivariant Blurring Diffusion for Hierarchical Molecular Conformer Generation,2024,2024.csv
Sharpness-Aware Minimization Activates the Interactive Teaching's Understanding and Optimization,2024,2024.csv
Nonparametric Instrumental Variable Regression through Stochastic Approximate Gradients,2024,2024.csv
Using Noise to Infer Aspects of Simplicity Without Learning,2024,2024.csv
Why Transformers Need Adam: A Hessian Perspective,2024,2024.csv
Energy-based Hopfield Boosting for Out-of-Distribution Detection,2024,2024.csv
Neglected Hessian component explains mysteries in sharpness regularization,2024,2024.csv
Transformers as Game Players: Provable In-context Game-playing Capabilities of Pre-trained Models,2024,2024.csv
RAW: A Robust and Agile Plug-and-Play Watermark Framework for AI-Generated Images with Provable Guarantees,2024,2024.csv
SDformer: Similarity-driven Discrete Transformer For Time Series Generation,2024,2024.csv
Scene Graph Generation with Role-Playing Large Language Models,2024,2024.csv
Parameter-Inverted Image Pyramid Networks,2024,2024.csv
Universal Sample Coding,2024,2024.csv
Exogenous Matching: Learning Good Proposals for Tractable Counterfactual Estimation,2024,2024.csv
Fast Graph Sharpness-Aware Minimization for Enhancing and Accelerating Few-Shot Node Classification,2024,2024.csv
A Topology-aware Graph Coarsening Framework for Continual Graph Learning,2024,2024.csv
Molecule Generation with Fragment Retrieval Augmentation,2024,2024.csv
Model Sensitivity Aware Continual Learning,2024,2024.csv
DataStealing: Steal Data from Diffusion Models in Federated Learning with Multiple Trojans,2024,2024.csv
Nonparametric Evaluation of Noisy ICA Solutions,2024,2024.csv
EigenVI: score-based variational inference with orthogonal function expansions,2024,2024.csv
Surge Phenomenon in Optimal Learning Rate and Batch Size Scaling,2024,2024.csv
Near-Minimax-Optimal Distributional Reinforcement Learning with a Generative Model,2024,2024.csv
Approximating mutual information of high-dimensional variables using learned representations,2024,2024.csv
Entropy testing and its application to testing Bayesian networks,2024,2024.csv
Reinforcement Learning Under Latent Dynamics: Toward Statistical and Algorithmic Modularity,2024,2024.csv
CNCA: Toward Customizable and Natural Generation of Adversarial Camouflage for Vehicle Detectors,2024,2024.csv
Erasing Undesirable Concepts in Diffusion Models with Adversarial Preservation,2024,2024.csv
Causal Context Adjustment Loss for Learned Image Compression,2024,2024.csv
WFCRL: A Multi-Agent Reinforcement Learning Benchmark for Wind Farm Control,2024,2024.csv
Learning-to-Cache: Accelerating Diffusion Transformer via Layer Caching,2024,2024.csv
Large Language Models Play StarCraft II:Benchmarks and A Chain of Summarization Approach,2024,2024.csv
Treatment of Statistical Estimation Problems in Randomized Smoothing for Adversarial Robustness,2024,2024.csv
Ex Uno Pluria: Insights on Ensembling in Low Precision Number Systems,2024,2024.csv
Discrete Flow Matching,2024,2024.csv
EnsIR: An Ensemble Algorithm for Image Restoration via Gaussian Mixture Models,2024,2024.csv
CODE: Contrasting Self-generated Description to Combat Hallucination in Large Multi-modal Models,2024,2024.csv
Uniform Last-Iterate Guarantee for Bandits and Reinforcement Learning,2024,2024.csv
Accelerating Diffusion Models with Parallel Sampling: Inference at Sub-Linear Time Complexity,2024,2024.csv
Enhancing LLM’s Cognition via Structurization,2024,2024.csv
Offline Oracle-Efficient Learning for Contextual MDPs via Layerwise Exploration-Exploitation Tradeoff,2024,2024.csv
Alleviating Distortion in Image Generation via Multi-Resolution Diffusion Models and Time-Dependent Layer Normalization,2024,2024.csv
Exploring the trade-off between deep-learning and explainable models for brain-machine interfaces,2024,2024.csv
Off-policy estimation with adaptively collected data: the power of online learning,2024,2024.csv
SAND: Smooth imputation of sparse and noisy functional data with Transformer networks,2024,2024.csv
EDT: An Efficient Diffusion Transformer Framework Inspired by Human-like Sketching,2024,2024.csv
Adaptive Randomized Smoothing: Certified Adversarial Robustness for Multi-Step Defences,2024,2024.csv
An Improved Empirical Fisher Approximation for Natural Gradient Descent,2024,2024.csv
The Benefits of Balance: From Information Projections to Variance Reduction,2024,2024.csv
Meta-Controller: Few-Shot Imitation of Unseen Embodiments and Tasks in Continuous Control,2024,2024.csv
Kernel PCA for Out-of-Distribution Detection,2024,2024.csv
"Bisimulation Metrics are Optimal Transport Distances, and Can be Computed Efficiently",2024,2024.csv
Computational Aspects of Bayesian Persuasion under Approximate Best Response,2024,2024.csv
Learning Where to Edit Vision Transformers,2024,2024.csv
Semantic Density: Uncertainty Quantification for Large Language Models through Confidence Measurement in Semantic Space,2024,2024.csv
"Understanding the Differences in Foundation Models: Attention, State  Space Models, and Recurrent Neural Networks",2024,2024.csv
Adam on Local Time: Addressing Nonstationarity in RL with Relative Adam Timesteps,2024,2024.csv
Beating Adversarial Low-Rank MDPs with Unknown Transition and Bandit Feedback,2024,2024.csv
Drago: Primal-Dual Coupled Variance Reduction for Faster Distributionally Robust Optimization,2024,2024.csv
Attack-Aware Noise Calibration for Differential Privacy,2024,2024.csv
Neural Combinatorial Optimization for Robust Routing Problem with Uncertain Travel Times,2024,2024.csv
CALE: Continuous Arcade Learning Environment,2024,2024.csv
Optimal Batched Best Arm Identification,2024,2024.csv
Metric Flow Matching for Smooth Interpolations on the Data Manifold,2024,2024.csv
Feature-Level Adversarial Attacks and Ranking Disruption for Visible-Infrared Person Re-identification,2024,2024.csv
Practical Bayesian Algorithm Execution via Posterior Sampling,2024,2024.csv
Unveiling the Potential of Robustness in Selecting Conditional Average Treatment Effect Estimators,2024,2024.csv
Intrinsic Robustness of Prophet Inequality to Strategic Reward Signaling,2024,2024.csv
Improving Environment Novelty Quantification for Effective Unsupervised Environment Design,2024,2024.csv
Evaluate then Cooperate: Shapley-based View Cooperation Enhancement for Multi-view Clustering,2024,2024.csv
The Bayesian sampling in a canonical recurrent circuit with a diversity of inhibitory interneurons,2024,2024.csv
PureGen: Universal Data Purification for Train-Time Poison Defense via Generative Model Dynamics,2024,2024.csv
Learning Generalized Linear Programming Value Functions,2024,2024.csv
"Unveil Benign Overfitting for Transformer in Vision: Training Dynamics, Convergence, and Generalization",2024,2024.csv
Avoiding Undesired Future with Minimal Cost in Non-Stationary Environments,2024,2024.csv
A Concept-Based Explainability Framework for Large Multimodal Models,2024,2024.csv
Learning to Balance Altruism and Self-interest Based on Empathy in Mixed-Motive Games,2024,2024.csv
UniIF: Unified Molecule Inverse Folding,2024,2024.csv
Towards Reliable Model Selection for Unsupervised Domain Adaptation: An Empirical Study and A Certified Baseline,2024,2024.csv
Noether's Razor: Learning Conserved Quantities,2024,2024.csv
Recurrent neural network dynamical systems for biological vision,2024,2024.csv
Quality-Improved and Property-Preserved Polarimetric Imaging via Complementarily Fusing,2024,2024.csv
"Fine-Tuning is Fine, if Calibrated",2024,2024.csv
Refusal in Language Models Is Mediated by a Single Direction,2024,2024.csv
UniGAD: Unifying Multi-level Graph Anomaly Detection,2024,2024.csv
X-Ray: A Sequential 3D Representation For Generation,2024,2024.csv
IncomeSCM: From tabular data set to time-series simulator and causal estimation benchmark,2024,2024.csv
Data subsampling for Poisson regression with pth-root-link,2024,2024.csv
Off-Dynamics Reinforcement Learning via Domain Adaptation and Reward Augmented Imitation,2024,2024.csv
Adaptive Visual Scene Understanding: Incremental Scene Graph Generation,2024,2024.csv
DenseFormer: Enhancing Information Flow in Transformers via Depth Weighted Averaging,2024,2024.csv
Prompt-Agnostic Adversarial Perturbation for Customized Diffusion Models,2024,2024.csv
Improving Generalization in Federated Learning with Model-Data Mutual Information Regularization: A Posterior Inference Approach,2024,2024.csv
Sharpness-diversity tradeoff: improving flat ensembles with SharpBalance,2024,2024.csv
AED: Adaptable Error Detection for Few-shot Imitation Policy,2024,2024.csv
Unchosen Experts Can Contribute Too: Unleashing MoE Models’ Power by Self-Contrast,2024,2024.csv
Towards Effective Planning Strategies for Dynamic Opinion Networks,2024,2024.csv
Efficient Discrepancy Testing for Learning with Distribution Shift,2024,2024.csv
Diffusion Imitation from Observation,2024,2024.csv
EAGLE: Efficient Adaptive Geometry-based Learning in Cross-view Understanding,2024,2024.csv
ActionAtlas: A VideoQA Benchmark for Domain-specialized Action Recognition,2024,2024.csv
Task-oriented Time Series Imputation Evaluation via Generalized Representers,2024,2024.csv
Linguistic Collapse: Neural Collapse in (Large) Language Models,2024,2024.csv
Mixture of Scales: Memory-Efficient Token-Adaptive Binarization for Large Language Models,2024,2024.csv
Transformers on Markov data: Constant depth suffices,2024,2024.csv
Token Merging for Training-Free Semantic Binding in Text-to-Image Synthesis,2024,2024.csv
ProTransformer: Robustify Transformers via Plug-and-Play Paradigm,2024,2024.csv
Diffusion Twigs with Loop Guidance for Conditional Graph Generation,2024,2024.csv
Partial Transportability for Domain Generalization,2024,2024.csv
Learning the Infinitesimal Generator of Stochastic Diffusion Processes,2024,2024.csv
Computing the Bias of Constant-step Stochastic Approximation with Markovian Noise,2024,2024.csv
InversionView: A General-Purpose Method for Reading Information from Neural Activations,2024,2024.csv
Learning to Reason Iteratively and Parallelly for Complex Visual Reasoning Scenarios,2024,2024.csv
FNP: Fourier Neural Processes for Arbitrary-Resolution Data Assimilation,2024,2024.csv
Bounds for the smallest eigenvalue of the NTK for arbitrary spherical data of arbitrary dimension,2024,2024.csv
An Analysis of Elo Rating Systems via Markov Chains,2024,2024.csv
Neural collapse vs. low-rank bias: Is deep neural collapse really optimal?,2024,2024.csv
Enhancing Diversity in Bayesian Deep Learning via Hyperspherical Energy Minimization of CKA,2024,2024.csv
Theoretical guarantees in KL for Diffusion Flow Matching,2024,2024.csv
Truth is Universal: Robust Detection of Lies in LLMs,2024,2024.csv
Improving the Learning Capability of Small-size Image Restoration Network by Deep Fourier Shifting,2024,2024.csv
Scalable Constrained Policy Optimization for Safe Multi-agent Reinforcement Learning,2024,2024.csv
VISA: Variational Inference with Sequential Sample-Average Approximations,2024,2024.csv
Amortized Eigendecomposition for Neural Networks,2024,2024.csv
AdaFlow: Imitation Learning with Variance-Adaptive Flow-Based Policies,2024,2024.csv
pcaGAN: Improving Posterior-Sampling cGANs via Principal Component Regularization,2024,2024.csv
Unified Guidance for Geometry-Conditioned Molecular Generation,2024,2024.csv
Off-Policy Selection for Initiating Human-Centric Experimental Design,2024,2024.csv
SemFlow: Binding Semantic Segmentation and Image Synthesis via Rectified Flow,2024,2024.csv
Closed-Loop Visuomotor Control with Generative Expectation for Robotic Manipulation,2024,2024.csv
Fisher Flow Matching for Generative Modeling over Discrete Data,2024,2024.csv
Novel Object Synthesis via Adaptive Text-Image Harmony,2024,2024.csv
Evaluating Copyright Takedown Methods for Language Models,2024,2024.csv
Scalable and Effective Arithmetic Tree Generation for Adder and Multiplier Designs,2024,2024.csv
Analysing the Generalisation and Reliability of Steering Vectors,2024,2024.csv
Adversarially Robust Multi-task Representation Learning,2024,2024.csv
Efficiency of the First-Price Auction in the Autobidding World,2024,2024.csv
Search for Efficient Large Language Models,2024,2024.csv
Query-Efficient Correlation Clustering with Noisy Oracle,2024,2024.csv
Visual Sketchpad: Sketching as a Visual Chain of Thought for Multimodal Language Models,2024,2024.csv
Recurrent neural networks: vanishing and exploding gradients are not the end of the story,2024,2024.csv
Visual Riddles: a Commonsense and World Knowledge Challenge for Large Vision and Language Models,2024,2024.csv
The Iterative Optimal Brain Surgeon: Faster Sparse Recovery by Leveraging Second-Order Information,2024,2024.csv
Fair GLASSO: Estimating Fair Graphical Models with Unbiased Statistical Behavior,2024,2024.csv
LG-VQ: Language-Guided Codebook Learning,2024,2024.csv
VCR-GauS: View Consistent Depth-Normal Regularizer for Gaussian Surface Reconstruction,2024,2024.csv
Nearly Optimal Approximation of Matrix Functions by the Lanczos Method,2024,2024.csv
Probing Social Bias in Labor Market Text Generation by ChatGPT: A Masked Language Model Approach,2024,2024.csv
OneRef:  Unified One-tower Expression Grounding and Segmentation with Mask Referring Modeling,2024,2024.csv
Learning Partitions from Context,2024,2024.csv
Speaking Your Language: Spatial Relationships in Interpretable Emergent Communication,2024,2024.csv
Rapid Plug-in Defenders,2024,2024.csv
Quantitative Convergences of Lie Group Momentum Optimizers,2024,2024.csv
An Offline Adaptation Framework for Constrained Multi-Objective Reinforcement Learning,2024,2024.csv
On Tractable $\Phi$-Equilibria in Non-Concave Games,2024,2024.csv
CARES: A Comprehensive Benchmark of Trustworthiness in Medical Vision Language Models,2024,2024.csv
A survey and benchmark of high-dimensional Bayesian optimization of discrete sequences,2024,2024.csv
MKGL: Mastery of a Three-Word Language,2024,2024.csv
MatFormer: Nested Transformer for Elastic Inference,2024,2024.csv
Reinforcement Learning Policy as Macro Regulator Rather than Macro Placer,2024,2024.csv
Connecting the Dots: LLMs can Infer and Verbalize Latent Structure from Disparate Training Data,2024,2024.csv
Penalty-based Methods for Simple Bilevel Optimization under Hölderian Error Bounds,2024,2024.csv
KptLLM: Unveiling the Power of Large Language Model for Keypoint Comprehension,2024,2024.csv
Recurrent Complex-Weighted Autoencoders for Unsupervised Object Discovery,2024,2024.csv
Hyperbolic Embeddings of Supervised Models,2024,2024.csv
A Unifying Normative Framework of Decision Confidence,2024,2024.csv
A Best-of-both-worlds Algorithm for Bandits with Delayed Feedback with Robustness to Excessive Delays,2024,2024.csv
End-to-End Video Semantic Segmentation in Adverse Weather using Fusion Blocks and Temporal-Spatial Teacher-Student Learning,2024,2024.csv
Propensity Score Alignment of Unpaired Multimodal Data,2024,2024.csv
Discovering Sparsity Allocation for  Layer-wise Pruning of Large Language Models,2024,2024.csv
A Compositional Atlas for Algebraic Circuits,2024,2024.csv
First-Order Methods for Linearly Constrained Bilevel Optimization,2024,2024.csv
DynaMITE-RL: A Dynamic Model for Improved Temporal Meta-Reinforcement Learning,2024,2024.csv
Optimal Hypothesis Selection in (Almost) Linear Time,2024,2024.csv
Neural Embeddings Rank: Aligning 3D latent dynamics with movements,2024,2024.csv
Iterative Methods via Locally Evolving Set Process,2024,2024.csv
