ID,Year,Title,Author,Abstract,DOI,URL
10.1145/3351095.3372879,2020,Auditing radicalization pathways on YouTube,"Ribeiro, Manoel Horta and Ottoni, Raphael and West, Robert and Almeida, Virg\'{\i}lio A. F. and Meira, Wagner","Non-profits, as well as the media, have hypothesized the existence of a radicalization pipeline on YouTube, claiming that users systematically progress towards more extreme content on the platform. Yet, there is to date no substantial quantitative evidence of this alleged pipeline. To close this gap, we conduct a large-scale audit of user radicalization on YouTube. We analyze 330,925 videos posted on 349 channels, which we broadly classified into four types: Media, the Alt-lite, the Intellectual Dark Web (I.D.W.), and the Alt-right. According to the aforementioned radicalization hypothesis, channels in the I.D.W. and the Alt-lite serve as gateways to fringe far-right ideology, here represented by Alt-right channels. Processing 72M+ comments, we show that the three channel types indeed increasingly share the same user base; that users consistently migrate from milder to more extreme content; and that a large percentage of users who consume Alt-right content now consumed Alt-lite and I.D.W. content in the past. We also probe YouTube's recommendation algorithm, looking at more than 2M video and channel recommendations between May/July 2019. We find that Alt-lite content is easily reachable from I.D.W. channels, while Alt-right videos are reachable only through channel recommendations. Overall, we paint a comprehensive picture of user radicalization on YouTube.",10.1145/3351095.3372879,https://doi-org.myaccess.library.utoronto.ca/10.1145/3351095.3372879
10.1145/3351095.3372843,2020,Bias in word embeddings,"Papakyriakopoulos, Orestis and Hegelich, Simon and Serrano, Juan Carlos Medina and Marco, Fabienne","Word embeddings are a widely used set of natural language processing techniques that map words to vectors of real numbers. These vectors are used to improve the quality of generative and predictive models. Recent studies demonstrate that word embeddings contain and amplify biases present in data, such as stereotypes and prejudice. In this study, we provide a complete overview of bias in word embeddings. We develop a new technique for bias detection for gendered languages and use it to compare bias in embeddings trained on Wikipedia and on political social media data. We investigate bias diffusion and prove that existing biases are transferred to further machine learning models. We test two techniques for bias mitigation and show that the generally proposed methodology for debiasing models at the embeddings level is insufficient. Finally, we employ biased word embeddings and illustrate that they can be used for the detection of similar biases in new data. Given that word embeddings are widely used by commercial companies, we discuss the challenges and required actions towards fair algorithmic implementations and applications.",10.1145/3351095.3372843,https://doi-org.myaccess.library.utoronto.ca/10.1145/3351095.3372843
10.1145/3351095.3372877,2020,Awareness in practice: tensions in access to sensitive attribute data for antidiscrimination,"Bogen, Miranda and Rieke, Aaron and Ahmed, Shazeda","Organizations cannot address demographic disparities that they cannot see. Recent research on machine learning and fairness has emphasized that awareness of sensitive attributes, such as race and sex, is critical to the development of interventions. However, on the ground, the existence of these data cannot be taken for granted.This paper uses the domains of employment, credit, and healthcare in the United States to surface conditions that have shaped the availability of sensitive attribute data. For each domain, we describe how and when private companies collect or infer sensitive attribute data for antidiscrimination purposes. An inconsistent story emerges: Some companies are required by law to collect sensitive attribute data, while others are prohibited from doing so. Still others, in the absence of legal mandates, have determined that collection and imputation of these data are appropriate to address disparities.This story has important implications for fairness research and its future applications. If companies that mediate access to life opportunities are unable or hesitant to collect or infer sensitive attribute data, then proposed techniques to detect and mitigate bias in machine learning models might never be implemented outside the lab. We conclude that today's legal requirements and corporate practices, while highly inconsistent across domains, offer lessons for how to approach the collection and inference of sensitive data in appropriate circumstances. We urge stakeholders, including machine learning practitioners, to actively help chart a path forward that takes both policy goals and technical needs into account.",10.1145/3351095.3372877,https://doi-org.myaccess.library.utoronto.ca/10.1145/3351095.3372877
10.1145/3351095.3372841,2020,Whose tweets are surveilled for the police: an audit of a social-media monitoring tool via log files,"Borradaile, Glencora and Burkhardt, Brett and LeClerc, Alexandria","Social media monitoring by law enforcement is becoming commonplace, but little is known about what software packages for it do. Through public records requests, we obtained log files from the Corvallis (Oregon) Police Department's use of social media monitoring software called DigitalStakeout. These log files include the results of proprietary searches by DigitalStakeout that were running over a period of 13 months and include 7240 social media posts. In this paper, we focus on the Tweets logged in this data and consider the racial and ethnic identity (through manual coding) of the users that are therein flagged by DigitalStakeout. We observe differences in the demographics of the users whose Tweets are flagged by DigitalStakeout compared to the demographics of the Twitter users in the region, however, our sample size is too small to determine significance. Further, the demographics of the Twitter users in the region do not seem to reflect that of the residents of the region, with an apparent higher representation of Black and Hispanic people. We also reconstruct the keywords related to a Narcotics report set up by DigitalStakeout for the Corvallis Police Department and find that these keywords flag Tweets unrelated to narcotics or flag Tweets related to marijuana, a drug that is legal for recreational use in Oregon. Almost all of the keywords have a common meaning unrelated to narcotics (e.g. broken, snow, hop, high) that call into question the utility that such a keyword based search could have to law enforcement.As social media monitoring is increasingly used for law enforcement purposes, racial biases in surveillance may contribute to existing racial disparities in law enforcement practices. We are hopeful that log files obtainable through public records request will shed light on the operation of these surveillance tools. There are challenges in auditing these tools: public records requests may go unfulfilled even if the data is available, social media platforms may not provide comparable data for comparison with surveillance data, demographics can be difficult to ascertain from social media and Institutional Review Boards may not understand how to weigh the ethical considerations involved in this type of research. We include in this paper a discussion of our experience in navigating these issues.",10.1145/3351095.3372841,https://doi-org.myaccess.library.utoronto.ca/10.1145/3351095.3372841
10.1145/3351095.3375682,2020,Manifesting the sociotechnical: experimenting with methods for social context and social justice,"Goss, Ezra and Hu, Lily and Sabin, Manuel and Teeple, Stephanie","Critiques of 'algorithmic fairness' have counseled against a purely technical approach. Recent work from the FAT* conference has warned specifically about abstracting away the social context that these automated systems are operating within and has suggested that ""[fairness work] require[s] technical researchers to learn new skills or partner with social scientists"" [Fairness and abstraction in sociotechnical systems, Selbst et al. 2019, FAT* '19]. That ""social context"" includes groups outside the academy organizing for data and/or tech justice (e.g., Allied Media Projects, Stop LAPD Spying Coalition, data4blacklives, etc). These struggles have deep historical roots but have become prominent in the past several years alongside broader citizen-science efforts. In this CRAFT session we as STEM researchers hope to initiate conversation about methods used by community organizers to analyze power relations present in that social context. We will take this time to learn together and discuss if/how these and other methods, collaborations and efforts can be used to actualize oft-mentioned critiques of algorithmic fairness and move toward a data justice-oriented approach.Many scholars and activists have spoken on how to approach social context when discussing algorithmic fairness interventions. Community organizing and attendant methods for power analysis present one such approach: documenting all stakeholders and entities relevant to an issue and the nature of the power differentials between them. The facilitators for this session are not experts in community organizing theory or practice. Instead, we will share what we have learned from our readings of decades of rich work and writings from community organizers. This session is a collective, interdisciplinary learning experience, open to all who see their interests as relevant to the conversation.We will open with a discussion of community organizing practice: What is community organizing, what are its goals, methods, past and ongoing examples? What disciplines and intellectual lineages does it draw from? We will incorporate key sources we have found helpful for synthesizing this knowledge so that participants can continue exposing themselves to the field after the conference. We will also consider the concept of social power, including power that the algorithmic fairness community holds. Noting that there are many ways to theorize and understand power, we will share the framings that have been most useful to us. We plan to present different tools, models and procedures for doing power analysis in various organizing settings.We will propose to our group that we conduct a power analysis of our own. We have prepared a hypothetical but realistic scenario involving risk assessment in a hospital setting as an example. However, we encourage participants to bring their own experiences to the table, especially if they pertain in any way to data injustice. We also invite participants to bring examples of ongoing organizing efforts with which algorithmic fairness researchers could act in solidarity. Participants will walk away from this session with 1) an understanding of the key terms and sources necessary to gain further exposure to these topics and 2) preliminary experience analyzing power in realistic, grounded scenarios.",10.1145/3351095.3375682,https://doi-org.myaccess.library.utoronto.ca/10.1145/3351095.3375682
10.1145/3351095.3375691,2020,"When not to design, build, or deploy","Barocas, Solon and Biega, Asia J. and Fish, Benjamin and Niklas, Jundefineddrzej and Stark, Luke","Recent debate within the FAT* community has focused on how the field conceptualizes the problems it seeks to address, what approach the field should take in attempting to address these problems, and whether the field should even pursue some of the proposed remedies. Questions regarding when not to design, build, or deploy a technology are perhaps the most common expression of this trend. Identifying the problems to address is inextricably linked to the broader question of how to collectively make decisions about what technologies our societies need and want.",10.1145/3351095.3375691,https://doi-org.myaccess.library.utoronto.ca/10.1145/3351095.3375691
10.1145/3442188.3445929,2021,Black Feminist Musings on Algorithmic Oppression,"Hampton, Lelia Marie","This paper uses a theory of oppression to ground and extend algorithmic oppression. Algorithmic oppression is then situated through a Black feminist lens part of which entails highlighting the double bind of technology. To reconcile algorithmic oppression with respect to the fairness, accountability, and transparency community, I critique the language of the community. Lastly, I place algorithmic oppression in a broader conversation of feminist science, technology, and society studies to ground the discussion of ways forward through abolition and empowering marginalized communities.",10.1145/3442188.3445929,https://doi-org.myaccess.library.utoronto.ca/10.1145/3442188.3445929
10.1145/3442188.3445864,2021,Price Discrimination with Fairness Constraints,"Cohen, Maxime C. and Elmachtoub, Adam N. and Lei, Xiao","Price discrimination - offering different prices to different customers - has become common practice. While it allows sellers to increase their profits, it also raises several concerns in terms of fairness. This topic has received extensive attention from media, industry, and regulatory agencies. In this paper, we consider the problem of setting prices for different groups under fairness constraints.In this paper, we propose a formal framework for pricing with fairness, including several definitions of fairness and their potential impact on consumers, sellers, and society at large. In a first step towards the ambitious agenda of designing pricing strategies that are fair, we consider the simplest scenario of a single-product seller facing consumers who can be partitioned into two groups based on a single, binary feature observable to the seller. For each group, we assume that the seller knows the valuation distribution and the population size. The seller's goal is to maximize profit by optimally selecting a price for each group, subject to a fairness constraint which may be self-imposed or explicitly enforced by laws and regulations.We first propose four definitions: fairness in price, demand, consumer surplus, and no-purchase valuation. With our model and definitions in place, we first show that satisfying all four fairness goals simultaneously is impossible unless the mean valuations are the same for both groups. In fact, even achieving two fairness measures simultaneously cannot be done in basic settings. We then consider the impact of imposing each fairness criterion separately, and identify conditions under which the consumer surplus and the social welfare increase or decrease. Under linear or exponential demand, we show that imposing a small amount of fairness in price or no-purchase valuation increases social welfare, whereas fairness in demand or surplus reduces social welfare. We fully characterize the impact of imposing different types of fairness for linear demand. We discover that imposing too much price fairness may result in a lower social welfare relative to imposing no price fairness. Imposing demand and surplus fairness always decreases social welfare. However, imposing no-purchase valuation fairness always increases social welfare. We also extend our results to the cases when there are multiple groups or there is an unprotected feature.Finally, we computationally show that most of our findings continue to hold for three common nonlinear demand models. Our results and insights provide a first step in understanding the impact of imposing fairness in the context of pricing.",10.1145/3442188.3445864,https://doi-org.myaccess.library.utoronto.ca/10.1145/3442188.3445864
10.1145/3442188.3445875,2021,Differential Tweetment: Mitigating Racial Dialect Bias in Harmful Tweet Detection,"Ball-Burack, Ari and Lee, Michelle Seng Ah and Cobbe, Jennifer and Singh, Jatinder","Automated systems for detecting harmful social media content are afflicted by a variety of biases, some of which originate in their training datasets. In particular, some systems have been shown to propagate racial dialect bias: they systematically classify content aligned with the African American English (AAE) dialect as harmful at a higher rate than content aligned with White English (WE). This perpetuates prejudice by silencing the Black community. Towards this problem we adapt and apply two existing bias mitigation approaches: preferential sampling pre-processing and adversarial debiasing in-processing. We analyse the impact of our interventions on model performance and propagated bias. We find that when bias mitigation is employed, a high degree of predictive accuracy is maintained relative to baseline, and in many cases bias against AAE in harmful tweet predictions is reduced. However, the specific effects of these interventions on bias and performance vary widely between dataset contexts. This variation suggests the unpredictability of autonomous harmful content detection outside of its development context. We argue that this, and the low performance of these systems at baseline, raise questions about the reliability and role of such systems in high-impact, real-world settings.",10.1145/3442188.3445875,https://doi-org.myaccess.library.utoronto.ca/10.1145/3442188.3445875
10.1145/3442188.3445896,2021,Re-imagining Algorithmic Fairness in India and Beyond,"Sambasivan, Nithya and Arnesen, Erin and Hutchinson, Ben and Doshi, Tulsee and Prabhakaran, Vinodkumar","Conventional algorithmic fairness is West-centric, as seen in its subgroups, values, and methods. In this paper, we de-center algorithmic fairness and analyse AI power in India. Based on 36 qualitative interviews and a discourse analysis of algorithmic deployments in India, we find that several assumptions of algorithmic fairness are challenged. We find that in India, data is not always reliable due to socio-economic factors, ML makers appear to follow double standards, and AI evokes unquestioning aspiration. We contend that localising model fairness alone can be window dressing in India, where the distance between models and oppressed communities is large. Instead, we re-imagine algorithmic fairness in India and provide a roadmap to re-contextualise data and models, empower oppressed communities, and enable Fair-ML ecosystems.",10.1145/3442188.3445896,https://doi-org.myaccess.library.utoronto.ca/10.1145/3442188.3445896
10.1145/3442188.3445905,2021,Designing Accountable Systems,"Kacianka, Severin and Pretschner, Alexander","Accountability is an often called for property of technical systems. It is a requirement for algorithmic decision systems, autonomous cyber-physical systems, and for software systems in general. As a concept, accountability goes back to the early history of Liberalism and is suggested as a tool to limit the use of power. This long history has also given us many, often slightly differing, definitions of accountability. The problem that software developers now face is to understand what accountability means for their systems and how to reflect it in a system's design. To enable the rigorous study of accountability in a system, we need models that are suitable for capturing such a varied concept. In this paper, we present a method to express and compare different definitions of accountability using Structural Causal Models. We show how these models can be used to evaluate a system's design and present a small use case based on an autonomous car.",10.1145/3442188.3445905,https://doi-org.myaccess.library.utoronto.ca/10.1145/3442188.3445905
10.1145/3442188.3445911,2021,Operationalizing Framing to Support Multiperspective Recommendations of Opinion Pieces,"Mulder, Mats and Inel, Oana and Oosterman, Jasper and Tintarev, Nava","Diversity in personalized news recommender systems is often defined as dissimilarity, and operationalized based on topic diversity (e.g., corona versus farmers strike). Diversity in news media, however, is understood as multiperspectivity (e.g., different opinions on corona measures), and arguably a key responsibility of the press in a democratic society. While viewpoint diversity is often considered synonymous with source diversity in communication science domain, in this paper, we take a computational view. We operationalize the notion of framing, adopted from communication science. We apply this notion to a re-ranking of topic-relevant recommended lists, to form the basis of a novel viewpoint diversification method. Our offline evaluation indicates that the proposed method is capable of enhancing the viewpoint diversity of recommendation lists according to a diversity metric from literature. In an online study, on the Blendle platform, a Dutch news aggregator, with more than 2000 users, we found that users are willing to consume viewpoint diverse news recommendations. We also found that presentation characteristics significantly influence the reading behaviour of diverse recommendations. These results suggest that future research on presentation aspects of recommendations can be just as important as novel viewpoint diversification methods to truly achieve multiperspectivity in online news environments.",10.1145/3442188.3445911,https://doi-org.myaccess.library.utoronto.ca/10.1145/3442188.3445911
10.1145/3442188.3445913,2021,Fair Clustering via Equitable Group Representations,"Abbasi, Mohsen and Bhaskara, Aditya and Venkatasubramanian, Suresh","What does it mean for a clustering to be fair? One popular approach seeks to ensure that each cluster contains groups in (roughly) the same proportion in which they exist in the population. The normative principle at play is balance: any cluster might act as a representative of the data, and thus should reflect its diversity.But clustering also captures a different form of representativeness. A core principle in most clustering problems is that a cluster center should be representative of the cluster it represents, by being ""close"" to the points associated with it. This is so that we can effectively replace the points by their cluster centers without significant loss in fidelity, and indeed is a common ""use case"" for clustering. For such a clustering to be fair, the centers should ""represent"" different groups equally well. We call such a clustering a group-representative clustering.In this paper, we study the structure and computation of group-representative clusterings. We show that this notion naturally parallels the development of fairness notions in classification, with direct analogs of ideas like demographic parity and equal opportunity. We demonstrate how these notions are distinct from and cannot be captured by balance-based notions of fairness. We present approximation algorithms for group representative k-median clustering and couple this with an empirical evaluation on various real-world data sets. We also extend this idea to facility location, motivated by the current problem of assigning polling locations for voting",10.1145/3442188.3445913,https://doi-org.myaccess.library.utoronto.ca/10.1145/3442188.3445913
10.1145/3442188.3445916,2021,Censorship of Online Encyclopedias: Implications for NLP Models,"Yang, Eddie and Roberts, Margaret E.","While artificial intelligence provides the backbone for many tools people use around the world, recent work has brought to attention that the algorithms powering AI are not free of politics, stereotypes, and bias. While most work in this area has focused on the ways in which AI can exacerbate existing inequalities and discrimination, very little work has studied how governments actively shape training data. We describe how censorship has affected the development of Wikipedia corpuses, text data which are regularly used for pre-trained inputs into NLP algorithms. We show that word embeddings trained on Baidu Baike, an online Chinese encyclopedia, have very different associations between adjectives and a range of concepts about democracy, freedom, collective action, equality, and people and historical events in China than its regularly blocked but uncensored counterpart - Chinese language Wikipedia. We examine the implications of these discrepancies by studying their use in downstream AI applications. Our paper shows how government repression, censorship, and self-censorship may impact training data and the applications that draw from them.",10.1145/3442188.3445916,https://doi-org.myaccess.library.utoronto.ca/10.1145/3442188.3445916
10.1145/3442188.3445925,2021,TILT: A GDPR-Aligned Transparency Information Language and Toolkit for Practical Privacy Engineering,"Gr\""{u}newald, Elias and Pallas, Frank","In this paper, we present TILT, a transparency information language and toolkit explicitly designed to represent and process transparency information in line with the requirements of the GDPR and allowing for a more automated and adaptive use of such information than established, legalese data protection policies do.We provide a detailed analysis of transparency obligations from the GDPR to identify the expressiveness required for a formal transparency language intended to meet respective legal requirements. In addition, we identify a set of further, non-functional requirements that need to be met to foster practical adoption in real-world (web) information systems engineering. On this basis, we specify our formal language and present a respective, fully implemented toolkit around it. We then evaluate the practical applicability of our language and toolkit and demonstrate the additional prospects it unlocks through two different use cases: a) the inter-organizational analysis of personal data-related practices allowing, for instance, to uncover data sharing networks based on explicitly announced transparency information and b) the presentation of formally represented transparency information to users through novel, more comprehensible, and potentially adaptive user interfaces, heightening data subjects' actual informedness about data-related practices and, thus, their sovereignty.Altogether, our transparency information language and toolkit allow - differently from previous work - to express transparency information in line with actual legal requirements and practices of modern (web) information systems engineering and thereby pave the way for a multitude of novel possibilities to heighten transparency and user sovereignty in practice.",10.1145/3442188.3445925,https://doi-org.myaccess.library.utoronto.ca/10.1145/3442188.3445925
10.1145/3442188.3445938,2021,An Action-Oriented AI Policy Toolkit for Technology Audits by Community Advocates and Activists,"Krafft, P. M. and Young, Meg and Katell, Michael and Lee, Jennifer E. and Narayan, Shankar and Epstein, Micah and Dailey, Dharma and Herman, Bernease and Tam, Aaron and Guetler, Vivian and Bintz, Corinne and Raz, Daniella and Jobe, Pa Ousman and Putz, Franziska and Robick, Brian and Barghouti, Bissan","Motivated by the extensive documented disparate harms of artificial intelligence (AI), many recent practitioner-facing reflective tools have been created to promote responsible AI development. However, the use of such tools internally by technology development firms addresses responsible AI as an issue of closed-door compliance rather than a matter of public concern. Recent advocate and activist efforts intervene in AI as a public policy problem, inciting a growing number of cities to pass bans or other ordinances on AI and surveillance technologies. In support of this broader ecology of political actors, we present a set of reflective tools intended to increase public participation in technology advocacy for AI policy action. To this end, the Algorithmic Equity Toolkit (the AEKit) provides a practical policy-facing definition of AI, a flowchart for assessing technologies against that definition, a worksheet for decomposing AI systems into constituent parts, and a list of probing questions that can be posed to vendors, policy-makers, or government agencies. The AEKit carries an action-orientation towards political encounters between community groups in the public and their representatives, opening up the work of AI reflection and remediation to multiple points of intervention. Unlike current reflective tools available to practitioners, our toolkit carries with it a politics of community participation and activism.",10.1145/3442188.3445938,https://doi-org.myaccess.library.utoronto.ca/10.1145/3442188.3445938
10.1145/3442188.3445939,2021,The Ethics of Emotion in Artificial Intelligence Systems,"Stark, Luke and Hoey, Jesse","In this paper, we develop a taxonomy of conceptual models and proxy data used for digital analysis of human emotional expression and outline how the combinations and permutations of these models and data impact their incorporation into artificial intelligence (AI) systems. We argue we should not take computer scientists at their word that the paradigms for human emotions they have developed internally and adapted from other disciplines can produce ground truth about human emotions; instead, we ask how different conceptualizations of what emotions are, and how they can be sensed, measured and transformed into data, shape the ethical and social implications of these AI systems.",10.1145/3442188.3445939,https://doi-org.myaccess.library.utoronto.ca/10.1145/3442188.3445939
10.1145/3442188.3445944,2021,When the Umpire is also a Player: Bias in Private Label Product Recommendations on E-commerce Marketplaces,"Dash, Abhisek and Chakraborty, Abhijnan and Ghosh, Saptarshi and Mukherjee, Animesh and Gummadi, Krishna P.","Algorithmic recommendations mediate interactions between millions of customers and products (in turn, their producers and sellers) on large e-commerce marketplaces like Amazon. In recent years, the producers and sellers have raised concerns about the fairness of black-box recommendation algorithms deployed on these marketplaces. Many complaints are centered around marketplaces biasing the algorithms to preferentially favor their own 'private label' products over competitors. These concerns are exacerbated as marketplaces increasingly de-emphasize or replace 'organic' recommendations with ad-driven 'sponsored' recommendations, which include their own private labels. While these concerns have been covered in popular press and have spawned regulatory investigations, to our knowledge, there has not been any public audit of these marketplace algorithms. In this study, we bridge this gap by performing an end-to-end systematic audit of related item recommendations on Amazon. We propose a network-centric framework to quantify and compare the biases across organic and sponsored related item recommendations. Along a number of our proposed bias measures, we find that the sponsored recommendations are significantly more biased toward Amazon private label products compared to organic recommendations. While our findings are primarily interesting to producers and sellers on Amazon, our proposed bias measures are generally useful for measuring link formation bias in any social or content networks.",10.1145/3442188.3445944,https://doi-org.myaccess.library.utoronto.ca/10.1145/3442188.3445944
10.1145/3531146.3533072,2022,#FuckTheAlgorithm: algorithmic imaginaries and political resistance,"Benjamin, Garfield","This paper applies and extends the concept of algorithmic imaginaries in the context of political resistance to sociotechnical injustice. Focusing on the 2020 UK OfQual protests, the role of the ”fuck the algorithm” chant is examined as an imaginary of resistance to confront power in sociotechnical systems. The protest is analysed as a shift in algorithmic imaginaries amidst evolving uses of #FuckTheAlgorithm on social media as part of everyday practices of resistance.",10.1145/3531146.3533072,https://doi-org.myaccess.library.utoronto.ca/10.1145/3531146.3533072
10.1145/3531146.3533077,2022,News from Generative Artificial Intelligence Is Believed Less,"Longoni, Chiara and Fradkin, Andrey and Cian, Luca and Pennycook, Gordon","Artificial Intelligence (AI) can generate text virtually indistinguishable from text written by humans. A key question, then, is whether people believe news headlines generated by AI as much as news headlines generated by humans. AI is viewed as lacking human motives and emotions, suggesting that people might view news written by AI as more accurate. By contrast, two pre-registered experiments on representative U.S. samples (N = 4,034) showed that people rated news headlines written by AI as less accurate than those written by humans. People were more likely to incorrectly rate news headlines written by AI (vs. a human) as inaccurate when they were actually true, and more likely to correctly rate them as inaccurate when they were indeed false. Our findings are important given the increasing adoption of AI in news generation, and the associated ethical and governance pressures to disclose it use and address standards of transparency and accountability.",10.1145/3531146.3533077,https://doi-org.myaccess.library.utoronto.ca/10.1145/3531146.3533077
10.1145/3531146.3533080,2022,What People Think AI Should Infer From Faces,"Engelmann, Severin and Ullstein, Chiara and Papakyriakopoulos, Orestis and Grossklags, Jens","Faces play an indispensable role in human social life. At present, computer vision artificial intelligence (AI) captures and interprets human faces for a variety of digital applications and services. The ambiguity of facial information has recently led to a debate among scholars in different fields about the types of inferences AI should make about people based on their facial looks. AI research often justifies facial AI inference-making by referring to how people form impressions in first-encounter scenarios. Critics raise concerns about bias and discrimination and warn that facial analysis AI resembles an automated version of physiognomy. What has been missing from this debate, however, is an understanding of how “non-experts” in AI ethically evaluate facial AI inference-making. In a two-scenario vignette study with 24 treatment groups, we show that non-experts (N = 3745) reject facial AI inferences such as trustworthiness and likability from portrait images in a low-stake advertising and a high-stake hiring context. In contrast, non-experts agree with facial AI inferences such as skin color or gender in the advertising but not the hiring decision context. For each AI inference, we ask non-experts to justify their evaluation in a written response. Analyzing 29,760 written justifications, we find that non-experts are either “evidentialists” or “pragmatists”: they assess the ethical status of a facial AI inference based on whether they think faces warrant sufficient or insufficient evidence for an inference (evidentialist justification) or whether making the inference results in beneficial or detrimental outcomes (pragmatist justification). Non-experts’ justifications underscore the normative complexity behind facial AI inference-making. AI inferences with insufficient evidence can be rationalized by considerations of relevance while irrelevant inferences can be justified by reference to sufficient evidence. We argue that participatory approaches contribute valuable insights for the development of ethical AI in an increasingly visual data culture.",10.1145/3531146.3533080,https://doi-org.myaccess.library.utoronto.ca/10.1145/3531146.3533080
10.1145/3531146.3533102,2022,An Outcome Test of Discrimination for Ranked Lists,"Roth, Jonathan and Saint-Jacques, Guillaume and Yu, YinYin","This paper extends Becker [3]’s outcome test of discrimination to settings where a (human or algorithmic) decision-maker produces a ranked list of candidates. Ranked lists are particularly relevant in the context of online platforms that produce search results or feeds, and also arise when human decisionmakers express ordinal preferences over a list of candidates. We show that non-discrimination implies a system of moment inequalities, which intuitively impose that one cannot permute the position of a lower-ranked candidate from one group with a higher-ranked candidate from a second group and systematically improve the objective. Moreover, we show that that these moment inequalities are the only testable implications of non-discrimination when the auditor observes only outcomes and group membership by rank. We show how to statistically test the implied inequalities, and validate our approach in an application using data from LinkedIn.1",10.1145/3531146.3533102,https://doi-org.myaccess.library.utoronto.ca/10.1145/3531146.3533102
10.1145/3531146.3533114,2022,Are “Intersectionally Fair” AI Algorithms Really Fair to Women of Color? A Philosophical Analysis,"Kong, Youjin","A growing number of studies on fairness in artificial intelligence (AI) use the notion of intersectionality to measure AI fairness. Most of these studies take intersectional fairness to be a matter of statistical parity among intersectional subgroups: an AI algorithm is “intersectionally fair” if the probability of the outcome is roughly the same across all subgroups defined by different combinations of the protected attributes. This paper identifies and examines three fundamental problems with this dominant interpretation of intersectional fairness in AI. First, the dominant approach is so preoccupied with the intersection of attributes/categories (e.g., race, gender) that it fails to address the intersection of oppression (e.g., racism, sexism), which is more central to intersectionality as a critical framework. Second, the dominant approach faces a dilemma between infinite regress and fairness gerrymandering: it either keeps splitting groups into smaller subgroups or arbitrarily selects protected groups. Lastly, the dominant view fails to capture what it really means for AI algorithms to be fair, in terms of both distributive and non-distributive fairness. I distinguish a strong sense of AI fairness from a weak sense that is prevalent in the literature, and conclude by envisioning paths towards strong intersectional fairness in AI.",10.1145/3531146.3533114,https://doi-org.myaccess.library.utoronto.ca/10.1145/3531146.3533114
10.1145/3531146.3533117,2022,Language variation and algorithmic bias: understanding algorithmic bias in British English automatic speech recognition,"Markl, Nina","All language is characterised by variation which language users employ to construct complex social identities and express social meaning. Like other machine learning technologies, speech and language technologies (re)produce structural oppression when they perform worse for marginalised language communities. Using knowledge and theories from sociolinguistics, I explore why commercial automatic speech recognition systems and other language technologies perform significantly worse for already marginalised populations, such as second-language speakers and speakers of stigmatised varieties of English in the British Isles. Situating language technologies within the broader scholarship around algorithmic bias, consider the allocative and representational harms they can cause even (and perhaps especially) in systems which do not exhibit predictive bias, narrowly defined as differential performance between groups. This raises the question whether addressing or “fixing” this “bias” is actually always equivalent to mitigating the harms algorithmic systems can cause, in particular to marginalised communities.",10.1145/3531146.3533117,https://doi-org.myaccess.library.utoronto.ca/10.1145/3531146.3533117
10.1145/3531146.3533143,2022,Behavioral Use Licensing for Responsible AI,"Contractor, Danish and McDuff, Daniel and Haines, Julia Katherine and Lee, Jenny and Hines, Christopher and Hecht, Brent and Vincent, Nicholas and Li, Hanlin","With the growing reliance on artificial intelligence (AI) for many different applications, the sharing of code, data, and models is important to ensure the replicability and democratization of scientific knowledge. Many high-profile academic publishing venues expect code and models to be submitted and released with papers. Furthermore, developers often want to release these assets to encourage development of technology that leverages their frameworks and services. A number of organizations have expressed concerns about the inappropriate or irresponsible use of AI and have proposed ethical guidelines around the application of such systems. While such guidelines can help set norms and shape policy, they are not easily enforceable. In this paper, we advocate the use of licensing to enable legally enforceable behavioral use conditions on software and code and provide several case studies that demonstrate the feasibility of behavioral use licensing. We envision how licensing may be implemented in accordance with existing responsible AI guidelines.",10.1145/3531146.3533143,https://doi-org.myaccess.library.utoronto.ca/10.1145/3531146.3533143
10.1145/3531146.3533144,2022,Exploring the Role of Grammar and Word Choice in Bias Toward African American English (AAE) in Hate Speech Classification,"Harris, Camille and Halevy, Matan and Howard, Ayanna and Bruckman, Amy and Yang, Diyi","Language usage on social media varies widely even within the context of American English. Despite this, the majority of natural language processing systems are trained only on “Standard American English,” or SAE, the construction of English most prominent among white Americans. For hate speech classification, prior work has shown that African American English (AAE) is more likely to be misclassified as hate speech. This has harmful implications for Black social media users as it reinforces and exacerbates existing notions of anti-Black racism. While past work has highlighted the relationship between AAE and hate speech classification, no work has explored the linguistic characteristics of AAE that lead to misclassification. Our work uses Twitter datasets for AAE dialect and hate speech classifiers to explore the fine-grained relationship between specific characteristics of AAE such as word choice and grammatical features and hate speech predictions. We further investigate these biases by removing profanity and examining the influence of four aspects of AAE grammar that are distinct from SAE. Results show that removing profanity accounts for a roughly 20 to 30\% reduction in the percentage of samples classified as ’hate’ ’abusive’ or ’offensive,’ and that similar classification patterns are observed regardless of grammar categories.",10.1145/3531146.3533144,https://doi-org.myaccess.library.utoronto.ca/10.1145/3531146.3533144
10.1145/3531146.3533146,2022,Fair Representation Clustering with Several Protected Classes,"Dai, Zhen and Makarychev, Yury and Vakilian, Ali","We study the problem of fair k-median where each cluster is required to have a fair representation of individuals from different groups. In the fair representation k-median problem, we are given a set of points X in a metric space. Each point x ∈ X belongs to one of ℓ groups. Further, we are given fair representation parameters αj and βj for each group j ∈ [ℓ]. We say that a k-clustering C1, ⋅⋅⋅, Ck fairly represents all groups if the number of points from group j in cluster Ci is between αj|Ci| and βj|Ci| for every j ∈ [ℓ] and i ∈ [k]. The goal is to find a set of k centers and an assignment such that the clustering defined by fairly represents all groups and minimizes the ℓ1-objective ∑x ∈ Xd(x, ϕ(x)). We present an O(log k)-approximation algorithm that runs in time nO(ℓ). Note that the known algorithms for the problem either (i) violate the fairness constraints by an additive term or (ii) run in time that is exponential in both k and ℓ. We also consider an important special case of the problem where and for all j ∈ [ℓ]. For this special case, we present an O(log k)-approximation algorithm that runs in time.",10.1145/3531146.3533146,https://doi-org.myaccess.library.utoronto.ca/10.1145/3531146.3533146
10.1145/3531146.3533151,2022,Promoting Ethical Awareness in Communication Analysis: Investigating Potentials and Limits of Visual Analytics for Intelligence Applications,"Fischer, Maximilian T. and Hirsbrunner, Simon David and Jentner, Wolfgang and Miller, Matthias and Keim, Daniel A. and Helm, Paula","Digital systems for analyzing human communication data have become prevalent in recent years. This may be related to the increasing abundance of data that can be harnessed but can hardly be managed manually. Intelligence analysis of communications data in investigative journalism, criminal intelligence, and law present particularly interesting cases, as they must take into account the often highly sensitive properties of the underlying operations and data. At the same time, these are areas where increasingly automated, sophisticated approaches and tailored systems can be particularly useful and relevant, especially in terms of Big Data manageability. However, by the shifting of responsibilities, this also poses dangers. In addition to privacy concerns, these dangers relate to uncertain or poor data quality, leading to discrimination and potentially misleading insights. Other problems relate to a lack of transparency and traceability, making it difficult to accurately identify problems and determine appropriate remedial strategies. Visual analytics combines machine learning methods with interactive visual interfaces to enable human sense- and decision-making. This technique can be key for designing and operating meaningful interactive communication analysis systems that consider these ethical challenges. In this interdisciplinary work, a joint endeavor of computer scientists, ethicists, and scholars in Science \&amp; Technology Studies, we investigate and evaluate opportunities and risks involved in using Visual analytics approaches for communication analysis in intelligence applications in particular. We introduce, at first, the common technological systems used in communication analysis, with a special focus on intelligence analysis in criminal investigations, further discussing the domain-specific ethical implications, tensions, and risks involved. We then make the case of how tailored Visual Analytics approaches may reduce and mitigate the described problems, both theoretically and through practical examples. Offering interactive analysis capabilities and what-if explorations while facilitating guidance, provenance generation, and bias awareness (through nudges, for example) can improve analysts’ understanding of their data, increasing trustworthiness, accountability, and generating knowledge. We show that finding Visual Analytics design solutions for ethical issues is not a mere optimization task with an ideal final solution. Design solutions for specific ethical problems (e.g., privacy) often trigger new ethical issues (e.g., accountability) in other areas. Balancing out and negotiating these trade-offs has, as we argue, to be an integral aspect of the system design process from the outset. Finally, our work identifies existing gaps and highlights research opportunities, further describing how our results can be transferred to other domains. With this contribution, we aim at informing more ethically-aware approaches to communication analysis in intelligence operations.",10.1145/3531146.3533151,https://doi-org.myaccess.library.utoronto.ca/10.1145/3531146.3533151
10.1145/3531146.3533156,2022,German AI Start-Ups and “AI Ethics”: Using A Social Practice Lens for Assessing and Implementing Socio-Technical Innovation,"Sloane, Mona and Zakrzewski, Janina","The current AI ethics discourse focuses on developing computational interpretations of ethical concerns, normative frameworks, and concepts for socio-technical innovation. There is less emphasis on understanding how AI practitioners themselves understand ethics and socially organize to operationalize ethical concerns. This is particularly true for AI start-ups, despite their significance as a conduit for the cultural production of innovation and progress, especially in the US and European context. This gap in empirical research intensifies the risk of a disconnect between scholarly research, innovation and application. This risk materializes acutely as mounting pressures to identify and mitigate the potential harms of AI systems have created an urgent need to rapidly assess and implement socio-technical innovation focused on fairness, accountability, and transparency. In this paper, we address this need. Building on social practice theory, we propose a framework that allows AI researchers, practitioners, and regulators to systematically analyze existing cultural understandings, histories, and social practices of “ethical AI” to define appropriate strategies for effectively implementing socio-technical innovations. We argue that this approach is needed because socio-technical innovation “sticks” better if it sustains the cultural meaning of socially shared (ethical) AI practices, rather than breaking them. By doing so, it creates pathways for technical and socio-technical innovations to be integrated into already existing routines. Against that backdrop, our contributions are threefold: (1) we introduce a practice-based approach for understanding “ethical AI”; (2) we present empirical findings from our study on the operationalization of “ethics” in German AI start-ups to underline that AI ethics and social practices must be understood in their specific cultural and historical contexts; and (3) based on our empirical findings, suggest that “ethical AI” practices can be broken down into principles, needs, narratives, materializations, and cultural genealogies to form a useful backdrop for considering socio-technical innovations. We conclude with critical reflections and practical implications of our work, as well as recommendations for future research.",10.1145/3531146.3533156,https://doi-org.myaccess.library.utoronto.ca/10.1145/3531146.3533156
10.1145/3531146.3533158,2022,The Fallacy of AI Functionality,"Raji, Inioluwa Deborah and Kumar, I. Elizabeth and Horowitz, Aaron and Selbst, Andrew","Deployed AI systems often do not work. They can be constructed haphazardly, deployed indiscriminately, and promoted deceptively. However, despite this reality, scholars, the press, and policymakers pay too little attention to functionality. This leads to technical and policy solutions focused on “ethical” or value-aligned deployments, often skipping over the prior question of whether a given system functions, or provides any benefits at all. To describe the harms of various types of functionality failures, we analyze a set of case studies to create a taxonomy of known AI functionality issues. We then point to policy and organizational responses that are often overlooked and become more readily available once functionality is drawn into focus. We argue that functionality is a meaningful AI policy challenge, operating as a necessary first step towards protecting affected communities from algorithmic harm.",10.1145/3531146.3533158,https://doi-org.myaccess.library.utoronto.ca/10.1145/3531146.3533158
10.1145/3531146.3533159,2022,"Female, white, 27? Bias Evaluation on Data and Algorithms for Affect Recognition in Faces","Pahl, Jaspar and Rieger, Ines and M\""{o}ller, Anna and Wittenberg, Thomas and Schmid, Ute","Nowadays, Artificial Intelligence (AI) algorithms show a strong performance for many use cases, making them desirable for real-world scenarios where the algorithms provide high-impact decisions. However, one major drawback of AI algorithms is their susceptibility to bias and resulting unfairness. This has a huge influence for their application, as they have a higher failure rate for certain subgroups. In this paper, we focus on the field of affective computing and particularly on the detection of bias for facial expressions. Depending on the deployment scenario, bias in facial expression models can have a disadvantageous impact and it is therefore essential to evaluate the bias and limitations of the model. In order to analyze the metadata distribution in affective computing datasets, we annotate several benchmark training datasets, containing both Action Units and categorical emotions, with age, gender, ethnicity, glasses, and beards. We show that there is a significantly skewed distribution, particularly for ethnicity and age. Based on this metadata annotation, we evaluate two trained state-of-the-art affective computing algorithms. Our evaluation shows that the strongest bias is in age, with the best performance for persons under 34 and a sharp decrease for older persons. Furthermore, we see an ethnicity bias with varying direction depending on the algorithm, a slight gender bias and worse performance for facial parts occluded by glasses.",10.1145/3531146.3533159,https://doi-org.myaccess.library.utoronto.ca/10.1145/3531146.3533159
10.1145/3531146.3533161,2022,"Subverting machines, fluctuating identities: Re-learning human categorization","Lu, Christina and Kay, Jackie and McKee, Kevin","Most machine learning systems that interact with humans construct some notion of a person’s “identity,” yet the default paradigm in AI research envisions identity with essential attributes that are discrete and static. In stark contrast, strands of thought within critical theory present a conception of identity as malleable and constructed entirely through interaction; a doing rather than a being. In this work, we distill some of these ideas for machine learning practitioners and introduce a theory of identity as autopoiesis, circular processes of formation and function. We argue that the default paradigm of identity used by the field immobilizes existing identity categories and the power differentials that co-occur, due to the absence of iterative feedback to our models. This includes a critique of emergent AI fairness practices that continue to impose the default paradigm. Finally, we apply our theory to sketch approaches to autopoietic identity through multilevel optimization and relational learning. While these ideas raise many open questions, we imagine the possibilities of machines that are capable of expressing human identity as a relationship perpetually in flux.",10.1145/3531146.3533161,https://doi-org.myaccess.library.utoronto.ca/10.1145/3531146.3533161
10.1145/3531146.3533186,2022,The Algorithmic Imprint,"Ehsan, Upol and Singh, Ranjit and Metcalf, Jacob and Riedl, Mark","When algorithmic harms emerge, a reasonable response is to stop using the algorithm to resolve concerns related to fairness, accountability, transparency, and ethics (FATE). However, just because an algorithm is removed does not imply its FATE-related issues cease to exist. In this paper, we introduce the notion of the “algorithmic imprint” to illustrate how merely removing an algorithm does not necessarily undo or mitigate its consequences. We operationalize this concept and its implications through the 2020 events surrounding the algorithmic grading of the General Certificate of Education (GCE) Advanced (A) Level exams, an internationally recognized UK-based high school diploma exam administered in over 160 countries. While the algorithmic standardization was ultimately removed due to global protests, we show how the removal failed to undo the algorithmic imprint on the sociotechnical infrastructures that shape students’, teachers’, and parents’ lives. These events provide a rare chance to analyze the state of the world both with and without algorithmic mediation. We situate our case study in Bangladesh to illustrate how algorithms made in the Global North disproportionately impact stakeholders in the Global South. Chronicling more than a year-long community engagement consisting of 47 interviews, we present the first coherent timeline of “what” happened in Bangladesh, contextualizing “why” and “how” they happened through the lenses of the algorithmic imprint and situated algorithmic fairness. Analyzing these events, we highlight how the contours of the algorithmic imprints can be inferred at the infrastructural, social, and individual levels. We share conceptual and practical implications around how imprint-awareness can (a) broaden the boundaries of how we think about algorithmic impact, (b) inform how we design algorithms, and (c) guide us in AI governance. The imprint-aware design mindset can make the algorithmic development process more human-centered and sociotechnically-informed.",10.1145/3531146.3533186,https://doi-org.myaccess.library.utoronto.ca/10.1145/3531146.3533186
10.1145/3531146.3533190,2022,The Case for a Legal Compliance API for the Enforcement of the EU’s Digital Services Act on Social Media Platforms,"Goanta, Catalina and Bertaglia, Thales and Iamnitchi, Adriana","In the course of under a year, the European Commission has launched some of the most important regulatory proposals to date on platform governance. The Commission’s goals behind cross-sectoral regulation of this sort include the protection of markets and democracies alike. While all these acts propose sophisticated rules for setting up new enforcement institutions and procedures, one aspect remains highly unclear: how digital enforcement will actually take place in practice. Focusing on the Digital Services Act (DSA), this discussion paper critically addresses issues around social media data access for the purpose of digital enforcement and proposes the use of a legal compliance application programming interface (API) as a means to facilitate compliance with the DSA and complementary European and national regulation. To contextualize this discussion, the paper pursues two scenarios that exemplify the harms arising out of content monetization affecting a particularly vulnerable category of social media users: children. The two scenarios are used to further reflect upon essential issues surrounding data access and legal compliance with the DSA and further applicable legal standards in the field of labour and consumer law.",10.1145/3531146.3533190,https://doi-org.myaccess.library.utoronto.ca/10.1145/3531146.3533190
10.1145/3531146.3533202,2022,How Explainability Contributes to Trust in AI,"Ferrario, Andrea and Loi, Michele","We provide a philosophical explanation of the relation between artificial intelligence (AI) explainability and trust in AI, providing a case for expressions, such as “explainability fosters trust in AI,” that commonly appear in the literature. This explanation relates the justification of the trustworthiness of an AI with the need to monitor it during its use. We discuss the latter by referencing an account of trust, called “trust as anti-monitoring,” that different authors contributed developing. We focus our analysis on the case of medical AI systems, noting that our proposal is compatible with internalist and externalist justifications of trustworthiness of medical AI and recent accounts of warranted contractual trust. We propose that “explainability fosters trust in AI” if and only if it fosters justified and warranted paradigmatic trust in AI, i.e., trust in the presence of the justified belief that the AI is trustworthy, which, in turn, causally contributes to rely on the AI in the absence of monitoring. We argue that our proposed approach can intercept the complexity of the interactions between physicians and medical AI systems in clinical practice, as it can distinguish between cases where humans hold different beliefs on the trustworthiness of the medical AI and exercise varying degrees of monitoring on them. Finally, we apply our account to user’s trust in AI, where, we argue, explainability does not contribute to trust. By contrast, when considering public trust in AI as used by a human, we argue, it is possible for explainability to contribute to trust. Our account can explain the apparent paradox that in order to trust AI, we must trust AI users not to trust AI completely. Summing up, we can explain how explainability contributes to justified trust in AI, without leaving a reliabilist framework, but only by redefining the trusted entity as an AI-user dyad.",10.1145/3531146.3533202,https://doi-org.myaccess.library.utoronto.ca/10.1145/3531146.3533202
10.1145/3531146.3533205,2022,"Justice in Misinformation Detection Systems: An Analysis of Algorithms, Stakeholders, and Potential Harms","Neumann, Terrence and De-Arteaga, Maria and Fazelpour, Sina","Faced with the scale and surge of misinformation on social media, many platforms and fact-checking organizations have turned to algorithms for automating key parts of misinformation detection pipelines. While offering a promising solution to the challenge of scale, the ethical and societal risks associated with algorithmic misinformation detection are not well-understood. In this paper, we employ and extend upon the notion of informational justice to develop a framework for explicating issues of justice relating to representation, participation, distribution of benefits and burdens, and credibility in the misinformation detection pipeline. Drawing on the framework: (1) we show how injustices materialize for stakeholders across three algorithmic stages in the pipeline; (2) we suggest empirical measures for assessing these injustices; and (3) we identify potential sources of these harms. This framework should help researchers, policymakers, and practitioners reason about potential harms or risks associated with these algorithms and provide conceptual guidance for the design of algorithmic fairness audits in this domain.",10.1145/3531146.3533205,https://doi-org.myaccess.library.utoronto.ca/10.1145/3531146.3533205
10.1145/3531146.3533216,2022,Assessing Annotator Identity Sensitivity via Item Response Theory: A Case Study in a Hate Speech Corpus,"Sachdeva, Pratik S. and Barreto, Renata and von Vacano, Claudia and Kennedy, Chris J.","Content Warning: This paper contains content considered profane, hateful, and offensive. Annotators, by labeling data samples, play an essential role in the production of machine learning datasets. Their role is increasingly prevalent for more complex tasks such as hate speech or disinformation classification, where labels may be particularly subjective, as evidenced by low inter-annotator agreement statistics. Annotators may exhibit observable differences in their labeling patterns when grouped by their self-reported demographic identities, such as race, gender, etc. We frame these patterns as annotator identity sensitivities, referring to an annotator’s increased likelihood of assigning a particular label on a data sample, conditional on a self-reported identity group. We purposefully refrain from using the term annotator bias, which we argue is problematic terminology in such subjective scenarios. Since annotator identity sensitivities can play a role in the patterns learned by machine learning algorithms, quantifying and characterizing them is of paramount importance for fairness and accountability in machine learning. In this work, we utilize item response theory (IRT), a methodological approach developed for measurement theory, to quantify annotator identity sensitivity. IRT models can be constructed to incorporate diverse factors that influence a label on a specific data sample, such as the data sample itself, the annotator, and the labeling instrument’s wording and response options. An IRT model captures the contributions of these facets to the label via a latent-variable probabilistic model, thereby allowing the direct quantification of annotator sensitivity. As a case study, we examine a hate speech corpus containing over 50,000 social media comments from Reddit, YouTube, and Twitter, rated by 10,000 annotators on 10 components of hate speech (e.g., sentiment, respect, violence, dehumanization, etc.). We leverage three different IRT techniques which are complementary in that they quantify sensitivity from different perspectives: separated measurements, annotator-level interactions, and group-level interactions. We use these techniques to assess whether an annotator’s racial identity is associated with their ratings on comments that target different racial identities. We find that, after controlling for the estimated hatefulness of social media comments, annotators tended to be more sensitive when rating comments targeting a group they identify with. Specifically, annotators were more likely to rate comments targeting their own racial identity as possessing elements of hate speech. Our results identify a correspondence between annotator identity and the target identity of hate speech comments, and provide a set of tools that can assess annotator identity sensitivity in machine learning datasets at large.",10.1145/3531146.3533216,https://doi-org.myaccess.library.utoronto.ca/10.1145/3531146.3533216
10.1145/3531146.3533217,2022,Surfacing Racial Stereotypes through Identity Portrayal,"Kambhatla, Gauri and Stewart, Ian and Mihalcea, Rada","Content warning: this paper discusses and contains content that may be offensive or upsetting.People express racial stereotypes through conversations with others, increasingly in a digital format; as a result, the ability to computationally identify racial stereotypes could be beneficial to help mitigate some of the harmful effects of stereotyping. In this work, we seek to better understand how we can computationally surface racial stereotypes in text by identifying linguistic features associated with differences in racial identity portrayal, focused on two races (Black and White). We collect novel data of individuals’ self-presentation via crowdsourcing, where each crowdworker answers a set of prompts from their own perspective (real identity), and from the perspective of another racial identity (portrayed identity), keeping the gender constant. We use these responses as a dataset to identify stereotypes. Through a series of experiments based on classifications between real and portrayed identities, we show that generalizations and stereotypes appear to be more prevalent amongst white participants than black participants. Through analyses of predictive words and word usage patterns, we find that some of the most predictive features of an author portraying a different racial identity are known stereotypes, and reveal how people of different identities see themselves and others.",10.1145/3531146.3533217,https://doi-org.myaccess.library.utoronto.ca/10.1145/3531146.3533217
10.1145/3531146.3533219,2022,Characterizing Properties and Trade-offs of Centralized Delegation Mechanisms in Liquid Democracy,"Brubach, Brian and Ballarin, Audrey and Nazeer, Heeba","Liquid democracy is a form of transitive delegative democracy that has received a flurry of scholarly attention from the computer science community in recent years. In its simplest form, every agent starts with one vote and may have other votes assigned to them via delegation from other agents. They can choose to delegate all votes assigned to them to another agent or vote directly with all votes assigned to them. However, many proposed realizations of liquid democracy allow for agents to express their delegation/voting preferences in more complex ways (e.g., a ranked list of potential delegates) and employ a centralized delegation mechanism to compute the final vote tally. In doing so, centralized delegation mechanisms can make decisions that affect the outcome of a vote and where/whether agents are able to delegate their votes. Much of the analysis thus far has focused on the ability of these mechanisms to make a correct choice. We extend this analysis by introducing and formalizing other important properties of a centralized delegation mechanism in liquid democracy with respect to crucial features such as accountability, transparency, explainability, fairness, and user agency. In addition, we evaluate existing methods in terms of these properties, show how some prior work can be augmented to achieve desirable properties, prove impossibility results for achieving certain sets of properties simultaneously, and highlight directions for future work.",10.1145/3531146.3533219,https://doi-org.myaccess.library.utoronto.ca/10.1145/3531146.3533219
10.1145/3531146.3533221,2022,Human-Algorithm Collaboration: Achieving Complementarity and Avoiding Unfairness,"Donahue, Kate and Chouldechova, Alexandra and Kenthapadi, Krishnaram","Much of machine learning research focuses on predictive accuracy: given a task, create a machine learning model (or algorithm) that maximizes accuracy. In many settings, however, the final prediction or decision of a system is under the control of a human, who uses an algorithm’s output along with their own personal expertise in order to produce a combined prediction. One ultimate goal of such collaborative systems is complementarity: that is, to produce lower loss (equivalently, greater payoff or utility) than either the human or algorithm alone. However, experimental results have shown that even in carefully-designed systems, complementary performance can be elusive. Our work provides three key contributions. First, we provide a theoretical framework for modeling simple human-algorithm systems and demonstrate that multiple prior analyses can be expressed within it. Next, we use this model to prove conditions where complementarity is impossible, and give constructive examples of where complementarity is achievable. Finally, we discuss the implications of our findings, especially with respect to the fairness of a classifier. In sum, these results deepen our understanding of key factors influencing the combined performance of human-algorithm systems, giving insight into how algorithmic tools can best be designed for collaborative environments.",10.1145/3531146.3533221,https://doi-org.myaccess.library.utoronto.ca/10.1145/3531146.3533221
10.1145/3531146.3533226,2022,Demographic-Reliant Algorithmic Fairness: Characterizing the Risks of Demographic Data Collection in the Pursuit of Fairness,"Andrus, McKane and Villeneuve, Sarah","Most proposed algorithmic fairness techniques require access to demographic data in order to make performance comparisons and standardizations across groups, however this data is largely unavailable in practice, hindering the widespread adoption of algorithmic fairness. Through this paper, we consider calls to collect more data on demographics to enable algorithmic fairness and challenge the notion that discrimination can be overcome with smart enough technical methods and sufficient data. We show how these techniques largely ignore broader questions of data governance and systemic oppression when categorizing individuals for the purpose of fairer algorithmic processing. In this work, we explore under what conditions demographic data should be collected and used to enable algorithmic fairness methods by characterizing a range of social risks to individuals and communities. For the risks to individuals we consider the unique privacy risks of sensitive attributes, the possible harms of miscategorization and misrepresentation, and the use of sensitive data beyond data subjects’ expectations. Looking more broadly, the risks to entire groups and communities include the expansion of surveillance infrastructure in the name of fairness, misrepresenting and mischaracterizing what it means to be part of a demographic group, and ceding the ability to define what constitutes biased or unfair treatment. We argue that, by confronting these questions before and during the collection of demographic data, algorithmic fairness methods are more likely to actually mitigate harmful treatment disparities without reinforcing systems of oppression. Towards this end, we assess privacy-focused methods of data collection and use and participatory data governance structures as proposals for more responsibly collecting demographic data.",10.1145/3531146.3533226,https://doi-org.myaccess.library.utoronto.ca/10.1145/3531146.3533226
10.1145/3531146.3533237,2022,How Platform-User Power Relations Shape Algorithmic Accountability: A Case Study of Instant Loan Platforms and Financially Stressed Users in India,"Ramesh, Divya and Kameswaran, Vaishnav and Wang, Ding and Sambasivan, Nithya","Accountability, a requisite for responsible AI, can be facilitated through transparency mechanisms such as audits and explainability. However, prior work suggests that the success of these mechanisms may be limited to Global North contexts; understanding the limitations of current interventions in varied socio-political conditions is crucial to help policymakers facilitate wider accountability. To do so, we examined the mediation of accountability in the existing interactions between vulnerable users and a ‘high-risk’ AI system in a Global South setting. We report on a qualitative study with 29 financially-stressed users of instant loan platforms in India. We found that users experienced intense feelings of indebtedness for the ‘boon’ of instant loans, and perceived huge obligations towards loan platforms. Users fulfilled obligations by accepting harsh terms and conditions, over-sharing sensitive data, and paying high fees to unknown and unverified lenders. Users demonstrated a dependence on loan platforms by persisting with such behaviors despite risks of harms such as abuse, recurring debts, discrimination, privacy harms, and self-harm to them. Instead of being enraged with loan platforms, users assumed responsibility for their negative experiences, thus releasing the high-powered loan platforms from accountability obligations. We argue that accountability is shaped by platform-user power relations, and urge caution to policymakers in adopting a purely technical approach to fostering algorithmic accountability. Instead, we call for situated interventions that enhance agency of users, enable meaningful transparency, reconfigure designer-user relations, and prompt a critical reflection in practitioners towards wider accountability. We conclude with implications for responsibly deploying AI in FinTech applications in India and beyond.",10.1145/3531146.3533237,https://doi-org.myaccess.library.utoronto.ca/10.1145/3531146.3533237
10.1145/3531146.3533238,2022,"Fair ranking: a critical review, challenges, and future directions","Patro, Gourab K. and Porcaro, Lorenzo and Mitchell, Laura and Zhang, Qiuyue and Zehlike, Meike and Garg, Nikhil","Ranking, recommendation, and retrieval systems are widely used in online platforms and other societal systems, including e-commerce, media-streaming, admissions, gig platforms, and hiring. In the recent past, a large “fair ranking” research literature has been developed around making these systems fair to the individuals, providers, or content that are being ranked. Most of this literature defines fairness for a single instance of retrieval, or as a simple additive notion for multiple instances of retrievals over time. This work provides a critical overview of this literature, detailing the often context-specific concerns that such approaches miss: the gap between high ranking placements and true provider utility, spillovers and compounding effects over time, induced strategic incentives, and the effect of statistical uncertainty. We then provide a path forward for a more holistic and impact-oriented fair ranking research agenda, including methodological lessons from other fields and the role of the broader stakeholder community in overcoming data bottlenecks and designing effective regulatory environments.",10.1145/3531146.3533238,https://doi-org.myaccess.library.utoronto.ca/10.1145/3531146.3533238
10.1145/3531146.3534629,2022,The Effects of Crowd Worker Biases in Fact-Checking Tasks,"Draws, Tim and La Barbera, David and Soprano, Michael and Roitero, Kevin and Ceolin, Davide and Checco, Alessandro and Mizzaro, Stefano","Due to the increasing amount of information shared online every day, the need for sound and reliable ways of distinguishing between trustworthy and non-trustworthy information is as present as ever. One technique for performing fact-checking at scale is to employ human intelligence in the form of crowd workers. Although earlier work has suggested that crowd workers can reliably identify misinformation, cognitive biases of crowd workers may reduce the quality of truthfulness judgments in this context. We performed a systematic exploratory analysis of publicly available crowdsourced data to identify a set of potential systematic biases that may occur when crowd workers perform fact-checking tasks. Following this exploratory study, we collected a novel data set of crowdsourced truthfulness judgments to validate our hypotheses. Our findings suggest that workers generally overestimate the truthfulness of statements and that different individual characteristics (i.e., their belief in science) and cognitive biases (i.e., the affect heuristic and overconfidence) can affect their annotations. Interestingly, we find that, depending on the general judgment tendencies of workers, their biases may sometimes lead to more accurate judgments.",10.1145/3531146.3534629,https://doi-org.myaccess.library.utoronto.ca/10.1145/3531146.3534629
10.1145/3531146.3534633,2022,Fast online ranking with fairness of exposure,"Usunier, Nicolas and Do, Virginie and Dohmatob, Elvis","As recommender systems become increasingly central for sorting and prioritizing the content available online, they have a growing impact on the opportunities or revenue of their items producers. For instance, they influence which recruiter a resume is recommended to, or to whom and how much a music track, video or news article is being exposed. This calls for recommendation approaches that not only maximize (a proxy of) user satisfaction, but also consider some notion of fairness in the exposure of items or groups of items. Formally, such recommendations are usually obtained by maximizing a concave objective function in the space of randomized rankings. When the total exposure of an item is defined as the sum of its exposure over users, the optimal rankings of every users become coupled, which makes the optimization process challenging. Existing approaches to find these rankings either solve the global optimization problem in a batch setting, i.e., for all users at once, which makes them inapplicable at scale, or are based on heuristics that have weak theoretical guarantees. In this paper, we propose the first efficient online algorithm to optimize concave objective functions in the space of rankings which applies to every concave and smooth objective function, such as the ones found for fairness of exposure. Based on online variants of the Frank-Wolfe algorithm, we show that our algorithm is computationally fast, generating rankings on-the-fly with computation cost dominated by the sort operation, memory efficient, and has strong theoretical guarantees. Compared to baseline policies that only maximize user-side performance, our algorithm allows to incorporate complex fairness of exposure criteria in the recommendations with negligible computational overhead. We present experiments on artificial music and movie recommendation tasks using Last.fm and MovieLens datasets which suggest that in practice, the algorithm rapidly reaches good performances on three different objectives representing different fairness of exposure criteria.",10.1145/3531146.3534633,https://doi-org.myaccess.library.utoronto.ca/10.1145/3531146.3534633
10.1145/3531146.3534638,2022,Understanding and Being Understood: User Strategies for Identifying and Recovering From Mistranslations in Machine Translation-Mediated Chat,"Robertson, Samantha and D\'{\i}az, Mark","Machine translation (MT) is now widely and freely available, and has the potential to greatly improve cross-lingual communication. In order to use MT reliably and safely, end users must be able to assess the quality of system outputs and determine how much they can rely on them to guide their decisions and actions. However, it can be difficult for users to detect and recover from mistranslations due to limited language skills. In this work we collected 19 MT-mediated role-play conversations in housing and employment scenarios, and conducted in-depth interviews to understand how users identify and recover from translation errors. Participants communicated using four language pairs: English, and one of Spanish, Farsi, Igbo, or Tagalog. We conducted qualitative analysis to understand user challenges in light of limited system transparency, strategies for recovery, and the kinds of translation errors that proved more or less difficult for users to overcome. We found that users broadly lacked relevant and helpful information to guide their assessments of translation quality. Instances where a user erroneously thought they had understood a translation correctly were rare but held the potential for serious consequences in the real world. Finally, inaccurate and disfluent translations had social consequences for participants, because it was difficult to discern when a disfluent message was reflective of the other person’s intentions, or an artifact of imperfect MT. We draw on theories of grounding and repair in communication to contextualize these findings, and propose design implications for explainable AI (XAI) researchers, MT researchers, as well as collaboration among them to support transparency and explainability in MT. These directions include handling typos and non-standard grammar common in interpersonal communication, making MT in interfaces more visible to help users evaluate errors, supporting collaborative repair of conversation breakdowns, and communicating model strengths and weaknesses to users.",10.1145/3531146.3534638,https://doi-org.myaccess.library.utoronto.ca/10.1145/3531146.3534638
10.1145/3593013.3593982,2023,In the Name of Fairness: Assessing the Bias in Clinical Record De-identification,"Xiao, Yuxin and Lim, Shulammite and Pollard, Tom Joseph and Ghassemi, Marzyeh","Data sharing is crucial for open science and reproducible research, but the legal sharing of clinical data requires the removal of protected health information from electronic health records. This process, known as de-identification, is often achieved through the use of machine learning algorithms by many commercial and open-source systems. While these systems have shown compelling results on average, the variation in their performance across different demographic groups has not been thoroughly examined. In this work, we investigate the bias of de-identification systems on names in clinical notes via a large-scale empirical analysis. To achieve this, we create 16 name sets that vary along four demographic dimensions: gender, race, name popularity, and the decade of popularity. We insert these names into 100 manually curated clinical templates and evaluate the performance of nine public and private de-identification methods. Our findings reveal that there are statistically significant performance gaps along a majority of the demographic dimensions in most methods. We further illustrate that de-identification quality is affected by polysemy in names, gender context, and clinical note characteristics. To mitigate the identified gaps, we propose a simple and method-agnostic solution by fine-tuning de-identification methods with clinical context and diverse names. Overall, it is imperative to address the bias in existing methods immediately so that downstream stakeholders can build high-quality systems to serve all demographic parties fairly.",10.1145/3593013.3593982,https://doi-org.myaccess.library.utoronto.ca/10.1145/3593013.3593982
10.1145/3593013.3593989,2023,"""I wouldn't say offensive but..."": Disability-Centered Perspectives on Large Language Models","Gadiraju, Vinitha and Kane, Shaun and Dev, Sunipa and Taylor, Alex and Wang, Ding and Denton, Remi and Brewer, Robin","Large language models (LLMs) trained on real-world data can inadvertently reflect harmful societal biases, particularly toward historically marginalized communities. While previous work has primarily focused on harms related to age and race, emerging research has shown that biases toward disabled communities exist. This study extends prior work exploring the existence of harms by identifying categories of LLM-perpetuated harms toward the disability community. We conducted 19 focus groups, during which 56 participants with disabilities probed a dialog model about disability and discussed and annotated its responses. Participants rarely characterized model outputs as blatantly offensive or toxic. Instead, participants used nuanced language to detail how the dialog model mirrored subtle yet harmful stereotypes they encountered in their lives and dominant media, e.g., inspiration porn and able-bodied saviors. Participants often implicated training data as a cause for these stereotypes and recommended training the model on diverse identities from disability-positive resources. Our discussion further explores representative data strategies to mitigate harm related to different communities through annotation co-design with ML researchers and developers.",10.1145/3593013.3593989,https://doi-org.myaccess.library.utoronto.ca/10.1145/3593013.3593989
10.1145/3593013.3593994,2023,Certification Labels for Trustworthy AI: Insights From an Empirical Mixed-Method Study,"Scharowski, Nicolas and Benk, Michaela and K\""{u}hne, Swen J. and Wettstein, L\'{e}ane and Br\""{u}hlmann, Florian","Auditing plays a pivotal role in the development of trustworthy AI. However, current research primarily focuses on creating auditable AI documentation, which is intended for regulators and experts rather than end-users affected by AI decisions. How to communicate to members of the public that an AI has been audited and considered trustworthy remains an open challenge. This study empirically investigated certification labels as a promising solution. Through interviews (N = 12) and a census-representative survey (N = 302), we investigated end-users’ attitudes toward certification labels and their effectiveness in communicating trustworthiness in low- and high-stakes AI scenarios. Based on the survey results, we demonstrate that labels can significantly increase end-users’ trust and willingness to use AI in both low- and high-stakes scenarios. However, end-users’ preferences for certification labels and their effect on trust and willingness to use AI were more pronounced in high-stake scenarios. Qualitative content analysis of the interviews revealed opportunities and limitations of certification labels, as well as facilitators and inhibitors for the effective use of labels in the context of AI. For example, while certification labels can mitigate data-related concerns expressed by end-users (e.g., privacy and data protection), other concerns (e.g., model performance) are more challenging to address. Our study provides valuable insights and recommendations for designing and implementing certification labels as a promising constituent within the trustworthy AI ecosystem.",10.1145/3593013.3593994,https://doi-org.myaccess.library.utoronto.ca/10.1145/3593013.3593994
10.1145/3593013.3594011,2023,On the Praxes and Politics of AI Speech Emotion Recognition,"Kang, Edward B.","There is no scientific consensus on what is meant by “emotion” – researchers have examined various phenomena spanning brain modes, feelings, sensations, and cognitive structures, among others, in their study of emotional experiences. For the purposes of developing an AI speech emotion recognition (SER) system, however, emotion must be defined, bounded, and instantiated as ground truth in the training data. This means practical choices must be made in which particular emotional ontologies are prioritized over others in the construction of SER datasets. In this paper, I explore these tensions around fairness, accountability, and transparency by analyzing open-source datasets used for SER applications along with their accompanying methodology papers. Specifically, I critique the centrality of discrete emotion theory in SER applications as a contestable emotional framework that is invoked primarily for its practical utility and alignment – as opposed to scientific rigor – with machine learning epistemologies. In so doing, I also shed light on the role of the dataset creators as emotional designers in their attempt to produce, elicit, record, and index emotional expressions for the purposes of crafting SER training datasets. Ultimately, by further querying SER through the aperture of Critical Disability Studies, I use this empirical work to examine the sociopolitical stakes of SER as a normative and regulatory technology that siphons emotion into a broader agenda of capitalistic productivity in the context of call center optimization.",10.1145/3593013.3594011,https://doi-org.myaccess.library.utoronto.ca/10.1145/3593013.3594011
10.1145/3593013.3594013,2023,Does AI-Assisted Fact-Checking Disproportionately Benefit Majority Groups Online?,"Neumann, Terrence and Wolczynski, Nicholas","In recent years, algorithms have been incorporated into fact-checking pipelines. They are used not only to flag previously fact-checked misinformation, but also to provide suggestions about which trending claims should be prioritized for fact-checking - a paradigm called ‘check-worthiness.’ While several studies have examined the accuracy of these algorithms, none have investigated how the benefits from these algorithms (via reduction in exposure to misinformation) are distributed amongst various online communities. In this paper, we investigate how diverse representation across multiple stages of the AI development pipeline affects the distribution of benefits from AI-assisted fact-checking for different online communities. We simulate information propagation through the network using our novel Topic-Aware, Community-Impacted Twitter (TACIT) simulator on a large Twitter followers network, tuned to produce realistic cascades of true and false information across multiple topics. Finally, using simulated data as a test bed, we implement numerous algorithmic fact-checking interventions that explicitly account for notions of diversity. We find that both representative and egalitarian methods for sampling and labeling check-worthiness model training data can lead to network-wide benefit concentrated in majority communities, while incorporating diversity into how fact-checkers use algorithmic recommendations can actively reduce inequalities in benefits between majority and minority communities. These findings contribute to an important conversation around the responsible implementation of AI-assisted fact-checking by social media platforms and fact-checking organizations.",10.1145/3593013.3594013,https://doi-org.myaccess.library.utoronto.ca/10.1145/3593013.3594013
10.1145/3593013.3594016,2023,AI’s Regimes of Representation: A Community-centered Study of Text-to-Image Models in South Asia,"Qadri, Rida and Shelby, Renee and Bennett, Cynthia L. and Denton, Remi","This paper presents a community-centered study of cultural limitations of text-to-image (T2I) models in the South Asian context. We theorize these failures using scholarship on dominant media regimes of representations and locate them within participants’ reporting of their existing social marginalizations. We thus show how generative AI can reproduce an outsiders gaze for viewing South Asian cultures, shaped by global and regional power inequities. By centering communities as experts and soliciting their perspectives on T2I limitations, our study adds rich nuance into existing evaluative frameworks and deepens our understanding of the culturally-specific ways AI technologies can fail in non-Western and Global South settings. We distill lessons for responsible development of T2I models, recommending concrete pathways forward that can allow for recognition of structural inequalities.",10.1145/3593013.3594016,https://doi-org.myaccess.library.utoronto.ca/10.1145/3593013.3594016
10.1145/3593013.3594017,2023,A Theory of Auditability for Allocation and Social Choice Mechanisms,"Grigoryan, Aram and M\""{o}ller, Markus","In centralized market mechanisms individuals may not fully observe other participants' type reports. Hence, the mechanism designer may deviate from the promised mechanism without the individuals being able to detect these deviations. In this paper, we develop a theory of auditability for allocation and social choice problems. Namely, we measure a mechanism's auditabilty by the smallest number of individuals that can jointly detect any deviation. Our theory reveals stark contrasts between prominent mechanisms' auditabilities in various applications. For priority-based allocation problems, we find that the Immediate Acceptance mechanism is maximally auditable, in a sense that any deviation can always be detected by just two individuals, whereas, on the other extreme, the Deferred Acceptance mechanism is minimally auditable, in a sense that some deviations may go undetected unless some individuals possess full information about everyone's reports. For the auctions setup, we find a similar contrast between the first-price and the second-price auction mechanisms. For voting problems, we characterize the majority voting rule as the unique most auditable anonymous voting mechanism. And finally, for the choice with affirmative action setting, we compare the auditability indices of prominent reserves mechanisms.",10.1145/3593013.3594017,https://doi-org.myaccess.library.utoronto.ca/10.1145/3593013.3594017
10.1145/3593013.3594021,2023,Delayed and Indirect Impacts of Link Recommendations,"Zhang, Han and Lu, Shangen and Wang, Yixin and Curmei, Mihaela","The impacts of link recommendations on social networks are challenging to evaluate, due to feedback loops between algorithmic recommendations and underlying network dynamics. Observational studies have limitations in answering causal questions; naive A/B experiments often result in biased evaluations due to unaccounted network interference and finally, existing simulations primarily employ static network models that do not take into account dynamics. Departing from existing approaches, we employ simulations to study dynamic impacts of link recommendations. Specifically, we propose an extension to the Jackson-Rogers network evolution model and investigate how link recommendations affect network evolution over time. Our experiments demonstrate that link recommendations can have surprising delayed and indirect effects on the structural properties of networks. Effects of recommendations vary in the short-term and long-term, such as the immediate reduction in degree inequality but eventual increase in degree inequality through friend-of-friend recommendations. Furthermore, even after recommendations are discontinued, their impacts can persist in the network, in part by altering natural network evolution dynamics. These results provide valuable insights into the interplay between algorithmic interventions and natural network dynamics and highlight the limitations of current evaluation paradigms.",10.1145/3593013.3594021,https://doi-org.myaccess.library.utoronto.ca/10.1145/3593013.3594021
10.1145/3593013.3594027,2023,Power and Resistance in the Twitter Bias Discourse,"Lopez, Paola","In 2020, the saliency-based image cropping tool deployed by Twitter to generate image previews was suspected of carrying a racial bias: Twitter users complained that Black people were systematically cropped out and, thus, made invisible by the cropping tool. As a response, Twitter conducted bias analyses, concluded that the cropping tool was indeed biased, and subsequently removed it. Soon after, Twitter hosted the first ""algorithmic bias bounty challenge"", inviting the general public to detect algorithmic harm in the cropping tool. Twitter’s image cropping algorithm is a fascinating case study for exploring the push-and-pull dynamics of power relations between, firstly, algorithmic knowledge production inherent in machine learning systems, secondly, the bias discourse as resistance, and, thirdly, ensuing corporate responses as stabilization measures towards said resistance. In order to account for this three-part narrative of the case study, this paper is structured along the examination of the following three questions: (1) How is algorithmic, and especially, data-based knowledge production entrenched in power relations? (2) In what way does the discourse around bias serve as a vehicle for resistance against said power? Why and in what way is it effective? (3) How did Twitter as a company stabilize its position within and in relation to the bias discourse? This paper explores these questions along the following steps: Section 2 lays out the interdisciplinary theoretical perspective of the analysis, combining, firstly, a mathematical-epistemic perspective that examines the mathematics underlying both machine learning systems and bias analyses with, secondly, Foucauldian concepts that make it possible to view mathematical tools as articulations of power relations. The subsequent three sections engage with the three questions posed above: Section 3, Power, is concerned with the first question, and it focuses on the algorithmic knowledge production in relation to Twitter’s cropping tool and its mathematical-epistemic foundations. Section 4, Resistance, addresses the second question, and it examines three bias analyses of the cropping tool, as well as their epistemic limitations, and it continues by conceptualizing the bias discourse in academic scholarship and activism as resistance to power. Section 5, Stabilization, engages with the third question, discussing Twitter’s response to the bias accusations and the way in which the company was able to effectively stabilize its position – rendering the bias discourse a vehicle for counter-resistance, too. This paper will be published in the open access volume Algorithmic Regimes: Methods, Interactions, and Politics (Amsterdam University Press, forthcoming), as well as on SSRN as a preprint.",10.1145/3593013.3594027,https://doi-org.myaccess.library.utoronto.ca/10.1145/3593013.3594027
10.1145/3593013.3594032,2023,You Sound Depressed: A Case Study on Sonde Health’s Diagnostic Use of Voice Analysis AI,"Ma, Anna and Patitsas, Elizabeth and Sterne, Jonathan","There is growing interest within the medical sector about the diagnostic potential of voice analysis-based artificial intelligence (AI) for monitoring mental health, such as depression detection. However, insufficient attention has been paid to the societal consequences of such technologies rendering depression and similar disabilities into purely technical problems. We provide a critical case study of Sonde Health, a Boston-based startup that purports to offer “objective” depression detection and monitoring via its Mental Fitness app that extracts and analyzes the acoustic features of the user’s voice. Using a critical disability studies lens, we conducted a textual analysis of the publicly available developer documentation for Sonde’s application programming interface, examining each of these acoustic features (“vocal biomarkers”), and problematizing Sonde’s claims that these vocal biomarkers are objective universal indicators of depression. Through our case study, we identify and illustrate three hegemonic norms that contribute to troubling social implications of the technology: the fallacy that complex psychometrics can be meaningfully flattened into a single encompassing score, the aesthetic of “objectivity”, and the presumptive universalizing of easily-available voice data sets. We discuss how all three are tied up in the legacy of eugenics and reflect a fundamental mismatch in values between mainstream AI technology and the humanistic requirements of mental health care.",10.1145/3593013.3594032,https://doi-org.myaccess.library.utoronto.ca/10.1145/3593013.3594032
10.1145/3593013.3594041,2023,"Algorithmic Decisions, Desire for Control, and the Preference for Human Review over Algorithmic Review","Lyons, Henrietta and Miller, Tim and Velloso, Eduardo","In this paper, we explore why decision subjects generally express a preference for human reviewers of algorithmic decisions over algorithmic reviewers. We theorise that decision subjects desire control over the decision-making process in order to increase their chance of receiving a favourable outcome. To this end, human reviewers will be seen as easier to influence than algorithmic reviewers, thus providing more control. Using an online study we find that: (1) people who have a greater Desire for Control over their lives exhibit a stronger preference for human review; (2) interaction with a reviewer is important because it enables influence and ensures understanding; and (3) the higher the impact of a decision, the greater the incentive to influence the outcome, and the greater the preference for human review. Our qualitative results confirm that outcome favourability is a driver for reviewer preference, but so is the desire to be treated with dignity.",10.1145/3593013.3594041,https://doi-org.myaccess.library.utoronto.ca/10.1145/3593013.3594041
10.1145/3593013.3594045,2023,On (assessing) the fairness of risk score models,"Petersen, Eike and Ganz, Melanie and Holm, Sune and Feragen, Aasa","Recent work on algorithmic fairness has largely focused on the fairness of discrete decisions, or classifications. While such decisions are often based on risk score models, the fairness of the risk models themselves has received considerably less attention. Risk models are of interest for a number of reasons, including the fact that they communicate uncertainty about the potential outcomes to users, thus representing a way to enable meaningful human oversight. Here, we address fairness desiderata for risk score models. We identify the provision of similar epistemic value to different groups as a key desideratum for risk score fairness, and we show how even fair risk scores can lead to unfair risk-based rankings. Further, we address how to assess the fairness of risk score models quantitatively, including a discussion of metric choices and meaningful statistical comparisons between groups. In this context, we also introduce a novel calibration error metric that is less sample size-biased than previously proposed metrics, enabling meaningful comparisons between groups of different sizes. We illustrate our methodology – which is widely applicable in many other settings – in two case studies, one in recidivism risk prediction, and one in risk of major depressive disorder (MDD) prediction.",10.1145/3593013.3594045,https://doi-org.myaccess.library.utoronto.ca/10.1145/3593013.3594045
10.1145/3593013.3594052,2023,AI in the Public Eye: Investigating Public AI Literacy Through AI Art,"Hemment, Drew and Currie, Morgan and Bennett, SJ and Elwes, Jake and Ridler, Anna and Sinders, Caroline and Vidmar, Matjaz and Hill, Robin and Warner, Holly","Recent advances in diffusion models and large language models have underpinned a new generation of powerful and accessible tools, and some of the most publicly visible applications are for artistic endeavour. Such tools, however, provide little scope for deeper understanding of AI systems, while the growing public interest in them can eclipse notice of the vibrant community of artists who have long worked with other forms of AI. We explore the potential for AI Art – particularly work in which AI is both tool and topic – to facilitate public AI literacies and consider how tactics developed before the current generative AI boom have continued relevance today. We look at the strategies of critical AI artists to scaffold public understanding of AI and enhance legibility for non-experts. This paper also investigates how collaborations between artists and AI researchers and designers can illuminate key technical and social issues relevant to the development of AI. The study entailed workshops between three professional artists who work with AI and a cross-disciplinary set of academic participants. This paper reports on these workshops and presents the intentions and strategies expressed by the artists, as well as insights of relevance to the research community on public AI literacies. We find that critical AI art can link underlying technical systems to structural issues of power and facilitate experiential learning that is situated and embodied, valuing interpretation over explanation. The findings also demonstrate the importance of transdisciplinary conversations around art, ethics and the political economy of AI technologies and how these dialogues may feed into AI design processes.",10.1145/3593013.3594052,https://doi-org.myaccess.library.utoronto.ca/10.1145/3593013.3594052
10.1145/3593013.3594055,2023,Addressing contingency in algorithmic (mis)information classification: Toward a responsible machine learning agenda,"Dom\'{\i}nguez Hern\'{a}ndez, Andr\'{e}s and Owen, Richard and Nielsen, Dan Saattrup and Mcconville, Ryan","Machine learning (ML) enabled classification models are becoming increasingly popular for tackling the sheer volume and speed of online misinformation and other content that could be identified as harmful. In building these models, data scientists need to take a stance on the legitimacy, authoritativeness and objectivity of the sources of “truth” used for model training and testing. This has political, ethical and epistemic implications which are rarely addressed in technical papers. Despite (and due to) their reported high accuracy and performance, ML-driven moderation systems have the potential to shape online public debate and create downstream negative impacts such as undue censorship and the reinforcing of false beliefs. Using collaborative ethnography and theoretical insights from social studies of science and expertise, we offer a critical analysis of the process of building ML models for (mis)information classification: we identify a series of algorithmic contingencies—key moments during model development that could lead to different future outcomes, uncertainty and harmful effects as these tools are deployed by social media platforms. We conclude by offering a tentative path toward reflexive and responsible development of ML tools for moderating misinformation and other harmful content online.",10.1145/3593013.3594055,https://doi-org.myaccess.library.utoronto.ca/10.1145/3593013.3594055
10.1145/3593013.3594060,2023,Towards Labor Transparency in Situated Computational Systems Impact Research,"Jing, Felicia S. and Berger, Sara E. and Becerra Sandoval, Juana Catalina","Researchers seeking to examine and prevent technology-mediated harms have emphasized the importance of directly engaging with community stakeholders through participatory approaches to computational systems research. However, recent transformations in strategies of corporate capture within the tech industry pose significant challenges to established participatory practices. In this paper we extend existing critical participatory design scholarship to highlight the exploitative potential of labor relationships in community collaborations between researchers and participants. Drawing on a reflexive approach to our own experiences conducting agonistic participatory research on emerging technologies at a large technology company, we highlight the limitations of doing participatory work within such contexts by empirically illustrating how and when these relationships threaten to appropriate and alienate participant labor. We argue that a labor-conscious approach to computational systems impact research is critical for countering the commodification of inclusion and invite fellow researchers to more actively investigate such dynamics. To this end, we provide (1) a framework for documenting divisions of labor within participatory research, design, and data practices, and (2) a series of short provocations that help locate and inventory sites of extraction within participatory engagements.",10.1145/3593013.3594060,https://doi-org.myaccess.library.utoronto.ca/10.1145/3593013.3594060
10.1145/3593013.3594061,2023,Measuring and mitigating voting access disparities: a study of race and polling locations in Florida and North Carolina,"Abbasi, Mohsen and Barrett, Calvin and Lum, Kristian and Friedler, Sorelle A. and Venkatasubramanian, Suresh","Voter suppression and associated racial disparities in access to voting are long-standing civil rights concerns in the United States. A history of violent explicit discouragement has shifted to more subtle access limitations that can include long lines and wait times, long travel times to reach a polling station, and other logistical barriers to voting. Our focus in this work is on quantifying disparities in voting access pertaining to the overall time-to-vote, and how they could be remedied via a better choice of polling location or provisioning more sites where voters can cast ballots. However, appropriately calibrating access disparities is difficult because of the need to account for factors such as population density and different community expectations for reasonable travel times. In this paper, we perform one of the first large-scale studies of voter access to polling locations, using real-world voter data from Florida and North Carolina in the 2020 general election. We develop a methodology for the calibrated measurement of disparities in polling location ""load"" and distance to polling locations based on a novel normalized distance metric to model the voter experience of distance. We find that voter turnout is reduced when this normalized distance to polling locations increases, and that non-white voters had to travel further to the polls in Florida (using this normalized distance) than White voters. We also introduce algorithms, with modifications to handle scale, that can reduce these disparities by suggesting new polling locations from a given list of identified public locations (including schools and libraries). The developed voting access measurement methodology and algorithmic remediation technique demonstrates that better polling location placement is possible.",10.1145/3593013.3594061,https://doi-org.myaccess.library.utoronto.ca/10.1145/3593013.3594061
10.1145/3593013.3594064,2023,Co-Design Perspectives on Algorithm Transparency Reporting: Guidelines and Prototypes,"Luria, Michal","Recommendation algorithms by and large determine what people see on social media. Users know little about how these algorithms work or what information they use to make their recommendations. But what exactly should platforms share with users about recommendation algorithms that would be meaningful to them? Research has looked into frameworks for explainability of algorithms as well as design features across social media platforms that can contribute to their transparency and accountability. We build on these prior efforts to explore what a recommendation algorithm transparency report may include and how it should present information to users. Through a human-centered co-design research process we result in: (1) A set of guidelines for recommendation algorithm transparency reports; (2) initial suggestions, in the form of prototypes, for more engaging and interactive forms of transparency; (3) an evaluation of these prototypes’ strengths and weaknesses, and areas of exploration for future work.",10.1145/3593013.3594064,https://doi-org.myaccess.library.utoronto.ca/10.1145/3593013.3594064
10.1145/3593013.3594072,2023,Contrastive Language-Vision AI Models Pretrained on Web-Scraped Multimodal Data Exhibit Sexual Objectification Bias,"Wolfe, Robert and Yang, Yiwei and Howe, Bill and Caliskan, Aylin","Warning: The content of this paper may be upsetting or triggering.Nine language-vision AI models trained on web scrapes with the Contrastive Language-Image Pretraining (CLIP) objective are evaluated for evidence of a bias studied by psychologists: the sexual objectification of girls and women, which occurs when a person’s human characteristics, such as emotions, are disregarded and the person is treated as a body or a collection of body parts. We replicate three experiments in the psychology literature quantifying sexual objectification and show that the phenomena persist in trained AI models. A first experiment uses standardized images of women from the Sexual OBjectification and EMotion Database, and finds that human characteristics are disassociated from images of objectified women: the model’s recognition of emotional state is mediated by whether the subject is fully or partially clothed. Embedding association tests (EATs) return significant effect sizes for both anger (d &gt; 0.80) and sadness (d &gt; 0.50), associating images of fully clothed subjects with emotions. GRAD-CAM saliency maps highlight that CLIP gets distracted from emotional expressions in objectified images where subjects are partially clothed. A second experiment measures the effect in a representative application: an automatic image captioner (Antarctic Captions) includes words denoting emotion less than 50\% as often for images of partially clothed women than for images of fully clothed women. A third experiment finds that images of female professionals (scientists, doctors, executives) are likely to be associated with sexual descriptions relative to images of male professionals. A fourth experiment shows that a prompt of ""a [age] year old girl"" generates sexualized images (as determined by an NSFW classifier) up to 73\% of the time for VQGAN-CLIP (age 17), and up to 42\% of the time for Stable Diffusion (ages 14 and 18); the corresponding rate for boys never surpasses 9\%. The evidence indicates that language-vision AI models trained on automatically collected web scrapes learn biases of sexual objectification, which propagate to downstream applications.",10.1145/3593013.3594072,https://doi-org.myaccess.library.utoronto.ca/10.1145/3593013.3594072
10.1145/3593013.3594080,2023,Diverse Perspectives Can Mitigate Political Bias in Crowdsourced Content Moderation,"Thebault-Spieker, Jacob and Venkatagiri, Sukrit and Mine, Naomi and Luther, Kurt","In recent years, social media companies have grappled with defining and enforcing content moderation policies surrounding political content on their platforms, due in part to concerns about political bias, disinformation, and polarization. These policies have taken many forms, including disallowing political advertising, limiting the reach of political topics, fact-checking political claims, and enabling users to hide political content altogether. However, implementing these policies requires human judgement to label political content, and it is unclear how well human labelers perform at this task, or whether biases affect this process. Therefore, in this study we experimentally evaluate the feasibility and practicality of using crowd workers to identify political content, and we uncover biases that make it difficult to identify this content. Our results problematize crowds composed of seemingly interchangeable workers, and provide preliminary evidence that aggregating judgements from heterogeneous workers may help mitigate political biases. In light of these findings, we identify strategies to achieving fairer labeling outcomes, while also better supporting crowd workers at this task and potentially mitigating biases.",10.1145/3593013.3594080,https://doi-org.myaccess.library.utoronto.ca/10.1145/3593013.3594080
10.1145/3593013.3594082,2023,A Systematic Review of Ethics Disclosures in Predictive Mental Health Research,"Ajmani, Leah Hope and Chancellor, Stevie and Mehta, Bijal and Fiesler, Casey and Zimmer, Michael and De Choudhury, Munmun","Applied machine learning (ML) has not yet coalesced on standard practices for research ethics. For ML that predicts mental illness using social media data, ambiguous ethical standards can impact peoples’ lives because of the area’s sensitivity and material consequences on health. Transparency of current ethics practices in research is important to document decision-making and improve research practice. We present a systematic literature review of 129 studies that predict mental illness using social media data and ML, and the ethics disclosures they make in research publications. Rates of disclosure are going up over time, but this trend is slow moving – it will take another eight years for the average paper to have coverage on 75\% of studied ethics categories. Certain practices are more readily adopted, or ""stickier"", over time, though we found prioritization of data-driven disclosures rather than human-centered. These inconsistently reported ethical considerations indicate a gap between what ML ethicists believe ought to be and what actually is done. We advocate for closing this gap through increased transparency of practice and formal mechanisms to support disclosure.",10.1145/3593013.3594082,https://doi-org.myaccess.library.utoronto.ca/10.1145/3593013.3594082
10.1145/3593013.3594085,2023,Fairer Together: Mitigating Disparate Exposure in Kemeny Rank Aggregation,"Cachel, Kathleen and Rundensteiner, Elke","In social choice, traditional Kemeny rank aggregation combines the preferences of voters, expressed as rankings, into a single consensus ranking without consideration for how this ranking may unfairly affect marginalized groups (i.e., racial or gender). Developing fair rank aggregation methods is critical due to their societal influence in applications prioritizing job applicants, funding proposals, and scheduling medical patients. In this work, we introduce the Fair Exposure Kemeny Aggregation Problem (FairExp-kap) for combining vast and diverse voter preferences into a single ranking that is not only a suitable consensus, but ensures opportunities are not withheld from marginalized groups. In formalizing FairExp-kap, we extend the fairness of exposure notion from information retrieval to the rank aggregation context and present a complimentary metric for voter preference representation. We design algorithms for solving FairExp-kap that explicitly account for position bias, a common ranking-based concern that end-users pay more attention to higher ranked candidates. epik solves FairExp-kap exactly by incorporating non-pairwise fairness of exposure into the pairwise Kemeny optimization; while the approximate epira is a candidate swapping algorithm, that guarantees ranked candidate fairness. Utilizing comprehensive synthetic simulations and six real-world datasets, we show the efficacy of our approach illustrating that we succeed in mitigating disparate group exposure unfairness in consensus rankings, while maximally representing voter preferences.",10.1145/3593013.3594085,https://doi-org.myaccess.library.utoronto.ca/10.1145/3593013.3594085
10.1145/3593013.3594086,2023,Can Querying for Bias Leak Protected Attributes? Achieving Privacy With Smooth Sensitivity,"Hamman, Faisal and Chen, Jiahao and Dutta, Sanghamitra","Existing regulations often prohibit model developers from accessing protected attributes (gender, race, etc.) during training. This leads to scenarios where fairness assessments might need to be done on populations without knowing their memberships in protected groups. In such scenarios, institutions often adopt a separation between the model developers (who train their models with no access to the protected attributes) and a compliance team (who may have access to the entire dataset solely for auditing purposes). However, the model developers might be allowed to test their models for disparity by querying the compliance team for group fairness metrics. In this paper, we first demonstrate that simply querying for fairness metrics, such as, statistical parity and equalized odds can leak the protected attributes of individuals to the model developers. We demonstrate that there always exist strategies by which the model developers can identify the protected attribute of a targeted individual in the test dataset from just a single query. Furthermore, we show that one can reconstruct the protected attributes of all the individuals from queries when Nk ≪ n using techniques from compressed sensing (n is the size of the test dataset and Nk is the size of smallest group therein). Our results pose an interesting debate in algorithmic fairness: Should querying for fairness metrics be viewed as a neutral-valued solution to ensure compliance with regulations? Or, does it constitute a violation of regulations and privacy if the number of queries answered is enough for the model developers to identify the protected attributes of specific individuals? To address this supposed violation of regulations and privacy, we also propose Attribute-Conceal, a novel technique that achieves differential privacy by calibrating noise to the smooth sensitivity of our bias query function, outperforming naive techniques such as the Laplace mechanism. We also include experimental results on the Adult dataset and synthetic dataset (broad range of parameters).",10.1145/3593013.3594086,https://doi-org.myaccess.library.utoronto.ca/10.1145/3593013.3594086
10.1145/3593013.3594093,2023,Co-Designing for Transparency: Lessons from Building a Document Organization Tool in the Criminal Justice Domain,"Nigatu, Hellina Hailu and Pickoff-White, Lisa and Canny, John and Chasins, Sarah","Investigative journalists and public defenders conduct the essential work of examining, reporting, and arguing critical cases around police use-of-force and misconduct. In an ideal world, they would have access to well-organized records they can easily navigate and search. In reality, records can come as large, disorganized data dumps, increasing the burden on the already resource-constrained teams. In a cross-disciplinary research team of stakeholders and computer scientists, we worked closely with public defenders and investigative journalists in the United States to co-design an AI-augmented tool that addresses challenges in working with such data dumps. Our Document Organization Tool (DOT) is a Python library that has data cleaning, extraction, and organization features. Our collaborative design process gave us insights into the needs of under-resourced teams who work with large data dumps, such as how some domain experts became self-taught programmers to automate their tasks. To understand what type of programming paradigm could support our target users, we conducted a user study (n=18) comparing visual, programming-by-example, and traditional text-based programming tools. From our user study, we found that once users passed the initial learning stage, they could comfortably use all three paradigms. Our work offers insights for designers working with under-resourced teams who want to consolidate cutting-edge algorithms and AI techniques into unified, expressive tools. We argue user-centered tool design can contribute to the broader fight for accountability and transparency by supporting existing practitioners in their work in domains like criminal justice.",10.1145/3593013.3594093,https://doi-org.myaccess.library.utoronto.ca/10.1145/3593013.3594093
10.1145/3593013.3594112,2023,Representation Online Matters: Practical End-to-End Diversification in Search and Recommender Systems,"Silva, Pedro and Juneja, Bhawna and Desai, Shloka and Singh, Ashudeep and Fawaz, Nadia","As the use of online platforms continues to grow across all demographics, users often express a desire to feel represented in the content. To improve representation in search results and recommendations, we introduce end-to-end diversification, ensuring that diverse content flows throughout the various stages of these systems, from retrieval to ranking. We develop, experiment, and deploy scalable diversification mechanisms in multiple production surfaces on the Pinterest platform, including Search, Related Products, and New User Homefeed, to improve the representation of different skin tones in beauty and fashion content. Diversification in production systems includes three components: identifying requests that will trigger diversification, ensuring diverse content is retrieved from the large content corpus during the retrieval stage, and finally, balancing the diversity-utility trade-off in a self-adjusting manner in the ranking stage. Our approaches, which evolved from using Strong-OR logical operator to bucketized retrieval at the retrieval stage and from greedy re-rankers to multi-objective optimization using determinantal point processes for the ranking stage, balances diversity and utility while enabling fast iterations and scalable expansion to diversification over multiple dimensions. Our experiments indicate that these approaches significantly improve diversity metrics, with a neutral to a positive impact on utility metrics and improved user satisfaction, both qualitatively and quantitatively, in production.",10.1145/3593013.3594112,https://doi-org.myaccess.library.utoronto.ca/10.1145/3593013.3594112
10.1145/3593013.3594115,2023,Discrimination through Image Selection by Job Advertisers on Facebook,"Nagaraj Rao, Varun and Korolova, Aleksandra","Targeted advertising platforms are widely used by job advertisers to reach potential employees; thus issues of discrimination due to targeting that have surfaced have received widespread attention. Advertisers could misuse targeting tools to exclude people based on gender, race, location and other protected attributes from seeing their job ads. In response to legal actions, Facebook disabled the ability for explicit targeting based on many attributes for some ad categories, including employment. Although this is a step in the right direction, prior work has shown that discrimination can take place not just due to the explicit targeting tools of the platforms, but also due to the impact of the biased ad delivery algorithm. Thus, one must look at the potential for discrimination more broadly, and not merely through the lens of the explicit targeting tools. In this work, we propose and investigate the prevalence of a new means for discrimination in job advertising, that combines both targeting and delivery – through the disproportionate representation or exclusion of people of certain demographics in job ad images. We use the Facebook Ad Library to demonstrate the prevalence of this practice through: (1) evidence of advertisers running many campaigns using ad images of people of only one perceived gender, (2) systematic analysis for gender representation in all current ad campaigns for truck drivers and nurses, (3) longitudinal analysis of ad campaign image use by gender and race for select advertisers. After establishing that the discrimination resulting from a selective choice of people in job ad images, combined with algorithmic amplification of skews by the ad delivery algorithm, is of immediate concern, we discuss approaches and challenges for addressing it.",10.1145/3593013.3594115,https://doi-org.myaccess.library.utoronto.ca/10.1145/3593013.3594115
10.1145/3593013.3594117,2023,Detection and Mitigation of Algorithmic Bias via Predictive Parity,"DiCiccio, Cyrus and Hsu, Brian and Yu, Yinyin and Nandy, Preetam and Basu, Kinjal","Predictive parity (PP), also known as sufficiency, is a core definition of algorithmic fairness essentially stating that model outputs must have the same interpretation of expected outcomes regardless of group. Testing and satisfying PP is especially important in many settings where model scores are interpreted by humans or directly provide access to opportunity, such as healthcare or banking. Solutions for PP violations have primarily been studied through the lens of model calibration. However, we find that existing calibration-based tests and mitigation methods are designed for independent data, which is often not assumable in large-scale applications such as social media or medical testing. In this work, we address this issue by developing a statistically rigorous non-parametric regression based test for PP with dependent observations. We then apply our test to illustrate that PP testing can significantly vary under the two assumptions. Lastly, we provide a mitigation solution to provide a minimally-biased post-processing transformation function to achieve PP.",10.1145/3593013.3594117,https://doi-org.myaccess.library.utoronto.ca/10.1145/3593013.3594117
10.1145/3593013.3594118,2023,Fairness Auditing in Urban Decisions using LP-based Data Combination,"Yang, Jingyi and Miller, Joel and Ohannessian, Mesrob","Auditing for fairness often requires relying on a secondary source, e.g., Census data, to inform about protected attributes. To avoid making assumptions about an overarching model that ties such information to the primary data source, a recent line of work has suggested finding the entire range of possible fairness valuations consistent with both sources. Though attractive, the current form of this methodology relies on rigid analytical expressions and lacks the ability to handle continuous decisions, e.g., metrics of urban services. We show that, in such settings, directly adapting these expressions can lead to loose and even vacuous results, particularly on just how fair the audited decisions may be. If used, the audit would be perceived more optimistically than it ought to be. We propose a linear programming formulation to handle continuous decisions, by finding the empirical fairness range when statistical parity is measured through the Kolmogorov-Smirnov distance. The size of this problem is linear in the number of data points and efficiently solvable. We analyze this approach and give finite-sample guarantees to the resulting fairness valuation. We then apply it to synthetic data and to 311 Chicago City Services data, and demonstrate its ability to reveal small but detectable bounds on fairness.",10.1145/3593013.3594118,https://doi-org.myaccess.library.utoronto.ca/10.1145/3593013.3594118
10.1145/3593013.3594123,2023,Disparities in Text-to-Image Model Concept Possession Across Languages,"Saxon, Michael and Wang, William Yang","We propose the notion of conceptual possession in generative text-to-image (T2I) systems, wherein a model is considered to possess a concept if it can generate a distinctive, correct, and self-consistent population of images for a simple prompt containing that concept. We use this idea to develop a model benchmark of multilingual parity in conceptual possession across a set of almost 200 tangible nouns across 7 languages: English, Spanish, German, Chinese, Japanese, Hebrew, and Indonesian. This technique allows us to estimate how well-suited a model is to a target language as well as identify model-specific weaknesses, spurious correlations, and biases without a-priori assumptions. We demonstrate how it can be used to benchmark T2I models in terms of multilinguality, and that despite its simplicity our method captures the necessary conditions for the impressive “creative” generative abilities users expect from T2I models. Our benchmark will guide future work in reducing disparities across languages, improving accessibility of these technologies.",10.1145/3593013.3594123,https://doi-org.myaccess.library.utoronto.ca/10.1145/3593013.3594123
10.1145/3630106.3658543,2024,Data Feminism for AI,"Klein, Lauren and D'Ignazio, Catherine","This paper presents a set of intersectional feminist principles for conducting equitable, ethical, and sustainable AI research. In Data Feminism (2020), we offered seven principles for examining and challenging unequal power in data science. Here, we present a rationale for why feminism remains deeply relevant for AI research, rearticulate the original principles of data feminism with respect to AI, and introduce two potential new principles related to environmental impact and consent. Together, these principles help to 1) account for the unequal, undemocratic, extractive, and exclusionary forces at work in AI research, development, and deployment; 2) identify and mitigate predictable harms in advance of unsafe, discriminatory, or otherwise oppressive systems being released into the world; and 3) inspire creative, joyful, and collective ways to work towards a more equitable, sustainable world in which all of us can thrive.",10.1145/3630106.3658543,https://doi-org.myaccess.library.utoronto.ca/10.1145/3630106.3658543
10.1145/3630106.3658546,2024,“I Searched for a Religious Song in Amharic and Got Sexual Content Instead’’: Investigating Online Harm in Low-Resourced Languages on YouTube.,"Nigatu, Hellina Hailu and Raji, Inioluwa Deborah","Online social media platforms such as YouTube have a wide, global reach. However, little is known about the experience of low-resourced language speakers on such platforms; especially in how they experience and navigate harmful content. To better understand this, we (1) conducted semi-structured interviews (n=15) and (2) analyzed search results (n=9313), recommendations (n=3336), channels (n=120) and comments (n=406) of policy-violating sexual content on YouTube focusing on the Amharic language. Our findings reveal that – although Amharic-speaking YouTube users find the platform crucial for several aspects of their lives – participants reported unplanned exposure to policy-violating sexual content when searching for benign, popular queries. Furthermore, malicious content creators seem to exploit under-performing language technologies and content moderation to further target vulnerable groups of speakers, including migrant domestic workers, diaspora, and local Ethiopians. Overall, our study sheds light on how failures in low-resourced language technology may lead to exposure to harmful content and suggests implications for stakeholders in minimizing harm. Content Warning: This paper includes discussions of NSFW topics and harmful content (hate, abuse, sexual harassment, self-harm, misinformation). The authors do not support the creation or distribution of harmful content.",10.1145/3630106.3658546,https://doi-org.myaccess.library.utoronto.ca/10.1145/3630106.3658546
10.1145/3630106.3658548,2024,"Regulating AI-Based Remote Biometric Identification. Investigating the Public Demand for Bans, Audits, and Public Database Registrations","Kieslich, Kimon and L\""{u}nich, Marco","AI is increasingly being used in the public sector, including public security. In this context, the use of AI-powered remote biometric identification (RBI) systems is a much-discussed technology. RBI systems are used to identify criminal activity in public spaces, but at the same time they are criticised for inheriting biases and violating fundamental human rights. As a result, the use of RBI poses risks to society. It is therefore important to ensure that such systems are developed in the public interest, which means that any technology that is deployed for public use needs to be scrutinised. While there is a broad consensus among business leaders, policymakers and scientists that AI must be developed in an ethical and trustworthy manner, scholars have argued that ethical guidelines do not guarantee ethical AI, but rather prevent stronger regulation of AI for the Common Good. As a possible counterweight, public opinion can have a decisive influence on policymakers (e.g. through voter demands) to establish boundaries and conditions under which AI systems should be used – if at all. However, we know little about the conditions that lead to regulatory demand for AI systems. In this study, we focus on the role of trust in AI as well as trust in law enforcement as potential factors that may lead to demands for regulation of AI technology. In addition, we explore the mediating effects of discrimination perceptions regarding RBI. We test the effects on four different use cases of RBI varying the temporal aspect (real-time vs. post hoc analysis) and purpose of use (persecution of criminals vs. safeguarding public events) in a survey among German citizens. We found that German citizens do not differentiate between the different modes of application in terms of their demand for RBI regulation. Furthermore, we show that perceptions of discrimination lead to a demand for stronger regulation, while trust in AI and trust in law enforcement lead to opposite effects in terms of demand for a ban on RBI systems.",10.1145/3630106.3658548,https://doi-org.myaccess.library.utoronto.ca/10.1145/3630106.3658548
10.1145/3630106.3658898,2024,"AI Art is Theft: Labour, Extraction, and Exploitation: Or, On the Dangers of Stochastic Pollocks","Goetze, Trystan S.","Since the launch of applications such as dall•e, Midjourney, and Stable Diffusion, generative artificial intelligence has been controversial as a tool for creating artwork. Some writers have presented worries about these technologies as harbingers of fully automated futures to come, but more pressing is the impact of generative AI on creative labour in the present. Already, business leaders have begun replacing human artistic labour with AI-generated images. In response, the artistic community has launched a protest movement, which argues that AI image generation is a kind of theft. This paper analyzes, substantiates, and critiques these arguments, concluding that AI image generators involve an unethical kind of labour theft. If correct, many other AI applications also rely upon theft.",10.1145/3630106.3658898,https://doi-org.myaccess.library.utoronto.ca/10.1145/3630106.3658898
10.1145/3630106.3658900,2024,A Framework for Exploring the Consequences of AI-Mediated Enterprise Knowledge Access and Identifying Risks to Workers,"Gausen, Anna and Mitra, Bhaskar and Lindley, Si\^{a}n","Organisations generate vast amounts of information, which has resulted in a long-term research effort into knowledge access systems for enterprise settings. Recent developments in artificial intelligence, in relation to large language models, are poised to have significant impact on knowledge access. This has the potential to shape the workplace and knowledge in new and unanticipated ways. Many risks can arise from the deployment of these types of AI systems, due to interactions between the technical system and organisational power dynamics. This paper presents the Consequences-Mechanisms-Risks framework to identify risks to workers from AI-mediated enterprise knowledge access systems. We have drawn on wide-ranging literature detailing risks to workers, and categorised risks as being to worker value, power, and wellbeing. The contribution of our framework is to additionally consider (i) the consequences of these systems that are of moral import: commodification, appropriation, concentration of power, and marginalisation, and (ii) the mechanisms, which represent how these consequences may take effect in the system. The mechanisms are a means of contextualising risk within specific system processes, which is critical for mitigation. This framework is aimed at helping practitioners involved in the design and deployment of AI-mediated knowledge access systems to consider the risks introduced to workers, identify the precise system mechanisms that introduce those risks, and begin to approach mitigation. Future work could apply this framework to other technological systems to promote the protection of workers and other groups.",10.1145/3630106.3658900,https://doi-org.myaccess.library.utoronto.ca/10.1145/3630106.3658900
10.1145/3630106.3658906,2024,"Failing Our Youngest: On the Biases, Pitfalls, and Risks in a Decision Support Algorithm Used for Child Protection","Moreau, Therese and Sinatra, Roberta and Sekara, Vedran","In recent years, Danish child protective services have experienced increasing pressure, prompting the adoption of a decision-support algorithm to aid caseworkers in identifying children at heightened risk of maltreatment, named Decision Support. Despite its critical role, this algorithm has not undergone formal evaluation. Through a freedom of information request, we were able to partially access the algorithm and conduct an audit. We find that the algorithm has significant methodological flaws, suffers from information leakage, relies on inappropriate proxy values for maltreatment assessment, generates inconsistent risk scores, and exhibits age-based discrimination. Given these serious issues, we strongly advise against the use of this kind of algorithms in local government, municipal, and child protection settings, and we call for rigorous evaluation of such tools before implementation and for continual monitoring post-deployment by listing a series of specific recommendations.",10.1145/3630106.3658906,https://doi-org.myaccess.library.utoronto.ca/10.1145/3630106.3658906
10.1145/3630106.3658907,2024,Misgendered During Moderation: How Transgender Bodies Make Visible Cisnormative Content Moderation Policies and Enforcement in a Meta Oversight Board Case,"Mayworm, Samuel and Albert, Kendra and Haimson, Oliver L.","Transgender and nonbinary social media users experience disproportionate content removals on social media platforms, even when content does not violate platforms’ guidelines. In 2022, the Oversight Board, which oversees Meta platforms’ content moderation decisions, invited public feedback on Instagram’s removal of two trans users’ posts featuring their bare chests, introducing a unique opportunity to hear trans users’ feedback on how nudity and sexual activity policies impacted them. We conducted a qualitative analysis of 83 comments made public during the Oversight Board’s public comment process. Commenters criticized Meta’s nudity policies as enforcing a cisnormative view of gender while making it unclear how images of trans users’ bodies are moderated, enabling the disproportionate removal of trans content and limiting trans users’ ability to use Meta’s platforms. Yet there was significant divergence among commenters about how to address cisnormative moderation. Some commenters suggested that Meta clarify nudity guidelines, while others suggested that Meta overhaul them entirely, removing gendered distinctions or fundamentally reconfiguring the platform’s relationship to sexual content. We then discuss how the Oversight Board’s public comment process demonstrates the value of incorporating trans people’s feedback while developing policies related to gender and nudity, while arguing that Meta must go beyond only revising policy language by reevaluating how cisnormative values are encoded in all aspects of its content moderation systems.",10.1145/3630106.3658907,https://doi-org.myaccess.library.utoronto.ca/10.1145/3630106.3658907
10.1145/3630106.3658921,2024,Benchmarking the Fairness of Image Upsampling Methods,"Laszkiewicz, Mike and Daunhawer, Imant and Vogt, Julia E. and Fischer, Asja and Lederer, Johannes","Recent years have witnessed a rapid development of deep generative models for creating synthetic media, such as images and videos. While the practical applications of these models in everyday tasks are enticing, it is crucial to assess the inherent risks regarding their fairness. In this work, we introduce a comprehensive framework for benchmarking the performance and fairness of conditional generative models. We develop a set of metrics—inspired by their supervised fairness counterparts—to evaluate the models on their fairness and diversity. Focusing on the specific application of image upsampling, we create a benchmark covering a wide variety of modern upsampling methods. As part of the benchmark, we introduce UnfairFace, a subset of FairFace that replicates the racial distribution of common large-scale face datasets. Our empirical study highlights the importance of using an unbiased training set and reveals variations in how the algorithms respond to dataset imbalances. Alarmingly, we find that none of the considered methods produces statistically fair and diverse results. All experiments can be reproduced using our provided repository.1",10.1145/3630106.3658921,https://doi-org.myaccess.library.utoronto.ca/10.1145/3630106.3658921
10.1145/3630106.3658926,2024,Diversity of What? On the Different Conceptualizations of Diversity in Recommender Systems,"Vrijenhoek, Sanne and Daniil, Savvina and Sandel, Jorden and Hollink, Laura","Diversity is a commonly known principle in the design of recommender systems, but also ambiguous in its conceptualization. Through semi-structured interviews we explore how practitioners at three different public service media organizations in the Netherlands conceptualize diversity within the scope of their recommender systems. We provide an overview of the goals that they have with diversity in their systems, which aspects are relevant, and how recommendations should be diversified. We show that even within this limited domain, conceptualization of diversity greatly varies, and argue that it is unlikely that a standardized conceptualization will be achieved. Instead, we should focus on effective communication of what diversity in this particular system means, thus allowing for operationalizations of diversity that are capable of expressing the nuances and requirements of that particular domain.",10.1145/3630106.3658926,https://doi-org.myaccess.library.utoronto.ca/10.1145/3630106.3658926
10.1145/3630106.3658930,2024,Data Agency Theory: A Precise Theory of Justice for AI Applications,"Ajmani, Leah and Stapleton, Logan and Houtti, Mo and Chancellor, Stevie","Data collection methods for AI applications have been heavily scrutinized by researchers, policymakers, and the general public. In this paper, we propose data agency theory (DAT), a precise theory of justice to evaluate and improve current consent procedures used in AI applications. We argue that data agency is systematically defined by consent policies. Therefore, data agency is a matter of justice. DAT claims data agency ought to be afforded in a way that minimizes the oppression of data contributors by data collectors. We then apply DAT to two salient consent procedures in AI applications: Reddit’s Terms of Service agreement and the United States’s IRB protocols. Through these cases, we demonstrate how our theory helps evaluate justice and generate ideas for improvement. Finally, we discuss the implications of using justice as an evaluation metric, comparing consent procedures, and adopting DAT in future research.",10.1145/3630106.3658930,https://doi-org.myaccess.library.utoronto.ca/10.1145/3630106.3658930
10.1145/3630106.3658934,2024,The Digital Faces of Oppression and Domination: A Relational and Egalitarian Perspective on the Data-driven Society and its Regulation,"Naudts, Laurens","Drawing from Iris Marion Young's politics of difference and democratic theory, this contribution formulates a relational and egalitarian account of digital justice to understand and help counter, the social and technical conditions under which data-driven decision-making systems are liable to reinforce and introduce social injustice. To do so, this contribution is structured alongside three axes. First, I present data-driven decision-making systems as socio-technical systems that both take meaning from and co-shape people's relationships and the social structures they are part of. Due to this relational push and pull, I argue, data-driven systems have the potential to restructure society and, consequently, the conditions that govern people's exposure to, and experience of, injustice therein. Second, I transpose Young's ideation of oppression and domination onto the digital ecosystem. Both notions are used to locate within complex, dynamic and automated environments, a series of social and technological conditions that unjustifiably limit people's actions and behaviours. Third, I build on Young's model for an inclusive democracy to propose a series of institutional and procedural practices to ensure that, within the digital ecosystem, each person has the effective opportunity to pursue the life projects they value and to communicate their needs, concerns and experiences in ways that are heard and recognized by others.",10.1145/3630106.3658934,https://doi-org.myaccess.library.utoronto.ca/10.1145/3630106.3658934
10.1145/3630106.3658939,2024,"Mapping the individual, social and biospheric impacts of Foundation Models","Dom\'{\i}nguez Hern\'{a}ndez, Andr\'{e}s and Krishna, Shyam and Perini, Antonella Maia and Katell, Michael and Bennett, SJ and Borda, Ann and Hashem, Youmna and Hadjiloizou, Semeli and Mahomed, Sabeehah and Jayadeva, Smera and Aitken, Mhairi and Leslie, David","Responding to the rapid roll-out and large-scale commercialization of foundation models, large language models, and generative AI, an emerging body of work is shedding light on the myriad impacts these technologies are having across society. Such research is expansive, ranging from the production of discriminatory, fake and toxic outputs, and privacy and copyright violations, to the unjust extraction of labor and natural resources. The same has not been the case in some of the most prominent AI governance initiatives in the global north like the UK’s AI Safety Summit and the G7’s Hiroshima process, which have influenced much of the international dialogue around AI governance. Despite the wealth of cautionary tales and evidence of algorithmic harm, there has been an ongoing over-emphasis within the AI governance discourse on technical matters of safety and global catastrophic or existential risks. This narrowed focus has tended to draw attention away from very pressing social and ethical challenges posed by the current brute-force industrialization of AI applications. To address such a visibility gap between real-world consequences and speculative risks, this paper offers a critical framework to account for the social, political, and environmental dimensions of foundation models and generative AI. Drawing on a review of the literature on the harms and risks of foundations models, and insights from critical data studies, science and technology studies, and environmental justice scholarship, we identify 14 categories of risks and harms and map them according to their individual, social, and biospheric impacts. We argue that this novel typology offers an integrative perspective to address the most urgent negative impacts of foundation models and their downstream applications. We conclude with recommendations on how this typology could be used to inform technical and normative interventions to advance responsible AI.",10.1145/3630106.3658939,https://doi-org.myaccess.library.utoronto.ca/10.1145/3630106.3658939
10.1145/3630106.3658941,2024,"""I'm Not Sure, But..."": Examining the Impact of Large Language Models' Uncertainty Expression on User Reliance and Trust","Kim, Sunnie S. Y. and Liao, Q. Vera and Vorvoreanu, Mihaela and Ballard, Stephanie and Vaughan, Jennifer Wortman","Widely deployed large language models (LLMs) can produce convincing yet incorrect outputs, potentially misleading users who may rely on them as if they were correct. To reduce such overreliance, there have been calls for LLMs to communicate their uncertainty to end users. However, there has been little empirical work examining how users perceive and act upon LLMs’ expressions of uncertainty. We explore this question through a large-scale, pre-registered, human-subject experiment (N=404) in which participants answer medical questions with or without access to responses from a fictional LLM-infused search engine. Using both behavioral and self-reported measures, we examine how different natural language expressions of uncertainty impact participants’ reliance, trust, and overall task performance. We find that first-person expressions (e.g., “I’m not sure, but...”) decrease participants’ confidence in the system and tendency to agree with the system’s answers, while increasing participants’ accuracy. An exploratory analysis suggests that this increase can be attributed to reduced (but not fully eliminated) overreliance on incorrect answers. While we observe similar effects for uncertainty expressed from a general perspective (e.g., “It’s not clear, but...”), these effects are weaker and not statistically significant. Our findings suggest that using natural language expressions of uncertainty may be an effective approach for reducing overreliance on LLMs, but that the precise language used matters. This highlights the importance of user testing before deploying LLMs at scale.",10.1145/3630106.3658941,https://doi-org.myaccess.library.utoronto.ca/10.1145/3630106.3658941
10.1145/3630106.3658944,2024,More than the Sum of its Parts: Susceptibility to Algorithmic Disadvantage as a Conceptual Framework,"Lopez, Paola","Algorithmic systems are increasingly being applied in contexts of state action to, in some capacity, mediate the relations between state and individual. Disadvantageous effects, such as potential discriminatory outcomes brought forth by different kinds of biases, have been the locus of severe critique by academic scholarship and political activism. There has been scholarly work conceptualizing biases and types of biases, as well as types of harm. Drawing from Elizabeth Anderson’s conceptualization of relational equality, this paper emphasizes the relationality of the encounters between state and individual. This paper introduces ""susceptibility to algorithmic disadvantage"" as a conceptual framework to address the relational constellation at play. Susceptibility to algorithmic disadvantage has a vertical dimension that addresses the relation between a state actor and an individual and a horizontal dimension that is characterized by intersectional inequalities that prevail in societal contexts. Intersectional feminist scholarship has established that interlocking systems of oppression amount to more than the sum of their single-axis parts. Paralleling this argument, this paper argues that susceptibility to algorithmic disadvantage amounts to more than the sum of the vertical and the horizontal dimension: the dimensions co-constitute and reinforce each other. The proposed framework is applied to four international case studies situated in crucial areas of state action: facial recognition in law enforcement in the USA, biometric identification in social welfare in India, dialect recognition in the asylum system in Germany, and grade prediction in the education system in the UK. Viewed through the lens of the proposed framework, heterogeneous use cases in different locations and areas of state action emerge as similar considering the inquiry into questions of justice, rendering the proposed framework a useful tool for analysis.",10.1145/3630106.3658944,https://doi-org.myaccess.library.utoronto.ca/10.1145/3630106.3658944
10.1145/3630106.3658945,2024,"A Systematic Review of Biometric Monitoring in the Workplace: Analyzing Socio-technical Harms in Development, Deployment and Use","Awumey, Ezra and Das, Sauvik and Forlizzi, Jodi","Modern advances in AI have increased employer interest in tracking workers’ biometric signals — e.g., their brainwaves and facial expressions — to evaluate and make predictions about their performance and productivity. These technologies afford managers information about internal emotional and physiological states that were previously accessible only to individual workers, raising new concerns around worker privacy and autonomy. Yet, the research literature on the impact of AI-powered biometric work monitoring (AI-BWM) technologies on workers remains fragmented across disciplines and industry sectors, limiting our understanding of its impacts on workers at large. In this paper, we sytematically review 129 papers, spanning varied disciplines and industry sectors, that discuss and analyze the impact of AI-powered biometric monitoring technologies in occupational settings. We situate this literature across a process model that spans the development, deployment, and usage phases of these technologies. We further draw on Shelby et al.’s Taxonomy of Socio-technical Harms in AI systems to systematize the harms experienced by workers across the three phases of our process model. We find that the development, deployment, and sustained use of AI-powered biometric work monitoring technologies put workers at risk of a number of the socio-technical harms specified by Shelby et al.: e.g., by forcing workers to exert additional emotional labor to avoid flagging unreliable affect monitoring systems, or through the use of these data to make inferences about productivity. Our research contributes to the field of critical AI studies by highlighting the potential for a cascade of harms to occur when the impact of these technologies on workers is not considered at all phases of our process model.",10.1145/3630106.3658945,https://doi-org.myaccess.library.utoronto.ca/10.1145/3630106.3658945
10.1145/3630106.3658953,2024,Explainable Artificial Intelligence for Academic Performance Prediction. An Experimental Study on the Impact of Accuracy and Simplicity of Decision Trees on Causability and Fairness Perceptions,"L\""{u}nich, Marco and Keller, Birte","The rising adoption of learning analytics and academic performance prediction technologies in higher education highlights the urgent need for transparency and explainability. This demand, rooted in ethical concerns and fairness considerations, converges with Explainable Artificial Intelligence (XAI) principles. Despite the recognized importance of transparency and fairness in learning analytics, empirical studies examining student fairness perceptions, particularly within academic performance prediction, remain limited. We conducted a pre-registered factorial survey experiment involving 1,047 German students to investigate how decision tree features (simplicity and accuracy) influence perceived distributive and informational fairness, mediated by causability (i.e., the self-assessed understandability of a machine learning model’s cause-effect linkages). Additionally, we examined the moderating role of institutional trust in these relationships. Our results indicate that decision tree simplicity positively affects fairness perceptions, mediated by causability. In contrast, prediction accuracy neither directly nor indirectly influences these perceptions. Even if the hypothesized effects of interest are either minor or non-existent, results show that the medium positive effect of causability on the distributive fairness assessment depends on institutional trust. These findings substantially impact the crafting of transparent machine learning models in educational settings. We discuss important implications for fairness and transparency in implementing academic performance prediction systems.",10.1145/3630106.3658953,https://doi-org.myaccess.library.utoronto.ca/10.1145/3630106.3658953
10.1145/3630106.3658956,2024,When Human-AI Interactions Become Parasocial: Agency and Anthropomorphism in Affective Design,"Maeda, Takuya and Quan-Haase, Anabel","With the continuous improvement of large language models (LLMs), chatbots can produce coherent and continuous word sequences that mirror natural human language. While the use of natural language and human-like conversation styles enables the use of chatbots within a range of everyday settings, these usability-enhancing features can also have unintended consequences, such as making fallible information seem trustworthy by emphasizing friendliness and closeness. This can have serious implications for information retrieval tasks performed with chatbots. In this paper, we provide an overview of the literature on parasociality, social affordance, and trust to bridge these concepts within human-AI interactions. We critically examine how chatbot “roleplaying” and user role projection co-produce a pseudo-interactive, technologically-mediated space with imbalanced dynamics between users and chatbots. Based on the review of the literature, we develop a conceptual framework of parasociality in chatbots that describes interactions between humans and anthropomorphized chatbots. We dissect how chatbots use personal pronouns, conversational conventions, affirmations, and similar strategies to position the chatbots as users’ companions or assistants, and how these tactics induce trust-forming behaviors in users. Finally, based on the conceptual framework, we outline a set of ethical concerns that emerge from parasociality, including illusions of reciprocal engagement, task misalignment, and leaks of sensitive information. This paper argues that these possible consequences arise from a positive feedback cycle wherein anthropomorphized chatbot features encourage users to fill in the context around predictive outcomes.",10.1145/3630106.3658956,https://doi-org.myaccess.library.utoronto.ca/10.1145/3630106.3658956
10.1145/3630106.3658961,2024,PreFAIR: Combining Partial Preferences for Fair Consensus Decision-making,"Cachel, Kathleen and Rundensteiner, Elke","Preference aggregation mechanisms help decision-makers combine diverse preference rankings produced by multiple voters into a single consensus ranking. Prior work has developed methods for aggregating multiple rankings into a fair consensus over the same set of candidates. Yet few real-world problems present themselves as such precisely formulated aggregation tasks with each voter fully ranking all candidates. Instead, preferences are often expressed as rankings over partial and even disjoint subsets of candidates. For instance, hiring committee members typically opt to rank their top choices instead of exhaustively ordering every single job applicant. However, the existing literature does not offer a framework for characterizing nor ensuring group fairness in such partial preference aggregation tasks. Unlike fully ranked settings, partial preferences imply both a selection decision of whom to rank plus an ordering decision of how to rank the selected candidates. Our work fills this gap by conceptualizing the open problem of fair partial preference aggregation. We introduce an impossibility result for fair selection from partial preferences and design a computational framework showing how we can navigate this obstacle. Inspired by Single Transferable Voting, our proposed solution PreFair produces consensus rankings that are fair in the selection of candidates and also in their relative ordering. Our experimental study demonstrates that PreFair achieves the best performance in this dual fairness objective compared to state-of-the-art alternatives adapted to this new problem while still satisfying voter preferences.",10.1145/3630106.3658961,https://doi-org.myaccess.library.utoronto.ca/10.1145/3630106.3658961
10.1145/3630106.3658975,2024,"Large Language Models Portray Socially Subordinate Groups as More Homogeneous, Consistent with a Bias Observed in Humans","Lee, Messi H.J. and Montgomery, Jacob M. and Lai, Calvin K.","Large language models (LLMs) are becoming pervasive in everyday life, yet their propensity to reproduce biases inherited from training data remains a pressing concern. Prior investigations into bias in LLMs have focused on the association of social groups with stereotypical attributes. However, this is only one form of human bias such systems may reproduce. We investigate a new form of bias in LLMs that resembles a social psychological phenomenon where socially subordinate groups are perceived as more homogeneous than socially dominant groups. We had ChatGPT, a state-of-the-art LLM, generate texts about intersectional group identities and compared those texts on measures of homogeneity. We consistently found that ChatGPT portrayed African, Asian, and Hispanic Americans as more homogeneous than White Americans, indicating that the model described racial minority groups with a narrower range of human experience. ChatGPT also portrayed women as more homogeneous than men, but these differences were small. Finally, we found that the effect of gender differed across racial/ethnic groups such that the effect of gender was consistent within African and Hispanic Americans but not within Asian and White Americans. We argue that the tendency of LLMs to describe groups as less diverse risks perpetuating stereotypes and discriminatory behavior.",10.1145/3630106.3658975,https://doi-org.myaccess.library.utoronto.ca/10.1145/3630106.3658975
10.1145/3630106.3658980,2024,Fairness in Online Ad Delivery,"Baumann, Joachim and Sapiezynski, Piotr and Heitz, Christoph and Hannak, Aniko","Advertising funds a number of services that play a major role in our everyday online experiences, from social networking, to maps, search, and news. As the power and reach of advertising platforms grow, so do the concerns about the potential for discrimination associated with targeted advertising. However, despite our ever-improving ability to measure and describe instances of unfair distribution of high-stakes ads—such as employment, housing, or credit—we lack the tools to model and predict the extent to which alternative systems could address such problems. In this paper, we simulate an ad distribution system to model the effects that enforcing popularly proposed fairness approaches would have on the utility of the advertising platforms and their users. We show that in many realistic scenarios, achieving statistical parity would come at a much higher utility cost to platforms than enforcing predictive parity or equality of opportunity. Additionally, we identify a tradeoff between different notions of fairness, i.e., enforcing one criterion leads to worse outcomes with respect to other criteria. We further describe how pursuing fairness in situations where one group of users is more expensive to advertise to is likely to result in “leveling down” effects, i.e., not benefiting any group of users. We show that these negative effects can be prevented by ensuring that it is the platforms that carry the cost of fairness rather than passing it on to their users or advertisers. Overall, our findings contribute to ongoing discussions on fair ad delivery. We show that fairness is not satisfied by default, that limiting targeting options is not sufficient to address potential discrimination and bias in online ad delivery, and that choices made by regulators and platforms may backfire if potential side-effects are not properly considered.",10.1145/3630106.3658980,https://doi-org.myaccess.library.utoronto.ca/10.1145/3630106.3658980
10.1145/3630106.3658983,2024,Achieving Reproducibility in EEG-Based Machine Learning,"Kinahan, Sean and Saidi, Pouria and Daliri, Ayoub and Liss, Julie and Berisha, Visar","Despite the inherent complexity of electroencephalogram (EEG) data characterized by its high dimensionality, artifactual noise, and biological variability, many machine learning (ML) studies claim impressive performance in decoding or classifying EEG signals. Recently, several studies have highlighted that flawed data analysis is a prevalent issue in the literature, leading to irreproducible results and exaggerated claims. To address this issue, we propose a framework that addresses three primary obstacles in EEG ML research: data leakage, data scarcity, and flawed model selection. We introduce the EEG ML Model Card, a standardized and transparent EEG ML model documentation tool that aims to directly address these pitfalls and enhance reproducibility and trustworthiness in EEG ML research.",10.1145/3630106.3658983,https://doi-org.myaccess.library.utoronto.ca/10.1145/3630106.3658983
10.1145/3630106.3658987,2024,The Impact and Opportunities of Generative AI in Fact-Checking,"Wolfe, Robert and Mitra, Tanushree","Generative AI appears poised to transform white collar professions, with more than 90\% of Fortune 500 companies using OpenAI’s flagship GPT models, which have been characterized as “general purpose technologies” capable of effecting epochal changes in the economy. But how will such technologies impact organizations whose job is to verify and report factual information, and to ensure the health of the information ecosystem? To investigate this question, we conducted 30 interviews with N=38 participants working at 29 fact-checking organizations across six continents, asking about how they use generative AI and the opportunities and challenges they see in the technology. We found that uses of generative AI envisioned by fact-checkers differ based on organizational infrastructure, with applications for quality assurance in Editing, for trend analysis in Investigation, and for information literacy in Advocacy. We used the TOE framework to describe participant concerns ranging from the Technological (lack of transparency), to the Organizational (resource constraints), to the Environmental (uncertain and evolving policy). Building on the insights of our participants, we describe value tensions between fact-checking and generative AI, and propose a novel Verification dimension to the design space of generative models for information verification work. Finally, we outline an agenda for fairness, accountability, and transparency research to support the responsible use of generative AI in fact-checking. Throughout, we highlight the importance of human infrastructure and labor in producing verified information in collaboration with AI. We expect that this work will inform not only the scientific literature on fact-checking, but also contribute to understanding of organizational adaptation to a powerful but unreliable new technology.",10.1145/3630106.3658987,https://doi-org.myaccess.library.utoronto.ca/10.1145/3630106.3658987
10.1145/3630106.3658992,2024,Participation in the age of foundation models,"Suresh, Harini and Tseng, Emily and Young, Meg and Gray, Mary and Pierson, Emma and Levy, Karen","Growing interest and investment in the capabilities of foundation models has positioned such systems to impact a wide array of services, from banking to healthcare. Alongside these opportunities is the risk that these systems reify existing power imbalances and cause disproportionate harm to historically marginalized groups. The larger scale and domain-agnostic manner in which these models operate further heightens the stakes: any errors or harms are liable to reoccur across use cases. In AI \&amp; ML more broadly, participatory approaches hold promise to lend agency and decision-making power to marginalized stakeholders, leading to systems that better benefit justice through equitable and distributed governance. But existing approaches in participatory AI/ML are typically grounded in a specific application and set of relevant stakeholders, and it is not straightforward how to apply these lessons to the context of foundation models. Our paper aims to fill this gap. First, we examine existing attempts at incorporating participation into foundation models. We highlight the tension between participation and scale, demonstrating that it is intractable for impacted communities to meaningfully shape a foundation model that is intended to be universally applicable. In response, we develop a blueprint for participatory foundation models that identifies more local, application-oriented opportunities for meaningful participation. In addition to the “foundation” layer, our framework proposes the “subfloor” layer, in which stakeholders develop shared technical infrastructure, norms and governance for a grounded domain such as clinical care, journalism, or finance, and the “surface” (or application) layer, in which affected communities shape the use of a foundation model for a specific downstream task. The intermediate “subfloor” layer scopes the range of potential harms to consider, and affords communities more concrete avenues for deliberation and intervention. At the same time, it avoids duplicative effort by scaling input across relevant use cases. Through three case studies in clinical care, financial services, and journalism, we illustrate how this multi-layer model can create more meaningful opportunities for participation than solely intervening at the foundation layer.",10.1145/3630106.3658992,https://doi-org.myaccess.library.utoronto.ca/10.1145/3630106.3658992
10.1145/3630106.3658993,2024,A Robot Walks into a Bar: Can Language Models Serve as Creativity SupportTools for Comedy? An Evaluation of LLMs’ Humour Alignment with Comedians,"Mirowski, Piotr and Love, Juliette and Mathewson, Kory and Mohamed, Shakir","We interviewed twenty professional comedians who perform live shows in front of audiences and who use artificial intelligence in their artistic process as part of 3-hour workshops on “AI x Comedy” conducted at the Edinburgh Festival Fringe in August 2023 and online. The workshop consisted of a comedy writing session with large language models (LLMs), a human-computer interaction questionnaire to assess the Creativity Support Index of AI as a writing tool, and a focus group interrogating the comedians’ motivations for and processes of using AI, as well as their ethical concerns about bias, censorship and copyright. Participants noted that existing moderation strategies used in safety filtering and instruction-tuned LLMs reinforced hegemonic viewpoints by erasing minority groups and their perspectives, and qualified this as a form of censorship. At the same time, most participants felt the LLMs did not succeed as a creativity support tool, by producing bland and biased comedy tropes, akin to “cruise ship comedy material from the 1950s, but a bit less racist”. Our work extends scholarship about the subtle difference between, one the one hand, harmful speech, and on the other hand, “offensive” language as a practice of resistance, satire and “punching up”. We also interrogate the global value alignment behind such language models, and discuss the importance of community-based value alignment and data ownership to build AI tools that better suit artists’ needs. Warning: this study may contain offensive language and discusses self-harm.",10.1145/3630106.3658993,https://doi-org.myaccess.library.utoronto.ca/10.1145/3630106.3658993
10.1145/3630106.3658994,2024,Participatory Objective Design via Preference Elicitation,"Shirali, Ali and Finocchiaro, Jessie and Abebe, Rediet","In standard resource allocation problems, the designer sets the objective function, which captures the central allocation goal, in a top-down manner. The agents primarily participate in the allocation mechanism by reporting their preferences over the items; they cannot influence the objective once the designer sets it. Implicitly, this approach presumes that standard ways of eliciting the agents’ preferences adequately represent their true preferences—an assumption which does not hold if agents have preferences not just over the items they receive but also over the objective being optimized. For instance, agents may also have social preferences, such as inequality-aversion, altruism, or similar other-regarding behavior. We cannot express such preferences through standard cardinal utilities or ordinal rankings over the items the designer would typically elicit from the agents. This work examines how we can use this bottom-up preference elicitation stage to enable participants to express preferences over the objectives. We present a versatile framework that elicits agents’ preferences over a possible set of objectives and then minimally alters the underlying optimization problem to solve for a new objective that combines both the standard benchmark objective and the agents’ preferences for other objectives. We show how to evaluate this new participatory approach against the standard approach, using our notions of loss and gain in social welfare as well as individual tradeoffs. We illustrate the potency of this framework using a well-studied fair division problem where the designer aims to allocate m divisible items to n agents. In the standard setting, the designer optimizes for utilitarian social welfare, i.e., the sum of the agents’ cardinal utilities. We assume that some agents are also inequality-averse and may, therefore, have preferences for objectives that minimize inequality. Using the popular Fehr and Schmidt [31] model, we demonstrate how to map this fair division question to our framework, where the participatory approach optimizes both the standard utilitarian social welfare objective and the agents’ heterogeneous preferences over the level of inequality. We examine this problem theoretically to show that there can be large gains in social welfare if the designer uses this participatory approach. Further, we show that the loss in social welfare is linear in the level of inequality aversion and independent of the number of agents. We present a tighter bound in both cases under further natural assumptions on the preferences. We also examine the worst-case cost an individual agent might incur. Our results indicate that the loss in social welfare (measured by the standard objective) and gain in social welfare (measured by the participatory one) can favor the participatory approach in several natural settings. Throughout the work, we highlight various promising avenues for examining this participatory approach in the specific case study tackled in this paper and a broader range of resource allocation problems.",10.1145/3630106.3658994,https://doi-org.myaccess.library.utoronto.ca/10.1145/3630106.3658994
10.1145/3630106.3658995,2024,Animation and Artificial Intelligence,"Stark, Luke","Animation as genre is broadly used across many forms of digital media. In this paper, I argue ChatGPT and similar chatbots powered by Large Language Models (LLMs) can be best understood as animated characters. More than just cartooning, puppetry, or CGI, animation is a paradigm involving the projection of qualities perceived as human such as power, agency, will, and personality outside of the self and onto objects in the environment. Characteristics of animation—including reliance on stereotypes, obfuscation of human labor, and manipulation of an audience's emotions—can help us both analyze and respond appropriately to interactive AI technologies and the hyperbolic claims of their promoters.",10.1145/3630106.3658995,https://doi-org.myaccess.library.utoronto.ca/10.1145/3630106.3658995
10.1145/3630106.3658996,2024,Careless Whisper: Speech-to-Text Hallucination Harms,"Koenecke, Allison and Choi, Anna Seo Gyeong and Mei, Katelyn X. and Schellmann, Hilke and Sloane, Mona","Speech-to-text services aim to transcribe input audio as accurately as possible. They increasingly play a role in everyday life, for example in personal voice assistants or in customer-company interactions. We evaluate Open AI’s Whisper, a state-of-the-art automated speech recognition service outperforming industry competitors, as of 2023. While many of Whisper’s transcriptions were highly accurate, we find that roughly 1\% of audio transcriptions contained entire hallucinated phrases or sentences which did not exist in any form in the underlying audio. We thematically analyze the Whisper-hallucinated content, finding that 38\% of hallucinations include explicit harms such as perpetuating violence, making up inaccurate associations, or implying false authority. We then study why hallucinations occur by observing the disparities in hallucination rates between speakers with aphasia (who have a lowered ability to express themselves using speech and voice) and a control group. We find that hallucinations disproportionately occur for individuals who speak with longer shares of non-vocal durations—a common symptom of aphasia. We call on industry practitioners to ameliorate these language-model-based hallucinations in Whisper, and to raise awareness of potential biases amplified by hallucinations in downstream applications of speech-to-text models.",10.1145/3630106.3658996,https://doi-org.myaccess.library.utoronto.ca/10.1145/3630106.3658996
10.1145/3630106.3659002,2024,"Real Risks of Fake Data: Synthetic Data, Diversity-Washing and Consent Circumvention","Whitney, Cedric Deslandes and Norman, Justin","Machine learning systems require representations of the real world for training and testing - they require data, and lots of it. Collecting data at scale has logistical and ethical challenges, and synthetic data promises a solution to these challenges. Instead of needing to collect photos of real people’s faces to train a facial recognition system, a model creator could create and use photo-realistic, synthetic faces. The comparative ease of generating this synthetic data rather than relying on collecting data has made it a common practice. We present two key risks of using synthetic data in model development. First, we detail the high risk of false confidence when using synthetic data to increase dataset diversity and representation. We base this in the examination of a real world use-case of synthetic data, where synthetic datasets were generated for an evaluation of facial recognition technology. Second, we examine how using synthetic data risks circumventing consent for data usage. We illustrate this by considering the importance of consent to the U.S. Federal Trade Commission’s regulation of data collection and affected models. Finally, we discuss how these two risks exemplify how synthetic data complicates existing governance and ethical practice; by decoupling data from those it impacts, synthetic data is prone to consolidating power away those most impacted by algorithmically-mediated harm.",10.1145/3630106.3659002,https://doi-org.myaccess.library.utoronto.ca/10.1145/3630106.3659002
10.1145/3630106.3659004,2024,System-2 Recommenders: Disentangling Utility and Engagement in Recommendation Systems via Temporal Point-Processes,"Agarwal, Arpit and Usunier, Nicolas and Lazaric, Alessandro and Nickel, Maximilian","Recommender systems are an important part of the modern human experience whose influence ranges from the food we eat to the news we read. Yet, there is still debate as to what extent online recommendation platforms are aligned with the goals of their users. A core issue fueling this debate is the challenge of inferring a user’s utility based on their engagement signals such as likes, shares, watch time etc., which are often the primary metric used by platforms to optimize content. This is because users’ utility-driven decision-processes (which we refer to as System-2), e.g., reading news that are accurate and relevant for them, are often confounded by their impulsive or unconscious decision-processes (which we refer to as System-1), e.g., spend time on click-bait news articles. As a result, it is difficult to infer whether an observed engagement is utility-driven or impulse-driven. In this paper we explore a new approach to recommender systems where we infer user’s utility based on their return probability to the platform rather than engagement signals. This approach is based on the intuition that users tend to return to a platform in the long run if it creates utility for them, while pure engagement-driven interactions, i.e., interactions that do not add meaningful utility, may affect user return in the short term but will not have a lasting effect. For this purpose, we propose a generative model in which past content interactions impact the arrival rates of users based on a self-exciting Hawkes process. These arrival rates to the platform are a combination of both System-1 and System-2 decision processes. The System-2 arrival intensity depends on the utility drawn from past content interactions and has a long lasting effect on return probability. In contrast, System-1 arrival intensity depends on the instantaneous gratification or moreishness and tends to vanish rapidly in time. We show analytically that given samples from this model it is provably possible to disentangle the System-1 and System-2 decision-processes and thus infer user’s utility, thereby allowing us to optimize content based on it. We conduct experiments on synthetic data to demonstrate the effectiveness of our approach over engagement optimization.",10.1145/3630106.3659004,https://doi-org.myaccess.library.utoronto.ca/10.1145/3630106.3659004
10.1145/3630106.3659018,2024,Balancing Act: Evaluating People’s Perceptions of Fair Ranking Metrics,"Alkhathlan, Mallak and Cachel, Kathleen and Shrestha, Hilson and Harrison, Lane and Rundensteiner, Elke","Algorithmic decision-making using rankings— prevalent in areas from hiring and bail to university admissions— raises concerns of potential bias. In this paper, we explore the alignment between people’s perceptions of fairness and two popular fairness metrics designed for rankings. In a crowdsourced experiment with 480 participants, people rated the perceived fairness of a hypothetical scholarship distribution scenario. Results suggest a strong inclination towards relying on explicit score values. There is also evidence of people’s preference for one fairness metric, NDKL, over the other metric, ARP. Qualitative results paint a more complex picture: some participants endorse meritocratic award schemes and express concerns about fairness metrics being used to modify rankings; while other participants acknowledge socio-economic factors in score-based rankings as justification for adjusting rankings. In summary, we find that operationalizing algorithmic fairness in practice is a balancing act between mitigating harms towards marginalized groups and societal conventions of leveraging traditional performance scores such as grades in decision-making contexts.",10.1145/3630106.3659018,https://doi-org.myaccess.library.utoronto.ca/10.1145/3630106.3659018
10.1145/3630106.3659021,2024,Disentangling Perceptions of Offensiveness: Cultural and Moral Correlates,"Davani, Aida and D\'{\i}az, Mark and Baker, Dylan and Prabhakaran, Vinodkumar","Recent years have seen substantial investments in AI-based tools designed to detect offensive language at scale, aiming to moderate social media platforms, and ensure safety of conversational AI technologies such as ChatGPT and Bard. These efforts largely treat this task as a technical endeavor, relying on data annotated for offensiveness by a global crowd workforce, without considering crowd workers’ socio-cultural backgrounds or the values their perceptions reflect. Existing research that examines systematic variations in annotators’ judgments often reduces these differences to socio-demographic categories along racial, or gender dimensions, overlooking the diversity of perspectives within such groups. On the other hand, social psychology literature highlights the crucial role that both cultural and psychological factors play in human perceptions and judgments. Through a large-scale cross-cultural study of 4309 participants from 21 countries across eight cultural regions, we demonstrate substantial cross-cultural and individual moral value-based differences in interpretations of offensiveness. Our study reveals specific regions that are significantly more sensitive to offensive language. Furthermore, using the Moral Foundations Theory, we study the underlying moral values that contribute to these cross-cultural differences. Notably, we find that participants’ moral values play a far more important role in shaping their perceptions of offensiveness than geo-cultural distinctions. Our investigation, using a non-monolithic framework to understand cross-cultural moral concerns, reveals crucial insights that can be extrapolated to building AI models for the pluralistic world. Our results call for more extensive consideration of diverse human moral values when deploying AI models across diverse geo-cultural contexts.",10.1145/3630106.3659021,https://doi-org.myaccess.library.utoronto.ca/10.1145/3630106.3659021
10.1145/3630106.3659031,2024,The Role of Explainability in Collaborative Human-AI Disinformation Detection,"Schmitt, Vera and Villa-Arenas, Luis-Felipe and Feldhus, Nils and Meyer, Joachim and Spang, Robert P. and M\""{o}ller, Sebastian","Manual verification has become very challenging based on the increasing volume of information shared online and the role of generative Artificial Intelligence (AI). Thus, AI systems are used to identify disinformation and deep fakes online. Previous research has shown that superior performance can be observed when combining AI and human expertise. Moreover, according to the EU AI Act, human oversight is inevitable when using AI systems in a domain where fundamental human rights, such as the right to free expression, might be affected. Thus, AI systems need to be transparent and offer sufficient explanations to be comprehensible. Much research has been done on integrating eXplainability (XAI) features to increase the transparency of AI systems; however, they lack human-centered evaluation. Additionally, the meaningfulness of explanations varies depending on users’ background knowledge and individual factors. Thus, this research implements a human-centered evaluation schema to evaluate different XAI features for the collaborative human-AI disinformation detection task. Hereby, objective and subjective evaluation dimensions, such as performance, perceived usefulness, understandability, and trust in the AI system, are used to evaluate different XAI features. A user study was conducted with an overall total of 433 participants, whereas 406 crowdworkers and 27 journalists participated as experts in detecting disinformation. The results show that free-text explanations contribute to improving non-expert performance but do not influence the performance of experts. The XAI features increase the perceived usefulness, understandability, and trust in the AI system, but they can also lead crowdworkers to blindly trust the AI system when its predictions are wrong.",10.1145/3630106.3659031,https://doi-org.myaccess.library.utoronto.ca/10.1145/3630106.3659031
10.1145/3630106.3659036,2024,Algorithmic Arbitrariness in Content Moderation,"Gomez, Juan Felipe and Machado, Caio and Paes, Lucas Monteiro and Calmon, Flavio","Machine learning (ML) is widely used to moderate online content. Despite its scalability relative to human moderation, the use of ML introduces unique challenges to content moderation. One such challenge is predictive multiplicity: multiple competing models for content classification may perform equally well on average, yet assign conflicting predictions to the same content. This multiplicity can result from seemingly innocuous choices made during training, which do not meaningfully change the accuracy of the ML model, but can nevertheless change what the model gets wrong. We experimentally demonstrate how content moderation tools can arbitrarily classify samples as “toxic,” leading to arbitrary restrictions on speech. We use the principles set by the International Covenant on Civil and Political Rights (ICCPR), namely freedom of expression, non-discrimination, and procedural justice to interpret the effects of these findings in terms of Human Rights. We analyze (i) the extent of predictive multiplicity among popular state-of-the-art LLMs used for detecting “toxic” content; (ii) the disparate impact of this arbitrariness across social groups; and (iii) the magnitude of model multiplicity on content that is unanimously recognized as toxic by human annotators. Our findings indicate that the up-scaled algorithmic moderation risks legitimizing an “algorithmic leviathan”, where an algorithm disproportionately manages human rights. To mitigate such risks, our study underscores the need to identify and increase the transparency of arbitrariness in content moderation applications. Our findings have implications to content moderation and intermediary liability laws being discussed and passed in many countries, such as the Digital Services Act in the European Union, the Online Safety Act in the United Kingdom, and the recent TSE resolutions in Brazil.",10.1145/3630106.3659036,https://doi-org.myaccess.library.utoronto.ca/10.1145/3630106.3659036
10.1145/3630106.3659041,2024,Auditing for Racial Discrimination in the Delivery of Education Ads,"Imana, Basileal and Korolova, Aleksandra and Heidemann, John","Digital ads on social-media platforms play an important role in shaping access to economic opportunities. Our work proposes and implements a new third-party auditing method that can evaluate racial bias in the delivery of ads for education opportunities. Third-party auditing is important because it allows external parties to demonstrate presence or absence of bias in social-media algorithms. Education is a domain with legal protections against discrimination and concerns of racial-targeting, but bias induced by ad delivery algorithms has not been previously explored in this domain. Prior audits demonstrated discrimination in platforms’ delivery of ads to users for housing and employment ads. These audit findings supported legal action that prompted Meta to change their ad-delivery algorithms to reduce bias, but only in the domains of housing, employment, and credit. In this work, we propose a new methodology that allows us to measure racial discrimination in a platform’s ad delivery algorithms for education ads. We apply our method to Meta using ads for real schools and observe the results of delivery. We find evidence of racial discrimination in Meta’s algorithmic delivery of ads for education opportunities, posing legal and ethical concerns. Our results extend evidence of algorithmic discrimination to the education domain, showing that current bias mitigation mechanisms are narrow in scope, and suggesting a broader role for third-party auditing of social media in areas where ensuring non-discrimination is important.",10.1145/3630106.3659041,https://doi-org.myaccess.library.utoronto.ca/10.1145/3630106.3659041
10.1145/3630106.3659045,2024,Visions of a Discipline: Analyzing Introductory AI Courses on YouTube,"Engelmann, Severin and Choksi, Madiha Zahrah and Wang, Angelina and Fiesler, Casey","Education plays an indispensable role in fostering societal well-being and is widely regarded as one of the most influential factors in shaping the future of generations to come. As artificial intelligence (AI) becomes more deeply integrated into our daily lives and the workforce, educational institutions at all levels are directing their focus on resources that cater to AI education. Yet, informal education, including online learning on social media platforms like YouTube, plays an increasingly significant role for both students and the general public. Offering greater accessibility compared to formal education, millions of individuals use YouTube for educational resources on AI today. Due to the substantial societal impact of AI, it is crucial for introductory AI courses to meaningfully address the ethical implications associated with AI. Our work investigates the current landscape of introductory AI courses on YouTube, and the potential for introducing ethics in this context. We qualitatively analyze the 20 most watched introductory AI courses on YouTube, coding a total of 92.2 hours of educational content viewed by close to 50 million people. We find that these introductory AI courses do not meaningfully engage with ethical or societal challenges of AI (RQ1). When defining and framing AI, introductory AI courses foreground excitement around AI’s transformative role in society, over-exaggerate AI’s current and future abilities, and anthropomorphize AI (RQ2). In teaching AI, we see a widespread reliance on corporate AI tools and frameworks as well as a prioritization on a hands-on approach to learning rather than on conceptual foundations (RQ3). In promoting key AI practices, introductory AI courses abstract away entirely the socio-technical nature of AI classification and prediction, for example by favoring data quantity over data quality (RQ4). Given the power of openly available introductory courses to shape enduring beliefs around AI and its field at the onset of a learning journey, we extend our analysis with recommendations that aim to integrate ethical reflections into introductory AI courses. We recommend that introductory AI courses should (1) highlight ethical challenges of AI to present a more balanced perspective, (2) raise ethical issues explicitly relevant to the technical concepts discussed and (3) nurture a sense of accountability in future AI developers.",10.1145/3630106.3659045,https://doi-org.myaccess.library.utoronto.ca/10.1145/3630106.3659045
10.1145/3630106.3661932,2024,Learning Fair Ranking Policies via Differentiable Optimization of Ordered Weighted Averages,"Dinh, My H and Kotary, James and Fioretto, Ferdinando","Learning to Rank (LTR) is one of the most widely used machine learning applications. It is a key component in platforms with profound societal impacts, including job search, healthcare information retrieval, and social media content feeds. Conventional LTR models have been shown to produce biases results, stimulating a discourse on how to address the disparities introduced by ranking systems that solely prioritize user relevance. However, while several models of fair learning to rank have been proposed, they suffer from deficiencies either in accuracy or efficiency, thus limiting their applicability to real-world ranking platforms. This paper shows how efficiently-solvable fair ranking models, based on the optimization of Ordered Weighted Average (OWA) functions, can be integrated into the training loop of an LTR model to achieve favorable balances between fairness, user utility, and runtime efficiency. In particular, this paper is the first to show how to backpropagate through constrained optimizations of OWA objectives, enabling their use in integrated prediction and decision models.",10.1145/3630106.3661932,https://doi-org.myaccess.library.utoronto.ca/10.1145/3630106.3661932
10.1145/3715275.3732004,2025,Auditing the Audits: Lessons for Algorithmic Accountability from Local Law 144's Bias Audits,"Gerchick, Marissa Kumar and Encarnaci\'{o}n, Ro and Tanigawa-Lau, Cole and Armstrong, Lena and Guti\'{e}rrez, Ana and Metaxa, Dana\'{e}","In this work, we “audit the audits,” analyzing the documents produced pursuant to one of the United States’ first enacted laws regulating the use of artificial intelligence in employment: New York City’s Local Law 144. This law requires employers and employment agencies using certain types of automated tools to publish “bias audits” with statistics about how different sex and racial groups fare in the hiring process when the tools are used. We collect and conduct a comprehensive analysis of all Local Law 144 bias audits (N=116) made publicly available to our knowledge from the law taking effect in July 2023 until early November 2024, and describe the extensive challenges we faced in identifying, archiving, extracting information from, and ultimately analyzing these bias audits. We identify several ways that bias audits produced in accordance with Local Law 144 are incomplete evaluations of algorithmic bias, despite news coverage and characterizations by employers and vendors suggesting otherwise. We show that Local Law 144 bias audits are significantly hampered by several issues, including missing demographic data, opaque data aggregation, problematic uses of “test data,” and reliance on metrics that do not represent how automated hiring tools are used in practice. We analyze the reported results in Local Law 144 bias audits alongside the four-fifths rule often used as a measure for assessing adverse impact in employment contexts. Most audits do not report results that would not suggest violations of the four-fifths rule. Crucially, however, we show that these tools could often be in violation of the four-fifths rule when considering potential impacts of missing demographic data. We offer ten practical recommendations to strengthen future legislative efforts that mandate algorithm auditing in hiring and other areas, and contribute an open dataset and codebase for extracting and combining bias audit results to support future auditing efforts.",10.1145/3715275.3732004,https://doi-org.myaccess.library.utoronto.ca/10.1145/3715275.3732004
10.1145/3715275.3732011,2025,Anticipatory Technology Ethics Reflection By Eliciting Creative AI Imaginaries Through Fictional Research Abstracts,"J\""{a}\""{a}skel\""{a}inen, Petra and Sanchez, Camilo and Holzapfel, Andr\'{e}","From issues of intellectual property rights, environmental impact, and the question of creativity in itself, Creative AI (AI applied to arts and design) presents many pressing ethical challenges. At the same time, AI ethics guidelines have been criticised for their rationalist inactionability, highlighting the need for finding ground-up approaches for exploring situated ethics and anticipatory – rather than reactive – ethics in AI technology design. In this paper, we present the results of organising two workshops with Creative AI practitioners in writing fictional research abstracts (FRAs). The participants wrote future-oriented research scenarios for Creative AI and engaged in discussion about them, with the aim to critically reflect on Creative AI ethics and futures in an anticipatory manner. In this paper, we provide an analysis of the imaginaries within the abstracts (e.g. stakeholders, technology framing, and scientific study framing in the abstract), as well as a thematic analysis of topics evoked in and by the abstracts. We observe that the FRAs facilitated five different kinds of thematic discussions, of which nature of creativity and role on AI in the society were particularly prevalent. We also witnessed socio-technical continuity that brought current and past conditions as constraints into the future scenarios. We subsequently reflect on how the FRAs engaged with ethical questions using the Anticipatory Technology Ethics perspectives of technology, artefact, and application. Our work contributes to the empirical understanding of the ethical concerns of future Creative AI technologies and their role in society, while extending the empirical insights of applying the FRA method into a situated case of anticipatory ethics reflection.",10.1145/3715275.3732011,https://doi-org.myaccess.library.utoronto.ca/10.1145/3715275.3732011
10.1145/3715275.3732030,2025,Agonistic Image Generation: Unsettling the Hegemony of Intention,"Shaw, Andrew and Ye, Andre and Krishna, Ranjay and Zhang, Amy","Current image generation tools largely follow an intention-centric paradigm that aims to actualize user intentions but neglects the sociopolitical conversations that these intentions are embedded in. As these tools become cornerstones of the media landscape, however, it is increasingly evident that sociopolitical conflicts over visual representation are inescapable parts of image generation. For instance, in March 2024, Google’s Gemini faced criticism for inappropriately injecting demographic diversity into user prompts. Although Gemini challenged user intentions, its top-down imposition of a standard for “diversity” ultimately proved counterproductive. In this paper, we present an alternative approach: an image generation interface designed to embrace open negotiation along the sociopolitical dimensions of image creation. Grounded in agonistic pluralism (from the Greek agon, meaning struggle), our interface actively engages users with competing visual interpretations of their prompts. Through a lab study with 29 participants, we evaluate our agonistic interface on its ability to facilitate reflection, or engagement with other perspectives that challenges dominant assumptions. We compare it to three existing paradigms: a baseline interface that emulates current image generation tools, a Gemini-style interface that produces “diverse” images, and an intention-centric interface that suggests aestheticized prompt refinements. We find that the agonistic interface enhances reflection across multiple measures, but also that reflection depends on authentically grounding diversity in relevant political contexts. Our results suggest that diversity and user intention need not be treated as inherently opposing values. Instead, interfaces can productively navigate tensions between competing perspectives, enabling users to engage with and evolve their intentions in meaningful ways.",10.1145/3715275.3732030,https://doi-org.myaccess.library.utoronto.ca/10.1145/3715275.3732030
10.1145/3715275.3732033,2025,Identities are not Interchangeable: The Problem of Overgeneralization in Fair Machine Learning,"Wang, Angelina","A key value proposition of machine learning is generalizability: the same methods and model architecture should be able to work across different domains and different contexts. While powerful, this generalization can sometimes go too far, and miss the importance of the specifics. In this work, we look at how fair machine learning has often treated as interchangeable the identity axis along which discrimination occurs. In other words, racism is measured and mitigated the same way as sexism, as ableism, as ageism. Disciplines outside of computer science have pointed out both the similarities and differences between these different forms of oppression, and in this work we draw out the implications for fair machine learning. While certainly not all aspects of fair machine learning need to be tailored to the specific form of oppression, there is a pressing need for greater attention to such specificity than is currently evident. Ultimately, context specificity can deepen our understanding of how to build more fair systems, widen our scope to include currently overlooked harms, and, almost paradoxically, also help to narrow our scope and counter the fear of an infinite number of group-specific methods of analysis.",10.1145/3715275.3732033,https://doi-org.myaccess.library.utoronto.ca/10.1145/3715275.3732033
10.1145/3715275.3732034,2025,"Distinguishing Emotion AI: Factors Shaping Perceptions Including Input Data, Emotion Data Recipients, and Identity","Ingber, Alexis Shore and Haimson, Oliver L. and Andalibi, Nazanin","Emotion artificial intelligence (emotion AI), which claims to infer data subjects’ emotions, is used across a range of high-stakes contexts in the U.S. Examining data subjects’ perceptions of emotion AI is important given the impact its use can have on their access to opportunities, among other consequences. Such inquiry requires an empirical understanding of data subjects’ attitudes about emotion AI compared to AI that does not infer emotions, and differences across potential 1) input data (e.g., facial data, speech data), and 2) recipients of its outputs (i.e., emotion data). To these ends, using a contextual integrity lens, we conducted a survey (n = 742) with a representative U.S. sample, oversampling for individuals of minority groups. Results demonstrate data subjects’ attitudes toward emotion AI are significantly more negative than AI that does not detect emotion. Further, we find significant contrasts in perceptions of specific input data across gender, race, and disability status, particularly for neurodiverse individuals. We also find participants express concern with all emotion data recipients, with higher concern for their data being accessed by recipients with large power asymmetries. Based on these findings, we argue emotion AI should not be deployed without a comprehensive assessment of its implications across demographic groups, yielding implications for policymakers and developers.",10.1145/3715275.3732034,https://doi-org.myaccess.library.utoronto.ca/10.1145/3715275.3732034
10.1145/3715275.3732039,2025,Expressing stigma and inappropriate responses prevents LLMs from safely replacing mental health providers.,"Moore, Jared and Grabb, Declan and Agnew, William and Klyman, Kevin and Chancellor, Stevie and Ong, Desmond C. and Haber, Nick","Should a large language model (LLM) be used as a therapist? In this paper, we investigate the use of LLMs to replace mental health providers, a use case promoted in the tech startup and research space. We conduct a mapping review of therapy guides used by major medical institutions to identify crucial aspects of therapeutic relationships, such as the importance of a therapeutic alliance between therapist and client. We then assess the ability of LLMs to reproduce and adhere to these aspects of therapeutic relationships by conducting several experiments investigating the responses of current LLMs, such as gpt-4o. Contrary to best practices in the medical community, LLMs 1) express stigma toward those with mental health conditions and 2) respond inappropriately to certain common (and critical) conditions in naturalistic therapy settings—e.g., LLMs encourage clients’ delusional thinking, likely due to their sycophancy. This occurs even with larger and newer LLMs, indicating that current safety practices may not address these gaps. Furthermore, we note foundational and practical barriers to the adoption of LLMs as therapists, such as that a therapeutic alliance requires human characteristics (e.g., identity and stakes). For these reasons, we conclude that LLMs should not replace therapists, and we discuss alternative roles for LLMs in clinical therapy.Content warning: Contains content and examples related to sensitive mental health topics, including suicide.",10.1145/3715275.3732039,https://doi-org.myaccess.library.utoronto.ca/10.1145/3715275.3732039
10.1145/3715275.3732041,2025,Social Perception of Faces in a Vision-Language Model,"Hausladen, Carina I and Knott, Manuel and Camerer, Colin F and Perona, Pietro","We explore social perception of human faces in CLIP, a widely used open-source vision-language model. To this end, we compare the similarity in CLIP embeddings between different textual prompts and a set of face images. Our textual prompts are constructed from well-validated social psychology terms denoting social perception. The face images are synthetic and are systematically and independently varied along six dimensions: the legally protected attributes of age, gender, and race, as well as facial expression, lighting, and pose. Independently and systematically manipulating face attributes allows us to study the effect of each on social perception and avoids confounds that can occur in wild-collected data due to uncontrolled systematic correlations between attributes. Thus, our findings are experimental rather than observational. Our main findings are three. First, while CLIP is trained on the widest variety of images and texts, it is able to make fine-grained human-like social judgments on face images. Second, age, gender, and race do systematically impact CLIP’s social perception of faces, suggesting an undesirable bias in CLIP vis-a-vis legally protected attributes. Most strikingly, we find a strong pattern of bias concerning the faces of Black women, where CLIP produces extreme values of social perception across different ages and facial expressions. Third, facial expression impacts social perception more than age and lighting as much as age. The last finding predicts that studies that do not control for unprotected visual attributes may reach the wrong conclusions on bias. Our novel method of investigation, which is founded on the social psychology literature and on the experiments involving the manipulation of individual attributes, yields sharper and more reliable observations than previous observational methods and may be applied to study biases in any vision-language model.",10.1145/3715275.3732041,https://doi-org.myaccess.library.utoronto.ca/10.1145/3715275.3732041
10.1145/3715275.3732048,2025,The Reality of AI and Biorisk,"Peppin, Aidan and Reuel, Anka and Casper, Stephen and Jones, Elliot and Strait, Andrew and Anwar, Usman and Agrawal, Anurag and Kapoor, Sayash and Koyejo, Sanmi and Pellat, Marie and Bommasani, Rishi and Frosst, Nick and Hooker, Sara","To accurately and confidently answer the question “could an AI model or system increase biorisk”, it is necessary to have both a sound theoretical threat model for how AI models or systems could increase biorisk and a robust method for testing that threat model. This paper provides an analysis of existing available research surrounding two AI and biorisk threat models: 1) access to information and planning via large language models (LLMs), and 2) the use of AI-enabled biological tools (BTs) in synthesizing novel biological artifacts. We find that existing studies around AI-related biorisk are nascent, often speculative in nature, or limited in terms of their methodological maturity and transparency. The available literature suggests that current LLMs and BTs do not pose an immediate risk, and more work is needed to develop rigorous approaches to understanding how future models could increase biorisks. We end with recommendations about how empirical work can be expanded to more precisely target biorisk and ensure rigor and validity of findings.&nbsp;",10.1145/3715275.3732048,https://doi-org.myaccess.library.utoronto.ca/10.1145/3715275.3732048
10.1145/3715275.3732050,2025,Missing Pieces: How Do Designs that Expose Uncertainty Longitudinally Impact Trust in AI Decision Aids? An In Situ Study of Gig Drivers,"Chen, Rex and Wang, Ruiyi and Sadeh, Norman and Fang, Fei","Decision aids based on artificial intelligence (AI) induce a wide range of outcomes when they are deployed in uncertain environments. In this paper, we investigate how users’ trust in recommendations from an AI decision aid is impacted over time by designs that expose uncertainty in predicted outcomes. Unlike previous work, we focus on gig driving — a real-world, repeated decision-making context. We report on a longitudinal mixed-methods study (n = 51) where we measured gig drivers’ trust as they interacted with an AI-based schedule recommendation tool. Our results show that participants’ trust in the tool was shaped by both their first impressions of its accuracy and their longitudinal interactions with it, and that task-aligned framings of uncertainty improved trust by allowing participants to incorporate uncertainty into their decision-making processes. Additionally, we observed that trust depended on their characteristics as drivers, underscoring the need for more in situ studies of AI decision aids.",10.1145/3715275.3732050,https://doi-org.myaccess.library.utoronto.ca/10.1145/3715275.3732050
10.1145/3715275.3732052,2025,How to investigate algorithmic-driven risks in online platforms and search engines? A narrative review through the lens of the EU Digital Services Act,"Panigutti, Cecilia and Yela, Delia Fano and Porcaro, Lorenzo and Bertrand, Astrid and Garrido, Josep Soler","Algorithmic systems are increasingly integrated into digital services, where they shape user experiences, mediate access to information, and influence decision-making processes. As their societal impact grows, the field of algorithm auditing has emerged in recent years as a specialized area of study and practice focused on examining how these systems operate and assessing their broader impact on society. On the regulatory side, the European Union’s Digital Services Act (DSA) introduces new obligations for digital services, including provisions that specifically address the algorithms employed by very large online platforms and search engines. This paper seeks to establish a connection between the field of algorithm auditing and the provisions of the DSA that specifically address algorithmic systems. We analyze the existing algorithm auditing literature and develop a taxonomy of study designs, defined as structured plans used to investigate risks associated with the use, design, and functioning of digital services’s algorithms. We categorize these study designs based on their objectives in the broad risk management framework of the DSA, and identify key methodological steps and best practices. In doing so, this paper offers a guide for researchers, auditors, and digital services aiming to adopt rigorous approaches to algorithm auditing within the framework of the DSA.",10.1145/3715275.3732052,https://doi-org.myaccess.library.utoronto.ca/10.1145/3715275.3732052
10.1145/3715275.3732075,2025,Are Measures of Children's Parasocial Relationships Ready for Conversational AI?,"Blake, Annabel and Carter, Marcus and Velloso, Eduardo","Parasocial scales assume one-sided bonds with media figures—but what happens when the media talks back? The rapid emergence of conversational AI has transformed how children interact with digital characters, yet existing parasocial interaction (PSI) and relationship (PSR) measures are still grounded in passive television viewing. Through a systematic review of 24 studies spanning 1976–2024, we reveal critical gaps in current measurement approaches for understanding child-AI interactions. Our analysis exposes methodological weaknesses, including age-indiscriminate measurement tools, inconsistent conceptualisation of character realism, and an oversimplified positive friendship framework. Existing measures predominantly treat PSRs as unidirectional, static constructs, failing to capture the long-term, reciprocal nature of AI interactions. We identify promising directions for measurement evolution, including the revival of early affective scales, refined behavioural measures, and an expanded relationship taxonomy. This analysis provides an urgent review of current frameworks to help us understand and assess children’s relationships with increasingly sophisticated AI characters.",10.1145/3715275.3732075,https://doi-org.myaccess.library.utoronto.ca/10.1145/3715275.3732075
10.1145/3715275.3732085,2025,The Problem of Generics in LLM Training,"Smith, Becca and Tolbert, Alexander Williams","Pejorative or harmful stereotypical language appears in large language model (LLM) outputs, and despite various mitigation approaches — such as reinforcement learning from human feedback (RLHF) or manual fixes after red teaming — these issues persist. This paper argues that generics, which are generalizations lacking explicit quantification (e.g., statements like “mosquitoes carry malaria” or “birds lay eggs”), contribute significantly to these harmful stereotypes. Whereas humans naturally contextualize and quantify such generalizations (e.g., discerning that only female birds lay eggs), LLMs may misinterpret these vague expressions. Given the frequency of generics in natural language, if LLMs cannot correctly interpret or quantify them, there exists a potential for persistent, harmful stereotypical outputs. This work employs a philosophy of language approach to show that deficiencies in processing generics can yield problematic assumptions and to demonstrate that current LLMs lack robust mechanisms to handle these ambiguities.",10.1145/3715275.3732085,https://doi-org.myaccess.library.utoronto.ca/10.1145/3715275.3732085
10.1145/3715275.3732095,2025,TIDEs: A Transgender and Nonbinary Community-Labeled Dataset and Model for Transphobia Identification in Digital Environments,"Lameiro, Francesca and Dunagan, Lavinia and Card, Dallas and Gilbert, Eric and Haimson, Oliver","Transphobic rhetoric is a prevalent problem on social media that existing platform policies fail to meaningfully address. As such, trans people often create or adopt technologies independent from (but deployed within) platforms that help them mitigate the effects of facing transphobia online. In this paper, we introduce TIDEs (Transphobia Identification in Digital Environments), a dataset and model for detecting transphobic speech to contribute to the growing space of trans technologies for content moderation. We outline care-centered data practices, a methodology for constructing and labeling datasets for hate speech classification, which we developed while working closely with trans and nonbinary data annotators. Our fine-tuned DeBERTa model succeeds at detecting several ideologically distinct types of transphobia, achieving an F1 score of 0.81. As a publicly available dataset and model, TIDEs can serve as the base for future trans technologies and research that confronts and addresses the problem of online transphobia. Our results suggest that downstream applications of TIDEs may be deployable for reducing online harm for trans people.",10.1145/3715275.3732095,https://doi-org.myaccess.library.utoronto.ca/10.1145/3715275.3732095
10.1145/3715275.3732098,2025,Algorithmic Collective Action with Two Collectives,"Karan, Aditya and Vincent, Nicholas and Karahalios, Karrie and Sundaram, Hari","Given that data-dependent algorithmic systems have become impactful in more domains of life – from finding media to influencing hiring – the need for individuals to promote their own interests and hold algorithms accountable has grown. The large amount of data these systems use means that individuals cannot impact system behavior by acting alone. To have meaningful influence, individuals must band together to engage in collective action. The groups that engage in such algorithmic collective action are likely to vary in size, membership characteristics, ability to act on data, and crucially, objectives. In this work, we introduce a first of a kind framework for studying collective action with two or more collectives that strategically behave to manipulate data-driven systems. With more than one collective acting on a system, unexpected interactions may occur. We use this framework to conduct experiments with language model-based classifiers and recommender systems where two collectives each attempt to achieve their own individual objectives. We examine how differing objectives, strategies, sizes, and homogeneity can impact a collective’s efficacy. We find that the unintentional interactions between collectives can be quite significant. We find cases in which a collective acting in isolation can achieve their objective (e.g., improve classification outcomes for themselves or promote a particular item), but when a second collective acts simultaneously, the efficacy of the first group drops by as much as 75\%. We find that, in the recommender system context, neither fully heterogeneous nor fully homogeneous collectives stand out as most efficacious and that the impact of heterogeneity is secondary compared to collective size. Our results signal the need for more transparency in both the underlying algorithmic models and the different behaviors individuals or collectives may take on these systems. This approach also allows collectives to hold algorithmic system developers accountable and illustrates a framework for people to actively use their own data to promote their own interests.",10.1145/3715275.3732098,https://doi-org.myaccess.library.utoronto.ca/10.1145/3715275.3732098
10.1145/3715275.3732107,2025,Deepfakes on Demand: The rise of accessible non-consensual deepfake image generators,"Hawkins, Will and Mittelstadt, Brent and Russell, Chris","Advances in multimodal machine learning have made text-to-image (T2I) models increasingly accessible and popular. However, T2I models introduce risks such as the generation of non-consensual depictions of identifiable individuals, otherwise known as deepfakes. This paper presents an empirical study exploring the accessibility of deepfake model variants online. Through a metadata analysis of thousands of publicly downloadable model variants on two popular repositories, Hugging Face and Civitai, we demonstrate a huge rise in easily accessible deepfake models. Almost 35,000 examples of publicly downloadable deepfake model variants are identified, primarily hosted on Civitai. These deepfake models have been downloaded almost 15 million times since November 2022, with the models targeting a range of individuals from global celebrities to Instagram users with under 10,000 followers. Both Stable Diffusion and Flux models are used for the creation of deepfake models, with 96\% of these targeting women and many signalling intent to generate non-consensual intimate imagery (NCII). Deepfake model variants are often created via the parameter-efficient fine-tuning technique known as low rank adaptation (LoRA), requiring as few as 20 images, 24GB VRAM, and 15 minutes of time, making this process widely accessible via consumer-grade computers. Despite these models violating the Terms of Service of hosting platforms, and regulation seeking to prevent dissemination, these results emphasise the pressing need for greater action to be taken against the creation of deepfakes and NCII.",10.1145/3715275.3732107,https://doi-org.myaccess.library.utoronto.ca/10.1145/3715275.3732107
10.1145/3715275.3732124,2025,Gone With the Bits: Revealing Racial Bias in Low-Rate Neural Compression for Facial Images,"Qiu, Tian and Nichani, Arjun and Tadayontahmasebi, Rasta and Jeong, Haewon","Neural compression methods are gaining popularity due to their superior rate-distortion performance over traditional methods, even at extremely low bitrates below 0.1 bpp. As deep learning architectures, these models are prone to bias during the training process, potentially leading to unfair outcomes for individuals in different groups. In this paper, we present a general, structured, scalable framework for evaluating bias in neural image compression models. Using this framework, we investigate racial bias in neural compression algorithms by analyzing nine popular models and their variants. Through this investigation, we first demonstrate that traditional distortion metrics are ineffective in capturing bias in neural compression models. Next, we highlight that racial bias is present in all neural compression models and can be captured by examining facial phenotype degradation in image reconstructions. We then examine the relationship between bias and realism in the decoded images and demonstrate a trade-off across models. Finally, we show that utilizing a racially balanced training set can reduce bias but is not a sufficient bias mitigation strategy. We additionally show the bias can be attributed to compression model bias and classification model bias. We believe that this work is a first step towards evaluating and eliminating bias in neural image compression models.",10.1145/3715275.3732124,https://doi-org.myaccess.library.utoronto.ca/10.1145/3715275.3732124
10.1145/3715275.3732128,2025,"“Cold, Calculated, and Condescending”: How AI Identifies and Explains Ableism Compared to Disabled People","Phutane, Mahika and Seelam, Ananya and Vashistha, Aditya","People with disabilities (PwD) regularly encounter ableist hate and microaggressions online. These spaces are generally moderated by machine learning models, but little is known about how effectively AI models identify ableist speech and how well their judgments align with PwD. To investigate this, we curated a first-of-its-kind dataset of 200 social media comments targeted towards PwD, and prompted state-of-the art AI models (i.e., Toxicity Classifiers, LLMs) to score toxicity and ableism for each comment, and explain their reasoning. Then, we recruited 190 participants to similarly rate and explain the harm, and evaluate LLM explanations. Our mixed-methods analysis highlighted a major disconnect: AI underestimated toxicity compared to PwD ratings, while its ableism assessments were sporadic and varied. Although LLMs identified some biases, its explanations were flawed—they lacked nuance, made incorrect assumptions, and appeared judgmental instead of educational. Going forward, we discuss challenges and opportunities in designing moderation systems for ableism, and advocate for the involvement of intersectional disabled perspectives in AI.",10.1145/3715275.3732128,https://doi-org.myaccess.library.utoronto.ca/10.1145/3715275.3732128
10.1145/3715275.3732130,2025,Centralized Trust in Decentralized Systems: Unveiling Hidden Contradictions in Blockchain and Cryptocurrency,"Bappy, Faisal Haque and Cheon, EunJeong and Islam, Tariqul","Blockchain technology promises to democratize finance and promote social equity through decentralization, but questions remain about whether current implementations advance or hinder these goals. Through a mixed-methods study combining semi-structured interviews with 13 diverse blockchain stakeholders and analysis of over 3,000 cryptocurrency discussions on Reddit, we examine how trust manifests in cryptocurrency ecosystems despite their decentralized architecture. Our findings uncover that users actively seek out and create centralized trust anchors, such as established exchanges, prominent community figures, and recognized development teams, contradicting blockchain’s fundamental promise of trustless interactions. We identify how this contradiction arises from users’ mental need for accountability and their reluctance to shoulder the full responsibility of self-custody. The study also reveals how these centralized trust patterns disproportionately impact different user groups, with newer and less technical users showing stronger preferences for centralized intermediaries. This work contributes to our understanding of the inherent tensions between theoretical decentralization and practical implementation in cryptocurrency systems, highlighting the persistent role of centralized trust in supposedly trustless environments.",10.1145/3715275.3732130,https://doi-org.myaccess.library.utoronto.ca/10.1145/3715275.3732130
10.1145/3715275.3732144,2025,Scalable Fairness: The legal tool against power,"Malgieri, Gianclaudio","Can we consider the “fairness” principle a scalable tool for imposing the enforcement of fundamental rights horizontally on Big Techs? How can we really operationalise the direct proportionality between power imbalance and fairness duties in informational capitalism? This paper critically examines the evolving concept of fairness in privacy legal discourse, particularly in the realm of digital platform regulation and human rights enforcement, where the power of a few private entities has reached the level of quasi-states, creating immense dependence of users, customers, and citizens. This paper argues that being powerful (especially in the digital economy) can be defined as being in the position of a gatekeeper of the fundamental rights of other people (users, consumers, citizens).The legal concept of fairness, a principle traditionally limited to implementing other legal principles (transparency, lawfulness) in specific contexts, is a critical yet underexplored tool in the context of privacy, data protection law, and the digital economy. The paper scrutinises the integration of fairness within the EU data protection framework, particularly underlining its explicit mention in Article 8 of the Charter of Fundamental Rights and its pivotal role as a guiding principle in the GDPR, as seen in Article 5(1). The study further extends to the US, where the principle of fairness, along with adjacent concepts like loyalty, forms an integral part of the privacy discourse. According to this paper, however, fairness should extend to the preservation of dignity in counterparty interactions to encompass a broader role in mitigating power imbalances in digital contexts.In this paper, power imbalance (combining the theory of vulnerability of Martha Fineman and Martha Nussbaum's theories of capabilities) is defined as the ability to satisfy/enable/deny other people's fundamental needs and fundamental rights in an exclusive or quasi-exclusive way. The power imbalance can be measured, in other words, on the level of dependence that a powerless party has on a powerful counterparty. Central to the paper's thesis is the argument that fairness should counterbalance power imbalance, especially in protecting the vulnerable party in a transaction. This concept is articulated through a 'concentric layers of power' model, wherein the obligations of fairness increase with the power imbalance, from mere “do no harm” to active fiduciary duties. In basic peer-to-peer transactions (layer one), fairness is akin to good faith and to the principle of 'do no harm'. As this balance shifts, such as in consumer-professional relationships (layer two), fairness demands a proactive stance against indirect harms, including deceptive practices, in line with the EU's Unfair Commercial Practices Directive or Fair Information Practices. The discourse intensifies when examining situations of significant power asymmetry, such as in oligopolistic or quasi-monopolistic scenarios (layer three). Here, fairness assumes a more substantial role, not only in negating harm but in proactively ensuring access to fundamental rights. This transition is crucial in contexts where essential needs or rights depend significantly on a single contractual relationship or social contact. The analysis reaches its zenith with the State's role (layer four), where its immense power necessitates an active approach to enforcing fundamental rights. A critical part of the discussion is the changing landscape of social media and Big Techs, which are moving from a powerful market position to a role akin to gatekeepers of fundamental rights (from layer three to layer four). This transition is particularly relevant in how these platforms influence fundamental rights, e.g., privacy and data protection, freedom of speech, thought, expression, and the general flourishing of our identity. This paradigm shift necessitates a re-evaluation of fairness, not just as a component of contractual dealings but as an essential mechanism for the horizontal application of human rights in scenarios where entities exert significant influence. In conclusion, the paper advocates for a more dynamic interpretation of fairness, one that scales in response to the level of power imbalance and embeds empathy. The paper calls for a reimagined legal framework that embraces this scalable fairness, ensuring that rights and dignity are upheld across all levels of power dynamics.",10.1145/3715275.3732144,https://doi-org.myaccess.library.utoronto.ca/10.1145/3715275.3732144
10.1145/3715275.3732146,2025,"The Value of Disagreement in AI Design, Evaluation, and Alignment","Fazelpour, Sina and Fleisher, Will","Disagreements are widespread across the design, evaluation, and alignment pipelines of artificial intelligence (AI) systems. Yet, standard practices in AI development often obscure or eliminate disagreement, resulting in an engineered homogenization that can be epistemically and ethically harmful, particularly for marginalized groups. In this paper, we characterize this risk, and develop a normative framework to guide practical reasoning about disagreement in the AI lifecycle. Our contributions are two-fold. First, we introduce the notion of perspectival homogenization, characterizing it as a coupled ethical-epistemic risk that arises when an aspect of an AI system’s development unjustifiably suppresses disagreement and diversity of perspectives. We argue that perspectival homogenization is best understood as a procedural risk, which calls for targeted interventions throughout the AI development pipeline. Second, we propose a normative framework to guide such interventions, grounded in lines of research that explain why disagreement can be epistemically beneficial, and how its benefits can be realized in practice. We apply this framework to key design questions across three stages of AI development tasks: when disagreement is epistemically valuable; whose perspectives should be included and preserved; how to structure tasks and navigate trade-offs; and how disagreement should be documented and communicated. In doing so, we challenge common assumptions in AI practice, offer a principled foundation for emerging participatory and pluralistic approaches, and identify actionable pathways for future work in AI design and governance.",10.1145/3715275.3732146,https://doi-org.myaccess.library.utoronto.ca/10.1145/3715275.3732146
10.1145/3715275.3732156,2025,AI constructs gendered struggle narratives: Implications for self-concept and systems design.,"Fitzsimons, Aidan Z. and Gerber, Elizabeth M. and Long, Duri","Personal narratives are key to developing self-concept which influences how we see and value ourselves. As adolescents who are still developing their self-concept increasingly use generative AI to write personal narratives, our knowledge of how AI constructs personal narratives is limited. Through a mixed-methods algorithmic audit of 160 AI-generated college application essays created in OpenAI (""o1"" and ""4o""), we find that prompts referencing marginalized gender identities more often yield narratives focused on overcoming societal bias or contributing to in-group communities. We also observe that the newer model sometimes refuses to provide a direct essay, especially when prompted from a first-person perspective. Our content analysis, informed by narrative psychology theory, highlights how these AI responses can both reflect and reinforce prevailing social biases, thereby shaping adolescents’ emerging self-concepts. While AI holds promise in democratizing narrative coaching, it also poses risks of perpetuating stereotypes and displacing authentic self-expression. Future design for narrative identity-relevant AI models should focus on reducing reliance on stereotypes by enhancing training data diversity to support identity development and ensuring equitable access to educational features across paid and free models.",10.1145/3715275.3732156,https://doi-org.myaccess.library.utoronto.ca/10.1145/3715275.3732156
10.1145/3715275.3732162,2025,Blind Faith? User Preference and Expert Assessment of AI-Generated Religious Content,"Alam, Sabriya Maryam and Abdulhai, Marwa and Salehi, Niloufar","The increasing use of AI tools like ChatGPT for religious information-seeking among Muslims raises critical questions about the intersection of technology, faith, and expertise. This mixed-methods study investigates user and expert evaluations of AI-generated religious content, through both quantitative and qualitative analysis of user preferences and expert feedback elicited through interviews, surveys, and expert consultations. Our findings reveal a significant disconnect: despite expressing distrust in AI for religious guidance and stating a preference for scholarly answers, Muslim users overwhelmingly preferred AI-generated responses to Islamic questions in blind evaluations, favoring them in 81.3\% of cases. Quantitative analysis showed significant differences in ratings, including along dimensions of perceived accuracy, usefulness, completeness, and clarity. AI answers were also rated more favorably when the source was unknown, compared to when it was known. This positive sentiment persisted with source awareness, when users asked AI their own religious questions and evaluated the responses as high quality. However, expert evaluations revealed critical deficiencies in AI responses, highlighting users’ limited ability to recognize such shortcomings. These findings suggest the need to move beyond purely user-centric approaches to AI alignment in sensitive domains, prioritizing both user and expert values in future LLM development.",10.1145/3715275.3732162,https://doi-org.myaccess.library.utoronto.ca/10.1145/3715275.3732162
10.1145/3715275.3732164,2025,From policy to practice in data governance and responsible data&nbsp;stewardship: system design for data intermediaries,"Powar, Jovan and Janssen, Heleen and Cloete, Richard and Singh, Jatinder","Data intermediaries are a family of approaches to data governance that aim to rebalance power between third party data users and those to whom data relates or ‘belongs’. These approaches—such as data trusts, commons, institutions, and personal data stores—construct a governance regime around the management and use of data by introducing an ‘intermediary’ party. Data intermediaries are gaining significant traction in the socio-legal data governance community, and attracting increasing attention from regulators. However, so far the study of data intermediaries predominantly focuses on their policy, organisational, and economic aspects, while the technical design and implementation of systems that operationalise intermediary data governance have gone under-addressed.In this paper, we initiate the technical study of data intermediaries as a system design problem. We first review the existing literature on intermediaries to catalogue the various proposed forms of intermediaries and their purposes, extracting a set of design questions which produce a specification of the required intermediary system. We then present a design language of system architectures, which describe the spectrum of practical forms that intermediary ecosystems can take. Using this language we illustrate the challenges of designing intermediary systems: we show how governance goals can be achieved or supported by architecture choice; we show how architectures support different governance approaches; and we discuss the drawbacks and challenges that arise from certain design choices. We further provide a technical agenda for data intermediaries, highlighting implementation methods, relevant trends, and opportunities for cross-disciplinary collaboration.",10.1145/3715275.3732164,https://doi-org.myaccess.library.utoronto.ca/10.1145/3715275.3732164
10.1145/3715275.3732170,2025,External Evaluation of Discrimination Mitigation Efforts in Meta's Ad Delivery,"Imana, Basileal and Shen, Zeyu and Heidemann, John and Korolova, Aleksandra","The 2022 settlement between Meta and the U.S. Department of Justice to resolve allegations of discriminatory advertising resulted is a first-of-its-kind change to Meta’s ad delivery system aimed to address algorithmic discrimination in its housing ad delivery. In this work, we explore direct and indirect effects of both the settlement’s choice of terms and the Variance Reduction System (VRS) implemented by Meta on the actual reduction in discrimination.We first show that the settlement terms allow for an implementation that does not meaningfully improve access to opportunities for individuals. The settlement measures impact of ad delivery in terms of impressions, instead of unique individuals reached by an ad; it allows the platform to level down access, reducing disparities by decreasing the overall access to opportunities; and it allows the platform to selectively apply VRS to only small advertisers.We then conduct experiments to evaluate VRS with real-world ads, and show that while VRS does reduce variance, it also raises advertiser costs (measured per-individuals-reached), therefore decreasing user exposure to opportunity ads for a given ad budget. VRS thus passes the cost of decreasing variance to advertisers.Finally, we explore an alternative approach to achieve the settlement goals, that is significantly more intuitive and transparent than VRS. We show our approach outperforms VRS by both increasing ad exposure for users from all groups and reducing cost to advertisers, thus demonstrating that the increase in cost to advertisers when implementing the settlement is not inevitable.Our methodologies use a black-box approach that relies on capabilities available to any regular advertiser, rather than on privileged access to data, allowing others to reproduce or extend our work.",10.1145/3715275.3732170,https://doi-org.myaccess.library.utoronto.ca/10.1145/3715275.3732170
10.1145/3715275.3732172,2025,Auditing for Bias in Ad Delivery Using Inferred Demographic Attributes,"Imana, Basileal and Korolova, Aleksandra and Heidemann, John","Auditing social-media algorithms has become a focus of public-interest research and policymaking to ensure their fairness across demographic groups such as race, age, and gender in consequential domains such as the presentation of employment opportunities. However, such demographic attributes are often unavailable to auditors and platforms. When demographics data is unavailable, auditors commonly infer them from other available information. In this work, we study the effects of inference error on auditing for bias in one prominent application: black-box audit of ad delivery using paired ads. We show that inference error, if not accounted for, causes auditing to falsely miss skew that exists. We then propose a way to mitigate the inference error when evaluating skew in ad delivery algorithms. Our method works by adjusting for expected error due to demographic inference, and it makes skew detection more sensitive when attributes must be inferred. Because inference is increasingly used for auditing, our results provide an important addition to the auditing toolbox to promote correct audits of ad delivery algorithms for bias. While the impact of attribute inference on accuracy has been studied in other domains, our work is the first to consider it for black-box evaluation of ad delivery bias, when only aggregate data is available to the auditor.",10.1145/3715275.3732172,https://doi-org.myaccess.library.utoronto.ca/10.1145/3715275.3732172
10.1145/3715275.3732178,2025,Adultification Bias in LLMs and Text-to-Image Models,"Castleman, Jane and Korolova, Aleksandra","The rapid adoption of generative AI models in domains such as education, policing, and social media raises significant concerns about potential bias and safety issues, particularly along protected attributes, such as race and gender, and when interacting with minors. Given the urgency of facilitating safe interactions with AI systems, we study bias along axes of race and gender in young girls. More specifically, we focus on “adultification bias,” a phenomenon in which Black girls are presumed to be more defiant, sexually intimate, and culpable than their White peers.Advances in alignment techniques show promise towards mitigating biases but vary in their coverage and effectiveness across models and bias types. Therefore, we measure explicit and implicit adultification bias in widely used LLMs and text-to-image (T2I) models, such as OpenAI, Meta, and Stability AI models. We find that LLMs exhibit explicit and implicit adultification bias against Black girls, assigning them harsher, more sexualized consequences in comparison to their White peers. Additionally, we find that T2I models depict Black girls as older and wearing more revealing clothing than their White counterparts, illustrating how adultification bias persists across modalities.We make three key contributions: (1) we measure a new form of bias in generative AI models, (2) we systematically study adultification bias across modalities, and (3) our findings emphasize that current alignment methods are insufficient for comprehensively addressing bias. Therefore, new alignment methods that address biases such as adultification are needed to ensure safe and equitable AI deployment.",10.1145/3715275.3732178,https://doi-org.myaccess.library.utoronto.ca/10.1145/3715275.3732178
10.1145/3715275.3732184,2025,Understanding Gen Alpha's Digital Language: Evaluation of LLM Safety Systems for Content Moderation,"Mehta, Manisha and Giunchiglia, Fausto","This research provides a unique assessment of how AI systems interpret Generation Alpha (Gen Alpha, born 2010-2024) digital communication patterns. As the first generation to grow up with AI as part of daily life, Gen Alpha faces unprecedented online vulnerability due to their immersive digital engagement and the growing disconnect between their communication patterns and traditional safety mechanisms. Their distinctive ways of communicating, blending gaming references, memes, and AI-influenced expressions, often obscure concerning interactions from both human moderators and AI safety systems. The study evaluates four leading AI systems’ (GPT-4, Claude, Gemini, and Llama 3) ability to understand and moderate this communication, with particular focus on detecting masked harassment and manipulation that exploit Gen Alpha’s unique linguistic patterns. Through analysis of 100 contemporary Gen Alpha expressions collected from gaming platforms, social media, and video content, significant gaps in AI systems’ comprehension capabilities were found, highlighting critical safety implications. This paper makes four key contributions: (1) a first-of-a-kind dataset of Gen Alpha expressions, (2) a framework for improving AI content moderation systems to better protect young users in digital spaces, (3) a systematic evaluation of understanding of Gen Alpha communication - by AI systems, human moderators and parents - incorporating Gen Alpha direct participation in the research process, and (4) the identification of specific vulnerabilities created by growing linguistic gap between Gen Alpha users and their protectors (both human and AI). The findings highlight an urgent need for improved AI safety systems to better protect young users, especially given Gen Alpha’s tendency to avoid seeking help due to perceived adult incomprehension of their digital world. This research uniquely combines the perspective of a Gen Alpha researcher with rigorous academic analysis to address critical challenges in online safety.",10.1145/3715275.3732184,https://doi-org.myaccess.library.utoronto.ca/10.1145/3715275.3732184
10.1145/3715275.3732187,2025,How Misclassification Severity and Timing Influence User Trust in AI Image Classification: User Perceptions of High- and Low-Stakes Contexts,"Freel, Alicia and Pias, Sabid Bin Habib and \v{S}abanovi\'{c}, Selma and Kapadia, Apu","AI systems are increasingly used to assist decision making in high- and low-stakes domains, yet little is known about how the timing and severity of their errors affect user trust. In this mixed-methods study (n = 364), we examine how users respond to AI misclassifications in two real-world contexts: military security and social media moderation. Participants evaluated a classifier that made high- or low-severity errors at different points in a sequence (beginning, end, random, or never). We find that trust is not simply a function of accuracy, but shaped by the timing and severity of errors. Even subtle output sequencing can influence perception, especially in ‘low-risk’ contexts.We discuss how certain interaction design patterns, such as sequencing outputs to end on a high note, could inadvertently or deliberately shape user trust. We propose a set of preliminary design patterns and oversight strategies to help identify when user perceptions might be unintentionally distorted. By pinpointing how severity and timing shape willingness to rely on AI, this work provides practical guidance for building systems that better align with human expectations, foster user trust, promote transparency, and support regulatory oversight.",10.1145/3715275.3732187,https://doi-org.myaccess.library.utoronto.ca/10.1145/3715275.3732187
10.1145/3715275.3732189,2025,Social Bias in Vision Transformers: A Comparative Study Across Architectures and Learning Paradigms,"Tsurumi, Takehiro and Beretta, Elena","Vision Transformers (ViTs) have revolutionized computer vision but their susceptibility to encoding social biases remains a pressing ethical concern. These biases, often inherited from pre-training datasets or embedded within learning architectures, can amplify societal stereotypes when deployed in sensitive contexts. This paper explores how biases manifest across 10 state-of-the-art ViTs, focusing on the intersection between different learning objectives, the architectures and their impact on bias encoding. By applying the Image Embedding Association Test (iEAT), Gradient-weighted Class Activation Mapping (Grad-CAM) for interpretability and t-SNE visualizations, we reveal persistent biases such as gender-career associations, gender-race intersectionality and valence disparities. Our findings reveal discriminative models amplify biases in their representation and decision layers, while contrastive models exacerbate stereotypical alignments in embedding spaces. Furthermore, we identify actionable pathways for bias mitigation by enhancing representational fairness within latent spaces.",10.1145/3715275.3732189,https://doi-org.myaccess.library.utoronto.ca/10.1145/3715275.3732189
10.1145/3715275.3732198,2025,"""Ownership, Not Just Happy Talk"": Co-Designing a Participatory Large Language Model for Journalism","Tseng, Emily and Young, Meg and Le Qu\'{e}r\'{e}, Marianne Aubin and Rinehart, Aimee and Suresh, Harini","Journalism has emerged as an essential domain for understanding the uses, limitations, and impacts of large language models (LLMs) in the workplace. News organizations face divergent financial incentives: LLMs already permeate newswork processes within financially constrained organizations, even as ongoing legal challenges assert that AI companies violate their copyright. At stake are key questions about what LLMs are created to do, and by whom: How might a journalist-led LLM work, and what can participatory design illuminate about adapting “one-size-fits-all” foundation models to a given context of use? In this paper, we undertake a co-design exploration of how a participatory approach to LLMs might address opportunities and challenges around AI in journalism. Our 20 interviews with reporters, data journalists, editors, labor organizers, product leads, and executives highlight macro, meso, and micro tensions that designing for this opportunity space must address. From these desiderata, we describe the result of our co-design work: organizational structures and functionality for a journalist-controlled LLM. In closing, we discuss the limitations of commercial foundation models for workplace use, and the methodological implications of applying participatory methods to LLM co-design.",10.1145/3715275.3732198,https://doi-org.myaccess.library.utoronto.ca/10.1145/3715275.3732198
10.1145/3715275.3732202,2025,"“You Cannot Sound Like GPT"": Signs of language discrimination and resistance in computer science publishing","Lepp, Haley and Smith, Daniel Scott","LLMs have been celebrated for their potential to help multilingual scientists publish their research. Rather than interpret LLMs as a solution, we hypothesize their adoption can be an indicator of existing linguistic exclusion in scientific writing. Using the case study of ICLR, an influential, international computer science conference, we examine how peer reviewers critique writing clarity. Analyzing almost 80,000 peer reviews, we find significant bias against authors associated with institutions in countries where English is less widely spoken. We see only a muted shift in the expression of this bias after the introduction of ChatGPT in late 2022. To investigate this unexpectedly minor change, we conduct interviews with 14 conference participants from across five continents. Peer reviewers describe associating certain features of writing with people of certain language backgrounds, and such groups in turn with the quality of scientific work. While ChatGPT masks some signs of language background, reviewers explain that they now use ChatGPT “style” and non-linguistic features as indicators of author demographics. Authors, aware of this development, described the ongoing need to remove features which could expose their “non-native” status to reviewers. Our findings offer insight into the role of ChatGPT in the reproduction of scholarly language ideologies which conflate producers of “good English"" with producers of “good science.""",10.1145/3715275.3732202,https://doi-org.myaccess.library.utoronto.ca/10.1145/3715275.3732202
