title,source_file
Proceedings of the 59th Annual Meeting of the Association for Computational Linguistics and the 11th International Joint Conference on Natural Language Processing (Volume 1: Long Papers),ACL_2021_Full_Papers.bib
{H}ow Did This Get Funded?! {A}utomatically Identifying Quirky Scientific Achievements,ACL_2021_Full_Papers.bib
Engage the Public: Poll Question Generation for Social Media Posts,ACL_2021_Full_Papers.bib
Unified Dual-view Cognitive Model for Interpretable Claim Verification,ACL_2021_Full_Papers.bib
{D}eep{R}apper: Neural Rap Generation with Rhyme and Rhythm Modeling,ACL_2021_Full_Papers.bib
{PENS}: A Dataset and Generic Framework for Personalized News Headline Generation,ACL_2021_Full_Papers.bib
Enhancing Content Preservation in Text Style Transfer Using Reverse Attention and Conditional Layer Normalization,ACL_2021_Full_Papers.bib
Mention Flags ({MF}): Constraining Transformer-based Text Generators,ACL_2021_Full_Papers.bib
Generalising Multilingual Concept-to-Text {NLG} with Language Agnostic Delexicalisation,ACL_2021_Full_Papers.bib
Conversations Are Not Flat: Modeling the Dynamic Information Flow across Dialogue Utterances,ACL_2021_Full_Papers.bib
Dual Slot Selector via Local Reliability Verification for Dialogue State Tracking,ACL_2021_Full_Papers.bib
Transferable Dialogue Systems and User Simulators,ACL_2021_Full_Papers.bib
{B}o{B}: {BERT} Over {BERT} for Training Persona-based Dialogue Models from Limited Personalized Data,ACL_2021_Full_Papers.bib
{GL}-{GIN}: Fast and Accurate Non-Autoregressive Model for Joint Multiple Intent Detection and Slot Filling,ACL_2021_Full_Papers.bib
Accelerating {BERT} Inference for Sequence Labeling via Early-Exit,ACL_2021_Full_Papers.bib
Modularized Interaction Network for Named Entity Recognition,ACL_2021_Full_Papers.bib
Capturing Event Argument Interaction via A Bi-Directional Entity-Level Recurrent Decoder,ACL_2021_Full_Papers.bib
{U}ni{RE}: A Unified Label Space for Entity Relation Extraction,ACL_2021_Full_Papers.bib
Refining Sample Embeddings with Relation Prototypes to Enhance Continual Relation Extraction,ACL_2021_Full_Papers.bib
Contrastive Learning for Many-to-many Multilingual Neural Machine Translation,ACL_2021_Full_Papers.bib
Understanding the Properties of Minimum {B}ayes Risk Decoding in Neural Machine Translation,ACL_2021_Full_Papers.bib
Multi-Head Highly Parallelized {LSTM} Decoder for Neural Machine Translation,ACL_2021_Full_Papers.bib
Learning Language Specific Sub-network for Multilingual Machine Translation,ACL_2021_Full_Papers.bib
Bridge-Based Active Domain Adaptation for Aspect Term Extraction,ACL_2021_Full_Papers.bib
Multimodal Sentiment Detection Based on Multi-channel Graph Neural Networks,ACL_2021_Full_Papers.bib
Aspect-Category-Opinion-Sentiment Quadruple Extraction with Implicit Aspects and Opinions,ACL_2021_Full_Papers.bib
{PASS}: Perturb-and-Select Summarizer for Product Reviews,ACL_2021_Full_Papers.bib
Deep Differential Amplifier for Extractive Summarization,ACL_2021_Full_Papers.bib
Multi-{T}ime{L}ine Summarization ({MTLS}): Improving Timeline Summarization by Generating Multiple Summaries,ACL_2021_Full_Papers.bib
Self-Supervised Multimodal Opinion Summarization,ACL_2021_Full_Papers.bib
A Training-free and Reference-free Summarization Evaluation Metric via Centrality-weighted Relevance and Self-referenced Redundancy,ACL_2021_Full_Papers.bib
{DESCGEN}: A Distantly Supervised Datasetfor Generating Entity Descriptions,ACL_2021_Full_Papers.bib
Introducing Orthogonal Constraint in Structural Probes,ACL_2021_Full_Papers.bib
Hidden Killer: Invisible Textual Backdoor Attacks with Syntactic Trigger,ACL_2021_Full_Papers.bib
Examining the Inductive Bias of Neural Language Models with Artificial Languages,ACL_2021_Full_Papers.bib
Explaining Contextualization in Language Models using Visual Analytics,ACL_2021_Full_Papers.bib
Improving the Faithfulness of Attention-based Explanations with Task-specific Information for Text Classification,ACL_2021_Full_Papers.bib
Generating Landmark Navigation Instructions from Maps as a Graph-to-Text Problem,ACL_2021_Full_Papers.bib
Learning Relation Alignment for Calibrated Cross-modal Retrieval,ACL_2021_Full_Papers.bib
{KM}-{BART}: Knowledge Enhanced Multimodal {BART} for Visual Commonsense Generation,ACL_2021_Full_Papers.bib
Cascaded Head-colliding Attention,ACL_2021_Full_Papers.bib
Structural Knowledge Distillation: Tractably Distilling Information for Structured Predictor,ACL_2021_Full_Papers.bib
Parameter-efficient Multi-task Fine-tuning for Transformers via Shared Hypernetworks,ACL_2021_Full_Papers.bib
{COSY}: {CO}unterfactual {SY}ntax for Cross-Lingual Understanding,ACL_2021_Full_Papers.bib
{O}o{MM}ix: Out-of-manifold Regularization in Contextual Embedding Space for Text Classification,ACL_2021_Full_Papers.bib
Understanding and Countering Stereotypes: A Computational Approach to the Stereotype Content Model,ACL_2021_Full_Papers.bib
Structurizing Misinformation Stories via Rationalizing Fact-Checks,ACL_2021_Full_Papers.bib
Modeling Language Usage and Listener Engagement in Podcasts,ACL_2021_Full_Papers.bib
{S}oc{A}o{G}: Incremental Graph Parsing for Social Relation Inference in Dialogues,ACL_2021_Full_Papers.bib
"{T}icket{T}alk: Toward human-level performance with end-to-end, transaction-based dialog systems",ACL_2021_Full_Papers.bib
Improving Dialog Systems for Negotiation with Personality Modeling,ACL_2021_Full_Papers.bib
Learning from Perturbations: Diverse and Informative Dialogue Generation with Inverse Adversarial Training,ACL_2021_Full_Papers.bib
{C}itation{IE}: Leveraging the Citation Graph for Scientific Information Extraction,ACL_2021_Full_Papers.bib
From Discourse to Narrative: Knowledge Projection for Event Relation Extraction,ACL_2021_Full_Papers.bib
{A}dv{P}icker: {E}ffectively {L}everaging {U}nlabeled {D}ata via {A}dversarial {D}iscriminator for {C}ross-{L}ingual {NER},ACL_2021_Full_Papers.bib
Compare to The Knowledge: Graph Neural Fake News Detection with External Knowledge,ACL_2021_Full_Papers.bib
Discontinuous Named Entity Recognition as Maximal Clique Discovery,ACL_2021_Full_Papers.bib
{LNN}-{EL}: A Neuro-Symbolic Approach to Short-text Entity Linking,ACL_2021_Full_Papers.bib
Do Context-Aware Translation Models Pay the Right Attention?,ACL_2021_Full_Papers.bib
Adapting High-resource {NMT} Models to Translate Low-resource Related Languages without Parallel Data,ACL_2021_Full_Papers.bib
Bilingual Lexicon Induction via Unsupervised Bitext Construction and Word Alignment,ACL_2021_Full_Papers.bib
Multilingual Speech Translation from Efficient Finetuning of Pretrained Models,ACL_2021_Full_Papers.bib
What Context Features Can Transformer Language Models Use?,ACL_2021_Full_Papers.bib
Integrated Directional Gradients: Feature Interaction Attribution for Neural {NLP} Models,ACL_2021_Full_Papers.bib
{D}e{CLUTR}: Deep Contrastive Learning for Unsupervised Textual Representations,ACL_2021_Full_Papers.bib
{XLPT}-{AMR}: Cross-Lingual Pre-Training via Multi-Task Learning for Zero-Shot {AMR} Parsing and Text Generation,ACL_2021_Full_Papers.bib
Span-based Semantic Parsing for Compositional Generalization,ACL_2021_Full_Papers.bib
Compositional Generalization and Natural Language Variation: Can a Semantic Parsing Approach Handle Both?,ACL_2021_Full_Papers.bib
A Targeted Assessment of Incremental Processing in Neural Language Models and Humans,ACL_2021_Full_Papers.bib
"The Possible, the Plausible, and the Desirable: Event-Based Modality Detection for Language Processing",ACL_2021_Full_Papers.bib
To {POS} Tag or Not to {POS} Tag: The Impact of {POS} Tags on Morphological Learning in Low-Resource Settings,ACL_2021_Full_Papers.bib
Prosodic segmentation for parsing spoken dialogue,ACL_2021_Full_Papers.bib
"{V}ox{P}opuli: A Large-Scale Multilingual Speech Corpus for Representation Learning, Semi-Supervised Learning and Interpretation",ACL_2021_Full_Papers.bib
Stereotyping {N}orwegian Salmon: An Inventory of Pitfalls in Fairness Benchmark Datasets,ACL_2021_Full_Papers.bib
Robust Knowledge Graph Completion with Stacked Convolutions and a Student Re-Ranking Network,ACL_2021_Full_Papers.bib
A {DQN}-based Approach to Finding Precise Evidences for Fact Verification,ACL_2021_Full_Papers.bib
The Art of Abstention: Selective Prediction and Error Regularization for Natural Language Processing,ACL_2021_Full_Papers.bib
Unsupervised Out-of-Domain Detection via Pre-trained Transformers,ACL_2021_Full_Papers.bib
"{MATE}-{KD}: Masked Adversarial {TE}xt, a Companion to Knowledge Distillation",ACL_2021_Full_Papers.bib
Selecting Informative Contexts Improves Language Model Fine-tuning,ACL_2021_Full_Papers.bib
Explainable Prediction of Text Complexity: The Missing Preliminaries for Text Simplification,ACL_2021_Full_Papers.bib
Multi-Task Retrieval for Knowledge-Intensive Tasks,ACL_2021_Full_Papers.bib
When Do You Need Billions of Words of Pretraining Data?,ACL_2021_Full_Papers.bib
Analyzing the Source and Target Contributions to Predictions in Neural Machine Translation,ACL_2021_Full_Papers.bib
Comparing Test Sets with Item Response Theory,ACL_2021_Full_Papers.bib
Uncovering Constraint-Based Behavior in Neural Models via Targeted Fine-Tuning,ACL_2021_Full_Papers.bib
More Identifiable yet Equally Performant Transformers for Text Classification,ACL_2021_Full_Papers.bib
{A}ug{NLG}: Few-shot Natural Language Generation using Self-trained Data Augmentation,ACL_2021_Full_Papers.bib
Can vectors read minds better than experts? Comparing data augmentation strategies for the automated scoring of children{'}s mindreading ability,ACL_2021_Full_Papers.bib
A Dataset and Baselines for Multilingual Reply Suggestion,ACL_2021_Full_Papers.bib
Align Voting Behavior with Public Statements for Legislator Representation Learning,ACL_2021_Full_Papers.bib
Measure and Evaluation of Semantic Divergence across Two Languages,ACL_2021_Full_Papers.bib
Improving Zero-Shot Translation by Disentangling Positional Information,ACL_2021_Full_Papers.bib
Common Sense Beyond {E}nglish: Evaluating and Improving Multilingual Language Models for Commonsense Reasoning,ACL_2021_Full_Papers.bib
Attention Calibration for Transformer in Neural Machine Translation,ACL_2021_Full_Papers.bib
Diverse Pretrained Context Encodings Improve Document Translation,ACL_2021_Full_Papers.bib
Exploiting Language Relatedness for Low Web-Resource Language Model Adaptation: {A}n {I}ndic Languages Study,ACL_2021_Full_Papers.bib
On Finding the K-best Non-projective Dependency Trees,ACL_2021_Full_Papers.bib
Towards Argument Mining for Social Good: A Survey,ACL_2021_Full_Papers.bib
{A}utomated Generation of Storytelling Vocabulary from Photographs for use in {AAC},ACL_2021_Full_Papers.bib
{CLIP}: A Dataset for Extracting Action Items for Physicians from Hospital Discharge Notes,ACL_2021_Full_Papers.bib
Assessing Emoji Use in Modern Text Processing Tools,ACL_2021_Full_Papers.bib
"Select, Extract and Generate: Neural Keyphrase Generation with Layer-wise Coverage Attention",ACL_2021_Full_Papers.bib
Factorising Meaning and Form for Intent-Preserving Paraphrasing,ACL_2021_Full_Papers.bib
{A}gg{G}en: Ordering and Aggregating while Generating,ACL_2021_Full_Papers.bib
Reflective Decoding: Beyond Unidirectional Generation with Off-the-Shelf Language Models,ACL_2021_Full_Papers.bib
Towards Table-to-Text Generation with Numerical Reasoning,ACL_2021_Full_Papers.bib
{BACO}: A Background Knowledge- and Content-Based Framework for Citing Sentence Generation,ACL_2021_Full_Papers.bib
Language Model as an Annotator: Exploring {D}ialo{GPT} for Dialogue Summarization,ACL_2021_Full_Papers.bib
Challenges in Information-Seeking {QA}: Unanswerable Questions and Paragraph Retrieval,ACL_2021_Full_Papers.bib
A Gradually Soft Multi-Task and Data-Augmented Approach to Medical Question Understanding,ACL_2021_Full_Papers.bib
Leveraging Type Descriptions for Zero-shot Named Entity Recognition and Classification,ACL_2021_Full_Papers.bib
{MECT}: {M}ulti-Metadata Embedding based Cross-Transformer for {C}hinese Named Entity Recognition,ACL_2021_Full_Papers.bib
Directed Acyclic Graph Network for Conversational Emotion Recognition,ACL_2021_Full_Papers.bib
Improving Formality Style Transfer with Context-Aware Rule Injection,ACL_2021_Full_Papers.bib
Topic-Driven and Knowledge-Aware Transformer for Dialogue Emotion Detection,ACL_2021_Full_Papers.bib
Syntopical Graphs for Computational Argumentation Tasks,ACL_2021_Full_Papers.bib
Stance Detection in {COVID}-19 Tweets,ACL_2021_Full_Papers.bib
Changes in {E}uropean Solidarity Before and During {COVID}-19: Evidence from a Large Crowd- and Expert-Annotated {T}witter Dataset,ACL_2021_Full_Papers.bib
A Survey of Code-switching: Linguistic and Social Perspectives for Language Technologies,ACL_2021_Full_Papers.bib
Learning from the Worst: Dynamically Generated Datasets to Improve Online Hate Detection,ACL_2021_Full_Papers.bib
{I}nfo{S}urgeon: Cross-Media Fine-grained Information Consistency Checking for Fake News Detection,ACL_2021_Full_Papers.bib
"{I} like fish, especially dolphins: Addressing Contradictions in Dialogue Modeling",ACL_2021_Full_Papers.bib
A Sequence-to-Sequence Approach to Dialogue State Tracking,ACL_2021_Full_Papers.bib
Discovering Dialog Structure Graph for Coherent Dialog Generation,ACL_2021_Full_Papers.bib
Dialogue Response Selection with Hierarchical Curriculum Learning,ACL_2021_Full_Papers.bib
A Joint Model for Dropped Pronoun Recovery and Conversational Discourse Parsing in {C}hinese Conversational Speech,ACL_2021_Full_Papers.bib
A Systematic Investigation of {KB}-Text Embedding Alignment at Scale,ACL_2021_Full_Papers.bib
Named Entity Recognition with Small Strongly Labeled and Large Weakly Labeled Data,ACL_2021_Full_Papers.bib
Ultra-Fine Entity Typing with Weak Supervision from a Masked Language Model,ACL_2021_Full_Papers.bib
Improving Named Entity Recognition by External Context Retrieving and Cooperative Learning,ACL_2021_Full_Papers.bib
Implicit Representations of Meaning in Neural Language Models,ACL_2021_Full_Papers.bib
Causal Analysis of Syntactic Agreement Mechanisms in Neural Language Models,ACL_2021_Full_Papers.bib
Bird{'}s Eye: Probing for Linguistic Graph Structures with a Simple Information-Theoretic Approach,ACL_2021_Full_Papers.bib
Knowledgeable or Educated Guess? Revisiting Language Models as Knowledge Bases,ACL_2021_Full_Papers.bib
Poisoning Knowledge Graph Embeddings via Relation Inference Patterns,ACL_2021_Full_Papers.bib
Bad Seeds: Evaluating Lexical Methods for Bias Measurement,ACL_2021_Full_Papers.bib
"A Survey of Race, Racism, and Anti-Racism in {NLP}",ACL_2021_Full_Papers.bib
Intrinsic Bias Metrics Do Not Correlate with Application Bias,ACL_2021_Full_Papers.bib
{R}eddit{B}ias: A Real-World Resource for Bias Evaluation and Debiasing of Conversational Language Models,ACL_2021_Full_Papers.bib
Contributions of Transformer Attention Heads in Multi- and Cross-lingual Tasks,ACL_2021_Full_Papers.bib
Crafting Adversarial Examples for Neural Machine Translation,ACL_2021_Full_Papers.bib
{UXLA}: A Robust Unsupervised Data Augmentation Framework for Zero-Resource Cross-Lingual {NLP},ACL_2021_Full_Papers.bib
Glancing Transformer for Non-Autoregressive Neural Machine Translation,ACL_2021_Full_Papers.bib
Hierarchical Context-aware Network for Dense Video Event Captioning,ACL_2021_Full_Papers.bib
Control Image Captioning Spatially and Temporally,ACL_2021_Full_Papers.bib
Edited Media Understanding Frames: Reasoning About the Intent and Implications of Visual Misinformation,ACL_2021_Full_Papers.bib
Modeling Fine-Grained Entity Types with Box Embeddings,ACL_2021_Full_Papers.bib
{C}hinese{BERT}: {C}hinese Pretraining Enhanced by Glyph and {P}inyin Information,ACL_2021_Full_Papers.bib
Weight Distillation: Transferring the Knowledge in Neural Network Parameters,ACL_2021_Full_Papers.bib
Optimizing Deeper Transformers on Small Datasets,ACL_2021_Full_Papers.bib
{BERTAC}: Enhancing Transformer-based Language Models with Adversarially Pretrained Convolutional Neural Networks,ACL_2021_Full_Papers.bib
{COVID}-Fact: Fact Extraction and Verification of Real-World Claims on {COVID}-19 Pandemic,ACL_2021_Full_Papers.bib
Explaining Relationships Between Scientific Documents,ACL_2021_Full_Papers.bib
{I}r{E}ne: Interpretable Energy Prediction for Transformers,ACL_2021_Full_Papers.bib
{P}lot{C}oder: Hierarchical Decoding for Synthesizing Visualization Code in Programmatic Context,ACL_2021_Full_Papers.bib
{E}arly{BERT}: Efficient {BERT} Training via Early-bird Lottery Tickets,ACL_2021_Full_Papers.bib
On the Effectiveness of Adapter-based Tuning for Pretrained Language Model Adaptation,ACL_2021_Full_Papers.bib
Data Augmentation for Text Generation Without Any Augmented Data,ACL_2021_Full_Papers.bib
Integrating Semantics and Neighborhood Information with Graph-Driven Generative Models for Document Retrieval,ACL_2021_Full_Papers.bib
{SMURF}: {S}e{M}antic and linguistic {U}nde{R}standing Fusion for Caption Evaluation via Typicality Analysis,ACL_2021_Full_Papers.bib
{K}aggle{DBQA}: Realistic Evaluation of Text-to-{SQL} Parsers,ACL_2021_Full_Papers.bib
{QASR}: {QCRI} Aljazeera Speech Resource A Large Scale Annotated {A}rabic Speech Corpus,ACL_2021_Full_Papers.bib
An Empirical Study on Hyperparameter Optimization for Fine-Tuning Pre-trained Language Models,ACL_2021_Full_Papers.bib
Chase: A Large-Scale and Pragmatic {C}hinese Dataset for Cross-Database Context-Dependent Text-to-{SQL},ACL_2021_Full_Papers.bib
{CLINE}: Contrastive Learning with Semantic Negative Examples for Natural Language Understanding,ACL_2021_Full_Papers.bib
Tree-Structured Topic Modeling with Nonparametric Neural Variational Inference,ACL_2021_Full_Papers.bib
{E}x{CAR}: Event Graph Knowledge Enhanced Explainable Causal Reasoning,ACL_2021_Full_Papers.bib
Distributed Representations of Emotion Categories in Emotion Space,ACL_2021_Full_Papers.bib
Style is {NOT} a single variable: Case Studies for Cross-Stylistic Language Understanding,ACL_2021_Full_Papers.bib
A Hierarchical {VAE} for Calibrating Attributes while Generating Text using Normalizing Flow,ACL_2021_Full_Papers.bib
A Unified Generative Framework for Aspect-based Sentiment Analysis,ACL_2021_Full_Papers.bib
Discovering Dialogue Slots with Weak Supervision,ACL_2021_Full_Papers.bib
Enhancing the generalization for Intent Classification and Out-of-Domain Detection in {SLU},ACL_2021_Full_Papers.bib
Robustness Testing of Language Understanding in Task-Oriented Dialog,ACL_2021_Full_Papers.bib
Comprehensive Study: How the Context Information of Different Granularity Affects Dialogue State Tracking?,ACL_2021_Full_Papers.bib
{OTT}ers: One-turn Topic Transitions for Open-Domain Dialogue,ACL_2021_Full_Papers.bib
Towards Robustness of Text-to-{SQL} Models against Synonym Substitution,ACL_2021_Full_Papers.bib
{KACE}: Generating Knowledge Aware Contrastive Explanations for Natural Language Inference,ACL_2021_Full_Papers.bib
Self-Guided Contrastive Learning for {BERT} Sentence Representations,ACL_2021_Full_Papers.bib
{LGESQL}: Line Graph Enhanced Text-to-{SQL} Model with Mixed Local and Non-Local Relations,ACL_2021_Full_Papers.bib
Multi-stage Pre-training over Simplified Multimodal Pre-training Models,ACL_2021_Full_Papers.bib
Beyond Sentence-Level End-to-End Speech Translation: Context Helps,ACL_2021_Full_Papers.bib
{UNIMO}: Towards Unified-Modal Understanding and Generation via Cross-Modal Contrastive Learning,ACL_2021_Full_Papers.bib
Missing Modality Imagination Network for Emotion Recognition with Uncertain Missing Modalities,ACL_2021_Full_Papers.bib
Stacked Acoustic-and-Textual Encoding: Integrating the Pre-trained Models into Speech Translation Encoders,ACL_2021_Full_Papers.bib
N-ary Constituent Tree Parsing with Recursive Semi-{M}arkov Model,ACL_2021_Full_Papers.bib
Automated Concatenation of Embeddings for Structured Prediction,ACL_2021_Full_Papers.bib
Multi-View Cross-Lingual Structured Prediction with Minimum Supervision,ACL_2021_Full_Papers.bib
The Limitations of Limited Context for Constituency Parsing,ACL_2021_Full_Papers.bib
Neural Bi-Lexicalized {PCFG} Induction,ACL_2021_Full_Papers.bib
Towards Quantifiable Dialogue Coherence Evaluation,ACL_2021_Full_Papers.bib
Factoring Statutory Reasoning as Language Understanding Challenges,ACL_2021_Full_Papers.bib
Evaluating Evaluation Measures for Ordinal Classification and Ordinal Quantification,ACL_2021_Full_Papers.bib
Interpretable and Low-Resource Entity Matching via Decoupling Feature Learning from Decision Making,ACL_2021_Full_Papers.bib
Locate and Label: A Two-stage Identifier for Nested Named Entity Recognition,ACL_2021_Full_Papers.bib
{T}ext2{E}vent: Controllable Sequence-to-Structure Generation for End-to-end Event Extraction,ACL_2021_Full_Papers.bib
A Large-Scale {C}hinese Multimodal {NER} Dataset with Speech Clues,ACL_2021_Full_Papers.bib
A Neural Transition-based Joint Model for Disease Named Entity Recognition and Normalization,ACL_2021_Full_Papers.bib
{O}nto{ED}: Low-resource Event Detection with Ontology Embedding,ACL_2021_Full_Papers.bib
Self-Training Sampling with Monolingual Data Uncertainty for Neural Machine Translation,ACL_2021_Full_Papers.bib
Breaking the Corpus Bottleneck for Context-Aware Neural Machine Translation with Cross-Task Pre-training,ACL_2021_Full_Papers.bib
Guiding Teacher Forcing with Seer Forcing for Neural Machine Translation,ACL_2021_Full_Papers.bib
Cascade versus Direct Speech Translation: Do the Differences Still Make a Difference?,ACL_2021_Full_Papers.bib
Unsupervised Neural Machine Translation for Low-Resource Domains via Meta-Learning,ACL_2021_Full_Papers.bib
Lightweight Cross-Lingual Sentence Representation Learning,ACL_2021_Full_Papers.bib
{ERNIE}-{D}oc: A Retrospective Long-Document Modeling Transformer,ACL_2021_Full_Papers.bib
Marginal Utility Diminishes: Exploring the Minimum Knowledge for {BERT} Knowledge Distillation,ACL_2021_Full_Papers.bib
Rational {LAMOL}: A Rationale-based Lifelong Learning Framework,ACL_2021_Full_Papers.bib
{E}ns{LM}: Ensemble Language Model for Data Diversity by Semantic Clustering,ACL_2021_Full_Papers.bib
{L}ee{BERT}: Learned Early Exit for {BERT} with cross-level optimization,ACL_2021_Full_Papers.bib
Unsupervised Extractive Summarization-Based Representations for Accurate and Explainable Collaborative Filtering,ACL_2021_Full_Papers.bib
{PLOME}: Pre-training with Misspelled Knowledge for {C}hinese Spelling Correction,ACL_2021_Full_Papers.bib
Competence-based Multimodal Curriculum Learning for Medical Report Generation,ACL_2021_Full_Papers.bib
Learning Syntactic Dense Embedding with Correlation Graph for Automatic Readability Assessment,ACL_2021_Full_Papers.bib
Meta-{KD}: A Meta Knowledge Distillation Framework for Language Model Compression across Domains,ACL_2021_Full_Papers.bib
A Semantic-based Method for Unsupervised Commonsense Question Answering,ACL_2021_Full_Papers.bib
{E}xplanations for {C}ommonsense{QA}: {N}ew {D}ataset and {M}odels,ACL_2021_Full_Papers.bib
Few-Shot Question Answering by Pretraining Span Selection,ACL_2021_Full_Papers.bib
{U}nited{QA}: {A} Hybrid Approach for Open Domain Question Answering,ACL_2021_Full_Papers.bib
Database reasoning over text,ACL_2021_Full_Papers.bib
How Good is Your Tokenizer? On the Monolingual Performance of Multilingual Language Models,ACL_2021_Full_Papers.bib
Evaluating morphological typology in zero-shot cross-lingual transfer,ACL_2021_Full_Papers.bib
From Machine Translation to Code-Switching: Generating High-Quality Code-Switched Text,ACL_2021_Full_Papers.bib
Fast and Accurate Neural Machine Translation with Translation Memory,ACL_2021_Full_Papers.bib
Few-{NERD}: A Few-shot Named Entity Recognition Dataset,ACL_2021_Full_Papers.bib
{M}ulti{MET}: A Multimodal Dataset for Metaphor Understanding,ACL_2021_Full_Papers.bib
Human-in-the-Loop for Data Collection: a Multi-Target Counter Narrative Dataset to Fight Online Hate Speech,ACL_2021_Full_Papers.bib
Can Generative Pre-trained Language Models Serve As Knowledge Bases for Closed-book {QA}?,ACL_2021_Full_Papers.bib
Joint Models for Answer Verification in Question Answering Systems,ACL_2021_Full_Papers.bib
Answering Ambiguous Questions through Generative Evidence Fusion and Round-Trip Prediction,ACL_2021_Full_Papers.bib
{TAT}-{QA}: A Question Answering Benchmark on a Hybrid of Tabular and Textual Content in Finance,ACL_2021_Full_Papers.bib
Modeling Transitions of Focal Entities for Conversational Knowledge Base Question Answering,ACL_2021_Full_Papers.bib
Evidence-based Factual Error Correction,ACL_2021_Full_Papers.bib
"Probabilistic, Structure-Aware Algorithms for Improved Variety, Accuracy, and Coverage of {AMR} Alignments",ACL_2021_Full_Papers.bib
Meta-Learning to Compositionally Generalize,ACL_2021_Full_Papers.bib
Taming Pre-trained Language Models with N-gram Representations for Low-Resource Domain Adaptation,ACL_2021_Full_Papers.bib
{ERICA}: Improving Entity and Relation Understanding for Pre-trained Language Models via Contrastive Learning,ACL_2021_Full_Papers.bib
Position Bias Mitigation: A Knowledge-Aware Graph Model for Emotion Cause Extraction,ACL_2021_Full_Papers.bib
Every Bite Is an Experience: {K}ey {P}oint {A}nalysis of Business Reviews,ACL_2021_Full_Papers.bib
Structured Sentiment Analysis as Dependency Graph Parsing,ACL_2021_Full_Papers.bib
Consistency Regularization for Cross-Lingual Fine-Tuning,ACL_2021_Full_Papers.bib
Rejuvenating Low-Frequency Words: Making the Most of Parallel Data in Non-Autoregressive Translation,ACL_2021_Full_Papers.bib
{G}-Transformer for Document-Level Machine Translation,ACL_2021_Full_Papers.bib
Prevent the Language Model from being Overconfident in Neural Machine Translation,ACL_2021_Full_Papers.bib
Towards Emotional Support Dialog Systems,ACL_2021_Full_Papers.bib
Novel Slot Detection: A Benchmark for Discovering Unknown Slot Types in the Task-Oriented Dialogue System,ACL_2021_Full_Papers.bib
{GTM}: A Generative Triple-wise Model for Conversational Question Generation,ACL_2021_Full_Papers.bib
Diversifying Dialog Generation via Adaptive Label Smoothing,ACL_2021_Full_Papers.bib
Out-of-Scope Intent Detection with Self-Supervision and Discriminative Training,ACL_2021_Full_Papers.bib
Document-level Event Extraction via Heterogeneous Graph-based Interaction Model with a Tracker,ACL_2021_Full_Papers.bib
Nested Named Entity Recognition via Explicitly Excluding the Influence of the Best Path,ACL_2021_Full_Papers.bib
{L}earn{DA}: Learnable Knowledge-Guided Data Augmentation for Event Causality Identification,ACL_2021_Full_Papers.bib
Revisiting the Negative Data of Distantly Supervised Relation Extraction,ACL_2021_Full_Papers.bib
Knowing the No-match: Entity Alignment with Dangling Cases,ACL_2021_Full_Papers.bib
Superbizarre Is Not Superb: Derivational Morphology Improves {BERT}{'}s Interpretation of Complex Words,ACL_2021_Full_Papers.bib
{BERT} is to {NLP} what {A}lex{N}et is to {CV}: Can Pre-Trained Language Models Identify Analogies?,ACL_2021_Full_Papers.bib
Exploring the Representation of Word Meanings in Context: {A} Case Study on Homonymy and Synonymy,ACL_2021_Full_Papers.bib
Measuring Fine-Grained Domain Relevance of Terms: A Hierarchical Core-Fringe Approach,ACL_2021_Full_Papers.bib
{HERALD}: An Annotation Efficient Method to Detect User Disengagement in Social Conversations,ACL_2021_Full_Papers.bib
Value-Agnostic Conversational Semantic Parsing,ACL_2021_Full_Papers.bib
{MPC}-{BERT}: A Pre-Trained Language Model for Multi-Party Conversation Understanding,ACL_2021_Full_Papers.bib
Best of Both Worlds: Making High Accuracy Non-incremental Transformer-based Disfluency Detection Incremental,ACL_2021_Full_Papers.bib
{N}eural{WOZ}: Learning to Collect Task-Oriented Dialogue via Model-Based Simulation,ACL_2021_Full_Papers.bib
{CDRNN}: Discovering Complex Dynamics in Human Language Processing,ACL_2021_Full_Papers.bib
Structural Guidance for Transformer Language Models,ACL_2021_Full_Papers.bib
Surprisal Estimators for Human Reading Times Need Character Models,ACL_2021_Full_Papers.bib
{C}og{A}lign: Learning to Align Textual Neural Representations to Cognitive Language Processing Signals,ACL_2021_Full_Papers.bib
Self-Attention Networks Can Process Bounded Hierarchical Languages,ACL_2021_Full_Papers.bib
{T}ext{SETTR}: Few-Shot Text Style Extraction and Tunable Targeted Restyling,ACL_2021_Full_Papers.bib
{H}-Transformer-1{D}: Fast One-Dimensional Hierarchical Attention for Sequences,ACL_2021_Full_Papers.bib
Making Pre-trained Language Models Better Few-shot Learners,ACL_2021_Full_Papers.bib
A Sweet Rabbit Hole by {DARCY}: Using Honeypots to Detect Universal Trigger{'}s Adversarial Attacks,ACL_2021_Full_Papers.bib
Towards Propagation Uncertainty: Edge-enhanced {B}ayesian Graph Convolutional Networks for Rumor Detection,ACL_2021_Full_Papers.bib
Label-Specific Dual Graph Neural Network for Multi-Label Text Classification,ACL_2021_Full_Papers.bib
{TAN}-{NTM}: {T}opic Attention Networks for Neural Topic Modeling,ACL_2021_Full_Papers.bib
Cross-language Sentence Selection via Data Augmentation and Rationale Training,ACL_2021_Full_Papers.bib
A Neural Model for Joint Document and Snippet Ranking in Question Answering for Large Document Collections,ACL_2021_Full_Papers.bib
{ABCD}: A Graph Framework to Convert Complex Sentences to a Covering Set of Simple Sentences,ACL_2021_Full_Papers.bib
Which Linguist Invented the Lightbulb? Presupposition Verification for Question-Answering,ACL_2021_Full_Papers.bib
Adversarial Learning for Discourse Rhetorical Structure Parsing,ACL_2021_Full_Papers.bib
Exploring Discourse Structures for Argument Impact Classification,ACL_2021_Full_Papers.bib
"Point, Disambiguate and Copy: Incorporating Bilingual Dictionaries for Neural Machine Translation",ACL_2021_Full_Papers.bib
{VECO}: Variable and Flexible Cross-lingual Pre-training for Language Understanding and Generation,ACL_2021_Full_Papers.bib
A unified approach to sentence segmentation of punctuated text in many languages,ACL_2021_Full_Papers.bib
Towards User-Driven Neural Machine Translation,ACL_2021_Full_Papers.bib
End-to-End Lexically Constrained Machine Translation for Morphologically Rich Languages,ACL_2021_Full_Papers.bib
Handling Extreme Class Imbalance in Technical Logbook Datasets,ACL_2021_Full_Papers.bib
{ILDC} for {CJPE}: {I}ndian Legal Documents Corpus for Court Judgment Prediction and Explanation,ACL_2021_Full_Papers.bib
Supporting Cognitive and Emotional Empathic Writing of Students,ACL_2021_Full_Papers.bib
Dual Reader-Parser on Hybrid Textual and Tabular Evidence for Open Domain Question Answering,ACL_2021_Full_Papers.bib
Generation-Augmented Retrieval for Open-Domain Question Answering,ACL_2021_Full_Papers.bib
Check It Again:Progressive Visual Question Answering via Visual Entailment,ACL_2021_Full_Papers.bib
A Mutual Information Maximization Approach for the Spurious Solution Problem in Weakly Supervised Question Answering,ACL_2021_Full_Papers.bib
Breaking Down Walls of Text: How Can {NLP} Benefit Consumer Privacy?,ACL_2021_Full_Papers.bib
Supporting Land Reuse of Former Open Pit Mining Sites using Text Classification and Active Learning,ACL_2021_Full_Papers.bib
Reliability Testing for Natural Language Processing Systems,ACL_2021_Full_Papers.bib
Learning Language and Multimodal Privacy-Preserving Markers of Mood from Mobile Data,ACL_2021_Full_Papers.bib
"Anonymisation Models for Text Data: State of the art, Challenges and Future Directions",ACL_2021_Full_Papers.bib
End-to-End {AMR} Coreference Resolution,ACL_2021_Full_Papers.bib
How is {BERT} surprised? Layerwise detection of linguistic anomalies,ACL_2021_Full_Papers.bib
Psycholinguistic Tripartite Graph Network for Personality Detection,ACL_2021_Full_Papers.bib
Verb Metaphor Detection via Contextual Relation Learning,ACL_2021_Full_Papers.bib
Improving Speech Translation by Understanding and Learning from the Auxiliary Text Translation Task,ACL_2021_Full_Papers.bib
Probing Toxic Content in Large Pre-Trained Language Models,ACL_2021_Full_Papers.bib
Societal Biases in Language Generation: Progress and Challenges,ACL_2021_Full_Papers.bib
Reservoir Transformers,ACL_2021_Full_Papers.bib
Convolutions and Self-Attention: {R}e-interpreting Relative Positions in Pre-trained Language Models,ACL_2021_Full_Papers.bib
{B}inary{BERT}: Pushing the Limit of {BERT} Quantization,ACL_2021_Full_Papers.bib
Are Pretrained Convolutions Better than Pretrained Transformers?,ACL_2021_Full_Papers.bib
{P}air{RE}: Knowledge Graph Embeddings via Paired Relation Vectors,ACL_2021_Full_Papers.bib
Hierarchy-aware Label Semantics Matching Network for Hierarchical Text Classification,ACL_2021_Full_Papers.bib
{H}idden{C}ut: Simple Data Augmentation for Natural Language Understanding with Better Generalizability,ACL_2021_Full_Papers.bib
Neural Stylistic Response Generation with Disentangled Latent Variables,ACL_2021_Full_Papers.bib
Intent Classification and Slot Filling for Privacy Policies,ACL_2021_Full_Papers.bib
{RADDLE}: An Evaluation Benchmark and Analysis Platform for Robust Task-oriented Dialog Systems,ACL_2021_Full_Papers.bib
Semantic Representation for Dialogue Modeling,ACL_2021_Full_Papers.bib
A Pre-training Strategy for Zero-Resource Response Selection in Knowledge-Grounded Conversations,ACL_2021_Full_Papers.bib
Dependency-driven Relation Extraction with Attentive Graph Convolutional Networks,ACL_2021_Full_Papers.bib
Evaluating Entity Disambiguation and the Role of Popularity in Retrieval-Based {NLP},ACL_2021_Full_Papers.bib
Evaluation Examples are not Equally Informative: How should that change {NLP} Leaderboards?,ACL_2021_Full_Papers.bib
Claim Matching Beyond {E}nglish to Scale Global Fact-Checking,ACL_2021_Full_Papers.bib
{S}em{F}ace: Pre-training Encoder and Decoder with a Semantic Interface for Neural Machine Translation,ACL_2021_Full_Papers.bib
Energy-Based Reranking: Improving Neural Machine Translation Using Energy-Based Models,ACL_2021_Full_Papers.bib
Syntax-augmented Multilingual {BERT} for Cross-lingual Transfer,ACL_2021_Full_Papers.bib
How to Adapt Your Pretrained Multilingual Model to 1600 Languages,ACL_2021_Full_Papers.bib
Weakly Supervised Named Entity Tagging with Learnable Logical Rules,ACL_2021_Full_Papers.bib
Prefix-Tuning: Optimizing Continuous Prompts for Generation,ACL_2021_Full_Papers.bib
{O}ne2{S}et: {G}enerating Diverse Keyphrases as a Set,ACL_2021_Full_Papers.bib
Continuous Language Generative Flow,ACL_2021_Full_Papers.bib
{TWAG}: A Topic-Guided {W}ikipedia Abstract Generator,ACL_2021_Full_Papers.bib
Recursive Tree-Structured Self-Attention for Answer Sentence Selection,ACL_2021_Full_Papers.bib
How Knowledge Graph and Attention Help? A Qualitative Analysis into Bag-level Relation Extraction,ACL_2021_Full_Papers.bib
Trigger is Not Sufficient: Exploiting Frame-aware Knowledge for Implicit Event Argument Extraction,ACL_2021_Full_Papers.bib
Element Intervention for Open Relation Extraction,ACL_2021_Full_Papers.bib
{A}da{T}ag: Multi-Attribute Value Extraction from Product Profiles with Adaptive Decoding,ACL_2021_Full_Papers.bib
{C}o{RI}: Collective Relation Integration with Data Augmentation for Open Information Extraction,ACL_2021_Full_Papers.bib
Benchmarking Scalable Methods for Streaming Cross Document Entity Coreference,ACL_2021_Full_Papers.bib
Search from History and Reason for Future: Two-stage Reasoning on Temporal Knowledge Graphs,ACL_2021_Full_Papers.bib
Employing Argumentation Knowledge Graphs for Neural Argument Generation,ACL_2021_Full_Papers.bib
Learning Span-Level Interactions for Aspect Sentiment Triplet Extraction,ACL_2021_Full_Papers.bib
On Compositional Generalization of Neural Machine Translation,ACL_2021_Full_Papers.bib
Mask-Align: Self-Supervised Neural Word Alignment,ACL_2021_Full_Papers.bib
{GWLAN}: General Word-Level {A}utocompletio{N} for Computer-Aided Translation,ACL_2021_Full_Papers.bib
De-biasing Distantly Supervised Named Entity Recognition via Causal Intervention,ACL_2021_Full_Papers.bib
A Span-Based Model for Joint Overlapped and Discontinuous Named Entity Recognition,ACL_2021_Full_Papers.bib
Exploiting Document Structures and Cluster Consistencies for Event Coreference Resolution,ACL_2021_Full_Papers.bib
{S}tereo{R}el: Relational Triple Extraction from a Stereoscopic Perspective,ACL_2021_Full_Papers.bib
Knowledge-Enriched Event Causality Identification via Latent Structure Induction Networks,ACL_2021_Full_Papers.bib
Turn the Combination Lock: Learnable Textual Backdoor Attacks via Word Substitution,ACL_2021_Full_Papers.bib
Parameter-Efficient Transfer Learning with Diff Pruning,ACL_2021_Full_Papers.bib
{R}2{D}2: Recursive Transformer based on Differentiable Tree for Interpretable Hierarchical Language Modeling,ACL_2021_Full_Papers.bib
Risk Minimization for Zero-shot Sequence Labeling,ACL_2021_Full_Papers.bib
{WARP}: {W}ord-level {A}dversarial {R}e{P}rogramming,ACL_2021_Full_Papers.bib
Lexicon Learning for Few Shot Sequence Modeling,ACL_2021_Full_Papers.bib
Personalized Transformer for Explainable Recommendation,ACL_2021_Full_Papers.bib
Generating {SOAP} Notes from Doctor-Patient Conversations Using Modular Summarization Techniques,ACL_2021_Full_Papers.bib
Tail-to-Tail Non-Autoregressive Sequence Prediction for {C}hinese Grammatical Error Correction,ACL_2021_Full_Papers.bib
Writing by Memorizing: Hierarchical Retrieval-based Medical Report Generation,ACL_2021_Full_Papers.bib
Concept-Based Label Embedding via Dynamic Routing for Hierarchical Text Classification,ACL_2021_Full_Papers.bib
{V}isual{S}parta: An Embarrassingly Simple Approach to Large-scale Text-to-Image Search with Weighted Bag-of-words,ACL_2021_Full_Papers.bib
Few-Shot Text Ranking with Meta Adapted Synthetic Weak Supervision,ACL_2021_Full_Papers.bib
Semi-Supervised Text Classification with Balanced Deep Representation Distributions,ACL_2021_Full_Papers.bib
Improving Document Representations by Generating Pseudo Query Embeddings for Dense Retrieval,ACL_2021_Full_Papers.bib
{C}on{SERT}: A Contrastive Framework for Self-Supervised Sentence Representation Transfer,ACL_2021_Full_Papers.bib
Exploring Dynamic Selection of Branch Expansion Orders for Code Generation,ACL_2021_Full_Papers.bib
{COINS}: Dynamically Generating {CO}ntextualized Inference Rules for Narrative Story Completion,ACL_2021_Full_Papers.bib
Reasoning over Entity-Action-Location Graph for Procedural Text Understanding,ACL_2021_Full_Papers.bib
From Paraphrasing to Semantic Parsing: Unsupervised Semantic Parsing via Synchronous Semantic Decoding,ACL_2021_Full_Papers.bib
Pre-training Universal Language Representation,ACL_2021_Full_Papers.bib
Structural Pre-training for Dialogue Comprehension,ACL_2021_Full_Papers.bib
{A}uto{T}iny{BERT}: Automatic Hyper-parameter Optimization for Efficient Pre-trained Language Models,ACL_2021_Full_Papers.bib
Data Augmentation with Adversarial Training for Cross-Lingual {NLI},ACL_2021_Full_Papers.bib
Bootstrapped Unsupervised Sentence Representation Learning,ACL_2021_Full_Papers.bib
Learning Event Graph Knowledge for Abductive Reasoning,ACL_2021_Full_Papers.bib
A Cognitive Regularizer for Language Modeling,ACL_2021_Full_Papers.bib
Lower Perplexity is Not Always Human-Like,ACL_2021_Full_Papers.bib
Word Sense Disambiguation: Towards Interactive Context Exploitation from Both Word and Sense Perspectives,ACL_2021_Full_Papers.bib
A Knowledge-Guided Framework for Frame Identification,ACL_2021_Full_Papers.bib
Obtaining Better Static Word Embeddings Using Contextual Embedding Models,ACL_2021_Full_Papers.bib
Meta-Learning with Variational Semantic Memory for Word Sense Disambiguation,ACL_2021_Full_Papers.bib
{L}ex{F}it: Lexical Fine-Tuning of Pretrained Language Models,ACL_2021_Full_Papers.bib
Text-Free Image-to-Speech Synthesis Using Learned Segmental Units,ACL_2021_Full_Papers.bib
{CTFN}: Hierarchical Learning for Multimodal Sentiment Analysis Using Coupled-Translation Fusion Network,ACL_2021_Full_Papers.bib
Positional Artefacts Propagate Through Masked Language Model Embeddings,ACL_2021_Full_Papers.bib
Language Model Evaluation Beyond Perplexity,ACL_2021_Full_Papers.bib
Learning to Explain: Generating Stable Explanations Fast,ACL_2021_Full_Papers.bib
{S}tereo{S}et: Measuring stereotypical bias in pretrained language models,ACL_2021_Full_Papers.bib
Alignment Rationale for Natural Language Inference,ACL_2021_Full_Papers.bib
Enabling Lightweight Fine-tuning for Pre-trained Language Model Compression based on Matrix Product Operators,ACL_2021_Full_Papers.bib
"On Sample Based Explanation Methods for {NLP}: Faithfulness, Efficiency and Semantic Evaluation",ACL_2021_Full_Papers.bib
Syntax-Enhanced Pre-trained Model,ACL_2021_Full_Papers.bib
Matching Distributions between Model and Data: Cross-domain Knowledge Distillation for Unsupervised Domain Adaptation,ACL_2021_Full_Papers.bib
{H}ie{R}ec: Hierarchical User Interest Modeling for Personalized News Recommendation,ACL_2021_Full_Papers.bib
Article Reranking by Memory-Enhanced Key Sentence Matching for Detecting Previously Fact-Checked Claims,ACL_2021_Full_Papers.bib
Defense against Synonym Substitution-based Adversarial Attacks via {D}irichlet Neighborhood Ensemble,ACL_2021_Full_Papers.bib
Shortformer: Better Language Modeling using Shorter Inputs,ACL_2021_Full_Papers.bib
{B}andit{MTL}: Bandit-based Multi-task Learning for Text Classification,ACL_2021_Full_Papers.bib
Unified Interpretation of Softmax Cross-Entropy and Negative Sampling: With Case Study for Knowledge Graph Embedding,ACL_2021_Full_Papers.bib
De-Confounded Variational Encoder-Decoder for Logical Table-to-Text Generation,ACL_2021_Full_Papers.bib
Rethinking Stealthiness of Backdoor Attack against {NLP} Models,ACL_2021_Full_Papers.bib
Exploring Distantly-Labeled Rationales in Neural Network Models,ACL_2021_Full_Papers.bib
Learning to Perturb Word Embeddings for Out-of-distribution {QA},ACL_2021_Full_Papers.bib
Maria: A Visual Experience Powered Conversational Agent,ACL_2021_Full_Papers.bib
Generating Relevant and Coherent Dialogue Responses using Self-Separated Conditional Variational {A}uto{E}ncoders,ACL_2021_Full_Papers.bib
Learning to Ask Conversational Questions by Optimizing {L}evenshtein Distance,ACL_2021_Full_Papers.bib
{MMGCN}: Multimodal Fusion via Deep Graph Convolution Network for Emotion Recognition in Conversation,ACL_2021_Full_Papers.bib
{D}yna{E}val: Unifying Turn and Dialogue Level Evaluation,ACL_2021_Full_Papers.bib
"{C}o{SQA}: 20,000+ Web Queries for Code Search and Question Answering",ACL_2021_Full_Papers.bib
Rewriter-Evaluator Architecture for Neural Machine Translation,ACL_2021_Full_Papers.bib
Modeling Bilingual Conversational Characteristics for Neural Chat Translation,ACL_2021_Full_Papers.bib
Importance-based Neuron Allocation for Multilingual Neural Machine Translation,ACL_2021_Full_Papers.bib
Transfer Learning for Sequence Generation: from Single-source to Multi-source,ACL_2021_Full_Papers.bib
A Closer Look at Few-Shot Crosslingual Transfer: The Choice of Shots Matters,ACL_2021_Full_Papers.bib
Coreference Reasoning in Machine Reading Comprehension,ACL_2021_Full_Papers.bib
Adapting Unsupervised Syntactic Parsing Methodology for Discourse Dependency Parsing,ACL_2021_Full_Papers.bib
A Conditional Splitting Framework for Efficient Constituency Parsing,ACL_2021_Full_Papers.bib
A Unified Generative Framework for Various {NER} Subtasks,ACL_2021_Full_Papers.bib
An In-depth Study on Internal Structure of {C}hinese Words,ACL_2021_Full_Papers.bib
{M}ul{DA}: A Multilingual Data Augmentation Framework for Low-Resource Cross-Lingual {NER},ACL_2021_Full_Papers.bib
Lexicon Enhanced {C}hinese Sequence Labeling Using {BERT} Adapter,ACL_2021_Full_Papers.bib
Math Word Problem Solving with Explicit Numerical Values,ACL_2021_Full_Papers.bib
Neural-Symbolic Solver for Math Word Problems with Auxiliary Tasks,ACL_2021_Full_Papers.bib
{SM}ed{BERT}: A Knowledge-Enhanced Pre-trained Language Model with Structured Semantics for Medical Text Mining,ACL_2021_Full_Papers.bib
What is Your Article Based On? Inferring Fine-grained Provenance,ACL_2021_Full_Papers.bib
Controversy and Conformity: from Generalized to Personalized Aggressiveness Detection,ACL_2021_Full_Papers.bib
Multi-perspective Coherent Reasoning for Helpfulness Prediction of Multimodal Reviews,ACL_2021_Full_Papers.bib
Instantaneous Grammatical Error Correction with Shallow Aggressive Decoding,ACL_2021_Full_Papers.bib
Automatic {ICD} Coding via Interactive Shared Representation Networks with Self-distillation Mechanism,ACL_2021_Full_Papers.bib
{PHMOS}pell: Phonological and Morphological Knowledge Guided {C}hinese Spelling Check,ACL_2021_Full_Papers.bib
Guiding the Growth: Difficulty-Controllable Question Generation through Step-by-Step Rewriting,ACL_2021_Full_Papers.bib
Improving Encoder by Auxiliary Supervision Tasks for Table-to-Text Generation,ACL_2021_Full_Papers.bib
{POS}-{C}onstrained {P}arallel {D}ecoding for {N}on-autoregressive {G}eneration,ACL_2021_Full_Papers.bib
Bridging Subword Gaps in Pretrain-Finetune Paradigm for Natural Language Generation,ACL_2021_Full_Papers.bib
Long-Span Summarization via Local Attention and Content Selection,ACL_2021_Full_Papers.bib
{R}ep{S}um: Unsupervised Dialogue Summarization based on Replacement Strategy,ACL_2021_Full_Papers.bib
{BASS}: Boosting Abstractive Summarization with Unified Semantic Graph,ACL_2021_Full_Papers.bib
Capturing Relations between Scientific Papers: An Abstractive Model for Related Work Section Generation,ACL_2021_Full_Papers.bib
Focus Attention: Promoting Faithfulness and Diversity in Summarization,ACL_2021_Full_Papers.bib
Generating Query Focused Summaries from Query-Free Resources,ACL_2021_Full_Papers.bib
x{M}o{C}o: Cross Momentum Contrastive Learning for Open-Domain Question Answering,ACL_2021_Full_Papers.bib
Learn to Resolve Conversational Dependency: A Consistency Training Framework for Conversational Question Answering,ACL_2021_Full_Papers.bib
{P}hoto{C}hat: A Human-Human Dialogue Dataset With Photo Sharing Behavior For Joint Image-Text Modeling,ACL_2021_Full_Papers.bib
Good for Misconceived Reasons: An Empirical Revisiting on the Need for Visual Context in Multimodal Machine Translation,ACL_2021_Full_Papers.bib
Attend What You Need: Motion-Appearance Synergistic Networks for Video Question Answering,ACL_2021_Full_Papers.bib
{BERT}ifying the Hidden {M}arkov Model for Multi-Source Weakly Supervised Named Entity Recognition,ACL_2021_Full_Papers.bib
{CIL}: Contrastive Instance Learning Framework for Distantly Supervised Relation Extraction,ACL_2021_Full_Papers.bib
{SENT}: {S}entence-level Distant Relation Extraction via Negative Training,ACL_2021_Full_Papers.bib
An End-to-End Progressive Multi-Task Learning Framework for Medical Named Entity Recognition and Normalization,ACL_2021_Full_Papers.bib
{PRGC}: Potential Relation and Global Correspondence Based Joint Relational Triple Extraction,ACL_2021_Full_Papers.bib
Learning from Miscellaneous Other-Class Words for Few-shot Named Entity Recognition,ACL_2021_Full_Papers.bib
Joint Biomedical Entity and Relation Extraction with Knowledge-Enhanced Collective Inference,ACL_2021_Full_Papers.bib
Fine-grained Information Extraction from Biomedical Literature based on Knowledge-enriched {A}bstract {M}eaning {R}epresentation,ACL_2021_Full_Papers.bib
Unleash {GPT}-2 Power for Event Detection,ACL_2021_Full_Papers.bib
{CLEVE}: {C}ontrastive {P}re-training for {E}vent {E}xtraction,ACL_2021_Full_Papers.bib
Document-level Event Extraction via Parallel Prediction Networks,ACL_2021_Full_Papers.bib
{S}tructural{LM}: Structural Pre-training for Form Understanding,ACL_2021_Full_Papers.bib
Dual Graph Convolutional Networks for Aspect-based Sentiment Analysis,ACL_2021_Full_Papers.bib
Multi-Label Few-Shot Learning for Aspect Category Detection,ACL_2021_Full_Papers.bib
Argument Pair Extraction via Attention-guided Multi-Layer Multi-Cross Encoding,ACL_2021_Full_Papers.bib
A Neural Transition-based Model for Argumentation Mining,ACL_2021_Full_Papers.bib
Keep It Simple: Unsupervised Simplification of Multi-Paragraph Text,ACL_2021_Full_Papers.bib
Long Text Generation by Modeling Sentence-Level and Discourse-Level Coherence,ACL_2021_Full_Papers.bib
{O}pen{MEVA}: A Benchmark for Evaluating Open-ended Story Generation Metrics,ACL_2021_Full_Papers.bib
Controllable Open-ended Question Generation with A New Question Type Ontology,ACL_2021_Full_Papers.bib
Selective Knowledge Distillation for Neural Machine Translation,ACL_2021_Full_Papers.bib
Measuring and Increasing Context Usage in Context-Aware Machine Translation,ACL_2021_Full_Papers.bib
Beyond Offline Mapping: Learning Cross-lingual Word Embeddings through Context Anchoring,ACL_2021_Full_Papers.bib
{CCM}atrix: Mining Billions of High-Quality Parallel Sentences on the Web,ACL_2021_Full_Papers.bib
"Length-Adaptive Transformer: Train Once with Length Drop, Use Anytime with Search",ACL_2021_Full_Papers.bib
{G}host{BERT}: Generate More Features with Cheap Operations for {BERT},ACL_2021_Full_Papers.bib
Super Tickets in Pre-Trained Language Models: From Model Compression to Improving Generalization,ACL_2021_Full_Papers.bib
A Novel Estimator of Mutual Information for Learning to Disentangle Textual Representations,ACL_2021_Full_Papers.bib
Determinantal Beam Search,ACL_2021_Full_Papers.bib
Multi-hop Graph Convolutional Network with High-order Chebyshev Approximation for Text Reasoning,ACL_2021_Full_Papers.bib
"Regression Bugs Are In Your Model! Measuring, Reducing and Analyzing Regressions In {NLP} Model Updates",ACL_2021_Full_Papers.bib
Detecting Propaganda Techniques in Memes,ACL_2021_Full_Papers.bib
On the Efficacy of Adversarial Data Collection for Question Answering: Results from a Large-Scale Randomized Study,ACL_2021_Full_Papers.bib
Learning Dense Representations of Phrases at Scale,ACL_2021_Full_Papers.bib
End-to-End Training of Neural Retrievers for Open-Domain Question Answering,ACL_2021_Full_Papers.bib
Question Answering Over Temporal Knowledge Graphs,ACL_2021_Full_Papers.bib
Language Model Augmented Relevance Score,ACL_2021_Full_Papers.bib
{DE}xperts: Decoding-Time Controlled Text Generation with Experts and Anti-Experts,ACL_2021_Full_Papers.bib
Metaphor Generation with Conceptual Mappings,ACL_2021_Full_Papers.bib
"Multimodal Multi-Speaker Merger {\&} Acquisition Financial Modeling: A New Task, Dataset, and Neural Baselines",ACL_2021_Full_Papers.bib
Mid-Air Hand Gestures for Post-Editing of Machine Translation,ACL_2021_Full_Papers.bib
{I}nter-{GPS}: Interpretable Geometry Problem Solving with Formal Language and Symbolic Reasoning,ACL_2021_Full_Papers.bib
Joint Verification and Reranking for Open Fact Checking Over Tables,ACL_2021_Full_Papers.bib
Evaluation of Thematic Coherence in Microblogs,ACL_2021_Full_Papers.bib
Privacy at Scale: Introducing the {P}riva{S}eer Corpus of Web Privacy Policies,ACL_2021_Full_Papers.bib
Are Missing Links Predictable? An Inferential Benchmark for Knowledge Graph Completion,ACL_2021_Full_Papers.bib
Improving Factual Consistency of Abstractive Summarization via Question Answering,ACL_2021_Full_Papers.bib
{E}mail{S}um: Abstractive Email Thread Summarization,ACL_2021_Full_Papers.bib
Learning Prototypical Functions for Physical Artifacts,ACL_2021_Full_Papers.bib
Verb Knowledge Injection for Multilingual Event Processing,ACL_2021_Full_Papers.bib
Dynamic Contextualized Word Embeddings,ACL_2021_Full_Papers.bib
Lexical Semantic Change Discovery,ACL_2021_Full_Papers.bib
The {R}-{U}-A-Robot Dataset: Helping Avoid Chatbot Deception by Detecting User Questions About Human or Non-Human Identity,ACL_2021_Full_Papers.bib
Using Meta-Knowledge Mined from Identifiers to Improve Intent Recognition in Conversational Systems,ACL_2021_Full_Papers.bib
Space Efficient Context Encoding for Non-Task-Oriented Dialogue Generation with Graph Attention Transformer,ACL_2021_Full_Papers.bib
{D}ialogue{CRN}: Contextual Reasoning Networks for Emotion Recognition in Conversations,ACL_2021_Full_Papers.bib
{TIMEDIAL}: Temporal Commonsense Reasoning in Dialog,ACL_2021_Full_Papers.bib
{ARBERT} {\&} {MARBERT}: Deep Bidirectional Transformers for {A}rabic,ACL_2021_Full_Papers.bib
Improving Paraphrase Detection with the Adversarial Paraphrasing Task,ACL_2021_Full_Papers.bib
{ADEPT}: An Adjective-Dependent Plausibility Task,ACL_2021_Full_Papers.bib
{R}ead{O}nce Transformers: Reusable Representations of Text for Transformers,ACL_2021_Full_Papers.bib
Conditional Generation of Temporally-ordered Event Sequences,ACL_2021_Full_Papers.bib
Hate Speech Detection Based on Sentiment Knowledge Sharing,ACL_2021_Full_Papers.bib
Transition-based Bubble Parsing: Improvements on Coordination Structure Prediction,ACL_2021_Full_Papers.bib
{S}truct{F}ormer: Joint Unsupervised Induction of Dependency and Constituency Structure from Masked Language Modeling,ACL_2021_Full_Papers.bib
Language Embeddings for Typology and Cross-lingual Transfer Learning,ACL_2021_Full_Papers.bib
Can Sequence-to-Sequence Models Crack Substitution Ciphers?,ACL_2021_Full_Papers.bib
Beyond Noise: Mitigating the Impact of Fine-grained Semantic Divergences on Neural Machine Translation,ACL_2021_Full_Papers.bib
Discriminative Reranking for Neural Machine Translation,ACL_2021_Full_Papers.bib
Mind Your Outliers! Investigating the Negative Impact of Outliers on Active Learning for Visual Question Answering,ACL_2021_Full_Papers.bib
All That{'}s `Human' Is Not Gold: Evaluating Human Evaluation of Generated Text,ACL_2021_Full_Papers.bib
Scientific Credibility of Machine Translation Research: A Meta-Evaluation of 769 Papers,ACL_2021_Full_Papers.bib
Neural Machine Translation with Monolingual Translation Memory,ACL_2021_Full_Papers.bib
Intrinsic Dimensionality Explains the Effectiveness of Language Model Fine-Tuning,ACL_2021_Full_Papers.bib
{UnNatural} {L}anguage {I}nference,ACL_2021_Full_Papers.bib
Including Signed Languages in Natural Language Processing,ACL_2021_Full_Papers.bib
Vocabulary Learning via Optimal Transport for Neural Machine Translation,ACL_2021_Full_Papers.bib
Proceedings of the 58th Annual Meeting of the Association for Computational Linguistics,ACL_2020_Full_Papers.bib
Learning to Understand Child-directed and Adult-directed Speech,ACL_2020_Full_Papers.bib
Predicting Depression in Screening Interviews from Latent Categorization of Interview Prompts,ACL_2020_Full_Papers.bib
{C}oach: A Coarse-to-Fine Approach for Cross-domain Slot Filling,ACL_2020_Full_Papers.bib
Designing Precise and Robust Dialogue Response Evaluators,ACL_2020_Full_Papers.bib
Dialogue State Tracking with Explicit Slot Connection Modeling,ACL_2020_Full_Papers.bib
Generating Informative Conversational Response using Recurrent Knowledge-Interaction and Knowledge-Copy,ACL_2020_Full_Papers.bib
Guiding Variational Response Generator to Exploit Persona,ACL_2020_Full_Papers.bib
Large Scale Multi-Actor Generative Dialog Modeling,ACL_2020_Full_Papers.bib
{PLATO}: Pre-trained Dialogue Generation Model with Discrete Latent Variable,ACL_2020_Full_Papers.bib
Slot-consistent {NLG} for Task-oriented Dialogue Systems with Iterative Rectification Network,ACL_2020_Full_Papers.bib
{S}pan-{ConveRT}: {F}ew-shot Span Extraction for Dialog with Pretrained Conversational Representations,ACL_2020_Full_Papers.bib
Zero-Shot Transfer Learning with Synthesized Data for Multi-Domain Dialogue State Tracking,ACL_2020_Full_Papers.bib
A Complete Shift-Reduce {C}hinese Discourse Parser with Robust Dynamic Oracle,ACL_2020_Full_Papers.bib
{T}rans{S}-Driven Joint Learning Architecture for Implicit Discourse Relation Recognition,ACL_2020_Full_Papers.bib
A Study of Non-autoregressive Model for Sequence Generation,ACL_2020_Full_Papers.bib
{C}ross-modal {L}anguage {G}eneration using {P}ivot {S}tabilization for {W}eb-scale {L}anguage {C}overage,ACL_2020_Full_Papers.bib
{F}act-based {T}ext {E}diting,ACL_2020_Full_Papers.bib
Few-Shot {NLG} with Pre-Trained Language Model,ACL_2020_Full_Papers.bib
Fluent Response Generation for Conversational Question Answering,ACL_2020_Full_Papers.bib
Generating Diverse and Consistent {QA} pairs from Contexts with Information-Maximizing Hierarchical Conditional {VAE}s,ACL_2020_Full_Papers.bib
Learning to Ask More: Semi-Autoregressive Sequential Question Generation under Dual-Graph Interaction,ACL_2020_Full_Papers.bib
Neural Syntactic Preordering for Controlled Paraphrase Generation,ACL_2020_Full_Papers.bib
Pre-train and Plug-in: Flexible Conditional Text Generation with Variational Auto-Encoders,ACL_2020_Full_Papers.bib
Probabilistically Masked Language Model Capable of Autoregressive Generation in Arbitrary Word Order,ACL_2020_Full_Papers.bib
Reverse Engineering Configurations of Neural Text Generation Models,ACL_2020_Full_Papers.bib
Review-based Question Generation with Adaptive Instance Transfer and Augmentation,ACL_2020_Full_Papers.bib
{TAG} : Type Auxiliary Guiding for Code Comment Generation,ACL_2020_Full_Papers.bib
Unsupervised Paraphrasing by Simulated Annealing,ACL_2020_Full_Papers.bib
A Joint Model for Document Segmentation and Segment Labeling,ACL_2020_Full_Papers.bib
Contextualized Weak Supervision for Text Classification,ACL_2020_Full_Papers.bib
Every Document Owns Its Structure: Inductive Text Classification via Graph Neural Networks,ACL_2020_Full_Papers.bib
Neural Topic Modeling with Bidirectional Adversarial Training,ACL_2020_Full_Papers.bib
Text Classification with Negative Supervision,ACL_2020_Full_Papers.bib
Content Word Aware Neural Machine Translation,ACL_2020_Full_Papers.bib
Evaluating Explanation Methods for Neural Machine Translation,ACL_2020_Full_Papers.bib
Jointly Masked Sequence-to-Sequence Model for Non-Autoregressive Neural Machine Translation,ACL_2020_Full_Papers.bib
Learning Source Phrase Representations for Neural Machine Translation,ACL_2020_Full_Papers.bib
Lipschitz Constrained Parameter Initialization for Deep Transformers,ACL_2020_Full_Papers.bib
{L}ocation {A}ttention for {E}xtrapolation to {L}onger {S}equences,ACL_2020_Full_Papers.bib
Norm-Based Curriculum Learning for Neural Machine Translation,ACL_2020_Full_Papers.bib
Opportunistic Decoding with Timely Correction for Simultaneous Translation,ACL_2020_Full_Papers.bib
A Formal Hierarchy of {RNN} Architectures,ACL_2020_Full_Papers.bib
A Three-Parameter Rank-Frequency Relation in Natural Languages,ACL_2020_Full_Papers.bib
Dice Loss for Data-imbalanced {NLP} Tasks,ACL_2020_Full_Papers.bib
Emergence of Syntax Needs Minimal Supervision,ACL_2020_Full_Papers.bib
Language Models as an Alternative Evaluator of Word Order Hypotheses: A Case Study in {J}apanese,ACL_2020_Full_Papers.bib
{GCAN}: Graph-aware Co-Attention Networks for Explainable Fake News Detection on Social Media,ACL_2020_Full_Papers.bib
Integrating Semantic and Structural Information with Graph Convolutional Network for Controversy Detection,ACL_2020_Full_Papers.bib
Predicting the Topical Stance and Political Leaning of Media using Tweets,ACL_2020_Full_Papers.bib
"Simple, Interpretable and Stable Method for Detecting Words with Usage Change across Corpora",ACL_2020_Full_Papers.bib
{CDL}: Curriculum Dual Learning for Emotion-Controllable Response Generation,ACL_2020_Full_Papers.bib
Efficient Dialogue State Tracking by Selectively Overwriting Memory,ACL_2020_Full_Papers.bib
End-to-End Neural Pipeline for Goal-Oriented Dialogue Systems using {GPT}-2,ACL_2020_Full_Papers.bib
Evaluating Dialogue Generation Systems via Response Selection,ACL_2020_Full_Papers.bib
Gated Convolutional Bidirectional Attention-based Model for Off-topic Spoken Response Detection,ACL_2020_Full_Papers.bib
Learning Low-Resource End-To-End Goal-Oriented Dialog for Fast and Reliable System Deployment,ACL_2020_Full_Papers.bib
Learning to Tag {OOV} Tokens by Integrating Contextual Representation and Background Knowledge,ACL_2020_Full_Papers.bib
Multi-Agent Task-Oriented Dialog Policy Learning with Role-Aware Reward Decomposition,ACL_2020_Full_Papers.bib
Paraphrase Augmented Task-Oriented Dialog Generation,ACL_2020_Full_Papers.bib
Response-Anticipated Memory for On-Demand Knowledge Integration in Response Generation,ACL_2020_Full_Papers.bib
Towards Unsupervised Language Understanding and Generation by Joint Dual Learning,ACL_2020_Full_Papers.bib
{USR}: An Unsupervised and Reference Free Evaluation Metric for Dialog Generation,ACL_2020_Full_Papers.bib
Explicit Semantic Decomposition for Definition Generation,ACL_2020_Full_Papers.bib
Improved Natural Language Generation via Loss Truncation,ACL_2020_Full_Papers.bib
Line Graph Enhanced {AMR}-to-Text Generation with Mix-Order Graph Attention Networks,ACL_2020_Full_Papers.bib
Rigid Formats Controlled Text Generation,ACL_2020_Full_Papers.bib
Syn-{QG}: Syntactic and Shallow Semantic Rules for Question Generation,ACL_2020_Full_Papers.bib
An Online Semantic-enhanced {D}irichlet Model for Short Text Stream Clustering,ACL_2020_Full_Papers.bib
Generative Semantic Hashing Enhanced via {B}oltzmann Machines,ACL_2020_Full_Papers.bib
Interactive Construction of User-Centric Dictionary for Text Analytics,ACL_2020_Full_Papers.bib
{T}ree-{S}tructured {N}eural {T}opic {M}odel,ACL_2020_Full_Papers.bib
Unsupervised {FAQ} Retrieval with Question Generation and {BERT},ACL_2020_Full_Papers.bib
``The Boating Store Had Its Best Sail Ever'': Pronunciation-attentive Contextualized Pun Recognition,ACL_2020_Full_Papers.bib
Fast and Accurate Deep Bidirectional Language Representations for Unsupervised Learning,ACL_2020_Full_Papers.bib
Fine-grained Interest Matching for Neural News Recommendation,ACL_2020_Full_Papers.bib
Interpretable Operational Risk Classification with Semi-Supervised Variational Autoencoder,ACL_2020_Full_Papers.bib
Interpreting {T}witter User Geolocation,ACL_2020_Full_Papers.bib
Modeling Code-Switch Languages Using Bilingual Parallel Corpus,ACL_2020_Full_Papers.bib
{S}pell{GCN}: Incorporating Phonological and Visual Similarities into Language Models for {C}hinese Spelling Check,ACL_2020_Full_Papers.bib
Spelling Error Correction with Soft-Masked {BERT},ACL_2020_Full_Papers.bib
A Frame-based Sentence Representation for Machine Reading Comprehension,ACL_2020_Full_Papers.bib
Contextualized Sparse Representations for Real-Time Open-Domain Question Answering,ACL_2020_Full_Papers.bib
Dynamic Sampling Strategies for Multi-Task Reading Comprehension,ACL_2020_Full_Papers.bib
Enhancing Answer Boundary Detection for Multilingual Machine Reading Comprehension,ACL_2020_Full_Papers.bib
Explicit Memory Tracker with Coarse-to-Fine Reasoning for Conversational Machine Reading,ACL_2020_Full_Papers.bib
Injecting Numerical Reasoning Skills into Language Models,ACL_2020_Full_Papers.bib
Learning to Identify Follow-Up Questions in Conversational Question Answering,ACL_2020_Full_Papers.bib
Query Graph Generation for Answering Multi-hop Complex Questions from Knowledge Bases,ACL_2020_Full_Papers.bib
A Diverse Corpus for Evaluating and Developing {E}nglish Math Word Problem Solvers,ACL_2020_Full_Papers.bib
Improving Image Captioning Evaluation by Considering Inter References Variance,ACL_2020_Full_Papers.bib
Revisiting the Context Window for Cross-lingual Word Embeddings,ACL_2020_Full_Papers.bib
Moving Down the Long Tail of Word Sense Disambiguation with Gloss Informed Bi-encoders,ACL_2020_Full_Papers.bib
"Code-Switching Patterns Can Be an Effective Route to Improve Performance of Downstream {NLP} Applications: A Case Study of Humour, Sarcasm and Hate Speech Detection",ACL_2020_Full_Papers.bib
{DTCA}: Decision Tree-based Co-Attention Networks for Explainable Claim Verification,ACL_2020_Full_Papers.bib
Towards Conversational Recommendation over Multi-Type Dialogs,ACL_2020_Full_Papers.bib
Unknown Intent Detection Using {G}aussian Mixture Model with an Application to Zero-shot Intent Classification,ACL_2020_Full_Papers.bib
Expertise Style Transfer: A New Task Towards Better Communication between Experts and Laymen,ACL_2020_Full_Papers.bib
Towards Faithful Neural Table-to-Text Generation with Content-Matching Constraints,ACL_2020_Full_Papers.bib
Dynamic Memory Induction Networks for Few-Shot Text Classification,ACL_2020_Full_Papers.bib
Exclusive Hierarchical Decoding for Deep Keyphrase Generation,ACL_2020_Full_Papers.bib
Hierarchy-Aware Global Model for Hierarchical Text Classification,ACL_2020_Full_Papers.bib
Keyphrase Generation for Scientific Document Retrieval,ACL_2020_Full_Papers.bib
A Graph Auto-encoder Model of Derivational Morphology,ACL_2020_Full_Papers.bib
Building a User-Generated Content {N}orth-{A}frican {A}rabizi Treebank: Tackling Hell,ACL_2020_Full_Papers.bib
Crawling and Preprocessing Mailing Lists At Scale for Dialog Analysis,ACL_2020_Full_Papers.bib
Fine-Grained Analysis of Cross-Linguistic Syntactic Divergences,ACL_2020_Full_Papers.bib
Generating Counter Narratives against Online Hate Speech: Data and Strategies,ACL_2020_Full_Papers.bib
{KLEJ}: Comprehensive Benchmark for {P}olish Language Understanding,ACL_2020_Full_Papers.bib
Learning and Evaluating Emotion Lexicons for 91 Languages,ACL_2020_Full_Papers.bib
Multimodal Quality Estimation for Machine Translation,ACL_2020_Full_Papers.bib
{P}uzz{L}ing {M}achines: {A} {C}hallenge on {L}earning {F}rom {S}mall {D}ata,ACL_2020_Full_Papers.bib
The {SOFC}-Exp Corpus and Neural Approaches to Information Extraction in the Materials Science Domain,ACL_2020_Full_Papers.bib
The {T}ech{QA} Dataset,ACL_2020_Full_Papers.bib
i{S}arcasm: A Dataset of Intended Sarcasm,ACL_2020_Full_Papers.bib
{AMR} Parsing via Graph-Sequence Iterative Inference,ACL_2020_Full_Papers.bib
A Large-Scale Multi-Document Summarization Dataset from the {W}ikipedia Current Events Portal,ACL_2020_Full_Papers.bib
"Attend, Translate and Summarize: An Efficient Method for Neural Cross-Lingual Summarization",ACL_2020_Full_Papers.bib
Examining the State-of-the-Art in News Timeline Summarization,ACL_2020_Full_Papers.bib
Improving Truthfulness of Headline Generation,ACL_2020_Full_Papers.bib
Self-Attention Guided Copy Mechanism for Abstractive Summarization,ACL_2020_Full_Papers.bib
Beyond User Self-Reported {L}ikert Scale Ratings: A Comparison Model for Automatic Dialog Evaluation,ACL_2020_Full_Papers.bib
{C}onversational {W}ord {E}mbedding for {R}etrieval-{B}ased {D}ialog {S}ystem,ACL_2020_Full_Papers.bib
Few-shot Slot Tagging with Collapsed Dependency Transfer and Label-enhanced Task-adaptive Projection Network,ACL_2020_Full_Papers.bib
{L}earning {D}ialog {P}olicies from {W}eak {D}emonstrations,ACL_2020_Full_Papers.bib
{M}u{T}ual: A Dataset for Multi-Turn Dialogue Reasoning,ACL_2020_Full_Papers.bib
You Impress Me: Dialogue Generation via Mutual Persona Perception,ACL_2020_Full_Papers.bib
Bridging Anaphora Resolution as Question Answering,ACL_2020_Full_Papers.bib
Dialogue Coherence Assessment Without Explicit Dialogue Act Labels,ACL_2020_Full_Papers.bib
Fast and Accurate Non-Projective Dependency Tree Linearization,ACL_2020_Full_Papers.bib
Semantic Graphs for Generating Deep Questions,ACL_2020_Full_Papers.bib
A Novel Cascade Binary Tagging Framework for Relational Triple Extraction,ACL_2020_Full_Papers.bib
In Layman{'}s Terms: Semi-Open Relation Extraction from Scientific Texts,ACL_2020_Full_Papers.bib
{NAT}: Noise-Aware Training for Robust Neural Sequence Labeling,ACL_2020_Full_Papers.bib
Named Entity Recognition without Labelled Data: A Weak Supervision Approach,ACL_2020_Full_Papers.bib
Reasoning with Latent Structure Refinement for Document-Level Relation Extraction,ACL_2020_Full_Papers.bib
Bilingual Dictionary Based Neural Machine Translation without Using Parallel Sentences,ACL_2020_Full_Papers.bib
Boosting Neural Machine Translation with Similar Translations,ACL_2020_Full_Papers.bib
Enhancing Machine Translation with Dependency-Aware Self-Attention,ACL_2020_Full_Papers.bib
Improving Massively Multilingual Neural Machine Translation and Zero-Shot Translation,ACL_2020_Full_Papers.bib
It{'}s Easier to Translate out of {E}nglish than into it: {M}easuring Neural Translation Difficulty by Cross-Mutual Information,ACL_2020_Full_Papers.bib
Language-aware Interlingua for Multilingual Neural Machine Translation,ACL_2020_Full_Papers.bib
Parallel Sentence Mining by Constrained Decoding,ACL_2020_Full_Papers.bib
Self-Attention with Cross-Lingual Position Representation,ACL_2020_Full_Papers.bib
``You Sound Just Like Your Father'' Commercial Machine Translation Systems Include Stylistic Biases,ACL_2020_Full_Papers.bib
{MMPE}: {A} {M}ulti-{M}odal {I}nterface for {P}ost-{E}diting {M}achine {T}ranslation,ACL_2020_Full_Papers.bib
A Monolingual Approach to Contextualized Word Embeddings for Mid-Resource Languages,ACL_2020_Full_Papers.bib
Will-They-Won{'}t-They: A Very Large Dataset for Stance Detection on {T}witter,ACL_2020_Full_Papers.bib
A Systematic Assessment of Syntactic Generalization in Neural Language Models,ACL_2020_Full_Papers.bib
Inflecting When There{'}s No Majority: Limitations of Encoder-Decoder Neural Networks as Cognitive Models for {G}erman Plurals,ACL_2020_Full_Papers.bib
Overestimation of Syntactic Representation in Neural Language Models,ACL_2020_Full_Papers.bib
Modelling Suspense in Short Stories as Uncertainty Reduction over Neural Representation,ACL_2020_Full_Papers.bib
You Don{'}t Have Time to Read This: An Exploration of Document Reading Time Prediction,ACL_2020_Full_Papers.bib
A Generative Model for Joint Natural Language Understanding and Generation,ACL_2020_Full_Papers.bib
Automatic Detection of Generated Text is Easiest when Humans are Fooled,ACL_2020_Full_Papers.bib
Multi-Domain Neural Machine Translation with Word-Level Adaptive Layer-wise Domain Mixing,ACL_2020_Full_Papers.bib
Conversational Graph Grounded Policy Learning for Open-Domain Conversation Generation,ACL_2020_Full_Papers.bib
{GPT}-too: A Language-Model-First Approach for {AMR}-to-Text Generation,ACL_2020_Full_Papers.bib
Learning to Update Natural Language Comments Based on Code Changes,ACL_2020_Full_Papers.bib
Politeness Transfer: A Tag and Generate Approach,ACL_2020_Full_Papers.bib
{BPE}-Dropout: Simple and Effective Subword Regularization,ACL_2020_Full_Papers.bib
Improving Non-autoregressive Neural Machine Translation with Monolingual Data,ACL_2020_Full_Papers.bib
Attend to Medical Ontologies: Content Selection for Clinical Abstractive Summarization,ACL_2020_Full_Papers.bib
On Faithfulness and Factuality in Abstractive Summarization,ACL_2020_Full_Papers.bib
Screenplay Summarization Using Latent Narrative Structure,ACL_2020_Full_Papers.bib
Unsupervised Opinion Summarization with Noising and Denoising,ACL_2020_Full_Papers.bib
A Tale of Two Perplexities: Sensitivity of Neural Language Models to Lexical Retrieval Deficits in Dementia of the {A}lzheimer{'}s Type,ACL_2020_Full_Papers.bib
Probing Linguistic Systematicity,ACL_2020_Full_Papers.bib
Recollection versus Imagination: Exploring Human Memory and Cognition via Neural Language Models,ACL_2020_Full_Papers.bib
Recurrent Neural Network Language Models Always Learn {E}nglish-Like Relative Clause Attachment,ACL_2020_Full_Papers.bib
Speakers enhance contextually confusable words,ACL_2020_Full_Papers.bib
What determines the order of adjectives in {E}nglish? Comparing efficiency-based theories using dependency treebanks,ACL_2020_Full_Papers.bib
``None of the Above'': Measure Uncertainty in Dialog Response Retrieval,ACL_2020_Full_Papers.bib
Can You Put it All Together: Evaluating Conversational Agents' Ability to Blend Skills,ACL_2020_Full_Papers.bib
Grounded Conversation Generation as Guided Traverses in Commonsense Knowledge Graphs,ACL_2020_Full_Papers.bib
Negative Training for Neural Dialogue Response Generation,ACL_2020_Full_Papers.bib
Recursive Template-based Frame Generation for Task Oriented Dialog,ACL_2020_Full_Papers.bib
Speak to your Parser: Interactive Text-to-{SQL} with Natural Language Feedback,ACL_2020_Full_Papers.bib
Calibrating Structured Output Predictors for Natural Language Processing,ACL_2020_Full_Papers.bib
Active Imitation Learning with Noisy Guidance,ACL_2020_Full_Papers.bib
{E}xp{BERT}: Representation Engineering with Natural Language Explanations,ACL_2020_Full_Papers.bib
{GAN}-{BERT}: Generative Adversarial Learning for Robust Text Classification with a Bunch of Labeled Examples,ACL_2020_Full_Papers.bib
Generalizing Natural Language Analysis through Span-relation Representations,ACL_2020_Full_Papers.bib
{M}ix{T}ext: Linguistically-Informed Interpolation of Hidden Space for Semi-Supervised Text Classification,ACL_2020_Full_Papers.bib
{M}obile{BERT}: a Compact Task-Agnostic {BERT} for Resource-Limited Devices,ACL_2020_Full_Papers.bib
On Importance Sampling-Based Evaluation of Latent Language Models,ACL_2020_Full_Papers.bib
{SMART}: Robust and Efficient Fine-Tuning for Pre-trained Natural Language Models through Principled Regularized Optimization,ACL_2020_Full_Papers.bib
Stolen Probability: A Structural Weakness of Neural Language Models,ACL_2020_Full_Papers.bib
Taxonomy Construction of Unseen Domains via Graph-based Cross-Domain Knowledge Transfer,ACL_2020_Full_Papers.bib
To Pretrain or Not to Pretrain: Examining the Benefits of Pretrainng on Resource Rich Tasks,ACL_2020_Full_Papers.bib
Why Overfitting Isn{'}t Always Bad: Retrofitting Cross-Lingual Word Embeddings to Dictionaries,ACL_2020_Full_Papers.bib
{X}treme{D}istil: Multi-stage Distillation for Massive Multilingual Models,ACL_2020_Full_Papers.bib
A Girl Has A Name: Detecting Authorship Obfuscation,ACL_2020_Full_Papers.bib
{D}ee{BERT}: Dynamic Early Exiting for Accelerating {BERT} Inference,ACL_2020_Full_Papers.bib
Efficient Strategies for Hierarchical Text Classification: External Knowledge and Auxiliary Tasks,ACL_2020_Full_Papers.bib
Investigating the effect of auxiliary objectives for the automated grading of learner {E}nglish speech transcriptions,ACL_2020_Full_Papers.bib
{SPECTER}: Document-level Representation Learning using Citation-informed Transformers,ACL_2020_Full_Papers.bib
Semantic Scaffolds for Pseudocode-to-Code Generation,ACL_2020_Full_Papers.bib
Can We Predict New Facts with Open Knowledge Graph Embeddings? A Benchmark for Open Link Prediction,ACL_2020_Full_Papers.bib
{INFOTABS}: Inference on Tables as Semi-structured Data,ACL_2020_Full_Papers.bib
Interactive Machine Comprehension with Information Seeking Agents,ACL_2020_Full_Papers.bib
Improved Speech Representations with Multi-Target Autoregressive Predictive Coding,ACL_2020_Full_Papers.bib
Integrating Multimodal Information in Large Pretrained Transformers,ACL_2020_Full_Papers.bib
{M}ulti{QT}: Multimodal learning for real-time question tracking in speech,ACL_2020_Full_Papers.bib
Multimodal and Multiresolution Speech Recognition with Transformers,ACL_2020_Full_Papers.bib
Phone Features Improve Speech Translation,ACL_2020_Full_Papers.bib
Grounding Conversations with Improvised Dialogues,ACL_2020_Full_Papers.bib
Image-Chat: Engaging Grounded Conversations,ACL_2020_Full_Papers.bib
Learning an Unreferenced Metric for Online Dialogue Evaluation,ACL_2020_Full_Papers.bib
Neural Generation of Dialogue Response Timings,ACL_2020_Full_Papers.bib
The Dialogue Dodecathlon: Open-Domain Knowledge and Image Grounded Conversational Agents,ACL_2020_Full_Papers.bib
Automatic Poetry Generation from Prosaic Text,ACL_2020_Full_Papers.bib
Bridging the Structural Gap Between Encoding and Decoding for Data-To-Text Generation,ACL_2020_Full_Papers.bib
Enabling Language Models to Fill in the Blanks,ACL_2020_Full_Papers.bib
{INSET}: Sentence Infilling with {IN}ter-{SE}ntential Transformer,ACL_2020_Full_Papers.bib
Improving Adversarial Text Generation by Modeling the Distant Future,ACL_2020_Full_Papers.bib
Simple and Effective Retrieve-Edit-Rerank Text Generation,ACL_2020_Full_Papers.bib
{B}aby{W}alk: Going Farther in Vision-and-Language Navigation by Taking Baby Steps,ACL_2020_Full_Papers.bib
Cross-media Structured Common Space for Multimedia Event Extraction,ACL_2020_Full_Papers.bib
Learning to Segment Actions from Observation and Narration,ACL_2020_Full_Papers.bib
Learning to execute instructions in a {M}inecraft dialogue,ACL_2020_Full_Papers.bib
{MART}: Memory-Augmented Recurrent Transformer for Coherent Video Paragraph Captioning,ACL_2020_Full_Papers.bib
What is Learned in Visually Grounded Neural Syntax Acquisition,ACL_2020_Full_Papers.bib
A Batch Normalized Inference Network Keeps the {KL} Vanishing Away,ACL_2020_Full_Papers.bib
Contextual Embeddings: When Are They Worth It?,ACL_2020_Full_Papers.bib
Interactive Classification by Asking Informative Questions,ACL_2020_Full_Papers.bib
Knowledge Graph Embedding Compression,ACL_2020_Full_Papers.bib
Low Resource Sequence Tagging using Sentence Reconstruction,ACL_2020_Full_Papers.bib
Masked Language Model Scoring,ACL_2020_Full_Papers.bib
Orthogonal Relation Transforms with Graph Context Modeling for Knowledge Graph Embedding,ACL_2020_Full_Papers.bib
Posterior Calibrated Training on Sentence Classification Tasks,ACL_2020_Full_Papers.bib
Posterior Control of Blackbox Generation,ACL_2020_Full_Papers.bib
Pretrained Transformers Improve Out-of-Distribution Robustness,ACL_2020_Full_Papers.bib
Robust Encodings: A Framework for Combating Adversarial Typos,ACL_2020_Full_Papers.bib
Showing Your Work Doesn{'}t Always Work,ACL_2020_Full_Papers.bib
Span Selection Pre-training for Question Answering,ACL_2020_Full_Papers.bib
Topological Sort for Sentence Ordering,ACL_2020_Full_Papers.bib
Weight Poisoning Attacks on Pretrained Models,ACL_2020_Full_Papers.bib
schu{BERT}: Optimizing Elements of {BERT},ACL_2020_Full_Papers.bib
{ENGINE}: Energy-Based Inference Networks for Non-Autoregressive Machine Translation,ACL_2020_Full_Papers.bib
Leveraging Monolingual Data with Self-Supervision for Multilingual Neural Machine Translation,ACL_2020_Full_Papers.bib
On The Evaluation of Machine Translation Systems Trained With Back-Translation,ACL_2020_Full_Papers.bib
Simultaneous Translation Policies: From Fixed to Adaptive,ACL_2020_Full_Papers.bib
Breaking Through the 80{\%} Glass Ceiling: {R}aising the State of the Art in Word Sense Disambiguation by Incorporating Knowledge Graph Information,ACL_2020_Full_Papers.bib
{G}lyph2{V}ec: Learning {C}hinese Out-of-Vocabulary Word Embedding from Glyphs,ACL_2020_Full_Papers.bib
Multidirectional Associative Optimization of Function-Specific Word Representations,ACL_2020_Full_Papers.bib
Predicting Degrees of Technicality in Automatic Terminology Extraction,ACL_2020_Full_Papers.bib
Verbal Multiword Expressions for Identification of Metaphor,ACL_2020_Full_Papers.bib
Gender Bias in Multilingual Embeddings and Cross-Lingual Transfer,ACL_2020_Full_Papers.bib
"Give Me Convenience and Give Her Death: Who Should Decide What Uses of {NLP} are Appropriate, and on What Basis?",ACL_2020_Full_Papers.bib
Is Your Classifier Actually Biased? Measuring Fairness under Uncertainty with Bernstein Bounds,ACL_2020_Full_Papers.bib
It{'}s Morphin' Time! {C}ombating Linguistic Discrimination with Inflectional Perturbations,ACL_2020_Full_Papers.bib
Mitigating Gender Bias Amplification in Distribution by Posterior Regularization,ACL_2020_Full_Papers.bib
Towards Understanding Gender Bias in Relation Extraction,ACL_2020_Full_Papers.bib
A Probabilistic Generative Model for Typographical Analysis of Early Modern Printing,ACL_2020_Full_Papers.bib
Attentive Pooling with Learnable Norms for Text Representation,ACL_2020_Full_Papers.bib
Estimating the influence of auxiliary tasks for multi-task learning of sequence tagging tasks,ACL_2020_Full_Papers.bib
How Does Selective Mechanism Improve Self-Attention Networks?,ACL_2020_Full_Papers.bib
Improving Transformer Models by Reordering their Sublayers,ACL_2020_Full_Papers.bib
Single Model Ensemble using Pseudo-Tags and Distinct Vectors,ACL_2020_Full_Papers.bib
Zero-shot Text Classification via Reinforced Self-training,ACL_2020_Full_Papers.bib
A Novel Graph-based Multi-modal Fusion Encoder for Neural Machine Translation,ACL_2020_Full_Papers.bib
A Relaxed Matching Procedure for Unsupervised {BLI},ACL_2020_Full_Papers.bib
Dynamic Programming Encoding for Subword Segmentation in Neural Machine Translation,ACL_2020_Full_Papers.bib
Geometry-aware domain adaptation for unsupervised alignment of word embeddings,ACL_2020_Full_Papers.bib
Learning to Recover from Multi-Modality Errors for Non-Autoregressive Neural Machine Translation,ACL_2020_Full_Papers.bib
On the Inference Calibration of Neural Machine Translation,ACL_2020_Full_Papers.bib
Camouflaged {C}hinese Spam Content Detection with Semi-supervised Generative Active Learning,ACL_2020_Full_Papers.bib
Distinguish Confusing Law Articles for Legal Judgment Prediction,ACL_2020_Full_Papers.bib
Hiring Now: A Skill-Aware Multi-Attention Model for Job Posting Generation,ACL_2020_Full_Papers.bib
{H}yper{C}ore: Hyperbolic and Co-graph Representation for Automatic {ICD} Coding,ACL_2020_Full_Papers.bib
Hyperbolic Capsule Networks for Multi-Label Classification,ACL_2020_Full_Papers.bib
Improving Segmentation for Technical Support Problems,ACL_2020_Full_Papers.bib
{MOOCC}ube: A Large-scale Data Repository for {NLP} Applications in {MOOC}s,ACL_2020_Full_Papers.bib
Towards Interpretable Clinical Diagnosis with {B}ayesian Network Ensembles Stacked on Entity-Aware {CNN}s,ACL_2020_Full_Papers.bib
{A}nalyzing the {P}ersuasive {E}ffect of {S}tyle in {N}ews {E}ditorial {A}rgumentation,ACL_2020_Full_Papers.bib
"{ECPE}-2{D}: Emotion-Cause Pair Extraction based on Joint Two-Dimensional Representation, Interaction and Prediction",ACL_2020_Full_Papers.bib
Effective Inter-Clause Modeling for End-to-End Emotion-Cause Pair Extraction,ACL_2020_Full_Papers.bib
Embarrassingly Simple Unsupervised Aspect Extraction,ACL_2020_Full_Papers.bib
Enhancing Cross-target Stance Detection with Transferable Semantic-Emotion Knowledge,ACL_2020_Full_Papers.bib
{K}in{GDOM}: {K}nowledge-{G}uided {DOM}ain {A}daptation for {S}entiment {A}nalysis,ACL_2020_Full_Papers.bib
Modelling Context and Syntactical Features for Aspect-based Sentiment Analysis,ACL_2020_Full_Papers.bib
Parallel Data Augmentation for Formality Style Transfer,ACL_2020_Full_Papers.bib
Relational Graph Attention Network for Aspect-based Sentiment Analysis,ACL_2020_Full_Papers.bib
{S}pan{M}lt: A Span-based Multi-Task Learning Framework for Pair-wise Aspect and Opinion Terms Extraction,ACL_2020_Full_Papers.bib
Syntax-Aware Opinion Role Labeling with Dependency Graph Convolutional Networks,ACL_2020_Full_Papers.bib
Towards Better Non-Tree Argument Mining: Proposition-Level Biaffine Parsing with Task-Specific Parameterization,ACL_2020_Full_Papers.bib
A Span-based Linearization for Constituent Trees,ACL_2020_Full_Papers.bib
An Empirical Comparison of Unsupervised Constituency Parsing Methods,ACL_2020_Full_Papers.bib
Efficient Constituency Parsing by Pointing,ACL_2020_Full_Papers.bib
Efficient Second-Order {T}ree{CRF} for Neural Dependency Parsing,ACL_2020_Full_Papers.bib
Representations of Syntax {[MASK]} Useful: {E}ffects of Constituency and Dependency Structure in Recursive {LSTM}s,ACL_2020_Full_Papers.bib
Structure-Level Knowledge Distillation For Multilingual Sequence Labeling,ACL_2020_Full_Papers.bib
Dynamic Online Conversation Recommendation,ACL_2020_Full_Papers.bib
Improving Multimodal Named Entity Recognition via Entity Span Detection with Unified Multimodal Transformer,ACL_2020_Full_Papers.bib
"Stock Embeddings Acquired from News Articles and Price History, and an Application to Portfolio Optimization",ACL_2020_Full_Papers.bib
What Was Written vs. Who Read It: News Media Profiling Using Text Analysis and Social Media Context,ACL_2020_Full_Papers.bib
An Analysis of the Utility of Explicit Negative Examples to Improve the Syntactic Abilities of Neural Language Models,ACL_2020_Full_Papers.bib
On the Robustness of Language Encoders against Grammatical Errors,ACL_2020_Full_Papers.bib
Roles and Utilization of Attention Heads in Transformer-based Neural Language Models,ACL_2020_Full_Papers.bib
Understanding Attention for Text Classification,ACL_2020_Full_Papers.bib
A Relational Memory-based Embedding Model for Triple Classification and Search Personalization,ACL_2020_Full_Papers.bib
Do you have the right scissors? Tailoring Pre-trained Language Models via {M}onte-{C}arlo Methods,ACL_2020_Full_Papers.bib
Enhancing Pre-trained {C}hinese Character Representation with Word-aligned Attention,ACL_2020_Full_Papers.bib
On the Encoder-Decoder Incompatibility in Variational Text Modeling and Beyond,ACL_2020_Full_Papers.bib
{SAFER}: A Structure-free Approach for Certified Robustness to Adversarial Word Substitutions,ACL_2020_Full_Papers.bib
A Graph-based Coarse-to-fine Method for Unsupervised Bilingual Lexicon Induction,ACL_2020_Full_Papers.bib
A Reinforced Generation of Adversarial Examples for Neural Machine Translation,ACL_2020_Full_Papers.bib
A Retrieve-and-Rewrite Initialization Method for Unsupervised Machine Translation,ACL_2020_Full_Papers.bib
A Simple and Effective Unified Encoder for Document-Level Machine Translation,ACL_2020_Full_Papers.bib
Does Multi-Encoder Help? A Case Study on Context-Aware Neural Machine Translation,ACL_2020_Full_Papers.bib
Dynamically Adjusting Transformer Batch Size by Monitoring Gradient Direction Change,ACL_2020_Full_Papers.bib
Knowledge Distillation for Multilingual Unsupervised Neural Machine Translation,ACL_2020_Full_Papers.bib
Lexically Constrained Neural Machine Translation with {L}evenshtein Transformer,ACL_2020_Full_Papers.bib
"On Exposure Bias, Hallucination and Domain Shift in Neural Machine Translation",ACL_2020_Full_Papers.bib
Automatic Machine Translation Evaluation using Source Language Inputs and Cross-lingual Language Model,ACL_2020_Full_Papers.bib
{C}hart{D}ialogs: {P}lotting from {N}atural {L}anguage {I}nstructions,ACL_2020_Full_Papers.bib
{GLUEC}o{S}: An Evaluation Benchmark for Code-Switched {NLP},ACL_2020_Full_Papers.bib
"{MATINF}: A Jointly Labeled Large-Scale Dataset for Classification, Question Answering and Summarization",ACL_2020_Full_Papers.bib
{MIND}: A Large-scale Dataset for News Recommendation,ACL_2020_Full_Papers.bib
That is a Known Lie: Detecting Previously Fact-Checked Claims,ACL_2020_Full_Papers.bib
Towards Holistic and Automatic Evaluation of Open-Domain Dialogue Generation,ACL_2020_Full_Papers.bib
{B}i{RRE}: Learning Bidirectional Residual Relation Embeddings for Supervised Hypernymy Detection,ACL_2020_Full_Papers.bib
Biomedical Entity Representations with Synonym Marginalization,ACL_2020_Full_Papers.bib
Hypernymy Detection for Low-Resource Languages via Meta Learning,ACL_2020_Full_Papers.bib
Investigating Word-Class Distributions in Word Vector Spaces,ACL_2020_Full_Papers.bib
Aspect Sentiment Classification with Document-level Sentiment Preference Modeling,ACL_2020_Full_Papers.bib
Don{'}t Eclipse Your Arts Due to Small Discrepancies: Boundary Repositioning with a Pointer Network for Aspect Extraction,ACL_2020_Full_Papers.bib
Relation-Aware Collaborative Learning for Unified Aspect-Based Sentiment Analysis,ACL_2020_Full_Papers.bib
{S}enti{BERT}: A Transferable Transformer-Based Architecture for Compositional Sentiment Semantics,ACL_2020_Full_Papers.bib
Transition-based Directed Graph Construction for Emotion-Cause Pair Extraction,ACL_2020_Full_Papers.bib
{CH}-{SIMS}: A {C}hinese Multimodal Sentiment Analysis Dataset with Fine-grained Annotation of Modality,ACL_2020_Full_Papers.bib
Curriculum Pre-training for End-to-End Speech Translation,ACL_2020_Full_Papers.bib
How Accents Confound: Probing for Accent Information in End-to-End Speech Recognition Systems,ACL_2020_Full_Papers.bib
Improving Disfluency Detection by Self-Training a Self-Attentive Model,ACL_2020_Full_Papers.bib
Learning Spoken Language Representations with Neural Lattice Language Modeling,ACL_2020_Full_Papers.bib
Meta-Transfer Learning for Code-Switched Speech Recognition,ACL_2020_Full_Papers.bib
Reasoning with Multimodal Sarcastic Tweets via Modeling Cross-Modality Contrast and Semantic Association,ACL_2020_Full_Papers.bib
{S}imul{S}peech: End-to-End Simultaneous Speech to Text Translation,ACL_2020_Full_Papers.bib
Towards end-2-end learning for predicting behavior codes from spoken utterances in psychotherapy conversations,ACL_2020_Full_Papers.bib
Neural Temporal Opinion Modelling for Opinion Prediction on {T}witter,ACL_2020_Full_Papers.bib
"It Takes Two to Lie: One to Lie, and One to Listen",ACL_2020_Full_Papers.bib
Learning Implicit Text Generation via Feature Matching,ACL_2020_Full_Papers.bib
"Two Birds, One Stone: A Simple, Unified Model for Text Generation from Structured and Unstructured Data",ACL_2020_Full_Papers.bib
{B}ayesian Hierarchical Words Representation Learning,ACL_2020_Full_Papers.bib
Pre-training Is (Almost) All You Need: An Application to Commonsense Reasoning,ACL_2020_Full_Papers.bib
{SEEK}: Segmented Embedding of Knowledge Graphs,ACL_2020_Full_Papers.bib
Selecting Backtranslated Data from Multiple Sources for Improved Neural Machine Translation,ACL_2020_Full_Papers.bib
Successfully Applying the Stabilized Lottery Ticket Hypothesis to the Transformer Architecture,ACL_2020_Full_Papers.bib
A Self-Training Method for Machine Reading Comprehension with Soft Evidence Extraction,ACL_2020_Full_Papers.bib
Graph-to-Tree Learning for Solving Math Word Problems,ACL_2020_Full_Papers.bib
An Effectiveness Metric for Ordinal Classification: Formal Properties and Experimental Results,ACL_2020_Full_Papers.bib
Adaptive Compression of Word Embeddings,ACL_2020_Full_Papers.bib
Analysing Lexical Semantic Change with Contextualised Word Representations,ACL_2020_Full_Papers.bib
Autoencoding Keyword Correlation Graph for Document Clustering,ACL_2020_Full_Papers.bib
Autoencoding Pixies: Amortised Variational Inference with Graph Convolutions for Functional Distributional Semantics,ACL_2020_Full_Papers.bib
{BERTRAM}: Improved Word Embeddings Have Big Impact on Contextualized Model Performance,ACL_2020_Full_Papers.bib
{C}lu{BERT}: {A} Cluster-Based Approach for Learning Sense Distributions in Multiple Languages,ACL_2020_Full_Papers.bib
Adversarial and Domain-Aware {BERT} for Cross-Domain Sentiment Analysis,ACL_2020_Full_Papers.bib
From Arguments to Key Points: {T}owards Automatic Argument Summarization,ACL_2020_Full_Papers.bib
{G}o{E}motions: A Dataset of Fine-Grained Emotions,ACL_2020_Full_Papers.bib
He said ``who{'}s gonna take care of your children when you are at {ACL}?'': Reported Sexist Acts are Not Sexist,ACL_2020_Full_Papers.bib
{SKEP}: Sentiment Knowledge Enhanced Pre-training for Sentiment Analysis,ACL_2020_Full_Papers.bib
Do Neural Language Models Show Preferences for Syntactic Formalisms?,ACL_2020_Full_Papers.bib
Enriched In-Order Linearization for Faster Sequence-to-Sequence Constituent Parsing,ACL_2020_Full_Papers.bib
"Exact yet Efficient Graph Parsing, Bi-directional Locality and the Constructivist Hypothesis",ACL_2020_Full_Papers.bib
Max-Margin Incremental {CCG} Parsing,ACL_2020_Full_Papers.bib
Neural Reranking for Dependency Parsing: An Evaluation,ACL_2020_Full_Papers.bib
Analyzing analytical methods: The case of phonology in neural models of spoken language,ACL_2020_Full_Papers.bib
Make Up Your Mind! Adversarial Generation of Inconsistent Natural Language Explanations,ACL_2020_Full_Papers.bib
Perturbed Masking: Parameter-free Probing for Analyzing and Interpreting {BERT},ACL_2020_Full_Papers.bib
Probing for Referential Information in Language Models,ACL_2020_Full_Papers.bib
Quantifying Attention Flow in Transformers,ACL_2020_Full_Papers.bib
Towards Faithfully Interpretable {NLP} Systems: How Should We Define and Evaluate Faithfulness?,ACL_2020_Full_Papers.bib
Towards Transparent and Explainable Attention Models,ACL_2020_Full_Papers.bib
Tchebycheff Procedure for Multi-task Text Classification,ACL_2020_Full_Papers.bib
Modeling Word Formation in {E}nglish{--}{G}erman Neural Machine Translation,ACL_2020_Full_Papers.bib
{E}mpowering {A}ctive {L}earning to {J}ointly {O}ptimize {S}ystem and {U}ser {D}emands,ACL_2020_Full_Papers.bib
Encoder-Decoder Models Can Benefit from Pre-trained Masked Language Models in Grammatical Error Correction,ACL_2020_Full_Papers.bib
Graph Neural News Recommendation with Unsupervised Preference Disentanglement,ACL_2020_Full_Papers.bib
Identifying Principals and Accessories in a Complex Case based on the Comprehension of Fact Description,ACL_2020_Full_Papers.bib
Joint Modelling of Emotion and Abusive Language Detection,ACL_2020_Full_Papers.bib
{P}rogramming in {N}atural {L}anguage with fu{SE}: {S}ynthesizing {M}ethods from {S}poken {U}tterances {U}sing {D}eep {N}atural {L}anguage {U}nderstanding,ACL_2020_Full_Papers.bib
Toxicity Detection: Does Context Really Matter?,ACL_2020_Full_Papers.bib
{AMR} Parsing with Latent Structural Information,ACL_2020_Full_Papers.bib
{T}a{P}as: Weakly Supervised Table Parsing via Pre-training,ACL_2020_Full_Papers.bib
Target Inference in Argument Conclusion Generation,ACL_2020_Full_Papers.bib
Multimodal Transformer for Multimodal Machine Translation,ACL_2020_Full_Papers.bib
"Sentiment and Emotion help Sarcasm? A Multi-task Learning Framework for Multi-Modal Sarcasm, Sentiment and Emotion Analysis",ACL_2020_Full_Papers.bib
Towards Emotion-aided Multi-modal Dialogue Act Classification,ACL_2020_Full_Papers.bib
Analyzing Political Parody in Social Media,ACL_2020_Full_Papers.bib
Masking Actor Information Leads to Fairer Political Claims Detection,ACL_2020_Full_Papers.bib
When do Word Embeddings Accurately Reflect Surveys on our Beliefs About People?,ACL_2020_Full_Papers.bib
"``Who said it, and Why?'' Provenance for Natural Language Claims",ACL_2020_Full_Papers.bib
Compositionality and Generalization In Emergent Languages,ACL_2020_Full_Papers.bib
{ERASER}: {A} Benchmark to Evaluate Rationalized {NLP} Models,ACL_2020_Full_Papers.bib
{L}earning to Faithfully Rationalize by Construction,ACL_2020_Full_Papers.bib
Clinical Reading Comprehension: A Thorough Analysis of the emr{QA} Dataset,ACL_2020_Full_Papers.bib
{D}e{F}ormer: Decomposing Pre-trained Transformers for Faster Question Answering,ACL_2020_Full_Papers.bib
Improving Multi-hop Question Answering over Knowledge Graphs using Knowledge Base Embeddings,ACL_2020_Full_Papers.bib
Template-Based Question Generation from Retrieved Sentences for Improved Unsupervised Question Answering,ACL_2020_Full_Papers.bib
Unsupervised Alignment-based Iterative Evidence Retrieval for Multi-hop Question Answering,ACL_2020_Full_Papers.bib
A Corpus for Large-Scale Phonetic Typology,ACL_2020_Full_Papers.bib
{D}scorer: A Fast Evaluation Metric for Discourse Representation Structure Parsing,ACL_2020_Full_Papers.bib
{P}ara{C}rawl: Web-Scale Acquisition of Parallel Corpora,ACL_2020_Full_Papers.bib
Human Attention Maps for Text Classification: Do Humans and Neural Networks Focus on the Same Words?,ACL_2020_Full_Papers.bib
Information-Theoretic Probing for Linguistic Structure,ACL_2020_Full_Papers.bib
On the Cross-lingual Transferability of Monolingual Representations,ACL_2020_Full_Papers.bib
Similarity Analysis of Contextual Word Representation Models,ACL_2020_Full_Papers.bib
{S}ense{BERT}: Driving Some Sense into {BERT},ACL_2020_Full_Papers.bib
"Fatality Killed the Cat or: {B}abel{P}ic, a Multimodal Dataset for Non-Concrete Concepts",ACL_2020_Full_Papers.bib
Modeling Label Semantics for Predicting Emotional Reactions,ACL_2020_Full_Papers.bib
{C}raft{A}ssist Instruction Parsing: Semantic Parsing for a Voxel-World Assistant,ACL_2020_Full_Papers.bib
Don{'}t Say That! Making Inconsistent Dialogue Unlikely with Unlikelihood Training,ACL_2020_Full_Papers.bib
How does {BERT}{'}s attention change when you fine-tune? An analysis methodology and a case study in negation scope,ACL_2020_Full_Papers.bib
Influence Paths for Characterizing Subject-Verb Number Agreement in {LSTM} Language Models,ACL_2020_Full_Papers.bib
{I}nterpreting {P}retrained {C}ontextualized {R}epresentations via {R}eductions to {S}tatic {E}mbeddings,ACL_2020_Full_Papers.bib
Learning to Deceive with Attention-Based Explanations,ACL_2020_Full_Papers.bib
{O}n the {S}pontaneous {E}mergence of {D}iscrete and {C}ompositional {S}ignals,ACL_2020_Full_Papers.bib
Spying on Your Neighbors: Fine-grained Probing of Contextual Embeddings for Information about Surrounding Words,ACL_2020_Full_Papers.bib
Dense-Caption Matching and Frame-Selection Gating for Temporal Localization in {V}ideo{QA},ACL_2020_Full_Papers.bib
Shaping Visual Representations with Language for Few-Shot Classification,ACL_2020_Full_Papers.bib
Discrete Latent Variable Representations for Low-Resource Text Classification,ACL_2020_Full_Papers.bib
Learning Constraints for Structured Prediction Using Rectifier Networks,ACL_2020_Full_Papers.bib
Pretraining with Contrastive Sentence Objectives Improves Discourse Performance of Language Models,ACL_2020_Full_Papers.bib
A Recipe for Creating Multimodal Aligned Datasets for Sequential Tasks,ACL_2020_Full_Papers.bib
Adversarial {NLI}: A New Benchmark for Natural Language Understanding,ACL_2020_Full_Papers.bib
Beyond Accuracy: Behavioral Testing of {NLP} Models with {C}heck{L}ist,ACL_2020_Full_Papers.bib
Code and Named Entity Recognition in {S}tack{O}verflow,ACL_2020_Full_Papers.bib
Dialogue-Based Relation Extraction,ACL_2020_Full_Papers.bib
Facet-Aware Evaluation for Extractive Summarization,ACL_2020_Full_Papers.bib
More Diverse Dialogue Datasets via Diversity-Informed Data Collection,ACL_2020_Full_Papers.bib
{S}2{ORC}: The Semantic Scholar Open Research Corpus,ACL_2020_Full_Papers.bib
Tangled up in {BLEU}: Reevaluating the Evaluation of Automatic Machine Translation Evaluation Metrics,ACL_2020_Full_Papers.bib
A Transformer-based Approach for Source Code Summarization,ACL_2020_Full_Papers.bib
Asking and Answering Questions to Evaluate the Factual Consistency of Summaries,ACL_2020_Full_Papers.bib
Discourse-Aware Neural Extractive Text Summarization,ACL_2020_Full_Papers.bib
Discrete Optimization for Unsupervised Sentence Summarization with Word-Level Extraction,ACL_2020_Full_Papers.bib
Exploring Content Selection in Summarization of Novel Chapters,ACL_2020_Full_Papers.bib
{FEQA}: A Question Answering Evaluation Framework for Faithfulness Assessment in Abstractive Summarization,ACL_2020_Full_Papers.bib
Fact-based Content Weighting for Evaluating Abstractive Summarisation,ACL_2020_Full_Papers.bib
Hooks in the Headline: Learning to Generate Headlines with Controlled Styles,ACL_2020_Full_Papers.bib
Knowledge Graph-Augmented Abstractive Summarization with Semantic-Driven Cloze Reward,ACL_2020_Full_Papers.bib
Optimizing the Factual Correctness of a Summary: A Study of Summarizing Radiology Reports,ACL_2020_Full_Papers.bib
Storytelling with Dialogue: {A} {Critical Role Dungeons and Dragons Dataset},ACL_2020_Full_Papers.bib
The Summary Loop: Learning to Write Abstractive Summaries Without Examples,ACL_2020_Full_Papers.bib
({R}e)construing Meaning in {NLP},ACL_2020_Full_Papers.bib
"Climbing towards {NLU}: {On} Meaning, Form, and Understanding in the Age of Data",ACL_2020_Full_Papers.bib
Examining Citations of Natural Language Processing Literature,ACL_2020_Full_Papers.bib
How Can We Accelerate Progress Towards Human-like Linguistic Generalization?,ACL_2020_Full_Papers.bib
How Does {NLP} Benefit Legal System: A Summary of Legal Artificial Intelligence,ACL_2020_Full_Papers.bib
Intermediate-Task Transfer Learning with Pretrained Language Models: When and Why Does It Work?,ACL_2020_Full_Papers.bib
Predictive Biases in Natural Language Processing Models: A Conceptual Framework and Overview,ACL_2020_Full_Papers.bib
What Does {BERT} with Vision Look At?,ACL_2020_Full_Papers.bib
Balancing Objectives in Counseling Conversations: Advancing Forwards or Looking Backwards,ACL_2020_Full_Papers.bib
Detecting Perceived Emotions in Hurricane Disasters,ACL_2020_Full_Papers.bib
Hierarchical Modeling for User Personality Prediction: The Role of Message-Level Attention,ACL_2020_Full_Papers.bib
Measuring Forecasting Skill from Text,ACL_2020_Full_Papers.bib
Text and Causal Inference: A Review of Using Text to Remove Confounding from Causal Estimates,ACL_2020_Full_Papers.bib
Text-Based Ideal Points,ACL_2020_Full_Papers.bib
Understanding the Language of Political Agreement and Disagreement in Legislative Texts,ACL_2020_Full_Papers.bib
Would you Rather? A New Benchmark for Learning Machine Alignment with Cultural Values and Social Preferences,ACL_2020_Full_Papers.bib
Discourse as a Function of Event: Profiling Discourse Structure in News Articles around the Main Event,ACL_2020_Full_Papers.bib
Harnessing the linguistic signal to predict scalar inferences,ACL_2020_Full_Papers.bib
Implicit Discourse Relation Classification: We Need to Talk about Evaluation,ACL_2020_Full_Papers.bib
{P}e{T}ra: {A} {S}parsely {S}upervised {M}emory {M}odel for {P}eople {T}racking,ACL_2020_Full_Papers.bib
{ZPR}2: Joint Zero Pronoun Recovery and Resolution using Multi-Task Learning and {BERT},ACL_2020_Full_Papers.bib
Contextualizing Hate Speech Classifiers with Post-hoc Explanation,ACL_2020_Full_Papers.bib
Double-Hard Debias: Tailoring Word Embeddings for Gender Bias Mitigation,ACL_2020_Full_Papers.bib
Language (Technology) is Power: A Critical Survey of ``Bias'' in {NLP},ACL_2020_Full_Papers.bib
Social Biases in {NLP} Models as Barriers for Persons with Disabilities,ACL_2020_Full_Papers.bib
Towards Debiasing Sentence Representations,ACL_2020_Full_Papers.bib
A Re-evaluation of Knowledge Graph Completion Methods,ACL_2020_Full_Papers.bib
Cross-Linguistic Syntactic Evaluation of Word Prediction Models,ACL_2020_Full_Papers.bib
Evaluating Explainable {AI}: Which Algorithmic Explanations Help Users Predict Model Behavior?,ACL_2020_Full_Papers.bib
Explaining Black Box Predictions and Unveiling Data Artifacts through Influence Functions,ACL_2020_Full_Papers.bib
Finding Universal Grammatical Relations in Multilingual {BERT},ACL_2020_Full_Papers.bib
Generating Hierarchical Explanations on Text Classification via Feature Interaction Detection,ACL_2020_Full_Papers.bib
Obtaining Faithful Interpretations from Compositional Neural Networks,ACL_2020_Full_Papers.bib
Logic-Guided Data Augmentation and Regularization for Consistent Question Answering,ACL_2020_Full_Papers.bib
On the Importance of Diversity in Question Generation for {QA},ACL_2020_Full_Papers.bib
Probabilistic Assumptions Matter: Improved Models for Distantly-Supervised Document-Level Question Answering,ACL_2020_Full_Papers.bib
{SCDE}: Sentence Cloze Dataset with High Quality Distractors From Examinations,ACL_2020_Full_Papers.bib
Selective Question Answering under Domain Shift,ACL_2020_Full_Papers.bib
The Cascade Transformer: an Application for Efficient Answer Sentence Selection,ACL_2020_Full_Papers.bib
Transformers to Learn Hierarchical Contexts in Multiparty Dialogue for Span-based Question Answering,ACL_2020_Full_Papers.bib
Not All Claims are Created Equal: Choosing the Right Statistical Approach to Assess Hypotheses,ACL_2020_Full_Papers.bib
{STARC}: Structured Annotations for Reading Comprehension,ACL_2020_Full_Papers.bib
Agreement Prediction of Arguments in Cyber Argumentation for Detecting Stance Polarity and Intensity,ACL_2020_Full_Papers.bib
Cross-Lingual Unsupervised Sentiment Classification with Multi-View Transfer Learning,ACL_2020_Full_Papers.bib
Entity-Aware Dependency-Based Deep Graph Attention Network for Comparative Preference Classification,ACL_2020_Full_Papers.bib
{O}pinion{D}igest: A Simple Framework for Opinion Summarization,ACL_2020_Full_Papers.bib
A Comprehensive Analysis of Preprocessing for Word Representation Learning in Affective Tasks,ACL_2020_Full_Papers.bib
Diverse and Informative Dialogue Generation with Context-Specific Commonsense Knowledge Awareness,ACL_2020_Full_Papers.bib
"Generate, Delete and Rewrite: A Three-Stage Framework for Improving Persona Consistency of Dialogue Generation",ACL_2020_Full_Papers.bib
Learning to Customize Model Structures for Few-shot Dialogue Generation Tasks,ACL_2020_Full_Papers.bib
Video-Grounded Dialogues with Pretrained Generation Language Models,ACL_2020_Full_Papers.bib
A Unified {MRC} Framework for Named Entity Recognition,ACL_2020_Full_Papers.bib
An Effective Transition-based Model for Discontinuous {NER},ACL_2020_Full_Papers.bib
{IM}o{JIE}: Iterative Memory-Based Joint Open Information Extraction,ACL_2020_Full_Papers.bib
Improving Low-Resource Named Entity Recognition using Joint Sentence and Token Labeling,ACL_2020_Full_Papers.bib
Multi-Cell Compositional {LSTM} for {NER} Domain Adaptation,ACL_2020_Full_Papers.bib
{P}yramid: A Layered Model for Nested Named Entity Recognition,ACL_2020_Full_Papers.bib
{R}e{I}nception{E}: Relation-Aware Inception Network with Joint Local-Global Structural Information for Knowledge Graph Embedding,ACL_2020_Full_Papers.bib
Simplify the Usage of Lexicon in {C}hinese {NER},ACL_2020_Full_Papers.bib
{A}dv{A}ug: Robust Adversarial Augmentation for Neural Machine Translation,ACL_2020_Full_Papers.bib
Contextual Neural Machine Translation Improves Translation of Cataphoric Pronouns,ACL_2020_Full_Papers.bib
Improving Neural Machine Translation with Soft Template Prediction,ACL_2020_Full_Papers.bib
Tagged Back-translation Revisited: Why Does It Really Work?,ACL_2020_Full_Papers.bib
"Worse {WER}, but Better {BLEU}? Leveraging Word Embedding as Intermediate in Multitask End-to-End Speech Translation",ACL_2020_Full_Papers.bib
Neural-{DINF}: A Neural Network based Framework for Measuring Document Influence,ACL_2020_Full_Papers.bib
Paraphrase Generation by Learning How to Edit from Samples,ACL_2020_Full_Papers.bib
Emerging Cross-lingual Structure in Pretrained Language Models,ACL_2020_Full_Papers.bib
{F}ast{BERT}: a Self-distilling {BERT} with Adaptive Inference Time,ACL_2020_Full_Papers.bib
Incorporating External Knowledge through Pre-training for Natural Language to Code Generation,ACL_2020_Full_Papers.bib
{L}ogical{F}act{C}hecker: Leveraging Logical Operations for Fact Checking with Graph Module Network,ACL_2020_Full_Papers.bib
Word-level Textual Adversarial Attacking as Combinatorial Optimization,ACL_2020_Full_Papers.bib
Curriculum Learning for Natural Language Understanding,ACL_2020_Full_Papers.bib
Do Neural Models Learn Systematicity of Monotonicity Inference in Natural Language?,ACL_2020_Full_Papers.bib
Evidence-Aware Inferential Text Generation with Vector Quantised Variational {A}uto{E}ncoder,ACL_2020_Full_Papers.bib
How to Ask Good Questions? Try to Leverage Paraphrases,ACL_2020_Full_Papers.bib
{N}eu{I}nfer: Knowledge Inference on {N}-ary Facts,ACL_2020_Full_Papers.bib
Neural Graph Matching Networks for {C}hinese Short Text Matching,ACL_2020_Full_Papers.bib
Neural Mixed Counting Models for Dispersed Topic Discovery,ACL_2020_Full_Papers.bib
Reasoning Over Semantic-Level Graph for Fact Checking,ACL_2020_Full_Papers.bib
Automatic Generation of Citation Texts in Scholarly Papers: A Pilot Study,ACL_2020_Full_Papers.bib
Composing Elementary Discourse Units in Abstractive Summarization,ACL_2020_Full_Papers.bib
Extractive Summarization as Text Matching,ACL_2020_Full_Papers.bib
Heterogeneous Graph Neural Networks for Extractive Document Summarization,ACL_2020_Full_Papers.bib
Jointly Learning to Align and Summarize for Neural Cross-Lingual Summarization,ACL_2020_Full_Papers.bib
Leveraging Graph to Improve Abstractive Multi-Document Summarization,ACL_2020_Full_Papers.bib
Multi-Granularity Interaction Network for Extractive and Abstractive Multi-Document Summarization,ACL_2020_Full_Papers.bib
Tetra-Tagging: Word-Synchronous Parsing with Linear-Time Inference,ACL_2020_Full_Papers.bib
Are we Estimating or Guesstimating Translation Quality?,ACL_2020_Full_Papers.bib
{L}anguage (Re)modelling: {T}owards Embodied Language Understanding,ACL_2020_Full_Papers.bib
The State and Fate of Linguistic Diversity and Inclusion in the {NLP} World,ACL_2020_Full_Papers.bib
The Unstoppable Rise of Computational Linguistics in Deep Learning,ACL_2020_Full_Papers.bib
To Boldly Query What No One Has Annotated Before? {T}he Frontiers of Corpus Querying,ACL_2020_Full_Papers.bib
A Contextual Hierarchical Attention Network with Adaptive Objective for Dialogue State Tracking,ACL_2020_Full_Papers.bib
Data Manipulation: Towards Effective Instance Learning for Neural Dialogue Generation via Learning to Augment and Reweight,ACL_2020_Full_Papers.bib
Dynamic Fusion Network for Multi-Domain End-to-end Task-Oriented Dialog,ACL_2020_Full_Papers.bib
Learning Efficient Dialogue Policy from Demonstrations through Shaping,ACL_2020_Full_Papers.bib
{SAS}: Dialogue State Tracking via Slot Attention and Slot Information Sharing,ACL_2020_Full_Papers.bib
Speaker Sensitive Response Evaluation Model,ACL_2020_Full_Papers.bib
A Top-down Neural Architecture towards Text-level Parsing of Discourse Rhetorical Structure,ACL_2020_Full_Papers.bib
"Amalgamation of protein sequence, structure and textual information for improving protein-protein interaction identification",ACL_2020_Full_Papers.bib
Bipartite Flat-Graph Network for Nested Named Entity Recognition,ACL_2020_Full_Papers.bib
Connecting Embeddings for Knowledge Graph Entity Typing,ACL_2020_Full_Papers.bib
Continual Relation Learning via Episodic Memory Activation and Reconsolidation,ACL_2020_Full_Papers.bib
Handling Rare Entities for Neural Sequence Labeling,ACL_2020_Full_Papers.bib
Instance-Based Learning of Span Representations: A Case Study through Named Entity Recognition,ACL_2020_Full_Papers.bib
{MIE}: A Medical Information Extractor towards Medical Dialogues,ACL_2020_Full_Papers.bib
Named Entity Recognition as Dependency Parsing,ACL_2020_Full_Papers.bib
Neighborhood Matching Network for Entity Alignment,ACL_2020_Full_Papers.bib
Relation Extraction with Explanation,ACL_2020_Full_Papers.bib
Representation Learning for Information Extraction from Form-like Documents,ACL_2020_Full_Papers.bib
Single-/Multi-Source Cross-Lingual {NER} via Teacher-Student Learning on Unlabeled Data in Target Language,ACL_2020_Full_Papers.bib
Synchronous Double-channel Recurrent Network for Aspect-Opinion Pair Extraction,ACL_2020_Full_Papers.bib
Cross-modal Coherence Modeling for Caption Generation,ACL_2020_Full_Papers.bib
{K}nowledge Supports Visual Language Grounding: {A} Case Study on Colour Terms,ACL_2020_Full_Papers.bib
Span-based Localizing Network for Natural Language Video Localization,ACL_2020_Full_Papers.bib
A Mixture of h - 1 Heads is Better than h Heads,ACL_2020_Full_Papers.bib
Dependency Graph Enhanced Dual-transformer Structure for Aspect-based Sentiment Classification,ACL_2020_Full_Papers.bib
Differentiable Window for Dynamic Local Attention,ACL_2020_Full_Papers.bib
Evaluating and Enhancing the Robustness of Neural Network-based Dependency Parsing Models with Adversarial Examples,ACL_2020_Full_Papers.bib
Exploiting Syntactic Structure for Better Language Modeling: A Syntactic Distance Approach,ACL_2020_Full_Papers.bib
Learning Architectures from an Extended Search Space for Language Modeling,ACL_2020_Full_Papers.bib
The Right Tool for the Job: Matching Model and Instance Complexities,ACL_2020_Full_Papers.bib
Bootstrapping Techniques for Polysynthetic Morphological Analysis,ACL_2020_Full_Papers.bib
Coupling Distant Annotation and Adversarial Training for Cross-Domain {C}hinese Word Segmentation,ACL_2020_Full_Papers.bib
Modeling Morphological Typology for Unsupervised Learning of Language Morphology,ACL_2020_Full_Papers.bib
Predicting Declension Class from Form and Meaning,ACL_2020_Full_Papers.bib
Unsupervised Morphological Paradigm Completion,ACL_2020_Full_Papers.bib
Document Modeling with Graph Attention Networks for Multi-grained Machine Reading Comprehension,ACL_2020_Full_Papers.bib
Harvesting and Refining Question-Answer Pairs for Unsupervised {QA},ACL_2020_Full_Papers.bib
Low-Resource Generation of Multi-hop Reasoning Questions,ACL_2020_Full_Papers.bib
Recurrent Chunking Mechanisms for Long-Text Machine Reading Comprehension,ACL_2020_Full_Papers.bib
{R}iki{N}et: Reading {W}ikipedia Pages for Natural Question Answering,ACL_2020_Full_Papers.bib
Parsing into Variable-in-situ Logico-Semantic Graphs,ACL_2020_Full_Papers.bib
Semantic Parsing for {E}nglish as a Second Language,ACL_2020_Full_Papers.bib
Semi-Supervised Semantic Dependency Parsing Using {CRF} Autoencoders,ACL_2020_Full_Papers.bib
{DRTS} Parsing with Structure-Aware Encoding and Decoding,ACL_2020_Full_Papers.bib
A Two-Stage Masked {LM} Method for Term Set Expansion,ACL_2020_Full_Papers.bib
{FLAT}: {C}hinese {NER} Using Flat-Lattice Transformer,ACL_2020_Full_Papers.bib
Improving Entity Linking through Semantic Reinforced Entity Embeddings,ACL_2020_Full_Papers.bib
Document Translation vs. Query Translation for Cross-Lingual Information Retrieval in the Medical Domain,ACL_2020_Full_Papers.bib
Learning Robust Models for e-Commerce Product Search,ACL_2020_Full_Papers.bib
Generalized Entropy Regularization or: There{'}s Nothing Special about Label Smoothing,ACL_2020_Full_Papers.bib
Highway Transformer: Self-Gating Enhanced Self-Attentive Networks,ACL_2020_Full_Papers.bib
Low-Dimensional Hyperbolic Knowledge Graph Embeddings,ACL_2020_Full_Papers.bib
Classification-Based Self-Learning for Weakly Supervised Bilingual Lexicon Induction,ACL_2020_Full_Papers.bib
Uncertainty-Aware Curriculum Learning for Neural Machine Translation,ACL_2020_Full_Papers.bib
Closing the Gap: Joint De-Identification and Concept Extraction in the Clinical Domain,ACL_2020_Full_Papers.bib
{C}oref{QA}: Coreference Resolution as Query-based Span Prediction,ACL_2020_Full_Papers.bib
Estimating predictive uncertainty for rumour verification models,ACL_2020_Full_Papers.bib
{F}rom {Z}ero to {H}ero: {H}uman-{I}n-{T}he-{L}oop {E}ntity {L}inking in {L}ow {R}esource {D}omains,ACL_2020_Full_Papers.bib
Language to Network: Conditional Parameter Adaptation with Natural Language Descriptions,ACL_2020_Full_Papers.bib
Cross-Lingual Semantic Role Labeling with High-Quality Translated Training Corpus,ACL_2020_Full_Papers.bib
Sentence Meta-Embeddings for Unsupervised Semantic Textual Similarity,ACL_2020_Full_Papers.bib
Transition-based Semantic Dependency Parsing with Pointer Networks,ACL_2020_Full_Papers.bib
t{BERT}: Topic Models and {BERT} Joining Forces for Semantic Similarity Detection,ACL_2020_Full_Papers.bib
Conditional Augmentation for Aspect Term Extraction via Masked Sequence-to-Sequence Generation,ACL_2020_Full_Papers.bib
Exploiting Personal Characteristics of Debaters for Predicting Persuasiveness,ACL_2020_Full_Papers.bib
Out of the Echo Chamber: {D}etecting Countering Debate Speeches,ACL_2020_Full_Papers.bib
Diversifying Dialogue Generation with Non-Conversational Text,ACL_2020_Full_Papers.bib
{K}d{C}onv: A {C}hinese Multi-domain Dialogue Dataset Towards Multi-turn Knowledge-driven Conversation,ACL_2020_Full_Papers.bib
Meta-Reinforced Multi-Domain State Generator for Dialogue Systems,ACL_2020_Full_Papers.bib
Modeling Long Context for Task-Oriented Dialogue State Generation,ACL_2020_Full_Papers.bib
Multi-Domain Dialogue Acts and Response Co-Generation,ACL_2020_Full_Papers.bib
Exploring Contextual Word-level Style Relevance for Unsupervised Style Transfer,ACL_2020_Full_Papers.bib
Heterogeneous Graph Transformer for Graph-to-Sequence Learning,ACL_2020_Full_Papers.bib
Neural Data-to-Text Generation via Jointly Learning the Segmentation and Correspondence,ACL_2020_Full_Papers.bib
Aligned Dual Channel Graph Convolutional Network for Visual Question Answering,ACL_2020_Full_Papers.bib
Multimodal Neural Graph Memory Networks for Visual Question Answering,ACL_2020_Full_Papers.bib
Refer360$^{\circ}$: A Referring Expression Recognition Dataset in 360$^{\circ}$ Images,ACL_2020_Full_Papers.bib
{C}amem{BERT}: a Tasty {F}rench Language Model,ACL_2020_Full_Papers.bib
Effective Estimation of Deep Generative Language Models,ACL_2020_Full_Papers.bib
Null It Out: Guarding Protected Attributes by Iterative Nullspace Projection,ACL_2020_Full_Papers.bib
2kenize: Tying Subword Sequences for {C}hinese Script Conversion,ACL_2020_Full_Papers.bib
Predicting the Growth of Morphological Families from Social and Linguistic Factors,ACL_2020_Full_Papers.bib
{C}lar{Q}: A large-scale and diverse dataset for Clarification Question Generation,ACL_2020_Full_Papers.bib
{MLQA}: Evaluating Cross-lingual Extractive Question Answering,ACL_2020_Full_Papers.bib
Multi-source Meta Transfer for Low Resource Multiple-Choice Question Answering,ACL_2020_Full_Papers.bib
Fine-grained Fact Verification with Kernel Graph Attention Network,ACL_2020_Full_Papers.bib
Generating Fact Checking Explanations,ACL_2020_Full_Papers.bib
Premise Selection in Natural Language Mathematical Texts,ACL_2020_Full_Papers.bib
A Call for More Rigor in Unsupervised Cross-lingual Learning,ACL_2020_Full_Papers.bib
A Tale of a Probe and a Parser,ACL_2020_Full_Papers.bib
From {SPMRL} to {NMRL}: What Did We Learn (and Unlearn) in a Decade of Parsing Morphologically-Rich Languages ({MRL}s)?,ACL_2020_Full_Papers.bib
Speech Translation and the End-to-End Promise: Taking Stock of Where We Are,ACL_2020_Full_Papers.bib
What Question Answering can Learn from Trivia Nerds,ACL_2020_Full_Papers.bib
What are the Goals of Distributional Semantics?,ACL_2020_Full_Papers.bib
Improving Image Captioning with Better Use of Caption,ACL_2020_Full_Papers.bib
{S}hape of Synth to Come: {W}hy We Should Use Synthetic Data for {E}nglish Surface Realization,ACL_2020_Full_Papers.bib
Toward Better Storylines with Sentence-Level Language Models,ACL_2020_Full_Papers.bib
A Two-Step Approach for Implicit Event Argument Detection,ACL_2020_Full_Papers.bib
Machine Reading of Historical Events,ACL_2020_Full_Papers.bib
Revisiting Unsupervised Relation Extraction,ACL_2020_Full_Papers.bib
{S}ci{REX}: {A} Challenge Dataset for Document-Level Information Extraction,ACL_2020_Full_Papers.bib
Contrastive Self-Supervised Learning for Commonsense Reasoning,ACL_2020_Full_Papers.bib
Do Transformers Need Deep Long-Range Memory?,ACL_2020_Full_Papers.bib
Improving Disentangled Text Representation Learning with Information-Theoretic Guidance,ACL_2020_Full_Papers.bib
Non-Linear Instance-Based Cross-Lingual Mapping for Non-Isomorphic Embedding Spaces,ACL_2020_Full_Papers.bib
Good-Enough Compositional Data Augmentation,ACL_2020_Full_Papers.bib
Temporal Common Sense Acquisition with Minimal Supervision,ACL_2020_Full_Papers.bib
The Sensitivity of Language Models and Humans to {W}inograd Schema Perturbations,ACL_2020_Full_Papers.bib
Temporally-Informed Analysis of Named Entity Recognition,ACL_2020_Full_Papers.bib
Towards Open Domain Event Trigger Identification using Adversarial Domain Adaptation,ACL_2020_Full_Papers.bib
{C}omp{G}uess{W}hat?!: A Multi-task Evaluation Framework for Grounded Language Learning,ACL_2020_Full_Papers.bib
Cross-Modality Relevance for Reasoning on Language and Vision,ACL_2020_Full_Papers.bib
Learning Web-based Procedures by Reasoning over Explanations and Demonstrations in Context,ACL_2020_Full_Papers.bib
Multi-agent Communication meets Natural Language: Synergies between Functional and Structural Language Learning,ACL_2020_Full_Papers.bib
{HAT}: Hardware-Aware Transformers for Efficient Natural Language Processing,ACL_2020_Full_Papers.bib
Hard-Coded {G}aussian Attention for Neural Machine Translation,ACL_2020_Full_Papers.bib
Learning a Multi-Domain Curriculum for Neural Machine Translation,ACL_2020_Full_Papers.bib
Reducing Gender Bias in Neural Machine Translation as a Domain Adaptation Problem,ACL_2020_Full_Papers.bib
Unsupervised Domain Clusters in Pretrained Language Models,ACL_2020_Full_Papers.bib
Using Context in Neural Machine Translation Training Objectives,ACL_2020_Full_Papers.bib
Variational Neural Machine Translation with Normalizing Flows,ACL_2020_Full_Papers.bib
The Paradigm Discovery Problem,ACL_2020_Full_Papers.bib
Supervised Grapheme-to-Phoneme Conversion of Orthographic Schwas in {H}indi and {P}unjabi,ACL_2020_Full_Papers.bib
Automated Evaluation of Writing {--} 50 Years and Counting,ACL_2020_Full_Papers.bib
"Negated and Misprimed Probes for Pretrained Language Models: Birds Can Talk, But Cannot Fly",ACL_2020_Full_Papers.bib
On Forgetting to Cite Older Papers: An Analysis of the {ACL} {A}nthology,ACL_2020_Full_Papers.bib
Returning the {N} to {NLP}: {T}owards Contextually Personalized Classification Models,ACL_2020_Full_Papers.bib
"To Test Machine Comprehension, Start by Defining Comprehension",ACL_2020_Full_Papers.bib
Gender Gap in Natural Language Processing Research: Disparities in Authorship and Citations,ACL_2020_Full_Papers.bib
"{BART}: Denoising Sequence-to-Sequence Pre-training for Natural Language Generation, Translation, and Comprehension",ACL_2020_Full_Papers.bib
{BLEURT}: Learning Robust Metrics for Text Generation,ACL_2020_Full_Papers.bib
Distilling Knowledge Learned in {BERT} for Text Generation,ACL_2020_Full_Papers.bib
{ESPRIT}: Explaining Solutions to Physical Reasoning Tasks,ACL_2020_Full_Papers.bib
Iterative Edit-Based Unsupervised Sentence Simplification,ACL_2020_Full_Papers.bib
Logical Natural Language Generation from Open-Domain Tables,ACL_2020_Full_Papers.bib
Neural {CRF} Model for Sentence Alignment in Text Simplification,ACL_2020_Full_Papers.bib
One Size Does Not Fit All: Generating and Evaluating Variable Number of Keyphrases,ACL_2020_Full_Papers.bib
"{R}{\textasciicircum}3: Reverse, Retrieve, and Rank for Sarcasm Generation with Commonsense Knowledge",ACL_2020_Full_Papers.bib
Structural Information Preserving for Graph-to-Text Generation,ACL_2020_Full_Papers.bib
A Joint Neural Model for Information Extraction with Global Features,ACL_2020_Full_Papers.bib
Document-Level Event Role Filler Extraction using Multi-Granularity Contextualized Encoding,ACL_2020_Full_Papers.bib
Exploiting the Syntax-Model Consistency for Neural Relation Extraction,ACL_2020_Full_Papers.bib
From {E}nglish to Code-Switching: Transfer Learning with Strong Morphological Clues,ACL_2020_Full_Papers.bib
"Learning Interpretable Relationships between Entities, Relations and Concepts via {B}ayesian Structure Learning on Open Domain Facts",ACL_2020_Full_Papers.bib
Multi-Sentence Argument Linking,ACL_2020_Full_Papers.bib
Rationalizing Medical Relation Prediction from Corpus-level Statistics,ACL_2020_Full_Papers.bib
Sources of Transfer in Multilingual Named Entity Recognition,ACL_2020_Full_Papers.bib
{Z}ero{S}hot{C}eres: Zero-Shot Relation Extraction from Semi-Structured Webpages,ACL_2020_Full_Papers.bib
Soft Gazetteers for Low-Resource Named Entity Recognition,ACL_2020_Full_Papers.bib
A Prioritization Model for Suicidality Risk Assessment,ACL_2020_Full_Papers.bib
{C}lu{HTM} - Semantic Hierarchical Topic Modeling based on {C}lu{W}ords,ACL_2020_Full_Papers.bib
Empower Entity Set Expansion via Language Model Probing,ACL_2020_Full_Papers.bib
Feature Projection for Improved Text Classification,ACL_2020_Full_Papers.bib
Mapping Natural Language Instructions to Mobile {UI} Action Sequences,ACL_2020_Full_Papers.bib
{TVQA}+: Spatio-Temporal Grounding for Video Question Answering,ACL_2020_Full_Papers.bib
Unsupervised Multimodal Neural Machine Translation with Pseudo Visual Pivoting,ACL_2020_Full_Papers.bib
A Multitask Learning Approach for Diacritic Restoration,ACL_2020_Full_Papers.bib
Frugal Paradigm Completion,ACL_2020_Full_Papers.bib
Improving {C}hinese Word Segmentation with Wordhood Memory Networks,ACL_2020_Full_Papers.bib
Joint {C}hinese Word Segmentation and Part-of-speech Tagging via Two-way Attentions of Auto-analyzed Knowledge,ACL_2020_Full_Papers.bib
"Joint Diacritization, Lemmatization, Normalization, and Fine-Grained Morphological Tagging",ACL_2020_Full_Papers.bib
Phonetic and Visual Priors for Decipherment of Informal {R}omanization,ACL_2020_Full_Papers.bib
Active Learning for Coreference Resolution using Discrete Annotation,ACL_2020_Full_Papers.bib
Beyond Possession Existence: Duration and Co-Possession,ACL_2020_Full_Papers.bib
Don{'}t Stop Pretraining: Adapt Language Models to Domains and Tasks,ACL_2020_Full_Papers.bib
Estimating Mutual Information Between Dense Word Embeddings,ACL_2020_Full_Papers.bib
Exploring Unexplored Generalization Challenges for Cross-Database Semantic Parsing,ACL_2020_Full_Papers.bib
Predicting the Focus of Negation: Model and Error Analysis,ACL_2020_Full_Papers.bib
Structured Tuning for Semantic Role Labeling,ACL_2020_Full_Papers.bib
{T}a{BERT}: Pretraining for Joint Understanding of Textual and Tabular Data,ACL_2020_Full_Papers.bib
Universal Decompositional Semantic Parsing,ACL_2020_Full_Papers.bib
Unsupervised Cross-lingual Representation Learning at Scale,ACL_2020_Full_Papers.bib
A Generate-and-Rank Framework with Semantic Type Regularization for Biomedical Concept Normalization,ACL_2020_Full_Papers.bib
Hierarchical Entity Typing via Multi-level Learning to Rank,ACL_2020_Full_Papers.bib
Multi-Domain Named Entity Recognition with Genre-Aware and Agnostic Inference,ACL_2020_Full_Papers.bib
{TX}tract: Taxonomy-Aware Knowledge Extraction for Thousands of Product Categories,ACL_2020_Full_Papers.bib
{T}rigger{NER}: Learning with Entity Triggers as Explanations for Named Entity Recognition,ACL_2020_Full_Papers.bib
Balancing Training for Multilingual Neural Machine Translation,ACL_2020_Full_Papers.bib
Evaluating Robustness to Input Perturbations for Neural Machine Translation,ACL_2020_Full_Papers.bib
Parallel Corpus Filtering via Pre-trained Language Models,ACL_2020_Full_Papers.bib
Regularized Context Gates on Transformer for Machine Translation,ACL_2020_Full_Papers.bib
A Multi-Perspective Architecture for Semantic Code Search,ACL_2020_Full_Papers.bib
Automated Topical Component Extraction Using Neural Network Attention Scores from Source-based Essay Scoring,ACL_2020_Full_Papers.bib
Clinical Concept Linking with Contextualized Neural Representations,ACL_2020_Full_Papers.bib
{D}e{S}e{P}tion: Dual Sequence Prediction and Adversarial Examples for Improved Fact-Checking,ACL_2020_Full_Papers.bib
Multi-Label and Multilingual News Framing Analysis,ACL_2020_Full_Papers.bib
Predicting Performance for Natural Language Processing Tasks,ACL_2020_Full_Papers.bib
{S}cript{W}riter: Narrative-Guided Script Generation,ACL_2020_Full_Papers.bib
Should All Cross-Lingual Embeddings Speak {E}nglish?,ACL_2020_Full_Papers.bib
Smart To-Do: Automatic Generation of To-Do Items from Emails,ACL_2020_Full_Papers.bib
Are Natural Language Inference Models {IMPPRESsive}? {L}earning {IMPlicature} and {PRESupposition},ACL_2020_Full_Papers.bib
End-to-End Bias Mitigation by Modelling Biases in Corpora,ACL_2020_Full_Papers.bib
Mind the Trade-off: Debiasing {NLU} Models without Degrading the In-distribution Performance,ACL_2020_Full_Papers.bib
{NILE} : Natural Language Inference with Faithful Natural Language Explanations,ACL_2020_Full_Papers.bib
{Q}u{ASE}: Question-Answer Driven Sentence Encoding,ACL_2020_Full_Papers.bib
Towards Robustifying {NLI} Models Against Lexical Dataset Biases,ACL_2020_Full_Papers.bib
"Extracting Headless {MWE}s from Dependency Parse Trees: Parsing, Tagging, and Joint Modeling Approaches",ACL_2020_Full_Papers.bib
Revisiting Higher-Order Dependency Parsers,ACL_2020_Full_Papers.bib
{S}eq{VAT}: Virtual Adversarial Training for Semi-Supervised Sequence Labeling,ACL_2020_Full_Papers.bib
Proceedings of the 60th Annual Meeting of the Association for Computational Linguistics (Volume 1: Long Papers),ACL_2022_Full_Papers.bib
{A}dap{L}e{R}: Speeding up Inference by Adaptive Length Reduction,ACL_2022_Full_Papers.bib
Quantified Reproducibility Assessment of {NLP} Results,ACL_2022_Full_Papers.bib
Rare Tokens Degenerate All Tokens: Improving Neural Text Generation via Adaptive Gradient Gating for Rare Token Embeddings,ACL_2022_Full_Papers.bib
{A}leph{BERT}: Language Model Pre-training and Evaluation from Sub-Word to Sentence Level,ACL_2022_Full_Papers.bib
Learning to Imagine: Integrating Counterfactual Thinking in Neural Discrete Reasoning,ACL_2022_Full_Papers.bib
Domain Adaptation in Multilingual and Multi-Domain Monolingual Settings for Complex Word Identification,ACL_2022_Full_Papers.bib
{J}oint{CL}: A Joint Contrastive Learning Framework for Zero-Shot Stance Detection,ACL_2022_Full_Papers.bib
[{CASPI}] Causal-aware Safe Policy Improvement for Task-oriented Dialogue,ACL_2022_Full_Papers.bib
{U}ni{T}ran{S}e{R}: A Unified Transformer Semantic Representation Framework for Multimodal Task-Oriented Dialog System,ACL_2022_Full_Papers.bib
Dynamic Schema Graph Fusion Network for Multi-Domain Dialogue State Tracking,ACL_2022_Full_Papers.bib
Attention Temperature Matters in Abstractive Summarization Distillation,ACL_2022_Full_Papers.bib
Towards Making the Most of Cross-Lingual Transfer for Zero-Shot Neural Machine Translation,ACL_2022_Full_Papers.bib
{T}op{WORDS}-Seg: Simultaneous Text Segmentation and Word Discovery for Open-Domain {C}hinese Texts via {B}ayesian Inference,ACL_2022_Full_Papers.bib
An Unsupervised Multiple-Task and Multiple-Teacher Model for Cross-lingual Named Entity Recognition,ACL_2022_Full_Papers.bib
Discriminative Marginalized Probabilistic Neural Method for Multi-Document Summarization of Medical Literature,ACL_2022_Full_Papers.bib
Sparse Progressive Distillation: Resolving Overfitting under Pretrain-and-Finetune Paradigm,ACL_2022_Full_Papers.bib
{C}ipher{DA}ug: Ciphertext based Data Augmentation for Neural Machine Translation,ACL_2022_Full_Papers.bib
Overlap-based Vocabulary Generation Improves Cross-lingual Transfer Among Related Languages,ACL_2022_Full_Papers.bib
Long-range Sequence Modeling with Predictable Sparse Attention,ACL_2022_Full_Papers.bib
Improving Personalized Explanation Generation through Visualization,ACL_2022_Full_Papers.bib
New Intent Discovery with Pre-training and Contrastive Learning,ACL_2022_Full_Papers.bib
{M}odeling {U.S.} State-Level Policies by Extracting Winners and Losers from Legislative Texts,ACL_2022_Full_Papers.bib
Structural Characterization for Dialogue Disentanglement,ACL_2022_Full_Papers.bib
Multi-Party Empathetic Dialogue Generation: A New Task for Dialog Systems,ACL_2022_Full_Papers.bib
{MISC}: A Mixed Strategy-Aware Model integrating {COMET} for Emotional Support Conversation,ACL_2022_Full_Papers.bib
{GLM}: General Language Model Pretraining with Autoregressive Blank Infilling,ACL_2022_Full_Papers.bib
{Q}uote{R}: A Benchmark of Quote Recommendation for Writing,ACL_2022_Full_Papers.bib
Towards Comprehensive Patent Approval Predictions:Beyond Traditional Document Classification,ACL_2022_Full_Papers.bib
Hypergraph {T}ransformer: {W}eakly-Supervised Multi-hop Reasoning for Knowledge-based Visual Question Answering,ACL_2022_Full_Papers.bib
Cross-Utterance Conditioned {VAE} for Non-Autoregressive Text-to-Speech,ACL_2022_Full_Papers.bib
Mix and Match: Learning-free Controllable Text Generationusing Energy Language Models,ACL_2022_Full_Papers.bib
So Different Yet So Alike! Constrained Unsupervised Text Style Transfer,ACL_2022_Full_Papers.bib
e-{CARE}: a New Dataset for Exploring Explainable Causal Reasoning,ACL_2022_Full_Papers.bib
Fantastic Questions and Where to Find Them: {F}airytale{QA} {--} An Authentic Dataset for Narrative Comprehension,ACL_2022_Full_Papers.bib
{K}a{FSP}: Knowledge-Aware Fuzzy Semantic Parsing for Conversational Question Answering over a Large-Scale Knowledge Base,ACL_2022_Full_Papers.bib
Modeling Hierarchical Syntax Structure with Triplet Position for Source Code Summarization,ACL_2022_Full_Papers.bib
{F}ew{NLU}: Benchmarking State-of-the-Art Methods for Few-Shot Natural Language Understanding,ACL_2022_Full_Papers.bib
Learn to Adapt for Generalized Zero-Shot Text Classification,ACL_2022_Full_Papers.bib
{T}able{F}ormer: Robust Transformer Modeling for Table-Text Encoding,ACL_2022_Full_Papers.bib
Perceiving the World: Question-guided Reinforcement Learning for Text-based Games,ACL_2022_Full_Papers.bib
Neural Label Search for Zero-Shot Multi-Lingual Extractive Summarization,ACL_2022_Full_Papers.bib
Few-Shot Class-Incremental Learning for Named Entity Recognition,ACL_2022_Full_Papers.bib
Improving Meta-learning for Low-resource Text Classification and Generation via Memory Imitation,ACL_2022_Full_Papers.bib
Quality Controlled Paraphrase Generation,ACL_2022_Full_Papers.bib
Controllable Dictionary Example Generation: Generating Example Sentences for Specific Targeted Audiences,ACL_2022_Full_Papers.bib
{A}ra{T}5: Text-to-Text Transformers for {A}rabic Language Generation,ACL_2022_Full_Papers.bib
Legal Judgment Prediction via Event Extraction with Constraints,ACL_2022_Full_Papers.bib
Answer-level Calibration for Free-form Multiple Choice Question Answering,ACL_2022_Full_Papers.bib
Learning When to Translate for Streaming Speech,ACL_2022_Full_Papers.bib
Compact Token Representations with Contextual Quantization for Efficient Document Re-ranking,ACL_2022_Full_Papers.bib
Early Stopping Based on Unlabeled Samples in Text Classification,ACL_2022_Full_Papers.bib
Meta-learning via Language Model In-context Tuning,ACL_2022_Full_Papers.bib
It is {AI}{'}s Turn to Ask Humans a Question: Question-Answer Pair Generation for Children{'}s Story Books,ACL_2022_Full_Papers.bib
{PRB}oost: Prompt-Based Rule Discovery and Boosting for Interactive Weakly-Supervised Learning,ACL_2022_Full_Papers.bib
Constrained Multi-Task Learning for Bridging Resolution,ACL_2022_Full_Papers.bib
{DEAM}: Dialogue Coherence Evaluation using {AMR}-based Semantic Manipulations,ACL_2022_Full_Papers.bib
De-Bias for Generative Extraction in Unified {NER} Task,ACL_2022_Full_Papers.bib
An Information-theoretic Approach to Prompt Engineering Without Ground Truth Labels,ACL_2022_Full_Papers.bib
Expanding Pretrained Models to Thousands More Languages via Lexicon-based Adaptation,ACL_2022_Full_Papers.bib
Language-agnostic {BERT} Sentence Embedding,ACL_2022_Full_Papers.bib
Nested Named Entity Recognition with Span-level Graphs,ACL_2022_Full_Papers.bib
{C}og{T}askonomy: Cognitively Inspired Task Taxonomy Is Beneficial to Transfer Learning in {NLP},ACL_2022_Full_Papers.bib
{R}o{CB}ert: Robust {C}hinese Bert with Multimodal Contrastive Pretraining,ACL_2022_Full_Papers.bib
Premise-based Multimodal Reasoning: Conditional Inference on Joint Textual and Visual Clues,ACL_2022_Full_Papers.bib
Parallel Instance Query Network for Named Entity Recognition,ACL_2022_Full_Papers.bib
{P}rophet{C}hat: Enhancing Dialogue Generation with Simulation of Future Conversation,ACL_2022_Full_Papers.bib
Modeling Multi-hop Question Answering as Single Sequence Prediction,ACL_2022_Full_Papers.bib
Learning Disentangled Semantic Representations for Zero-Shot Cross-Lingual Transfer in Multilingual Machine Reading Comprehension,ACL_2022_Full_Papers.bib
Multi-Granularity Structural Knowledge Distillation for Language Model Compression,ACL_2022_Full_Papers.bib
Auto-Debias: Debiasing Masked Language Models with Automated Biased Prompts,ACL_2022_Full_Papers.bib
Where to Go for the Holidays: Towards Mixed-Type Dialogs for Clarification of User Goals,ACL_2022_Full_Papers.bib
Semi-supervised Domain Adaptation for Dependency Parsing with Dynamic Matching Network,ACL_2022_Full_Papers.bib
A Closer Look at How Fine-tuning Changes {BERT},ACL_2022_Full_Papers.bib
Sentence-aware Contrastive Learning for Open-Domain Passage Retrieval,ACL_2022_Full_Papers.bib
{F}ai{RR}: Faithful and Robust Deductive Reasoning over Natural Language,ACL_2022_Full_Papers.bib
Doctor Recommendation in Online Health Forums via Expertise Learning,ACL_2022_Full_Papers.bib
Continual Prompt Tuning for Dialog State Tracking,ACL_2022_Full_Papers.bib
{FORTAP}: Using Formulas for Numerical-Reasoning-Aware Table Pretraining,ACL_2022_Full_Papers.bib
Multimodal fusion via cortical network inspired losses,ACL_2022_Full_Papers.bib
Modeling Temporal-Modal Entity Graph for Procedural Multimodal Machine Comprehension,ACL_2022_Full_Papers.bib
Explanation Graph Generation via Pre-trained Language Models: An Empirical Study with Contrastive Learning,ACL_2022_Full_Papers.bib
Unsupervised Extractive Opinion Summarization Using Sparse Coding,ACL_2022_Full_Papers.bib
{L}ex{S}ub{C}on: Integrating Knowledge from Lexical Resources into Contextual Embeddings for Lexical Substitution,ACL_2022_Full_Papers.bib
Think Before You Speak: Explicitly Generating Implicit Commonsense Knowledge for Response Generation,ACL_2022_Full_Papers.bib
Flow-Adapter Architecture for Unsupervised Machine Translation,ACL_2022_Full_Papers.bib
Efficient Unsupervised Sentence Compression by Fine-tuning Transformers with Reinforcement Learning,ACL_2022_Full_Papers.bib
Tracing Origins: Coreference-aware Machine Reading Comprehension,ACL_2022_Full_Papers.bib
{W}at{C}laim{C}heck: A new Dataset for Claim Entailment and Inference,ACL_2022_Full_Papers.bib
"{F}rugal{S}core: Learning Cheaper, Lighter and Faster Evaluation Metrics for Automatic Text Generation",ACL_2022_Full_Papers.bib
A Well-Composed Text is Half Done! Composition Sampling for Diverse Conditional Generation,ACL_2022_Full_Papers.bib
Synthetic Question Value Estimation for Domain Adaptation of Question Answering,ACL_2022_Full_Papers.bib
Better Language Model with Hypernym Class Prediction,ACL_2022_Full_Papers.bib
Tackling Fake News Detection by Continually Improving Social Context Representations using Graph Neural Networks,ACL_2022_Full_Papers.bib
Understanding Gender Bias in Knowledge Base Embeddings,ACL_2022_Full_Papers.bib
Computational Historical Linguistics and Language Diversity in {S}outh {A}sia,ACL_2022_Full_Papers.bib
Faithful or Extractive? On Mitigating the Faithfulness-Abstractiveness Trade-off in Abstractive Summarization,ACL_2022_Full_Papers.bib
Slangvolution: {A} Causal Analysis of Semantic Change and Frequency Dynamics in Slang,ACL_2022_Full_Papers.bib
Spurious Correlations in Reference-Free Evaluation of Text Generation,ACL_2022_Full_Papers.bib
Bias Mitigation in Machine Translation Quality Estimation,ACL_2022_Full_Papers.bib
Unified Speech-Text Pre-training for Speech Translation and Recognition,ACL_2022_Full_Papers.bib
"Match the Script, Adapt if Multilingual: Analyzing the Effect of Multilingual Pretraining on Cross-lingual Transferability",ACL_2022_Full_Papers.bib
Structured Pruning Learns Compact and Accurate Models,ACL_2022_Full_Papers.bib
How can {NLP} Help Revitalize Endangered Languages? A Case Study and Roadmap for the {C}herokee Language,ACL_2022_Full_Papers.bib
Differentiable Multi-Agent Actor-Critic for Multi-Step Radiology Report Summarization,ACL_2022_Full_Papers.bib
Online Semantic Parsing for Latency Reduction in Task-Oriented Dialogue,ACL_2022_Full_Papers.bib
Few-Shot Tabular Data Enrichment Using Fine-Tuned Transformer Architectures,ACL_2022_Full_Papers.bib
{S}umm$^N$: A Multi-Stage Summarization Framework for Long Input Dialogues and Documents,ACL_2022_Full_Papers.bib
Open Domain Question Answering with A Unified Knowledge Interface,ACL_2022_Full_Papers.bib
Principled Paraphrase Generation with Parallel Corpora,ACL_2022_Full_Papers.bib
{G}lobal{W}o{Z}: Globalizing {M}ulti{W}o{Z} to Develop Multilingual Task-Oriented Dialogue Systems,ACL_2022_Full_Papers.bib
Domain Knowledge Transferring for Pre-trained Language Model via Calibrated Activation Boundary Distillation,ACL_2022_Full_Papers.bib
Retrieval-guided Counterfactual Generation for {QA},ACL_2022_Full_Papers.bib
{DYLE}: Dynamic Latent Extraction for Abstractive Long-Input Summarization,ACL_2022_Full_Papers.bib
Searching for fingerspelled content in {A}merican {S}ign {L}anguage,ACL_2022_Full_Papers.bib
Skill Induction and Planning with Latent Language,ACL_2022_Full_Papers.bib
{F}ully-{S}emantic {P}arsing and {G}eneration: the {B}abel{N}et {M}eaning {R}epresentation,ACL_2022_Full_Papers.bib
Leveraging Similar Users for Personalized Language Modeling with Limited Data,ACL_2022_Full_Papers.bib
{DEEP}: {DE}noising Entity Pre-training for Neural Machine Translation,ACL_2022_Full_Papers.bib
Multi-Modal Sarcasm Detection via Cross-Modal Graph Convolutional Network,ACL_2022_Full_Papers.bib
Composable Sparse Fine-Tuning for Cross-Lingual Transfer,ACL_2022_Full_Papers.bib
Answering Open-Domain Multi-Answer Questions via a Recall-then-Verify Framework,ACL_2022_Full_Papers.bib
Probing as Quantifying Inductive Bias,ACL_2022_Full_Papers.bib
"Probing Structured Pruning on Multilingual Pre-trained Models: Settings, Algorithms, and Efficiency",ACL_2022_Full_Papers.bib
{GPT}-{D}: Inducing Dementia-related Linguistic Anomalies by Deliberate Degradation of Artificial Neural Language Models,ACL_2022_Full_Papers.bib
An Empirical Survey of the Effectiveness of Debiasing Techniques for Pre-trained Language Models,ACL_2022_Full_Papers.bib
Exploring and Adapting {C}hinese {GPT} to {P}inyin Input Method,ACL_2022_Full_Papers.bib
Enhancing Cross-lingual Natural Language Inference by Prompt-learning from Cross-lingual Templates,ACL_2022_Full_Papers.bib
Sense Embeddings are also Biased {--} Evaluating Social Biases in Static and Contextualised Sense Embeddings,ACL_2022_Full_Papers.bib
Hybrid Semantics for Goal-Directed Natural Language Generation,ACL_2022_Full_Papers.bib
Predicting Intervention Approval in Clinical Trials through Multi-Document Summarization,ACL_2022_Full_Papers.bib
{B}i{TIIMT}: A Bilingual Text-infilling Method for Interactive Machine Translation,ACL_2022_Full_Papers.bib
Distributionally Robust Finetuning {BERT} for Covariate Drift in Spoken Language Understanding,ACL_2022_Full_Papers.bib
Enhancing {C}hinese Pre-trained Language Model via Heterogeneous Linguistics Graph,ACL_2022_Full_Papers.bib
Divide and Denoise: Learning from Noisy Labels in Fine-Grained Entity Typing with Cluster-Wise Loss Correction,ACL_2022_Full_Papers.bib
Towards Robustness of Text-to-{SQL} Models Against Natural and Realistic Adversarial Table Perturbation,ACL_2022_Full_Papers.bib
Overcoming Catastrophic Forgetting beyond Continual Learning: Balanced Training for Neural Machine Translation,ACL_2022_Full_Papers.bib
Metaphors in Pre-Trained Language Models: Probing and Generalization Across Datasets and Languages,ACL_2022_Full_Papers.bib
Discrete Opinion Tree Induction for Aspect-based Sentiment Analysis,ACL_2022_Full_Papers.bib
Investigating Non-local Features for Neural Constituency Parsing,ACL_2022_Full_Papers.bib
Learning from Sibling Mentions with Scalable Graph Inference in Fine-Grained Entity Typing,ACL_2022_Full_Papers.bib
A Variational Hierarchical Model for Neural Cross-Lingual Summarization,ACL_2022_Full_Papers.bib
On the Robustness of Question Rewriting Systems to Questions of Varying Hardness,ACL_2022_Full_Papers.bib
{O}pen{H}ands: Making Sign Language Recognition Accessible with Pose-based Pretrained Models across Languages,ACL_2022_Full_Papers.bib
bert2{BERT}: Towards Reusable Pretrained Language Models,ACL_2022_Full_Papers.bib
``{Y}ou might think about slightly revising the title'': Identifying Hedges in Peer-tutoring Interactions,ACL_2022_Full_Papers.bib
Efficient Cluster-Based $k$-Nearest-Neighbor Machine Translation,ACL_2022_Full_Papers.bib
Headed-Span-Based Projective Dependency Parsing,ACL_2022_Full_Papers.bib
Decoding Part-of-Speech from Human {EEG} Signals,ACL_2022_Full_Papers.bib
Robust Lottery Tickets for Pre-trained Language Models,ACL_2022_Full_Papers.bib
Knowledgeable Prompt-tuning: Incorporating Knowledge into Prompt Verbalizer for Text Classification,ACL_2022_Full_Papers.bib
Cross-Lingual Contrastive Learning for Fine-Grained Entity Typing for Low-Resource Languages,ACL_2022_Full_Papers.bib
{MELM}: Data Augmentation with Masked Entity Language Modeling for Low-Resource {NER},ACL_2022_Full_Papers.bib
{W}ord2{B}ox: Capturing Set-Theoretic Semantics of Words using Box Embeddings,ACL_2022_Full_Papers.bib
{IAM}: A Comprehensive and Large-Scale Dataset for Integrated Argument Mining Tasks,ACL_2022_Full_Papers.bib
{PLANET}: Dynamic Content Planning in Autoregressive Transformers for Long-form Text Generation,ACL_2022_Full_Papers.bib
{CTRLE}val: An Unsupervised Reference-Free Metric for Evaluating Controlled Text Generation,ACL_2022_Full_Papers.bib
Beyond the Granularity: Multi-Perspective Dialogue Collaborative Selection for Dialogue State Tracking,ACL_2022_Full_Papers.bib
Are Prompt-based Models Clueless?,ACL_2022_Full_Papers.bib
Learning Confidence for Transformer-based Neural Machine Translation,ACL_2022_Full_Papers.bib
Things not Written in Text: Exploring Spatial Commonsense from Visual Signals,ACL_2022_Full_Papers.bib
Conditional Bilingual Mutual Information Based Adaptive Training for Neural Machine Translation,ACL_2022_Full_Papers.bib
{C}luster{F}ormer: Neural Clustering Attention for Efficient and Effective Transformer,ACL_2022_Full_Papers.bib
Bottom-Up Constituency Parsing and Nested Named Entity Recognition with Pointer Networks,ACL_2022_Full_Papers.bib
Redistributing Low-Frequency Words: Making the Most of Monolingual Data in Non-Autoregressive Translation,ACL_2022_Full_Papers.bib
Dependency Parsing as {MRC}-based Span-Span Prediction,ACL_2022_Full_Papers.bib
Adversarial Soft Prompt Tuning for Cross-Domain Sentiment Analysis,ACL_2022_Full_Papers.bib
Generating Scientific Claims for Zero-Shot Scientific Fact Checking,ACL_2022_Full_Papers.bib
Modeling Dual Read/Write Paths for Simultaneous Machine Translation,ACL_2022_Full_Papers.bib
{E}xt{E}n{D}: Extractive Entity Disambiguation,ACL_2022_Full_Papers.bib
Hierarchical Sketch Induction for Paraphrase Generation,ACL_2022_Full_Papers.bib
Alignment-Augmented Consistent Translation for Multilingual Open Information Extraction,ACL_2022_Full_Papers.bib
Text-to-Table: A New Way of Information Extraction,ACL_2022_Full_Papers.bib
Accelerating Code Search with Deep Hashing and Code Classification,ACL_2022_Full_Papers.bib
Other Roles Matter! Enhancing Role-Oriented Dialogue Summarization via Role Interactions,ACL_2022_Full_Papers.bib
{C}lar{ET}: Pre-training a Correlation-Aware Context-To-Event Transformer for Event-Centric Generation and Classification,ACL_2022_Full_Papers.bib
Measuring and Mitigating Name Biases in Neural Machine Translation,ACL_2022_Full_Papers.bib
Understanding and Improving Sequence-to-Sequence Pretraining for Neural Machine Translation,ACL_2022_Full_Papers.bib
{MSCTD}: A Multimodal Sentiment Chat Translation Dataset,ACL_2022_Full_Papers.bib
On the Sensitivity and Stability of Model Interpretations in {NLP},ACL_2022_Full_Papers.bib
Down and Across: Introducing Crossword-Solving as a New {NLP} Benchmark,ACL_2022_Full_Papers.bib
Generating Data to Mitigate Spurious Correlations in Natural Language Inference Datasets,ACL_2022_Full_Papers.bib
Good Examples Make A Faster Learner: Simple Demonstration-based Learning for Low-resource {NER},ACL_2022_Full_Papers.bib
Contextual Representation Learning beyond Masked Language Modeling,ACL_2022_Full_Papers.bib
Efficient Hyper-parameter Search for Knowledge Graph Embedding,ACL_2022_Full_Papers.bib
Leveraging Visual Knowledge in Language Tasks: An Empirical Study on Intermediate Pre-training for Cross-Modal Knowledge Transfer,ACL_2022_Full_Papers.bib
A Good Prompt Is Worth Millions of Parameters: Low-resource Prompt-based Learning for Vision-Language Models,ACL_2022_Full_Papers.bib
Continual Few-shot Relation Learning via Embedding Space Regularization and Data Augmentation,ACL_2022_Full_Papers.bib
Variational Graph Autoencoding as Cheap Supervision for {AMR} Coreference Resolution,ACL_2022_Full_Papers.bib
Sequence-to-Sequence Knowledge Graph Completion and Question Answering,ACL_2022_Full_Papers.bib
Learning to Mediate Disparities Towards Pragmatic Communication,ACL_2022_Full_Papers.bib
Unsupervised Corpus Aware Language Model Pre-training for Dense Passage Retrieval,ACL_2022_Full_Papers.bib
Multimodal Dialogue Response Generation,ACL_2022_Full_Papers.bib
{CAKE}: A Scalable Commonsense-Aware Framework For Multi-View Knowledge Graph Completion,ACL_2022_Full_Papers.bib
Confidence Based Bidirectional Global Context Aware Training Framework for Neural Machine Translation,ACL_2022_Full_Papers.bib
{BRIO}: Bringing Order to Abstractive Summarization,ACL_2022_Full_Papers.bib
Leveraging Relaxed Equilibrium by Lazy Transition for Sequence Modeling,ACL_2022_Full_Papers.bib
{FIBER}: Fill-in-the-Blanks as a Challenging Video Understanding Evaluation Framework,ACL_2022_Full_Papers.bib
{K}en{M}e{SH}: Knowledge-enhanced End-to-end Biomedical Text Labelling,ACL_2022_Full_Papers.bib
A Taxonomy of Empathetic Questions in Social Dialogs,ACL_2022_Full_Papers.bib
Enhanced Multi-Channel Graph Convolutional Network for Aspect Sentiment Triplet Extraction,ACL_2022_Full_Papers.bib
{P}roto{TE}x: Explaining Model Decisions with Prototype Tensors,ACL_2022_Full_Papers.bib
Show Me More Details: Discovering Hierarchies of Procedures from Semi-structured Web Data,ACL_2022_Full_Papers.bib
Cross-Modal Discrete Representation Learning,ACL_2022_Full_Papers.bib
Improving Event Representation via Simultaneous Weakly Supervised Contrastive Learning and Clustering,ACL_2022_Full_Papers.bib
Contrastive Visual Semantic Pretraining Magnifies the Semantics of Natural Language Representations,ACL_2022_Full_Papers.bib
{C}on{T}in{T}in: Continual Learning from Task Instructions,ACL_2022_Full_Papers.bib
Automated Crossword Solving,ACL_2022_Full_Papers.bib
Learned Incremental Representations for Parsing,ACL_2022_Full_Papers.bib
Knowledge Enhanced Reflection Generation for Counseling Dialogues,ACL_2022_Full_Papers.bib
On Continual Model Refinement in Out-of-Distribution Data Streams,ACL_2022_Full_Papers.bib
Achieving Conversational Goals with Unsupervised Post-hoc Knowledge Injection,ACL_2022_Full_Papers.bib
Generated Knowledge Prompting for Commonsense Reasoning,ACL_2022_Full_Papers.bib
Training Data is More Valuable than You Think: A Simple and Effective Method by Retrieving from Training Data,ACL_2022_Full_Papers.bib
Life after {BERT}: What do Other Muppets Understand about Language?,ACL_2022_Full_Papers.bib
Tailor: Generating and Perturbing Text with Semantic Controls,ACL_2022_Full_Papers.bib
{T}ruthful{QA}: Measuring How Models Mimic Human Falsehoods,ACL_2022_Full_Papers.bib
Interactive Word Completion for {P}lains {C}ree,ACL_2022_Full_Papers.bib
{LAG}r: Label Aligned Graphs for Better Systematic Generalization in Semantic Parsing,ACL_2022_Full_Papers.bib
{T}oxi{G}en: A Large-Scale Machine-Generated Dataset for Adversarial and Implicit Hate Speech Detection,ACL_2022_Full_Papers.bib
Direct Speech-to-Speech Translation With Discrete Units,ACL_2022_Full_Papers.bib
Hallucinated but Factual! Inspecting the Factuality of Hallucinations in Abstractive Summarization,ACL_2022_Full_Papers.bib
{E}nt{SUM}: A Data Set for Entity-Centric Extractive Summarization,ACL_2022_Full_Papers.bib
Sentence-level Privacy for Document Embeddings,ACL_2022_Full_Papers.bib
Dataset Geography: Mapping Language Data to Language Users,ACL_2022_Full_Papers.bib
{ILDAE}: Instance-Level Difficulty Analysis of Evaluation Data,ACL_2022_Full_Papers.bib
Image Retrieval from Contextual Descriptions,ACL_2022_Full_Papers.bib
Multilingual Molecular Representation Learning via Contrastive Pre-training,ACL_2022_Full_Papers.bib
Investigating Failures of Automatic Translationin the Case of Unambiguous Gender,ACL_2022_Full_Papers.bib
Imputing Out-of-Vocabulary Embeddings with {LOVE} Makes {L}anguage{M}odels Robust with Little Cost,ACL_2022_Full_Papers.bib
{N}um{GLUE}: A Suite of Fundamental yet Challenging Mathematical Reasoning Tasks,ACL_2022_Full_Papers.bib
{U}pstream {M}itigation {I}s \textit{ {N}ot} {A}ll {Y}ou {N}eed: {T}esting the {B}ias {T}ransfer {H}ypothesis in {P}re-{T}rained {L}anguage {M}odels,ACL_2022_Full_Papers.bib
How Do We Answer Complex Questions: Discourse Structure of Long-form Answers,ACL_2022_Full_Papers.bib
Understanding Iterative Revision from Human-Written Text,ACL_2022_Full_Papers.bib
Making Transformers Solve Compositional Tasks,ACL_2022_Full_Papers.bib
{C}onditional{QA}: A Complex Reading Comprehension Dataset with Conditional Answers,ACL_2022_Full_Papers.bib
Prompt-free and Efficient Few-shot Learning with Language Models,ACL_2022_Full_Papers.bib
Continual Sequence Generation with Adaptive Compositional Modules,ACL_2022_Full_Papers.bib
Inducing Positive Perspectives with Text Reframing,ACL_2022_Full_Papers.bib
{VALUE}: {U}nderstanding Dialect Disparity in {NLU},ACL_2022_Full_Papers.bib
From the Detection of Toxic Spans in Online Discussions to the Analysis of Toxic-to-Civil Transfer,ACL_2022_Full_Papers.bib
{F}orm{N}et: Structural Encoding beyond Sequential Modeling in Form Document Information Extraction,ACL_2022_Full_Papers.bib
The Moral Integrity Corpus: A Benchmark for Ethical Dialogue Systems,ACL_2022_Full_Papers.bib
Token Dropping for Efficient {BERT} Pretraining,ACL_2022_Full_Papers.bib
{D}ial{F}act: A Benchmark for Fact-Checking in Dialogue,ACL_2022_Full_Papers.bib
The Trade-offs of Domain Adaptation for Neural Language Models,ACL_2022_Full_Papers.bib
Towards Afrocentric {NLP} for {A}frican Languages: Where We Are and Where We Can Go,ACL_2022_Full_Papers.bib
Ensembling and Knowledge Distilling of Large Sequence Taggers for Grammatical Error Correction,ACL_2022_Full_Papers.bib
Speaker Information Can Guide Models to Better Inductive Biases: A Case Study On Predicting Code-Switching,ACL_2022_Full_Papers.bib
Detecting Unassimilated Borrowings in {S}panish: {A}n Annotated Corpus and Approaches to Modeling,ACL_2022_Full_Papers.bib
Is Attention Explanation? An Introduction to the Debate,ACL_2022_Full_Papers.bib
There Are a Thousand Hamlets in a Thousand People{'}s Eyes: Enhancing Knowledge-grounded Dialogue with Personal Memory,ACL_2022_Full_Papers.bib
Neural Pipeline for Zero-Shot Data-to-Text Generation,ACL_2022_Full_Papers.bib
Not always about you: Prioritizing community needs when developing endangered language technology,ACL_2022_Full_Papers.bib
Automatic Identification and Classification of Bragging in Social Media,ACL_2022_Full_Papers.bib
Automatic Error Analysis for Document-level Information Extraction,ACL_2022_Full_Papers.bib
Learning Functional Distributional Semantics with Visual Data,ACL_2022_Full_Papers.bib
Chart-to-Text: A Large-Scale Benchmark for Chart Summarization,ACL_2022_Full_Papers.bib
Characterizing Idioms: Conventionality and Contingency,ACL_2022_Full_Papers.bib
Bag-of-Words vs. Graph vs. Sequence in Text Classification: Questioning the Necessity of Text-Graphs and the Surprising Strength of a Wide {MLP},ACL_2022_Full_Papers.bib
Generative Pretraining for Paraphrase Evaluation,ACL_2022_Full_Papers.bib
Incorporating Stock Market Signals for {T}witter Stance Detection,ACL_2022_Full_Papers.bib
Word Segmentation as Unsupervised Constituency Parsing,ACL_2022_Full_Papers.bib
{S}afety{K}it: First Aid for Measuring Safety in Open-domain Conversational Systems,ACL_2022_Full_Papers.bib
The Paradox of the Compositionality of Natural Language: A Neural Machine Translation Case Study,ACL_2022_Full_Papers.bib
Multilingual Document-Level Translation Enables Zero-Shot Transfer From Sentences to Documents,ACL_2022_Full_Papers.bib
Cross-Lingual Phrase Retrieval,ACL_2022_Full_Papers.bib
Improving Compositional Generalization with Self-Training for Data-to-Text Generation,ACL_2022_Full_Papers.bib
"{MMC}o{QA}: Conversational Question Answering over Text, Tables, and Images",ACL_2022_Full_Papers.bib
{P}rom{DA}: Prompt-based Data Augmentation for Low-Resource {NLU} Tasks,ACL_2022_Full_Papers.bib
Disentangled Sequence to Sequence Learning for Compositional Generalization,ACL_2022_Full_Papers.bib
{RST} Discourse Parsing with Second-Stage {EDU}-Level Pre-training,ACL_2022_Full_Papers.bib
{S}im{KGC}: Simple Contrastive Knowledge Graph Completion with Pre-trained Language Models,ACL_2022_Full_Papers.bib
Do Transformer Models Show Similar Attention Patterns to Task-Specific Human Gaze?,ACL_2022_Full_Papers.bib
{L}ex{GLUE}: A Benchmark Dataset for Legal Language Understanding in {E}nglish,ACL_2022_Full_Papers.bib
{D}i{B}i{MT}: A Novel Benchmark for Measuring {W}ord {S}ense {D}isambiguation Biases in {M}achine {T}ranslation,ACL_2022_Full_Papers.bib
Improving Word Translation via Two-Stage Contrastive Learning,ACL_2022_Full_Papers.bib
Scheduled Multi-task Learning for Neural Chat Translation,ACL_2022_Full_Papers.bib
{F}air{L}ex: A Multilingual Benchmark for Evaluating Fairness in Legal Text Processing,ACL_2022_Full_Papers.bib
Towards Abstractive Grounded Summarization of Podcast Transcripts,ACL_2022_Full_Papers.bib
{F}i{NER}: Financial Numeric Entity Recognition for {XBRL} Tagging,ACL_2022_Full_Papers.bib
Keywords and Instances: A Hierarchical Contrastive Learning Framework Unifying Hybrid Granularities for Text Generation,ACL_2022_Full_Papers.bib
{EPT}-{X}: An Expression-Pointer Transformer model that generates e{X}planations for numbers,ACL_2022_Full_Papers.bib
Identifying the Human Values behind Arguments,ACL_2022_Full_Papers.bib
{B}ench{IE}: A Framework for Multi-Faceted Fact-Based Open Information Extraction Evaluation,ACL_2022_Full_Papers.bib
Leveraging Unimodal Self-Supervised Learning for Multimodal Audio-Visual Speech Recognition,ACL_2022_Full_Papers.bib
{S}umma{R}eranker: A Multi-Task Mixture-of-Experts Re-ranking Framework for Abstractive Summarization,ACL_2022_Full_Papers.bib
Zoom Out and Observe: News Environment Perception for Fake News Detection,ACL_2022_Full_Papers.bib
Divide and Rule: Effective Pre-Training for Context-Aware Multi-Encoder Translation Models,ACL_2022_Full_Papers.bib
Saliency as Evidence: Event Detection with Trigger Saliency Attribution,ACL_2022_Full_Papers.bib
{SRL4E} {--} {S}emantic {R}ole {L}abeling for {E}motions: {A} Unified Evaluation Framework,ACL_2022_Full_Papers.bib
Context Matters: A Pragmatic Study of {PLM}s' Negation Understanding,ACL_2022_Full_Papers.bib
Probing for Predicate Argument Structures in Pretrained Language Models,ACL_2022_Full_Papers.bib
Multilingual Generative Language Models for Zero-Shot Cross-Lingual Event Argument Extraction,ACL_2022_Full_Papers.bib
Identifying Moments of Change from Longitudinal User Text,ACL_2022_Full_Papers.bib
Multi-Task Pre-Training for Plug-and-Play Task-Oriented Dialogue System,ACL_2022_Full_Papers.bib
Graph Enhanced Contrastive Learning for Radiology Findings Summarization,ACL_2022_Full_Papers.bib
Semi-Supervised Formality Style Transfer with Consistency Training,ACL_2022_Full_Papers.bib
Cross-Lingual Ability of Multilingual Masked Language Models: A Study of Language Structure,ACL_2022_Full_Papers.bib
Rare and Zero-shot Word Sense Disambiguation using {Z}-Reweighting,ACL_2022_Full_Papers.bib
{N}ibbling at the Hard Core of {W}ord {S}ense {D}isambiguation,ACL_2022_Full_Papers.bib
Large Scale Substitution-based Word Sense Induction,ACL_2022_Full_Papers.bib
Can Synthetic Translations Improve Bitext Quality?,ACL_2022_Full_Papers.bib
Unsupervised Dependency Graph Network,ACL_2022_Full_Papers.bib
Rewire-then-Probe: A Contrastive Recipe for Probing Biomedical Knowledge of Pre-trained Language Models,ACL_2022_Full_Papers.bib
Fine- and Coarse-Granularity Hybrid Self-Attention for Efficient {BERT},ACL_2022_Full_Papers.bib
Compression of Generative Pre-trained Language Models via Quantization,ACL_2022_Full_Papers.bib
Visual-Language Navigation Pretraining via Prompt-based Environmental Self-exploration,ACL_2022_Full_Papers.bib
{D}ialog{VED}: A Pre-trained Latent Variable Encoder-Decoder Model for Dialog Response Generation,ACL_2022_Full_Papers.bib
Contextual Fine-to-Coarse Distillation for Coarse-grained Response Selection in Open-Domain Conversations,ACL_2022_Full_Papers.bib
Textomics: A Dataset for Genomics Data Summary Generation,ACL_2022_Full_Papers.bib
A Contrastive Framework for Learning Sentence Representations from Pairwise and Triple-wise Perspective in Angular Space,ACL_2022_Full_Papers.bib
Packed Levitated Marker for Entity and Relation Extraction,ACL_2022_Full_Papers.bib
An Interpretable Neuro-Symbolic Reasoning Framework for Task-Oriented Dialogue Generation,ACL_2022_Full_Papers.bib
Impact of Evaluation Methodologies on Code Summarization,ACL_2022_Full_Papers.bib
{KG}-{F}i{D}: Infusing Knowledge Graph in Fusion-in-Decoder for Open-Domain Question Answering,ACL_2022_Full_Papers.bib
Which side are you on? Insider-Outsider classification in conspiracy-theoretic social media,ACL_2022_Full_Papers.bib
Learning From Failure: Data Capture in an {A}ustralian Aboriginal Community,ACL_2022_Full_Papers.bib
Deep Inductive Logic Reasoning for Multi-Hop Reading Comprehension,ACL_2022_Full_Papers.bib
{CICERO}: A Dataset for Contextualized Commonsense Inference in Dialogues,ACL_2022_Full_Papers.bib
A Comparative Study of Faithfulness Metrics for Model Interpretability Methods,ACL_2022_Full_Papers.bib
{SP}o{T}: Better Frozen Model Adaptation through Soft Prompt Transfer,ACL_2022_Full_Papers.bib
Pass off Fish Eyes for Pearls: Attacking Model Selection of Pre-trained Models,ACL_2022_Full_Papers.bib
Educational Question Generation of Children Storybooks via Question Type Distribution Learning and Event-centric Summarization,ACL_2022_Full_Papers.bib
{H}eter{MPC}: A Heterogeneous Graph Neural Network for Response Generation in Multi-Party Conversations,ACL_2022_Full_Papers.bib
The patient is more dead than alive: exploring the current state of the multi-document summarisation of the biomedical literature,ACL_2022_Full_Papers.bib
A Multi-Document Coverage Reward for {RELAX}ed Multi-Document Summarization,ACL_2022_Full_Papers.bib
{KNN}-Contrastive Learning for Out-of-Domain Intent Classification,ACL_2022_Full_Papers.bib
A Neural Network Architecture for Program Understanding Inspired by Human Behaviors,ACL_2022_Full_Papers.bib
Simulating Bandit Learning from User Feedback for Extractive Question Answering,ACL_2022_Full_Papers.bib
Beyond Goldfish Memory: Long-Term Open-Domain Conversation,ACL_2022_Full_Papers.bib
{R}e{CLIP}: A Strong Zero-Shot Baseline for Referring Expression Comprehension,ACL_2022_Full_Papers.bib
Dynamic Prefix-Tuning for Generative Template-based Event Extraction,ACL_2022_Full_Papers.bib
{E}-{LANG}: Energy-Based Joint Inferencing of Super and Swift Language Models,ACL_2022_Full_Papers.bib
{PRIMERA}: Pyramid-based Masked Sentence Pre-training for Multi-document Summarization,ACL_2022_Full_Papers.bib
Dynamic Global Memory for Document-level Argument Extraction,ACL_2022_Full_Papers.bib
Measuring the Impact of (Psycho-)Linguistic and Readability Features and Their Spill Over Effects on the Prediction of Eye Movement Patterns,ACL_2022_Full_Papers.bib
Alternative Input Signals Ease Transfer in Multilingual Machine Translation,ACL_2022_Full_Papers.bib
Phone-ing it in: Towards Flexible Multi-Modal Language Model Training by Phonetic Representations of Data,ACL_2022_Full_Papers.bib
Noisy Channel Language Model Prompting for Few-Shot Text Classification,ACL_2022_Full_Papers.bib
Multilingual unsupervised sequence segmentation transfers to extremely low-resource languages,ACL_2022_Full_Papers.bib
{K}inya{BERT}: a Morphology-aware {K}inyarwanda Language Model,ACL_2022_Full_Papers.bib
On the Calibration of Pre-trained Language Models using Mixup Guided by Area Under the Margin and Saliency,ACL_2022_Full_Papers.bib
{IMPLI}: Investigating {NLI} Models' Performance on Figurative Language,ACL_2022_Full_Papers.bib
{QAC}onv: Question Answering on Informative Conversations,ACL_2022_Full_Papers.bib
Prix-{LM}: Pretraining for Multilingual Knowledge Base Construction,ACL_2022_Full_Papers.bib
Semantic Composition with {PSHRG} for Derivation Tree Reconstruction from Graph-Based Meaning Representations,ACL_2022_Full_Papers.bib
{HOLM}: Hallucinating Objects with Language Models for Referring Expression Recognition in Partially-Observed Scenes,ACL_2022_Full_Papers.bib
Multi Task Learning For Zero Shot Performance Prediction of Multilingual Models,ACL_2022_Full_Papers.bib
$\infty$-former: Infinite Memory Transformer,ACL_2022_Full_Papers.bib
Systematic Inequalities in Language Technology Performance across the World{'}s Languages,ACL_2022_Full_Papers.bib
{CaMEL}: {C}ase {M}arker {E}xtraction without {L}abels,ACL_2022_Full_Papers.bib
Improving Generalizability in Implicitly Abusive Language Detection with Concept Activation Vectors,ACL_2022_Full_Papers.bib
Reports of personal experiences and stories in argumentation: datasets and analysis,ACL_2022_Full_Papers.bib
Non-neural Models Matter: a Re-evaluation of Neural Referring Expression Generation Systems,ACL_2022_Full_Papers.bib
Bridging the Generalization Gap in Text-to-{SQL} Parsing with Schema Expansion,ACL_2022_Full_Papers.bib
{MINER}: Improving Out-of-Vocabulary Named Entity Recognition from an Information Theoretic Perspective,ACL_2022_Full_Papers.bib
Leveraging {W}ikipedia article evolution for promotional tone detection,ACL_2022_Full_Papers.bib
From text to talk: {H}arnessing conversational corpora for humane and diversity-aware language technology,ACL_2022_Full_Papers.bib
Flooding-{X}: Improving {BERT}{'}s Resistance to Adversarial Attacks via Loss-Restricted Fine-Tuning,ACL_2022_Full_Papers.bib
{R}o{M}e: A Robust Metric for Evaluating Natural Language Generation,ACL_2022_Full_Papers.bib
Finding Structural Knowledge in Multimodal-{BERT},ACL_2022_Full_Papers.bib
Fully Hyperbolic Neural Networks,ACL_2022_Full_Papers.bib
Neural Machine Translation with Phrase-Level Universal Visual Representations,ACL_2022_Full_Papers.bib
{M}3{ED}: Multi-modal Multi-scene Multi-label Emotional Dialogue Database,ACL_2022_Full_Papers.bib
Few-shot Named Entity Recognition with Self-describing Networks,ACL_2022_Full_Papers.bib
{S}peech{T}5: Unified-Modal Encoder-Decoder Pre-Training for Spoken Language Processing,ACL_2022_Full_Papers.bib
Human Evaluation and Correlation with Automatic Metrics in Consultation Note Generation,ACL_2022_Full_Papers.bib
Unified Structure Generation for Universal Information Extraction,ACL_2022_Full_Papers.bib
Subgraph Retrieval Enhanced Model for Multi-hop Knowledge Base Question Answering,ACL_2022_Full_Papers.bib
Pre-training to Match for Unified Low-shot Relation Extraction,ACL_2022_Full_Papers.bib
Can Prompt Probe Pretrained Language Models? Understanding the Invisible Risks from a Causal View,ACL_2022_Full_Papers.bib
Evaluating Extreme Hierarchical Multi-label Classification,ACL_2022_Full_Papers.bib
What does the sea say to the shore? A {BERT} based {DST} style approach for speaker to dialogue attribution in novels,ACL_2022_Full_Papers.bib
{R}otate{QVS}: Representing Temporal Information as Rotations in Quaternion Vector Space for Temporal Knowledge Graph Completion,ACL_2022_Full_Papers.bib
Feeding What You Need by Understanding What You Learned,ACL_2022_Full_Papers.bib
Probing Simile Knowledge from Pre-trained Language Models,ACL_2022_Full_Papers.bib
Entailment Graph Learning with Textual Entailment and Soft Transitivity,ACL_2022_Full_Papers.bib
Logic Traps in Evaluating Attribution Scores,ACL_2022_Full_Papers.bib
Continual Pre-training of Language Models for Math Problem Understanding with Syntax-Aware Memory Network,ACL_2022_Full_Papers.bib
Multitasking Framework for Unsupervised Simple Definition Generation,ACL_2022_Full_Papers.bib
Learning to Reason Deductively: Math Word Problem Solving as Complex Relation Extraction,ACL_2022_Full_Papers.bib
"When did you become so smart, oh wise one?! Sarcasm Explanation in Multi-modal Multi-party Dialogues",ACL_2022_Full_Papers.bib
Toward Interpretable Semantic Textual Similarity via Optimal Transport-based Contrastive Sentence Learning,ACL_2022_Full_Papers.bib
Pre-training and Fine-tuning Neural Topic Model: A Simple yet Effective Approach to Incorporating External Knowledge,ACL_2022_Full_Papers.bib
Multi-View Document Representation Learning for Open-Domain Dense Retrieval,ACL_2022_Full_Papers.bib
Graph Pre-training for {AMR} Parsing and Generation,ACL_2022_Full_Papers.bib
Turning Tables: Generating Examples from Semi-structured Tables for Endowing Language Models with Reasoning Skills,ACL_2022_Full_Papers.bib
{RNG}-{KBQA}: Generation Augmented Iterative Ranking for Knowledge Base Question Answering,ACL_2022_Full_Papers.bib
Rethinking Self-Supervision Objectives for Generalizable Coherence Modeling,ACL_2022_Full_Papers.bib
Just Rank: Rethinking Evaluation with Word and Sentence Similarities,ACL_2022_Full_Papers.bib
{M}arkup{LM}: Pre-training of Text and Markup Language for Visually Rich Document Understanding,ACL_2022_Full_Papers.bib
{CLIP} Models are Few-Shot Learners: Empirical Studies on {VQA} and Visual Entailment,ACL_2022_Full_Papers.bib
{KQA} Pro: A Dataset with Explicit Compositional Programs for Complex Question Answering over Knowledge Base,ACL_2022_Full_Papers.bib
Debiased Contrastive Learning of Unsupervised Sentence Representations,ACL_2022_Full_Papers.bib
{MSP}: Multi-Stage Prompting for Making Pre-trained Language Models Better Translators,ACL_2022_Full_Papers.bib
{S}ales{B}ot: Transitioning from Chit-Chat to Task-Oriented Dialogues,ACL_2022_Full_Papers.bib
{UCT}opic: Unsupervised Contrastive Learning for Phrase Representations and Topic Mining,ACL_2022_Full_Papers.bib
{XLM}-{E}: Cross-lingual Language Model Pre-training via {ELECTRA},ACL_2022_Full_Papers.bib
Nested Named Entity Recognition as Latent Lexicalized Constituency Parsing,ACL_2022_Full_Papers.bib
Can Explanations Be Useful for Calibrating Black Box Models?,ACL_2022_Full_Papers.bib
{OIE}@{OIA}: an Adaptable and Efficient Open Information Extraction Framework,ACL_2022_Full_Papers.bib
{R}e{ACC}: A Retrieval-Augmented Code Completion Framework,ACL_2022_Full_Papers.bib
{U}ni{PELT}: A Unified Framework for Parameter-Efficient Language Model Tuning,ACL_2022_Full_Papers.bib
An Empirical Study of Memorization in {NLP},ACL_2022_Full_Papers.bib
{A}mericas{NLI}: Evaluating Zero-shot Natural Language Understanding of Pretrained Multilingual Models in Truly Low-resource Languages,ACL_2022_Full_Papers.bib
Towards Learning (Dis)-Similarity of Source Code from Program Contrasts,ACL_2022_Full_Papers.bib
Guided Attention Multimodal Multitask Financial Forecasting with Inter-Company Relationships and Global and Local News,ACL_2022_Full_Papers.bib
On Vision Features in Multimodal Machine Translation,ACL_2022_Full_Papers.bib
{CONT}ai{NER}: Few-Shot Named Entity Recognition via Contrastive Learning,ACL_2022_Full_Papers.bib
{C}ree Corpus: A Collection of n{\^e}hiyaw{\^e}win Resources,ACL_2022_Full_Papers.bib
Learning to Rank Visual Stories From Human Ranking Data,ACL_2022_Full_Papers.bib
Universal Conditional Masked Language Pre-training for Neural Machine Translation,ACL_2022_Full_Papers.bib
{CARETS}: A Consistency And Robustness Evaluative Test Suite for {VQA},ACL_2022_Full_Papers.bib
Phrase-aware Unsupervised Constituency Parsing,ACL_2022_Full_Papers.bib
Achieving Reliable Human Assessment of Open-Domain Dialogue Systems,ACL_2022_Full_Papers.bib
Updated Headline Generation: Creating Updated Summaries for Evolving News Stories,ACL_2022_Full_Papers.bib
{S}a{F}e{RD}ialogues: Taking Feedback Gracefully after Conversational Safety Failures,ACL_2022_Full_Papers.bib
Compositional Generalization in Dependency Parsing,ACL_2022_Full_Papers.bib
{ASPECTNEWS}: Aspect-Oriented Summarization of News Documents,ACL_2022_Full_Papers.bib
{M}em{S}um: Extractive Summarization of Long Documents Using Multi-Step Episodic {M}arkov Decision Processes,ACL_2022_Full_Papers.bib
Substructure Distribution Projection for Zero-Shot Cross-Lingual Dependency Parsing,ACL_2022_Full_Papers.bib
Multilingual Detection of Personal Employment Status on {T}witter,ACL_2022_Full_Papers.bib
{M}ulti{H}iertt: Numerical Reasoning over Multi Hierarchical Tabular and Textual Data,ACL_2022_Full_Papers.bib
Transformers in the loop: Polarity in neural models of language,ACL_2022_Full_Papers.bib
Bridging the Data Gap between Training and Inference for Unsupervised Neural Machine Translation,ACL_2022_Full_Papers.bib
{SDR}: Efficient Neural Re-ranking using Succinct Document Representation,ACL_2022_Full_Papers.bib
The {AI} Doctor Is In: A Survey of Task-Oriented Dialogue Systems for Healthcare Applications,ACL_2022_Full_Papers.bib
{SHIELD}: Defending Textual Neural Networks against Multiple Black-Box Adversarial Attacks with Stochastic Multi-Expert Patcher,ACL_2022_Full_Papers.bib
Accurate Online Posterior Alignments for Principled Lexically-Constrained Decoding,ACL_2022_Full_Papers.bib
Leveraging Task Transferability to Meta-learning for Clinical Section Classification with Limited Data,ACL_2022_Full_Papers.bib
Reinforcement Guided Multi-Task Learning Framework for Low-Resource Stereotype Detection,ACL_2022_Full_Papers.bib
Letters From the Past: Modeling Historical Sound Change Through Diachronic Character Embeddings,ACL_2022_Full_Papers.bib
A Token-level Reference-free Hallucination Detection Benchmark for Free-form Text Generation,ACL_2022_Full_Papers.bib
{P}rompt for Extraction? {PAIE}: {P}rompting Argument Interaction for Event Argument Extraction,ACL_2022_Full_Papers.bib
Reducing Position Bias in Simultaneous Machine Translation with Length-Aware Framework,ACL_2022_Full_Papers.bib
A Statutory Article Retrieval Dataset in {F}rench,ACL_2022_Full_Papers.bib
{P}ara{D}etox: Detoxification with Parallel Data,ACL_2022_Full_Papers.bib
"Interpreting Character Embeddings With Perceptual Representations: The Case of Shape, Sound, and Color",ACL_2022_Full_Papers.bib
Fine-Grained Controllable Text Generation Using Non-Residual Prompting,ACL_2022_Full_Papers.bib
Language-Agnostic Meta-Learning for Low-Resource Text-to-Speech with Articulatory Features,ACL_2022_Full_Papers.bib
{T}witt{I}rish: A {U}niversal {D}ependencies Treebank of Tweets in {M}odern {I}rish,ACL_2022_Full_Papers.bib
Length Control in Abstractive Summarization by Pretraining Information Selection,ACL_2022_Full_Papers.bib
{CQG}: A Simple and Effective Controlled Generation Framework for Multi-hop Question Generation,ACL_2022_Full_Papers.bib
Word Order Does Matter and Shuffled Language Models Know It,ACL_2022_Full_Papers.bib
An Empirical Study on Explanations in Out-of-Domain Settings,ACL_2022_Full_Papers.bib
{MILIE}: Modular {\&} Iterative Multilingual Open Information Extraction,ACL_2022_Full_Papers.bib
From Simultaneous to Streaming Machine Translation by Leveraging Streaming History,ACL_2022_Full_Papers.bib
A Rationale-Centric Framework for Human-in-the-loop Machine Learning,ACL_2022_Full_Papers.bib
Challenges and Strategies in Cross-Cultural {NLP},ACL_2022_Full_Papers.bib
Prototypical Verbalizer for Prompt-based Few-shot Tuning,ACL_2022_Full_Papers.bib
Clickbait Spoiling via Question Answering and Passage Retrieval,ACL_2022_Full_Papers.bib
{BERT} Learns to Teach: Knowledge Distillation with Meta Learning,ACL_2022_Full_Papers.bib
{STEMM}: Self-learning with Speech-text Manifold Mixup for Speech Translation,ACL_2022_Full_Papers.bib
Integrating Vectorized Lexical Constraints for Neural Machine Translation,ACL_2022_Full_Papers.bib
{MPII}: Multi-Level Mutual Promotion for Inference and Interpretation,ACL_2022_Full_Papers.bib
{S}table{M}o{E}: Stable Routing Strategy for Mixture of Experts,ACL_2022_Full_Papers.bib
Incorporating Hierarchy into Text Encoder: a Contrastive Learning Approach for Hierarchical Text Classification,ACL_2022_Full_Papers.bib
Signal in Noise: Exploring Meaning Encoded in Random Character Sequences with Character-Aware Language Models,ACL_2022_Full_Papers.bib
Hyperlink-induced Pre-training for Passage Retrieval in Open-domain Question Answering,ACL_2022_Full_Papers.bib
{A}da{L}o{GN}: Adaptive Logic Graph Network for Reasoning-Based Machine Reading Comprehension,ACL_2022_Full_Papers.bib
{CAMERO}: Consistency Regularized Ensemble of Perturbed Language Models with Weight Sharing,ACL_2022_Full_Papers.bib
Interpretability for Language Learners Using Example-Based Grammatical Error Correction,ACL_2022_Full_Papers.bib
Distantly Supervised Named Entity Recognition via Confidence-Based Multi-Class Positive and Unlabeled Learning,ACL_2022_Full_Papers.bib
{U}ni{X}coder: Unified Cross-Modal Pre-training for Code Representation,ACL_2022_Full_Papers.bib
"One Country, 700+ Languages: {NLP} Challenges for Underrepresented Languages and Dialects in {I}ndonesia",ACL_2022_Full_Papers.bib
Transkimmer: Transformer Learns to Layer-wise Skim,ACL_2022_Full_Papers.bib
{S}kip{BERT}: Efficient Inference with Shallow Layer Skipping,ACL_2022_Full_Papers.bib
Pretraining with Artificial Language: Studying Transferable Knowledge in Language Models,ACL_2022_Full_Papers.bib
m{LUKE}: {T}he Power of Entity Representations in Multilingual Pretrained Language Models,ACL_2022_Full_Papers.bib
Evaluating Factuality in Text Simplification,ACL_2022_Full_Papers.bib
Requirements and Motivations of Low-Resource Speech Synthesis for Language Revitalization,ACL_2022_Full_Papers.bib
Sharpness-Aware Minimization Improves Language Model Generalization,ACL_2022_Full_Papers.bib
Adversarial Authorship Attribution for Deobfuscation,ACL_2022_Full_Papers.bib
Weakly Supervised Word Segmentation for Computational Language Documentation,ACL_2022_Full_Papers.bib
{S}ci{NLI}: A Corpus for Natural Language Inference on Scientific Text,ACL_2022_Full_Papers.bib
Neural reality of argument structure constructions,ACL_2022_Full_Papers.bib
On the Robustness of Offensive Language Classifiers,ACL_2022_Full_Papers.bib
{ABC}: Attention with Bounded-memory Control,ACL_2022_Full_Papers.bib
The Dangers of Underclaiming: Reasons for Caution When Reporting How {NLP} Systems Fail,ACL_2022_Full_Papers.bib
{REL}i{C}: Retrieving Evidence for Literary Claims,ACL_2022_Full_Papers.bib
Analyzing Generalization of Vision and Language Navigation to Unseen Outdoor Areas,ACL_2022_Full_Papers.bib
An Imitation Learning Curriculum for Text Editing with Non-Autoregressive Models,ACL_2022_Full_Papers.bib
Memorisation versus Generalisation in Pre-trained Language Models,ACL_2022_Full_Papers.bib
{C}hat{M}atch: Evaluating Chatbots by Autonomous Chat Tournaments,ACL_2022_Full_Papers.bib
"Vision-and-Language Navigation: A Survey of Tasks, Methods, and Future Directions",ACL_2022_Full_Papers.bib
Learning to Generate Programs for Table Fact Verification via Structure-Aware Semantic Parsing,ACL_2022_Full_Papers.bib
Cluster {\&} Tune: {B}oost Cold Start Performance in Text Classification,ACL_2022_Full_Papers.bib
Overcoming a Theoretical Limitation of Self-Attention,ACL_2022_Full_Papers.bib
Prediction Difference Regularization against Perturbation for Neural Machine Translation,ACL_2022_Full_Papers.bib
Make the Best of Cross-lingual Transfer: Evidence from {POS} Tagging with over 100 Languages,ACL_2022_Full_Papers.bib
Should a Chatbot be Sarcastic? Understanding User Preferences Towards Sarcasm Generation,ACL_2022_Full_Papers.bib
How Do {S}eq2{S}eq Models Perform on End-to-End Data-to-Text Generation?,ACL_2022_Full_Papers.bib
Probing for Labeled Dependency Trees,ACL_2022_Full_Papers.bib
{D}o{C}o{G}en: {D}omain Counterfactual Generation for Low Resource Domain Adaptation,ACL_2022_Full_Papers.bib
{L}i{LT}: A Simple yet Effective Language-Independent Layout Transformer for Structured Document Understanding,ACL_2022_Full_Papers.bib
Dependency-based Mixture Language Models,ACL_2022_Full_Papers.bib
Can Unsupervised Knowledge Transfer from Social Discussions Help Argument Mining?,ACL_2022_Full_Papers.bib
Entity-based Neural Local Coherence Modeling,ACL_2022_Full_Papers.bib
``That Is a Suspicious Reaction!'': Interpreting Logits Variation to Detect {NLP} Adversarial Attacks,ACL_2022_Full_Papers.bib
"Local Languages, Third Spaces, and other High-Resource Scenarios",ACL_2022_Full_Papers.bib
That Slepen Al the Nyght with Open Ye! Cross-era Sequence Segmentation with Switch-memory,ACL_2022_Full_Papers.bib
Fair and Argumentative Language Modeling for Computational Argumentation,ACL_2022_Full_Papers.bib
Learning Adaptive Segmentation Policy for End-to-End Simultaneous Translation,ACL_2022_Full_Papers.bib
Can Pre-trained Language Models Interpret Similes as Smart as Human?,ACL_2022_Full_Papers.bib
{CBLUE}: A {C}hinese Biomedical Language Understanding Evaluation Benchmark,ACL_2022_Full_Papers.bib
Learning Non-Autoregressive Models from Search for Unsupervised Sentence Summarization,ACL_2022_Full_Papers.bib
Lexical Knowledge Internalization for Neural Dialog Generation,ACL_2022_Full_Papers.bib
Modeling Syntactic-Semantic Dependency Correlations in Semantic Role Labeling Using Mixture Models,ACL_2022_Full_Papers.bib
A Model-agnostic Data Manipulation Method for Persona-based Dialogue Generation,ACL_2022_Full_Papers.bib
{L}ink{BERT}: Pretraining Language Models with Document Links,ACL_2022_Full_Papers.bib
Improving Time Sensitivity for Question Answering over Temporal Knowledge Graphs,ACL_2022_Full_Papers.bib
Self-supervised Semantic-driven Phoneme Discovery for Zero-resource Speech Recognition,ACL_2022_Full_Papers.bib
Softmax Bottleneck Makes Language Models Unable to Represent Multi-mode Word Distributions,ACL_2022_Full_Papers.bib
Fantastically Ordered Prompts and Where to Find Them: Overcoming Few-Shot Prompt Order Sensitivity,ACL_2022_Full_Papers.bib
Situated Dialogue Learning through Procedural Environment Generation,ACL_2022_Full_Papers.bib
{U}ni{TE}: Unified Translation Evaluation,ACL_2022_Full_Papers.bib
Program Transfer for Answering Complex Questions over Knowledge Bases,ACL_2022_Full_Papers.bib
{EAG}: Extract and Generate Multi-way Aligned Corpus for Complete Multi-lingual Neural Machine Translation,ACL_2022_Full_Papers.bib
Using Context-to-Vector with Graph Retrofitting to Improve Word Embeddings,ACL_2022_Full_Papers.bib
Multimodal Sarcasm Target Identification in Tweets,ACL_2022_Full_Papers.bib
Flexible Generation from Fragmentary Linguistic Input,ACL_2022_Full_Papers.bib
Revisiting Over-Smoothness in Text to Speech,ACL_2022_Full_Papers.bib
Coherence boosting: When your pretrained language model is not paying enough attention,ACL_2022_Full_Papers.bib
Uncertainty Estimation of Transformer Predictions for Misclassification Detection,ACL_2022_Full_Papers.bib
{VALSE}: A Task-Independent Benchmark for Vision and Language Models Centered on Linguistic Phenomena,ACL_2022_Full_Papers.bib
The Grammar-Learning Trajectories of Neural Language Models,ACL_2022_Full_Papers.bib
Generating Scientific Definitions with Controllable Complexity,ACL_2022_Full_Papers.bib
Label Semantic Aware Pre-training for Few-shot Text Classification,ACL_2022_Full_Papers.bib
{ODE} Transformer: An Ordinary Differential Equation-Inspired Model for Sequence Generation,ACL_2022_Full_Papers.bib
A Comparison of Strategies for Source-Free Domain Adaptation,ACL_2022_Full_Papers.bib
Ethics Sheets for {AI} Tasks,ACL_2022_Full_Papers.bib
{latent-GLAT}: Glancing at Latent Variables for Parallel Text Generation,ACL_2022_Full_Papers.bib
{PPT}: Pre-trained Prompt Tuning for Few-shot Learning,ACL_2022_Full_Papers.bib
Deduplicating Training Data Makes Language Models Better,ACL_2022_Full_Papers.bib
Improving the Generalizability of Depression Detection by Leveraging Clinical Questionnaires,ACL_2022_Full_Papers.bib
{I}nternet-Augmented Dialogue Generation,ACL_2022_Full_Papers.bib
{SUPERB}-{SG}: Enhanced Speech processing Universal {PER}formance Benchmark for Semantic and Generative Capabilities,ACL_2022_Full_Papers.bib
Knowledge Neurons in Pretrained Transformers,ACL_2022_Full_Papers.bib
Meta-Learning for Fast Cross-Lingual Adaptation in Dependency Parsing,ACL_2022_Full_Papers.bib
Few-Shot Learning with {S}iamese Networks and Label Tuning,ACL_2022_Full_Papers.bib
Inferring Rewards from Language in Context,ACL_2022_Full_Papers.bib
Towards Better Characterization of Paraphrases,ACL_2022_Full_Papers.bib
{S}umm{S}creen: A Dataset for Abstractive Screenplay Summarization,ACL_2022_Full_Papers.bib
Sparsifying Transformer Models with Trainable Representation Pooling,ACL_2022_Full_Papers.bib
Uncertainty Determines the Adequacy of the Mode and the Tractability of Decoding in Sequence-to-Sequence Models,ACL_2022_Full_Papers.bib
{F}lip{DA}: Effective and Robust Data Augmentation for Few-Shot Learning,ACL_2022_Full_Papers.bib
Text-Free Prosody-Aware Generative Spoken Language Modeling,ACL_2022_Full_Papers.bib
Lite Unified Modeling for Discriminative Reading Comprehension,ACL_2022_Full_Papers.bib
End-to-End Modeling via Information Tree for One-Shot Natural Language Spatial Video Grounding,ACL_2022_Full_Papers.bib
{RNS}um: A Large-Scale Dataset for Automatic Release Note Generation via Commit Logs Summarization,ACL_2022_Full_Papers.bib
Improving Machine Reading Comprehension with Contextualized Commonsense Knowledge,ACL_2022_Full_Papers.bib
Modeling Persuasive Discourse to Adaptively Support Students' Argumentative Writing,ACL_2022_Full_Papers.bib
Active Evaluation: Efficient {NLG} Evaluation with Few Pairwise Comparisons,ACL_2022_Full_Papers.bib
The Moral Debater: A Study on the Computational Generation of Morally Framed Arguments,ACL_2022_Full_Papers.bib
Pyramid-{BERT}: Reducing Complexity via Successive Core-set based Token Selection,ACL_2022_Full_Papers.bib
Probing for the Usage of Grammatical Number,ACL_2022_Full_Papers.bib
Proceedings of the 63rd Annual Meeting of the Association for Computational Linguistics (Volume 1: Long Papers),ACL_2025_Full_Papers.bib
{E}com{S}cript{B}ench: A Multi-task Benchmark for {E}-commerce Script Planning via Step-wise Intention-Driven Product Association,ACL_2025_Full_Papers.bib
{G}raph{N}arrator: Generating Textual Explanations for Graph Neural Networks,ACL_2025_Full_Papers.bib
The Impossibility of Fair {LLM}s,ACL_2025_Full_Papers.bib
Bias in Language Models: Beyond Trick Tests and Towards {RUTE}d Evaluation,ACL_2025_Full_Papers.bib
Sliding Windows Are Not the End: Exploring Full Ranking with Long-Context Large Language Models,ACL_2025_Full_Papers.bib
The Impact of Auxiliary Patient Data on Automated Chest {X}-Ray Report Generation and How to Incorporate It,ACL_2025_Full_Papers.bib
{CLEME}2.0: Towards Interpretable Evaluation by Disentangling Edits for Grammatical Error Correction,ACL_2025_Full_Papers.bib
{S}truc{T}ext-Eval: Evaluating Large Language Model{'}s Reasoning Ability in Structure-Rich Text,ACL_2025_Full_Papers.bib
Literature Meets Data: A Synergistic Approach to Hypothesis Generation,ACL_2025_Full_Papers.bib
{GAPO}: Learning Preferential Prompt through Generative Adversarial Policy Optimization,ACL_2025_Full_Papers.bib
Tree-of-Evolution: Tree-Structured Instruction Evolution for Code Generation in Large Language Models,ACL_2025_Full_Papers.bib
Delving into Multilingual Ethical Bias: The {MSQAD} with Statistical Hypothesis Tests for Large Language Models,ACL_2025_Full_Papers.bib
{R}e{SCORE}: Label-free Iterative Retriever Training for Multi-hop Question Answering with Relevance-Consistency Supervision,ACL_2025_Full_Papers.bib
{FACT}-{AUDIT}: An Adaptive Multi-Agent Framework for Dynamic Fact-Checking Evaluation of Large Language Models,ACL_2025_Full_Papers.bib
Statistical Deficiency for Task Inclusion Estimation,ACL_2025_Full_Papers.bib
Towards Robust and Efficient Federated Low-Rank Adaptation with Heterogeneous Clients,ACL_2025_Full_Papers.bib
{LLM}-Powered Test Case Generation for Detecting Bugs in Plausible Programs,ACL_2025_Full_Papers.bib
Capture the Key in Reasoning to Enhance {C}o{T} Distillation Generalization,ACL_2025_Full_Papers.bib
"How to Enable Effective Cooperation Between Humans and {NLP} Models: A Survey of Principles, Formalizations, and Beyond",ACL_2025_Full_Papers.bib
Enhancing Hyperbole and Metaphor Detection with Their Bidirectional Dynamic Interaction and Emotion Knowledge,ACL_2025_Full_Papers.bib
"{U}ni{ICL}: An Efficient {ICL} Framework Unifying Compression, Selection, and Generation",ACL_2025_Full_Papers.bib
{B}elarusian{GLUE}: Towards a Natural Language Understanding Benchmark for {B}elarusian,ACL_2025_Full_Papers.bib
A Survey on Foundation Language Models for Single-cell Biology,ACL_2025_Full_Papers.bib
{R}ule{A}rena: A Benchmark for Rule-Guided Reasoning with {LLM}s in Real-World Scenarios,ACL_2025_Full_Papers.bib
Extending {LLM} Context Window with Adaptive Grouped Positional Encoding: A Training-Free Method,ACL_2025_Full_Papers.bib
Semantic Exploration with Adaptive Gating for Efficient Problem Solving with Language Models,ACL_2025_Full_Papers.bib
{H}otel{M}atch-{LLM}: Joint Multi-Task Training of Small and Large Language Models for Efficient Multimodal Hotel Retrieval,ACL_2025_Full_Papers.bib
Can Multimodal Large Language Models Understand Spatial Relations?,ACL_2025_Full_Papers.bib
$S^3$ - Semantic Signal Separation,ACL_2025_Full_Papers.bib
{T}rim{LLM}: Progressive Layer Dropping for Domain-Specific {LLM}s,ACL_2025_Full_Papers.bib
{J}u{S}t{R}ank: Benchmarking {LLM} Judges for System Ranking,ACL_2025_Full_Papers.bib
{M}ulti{S}ocial: Multilingual Benchmark of Machine-Generated Text Detection of Social-Media Texts,ACL_2025_Full_Papers.bib
Efficient and Accurate Prompt Optimization: the Benefit of Memory in Exemplar-Guided Reflection,ACL_2025_Full_Papers.bib
Evaluation of {LLM} Vulnerabilities to Being Misused for Personalized Disinformation Generation,ACL_2025_Full_Papers.bib
{E}scape{B}ench: Towards Advancing Creative Intelligence of Language Model Agents,ACL_2025_Full_Papers.bib
{BPP}-Search: Enhancing Tree of Thought Reasoning for Mathematical Modeling Problem Solving,ACL_2025_Full_Papers.bib
{LACA}: Improving Cross-lingual Aspect-Based Sentiment Analysis with {LLM} Data Augmentation,ACL_2025_Full_Papers.bib
{H}yb{GRAG}: Hybrid Retrieval-Augmented Generation on Textual and Relational Knowledge Bases,ACL_2025_Full_Papers.bib
Re-ranking Using Large Language Models for Mitigating Exposure to Harmful Content on Social Media Platforms,ACL_2025_Full_Papers.bib
Aligning {AI} Research with the Needs of Clinical Coding Workflows: Eight Recommendations Based on {US} Data Analysis and Critical Review,ACL_2025_Full_Papers.bib
{MIND}: A Multi-agent Framework for Zero-shot Harmful Meme Detection,ACL_2025_Full_Papers.bib
{E}vo{W}iki: Evaluating {LLM}s on Evolving Knowledge,ACL_2025_Full_Papers.bib
Rethinking Repetition Problems of {LLM}s in Code Generation,ACL_2025_Full_Papers.bib
{P}unch{B}ench: Benchmarking {MLLM}s in Multimodal Punchline Comprehension,ACL_2025_Full_Papers.bib
{P}rocess{B}ench: Identifying Process Errors in Mathematical Reasoning,ACL_2025_Full_Papers.bib
Model Extrapolation Expedites Alignment,ACL_2025_Full_Papers.bib
{ATLANTIS}: Weak-to-Strong Learning via Importance Sampling,ACL_2025_Full_Papers.bib
{MPVS}tance: Mitigating Hallucinations in Stance Detection with Multi-Perspective Verification,ACL_2025_Full_Papers.bib
Personality-Guided Code Generation Using Large Language Models,ACL_2025_Full_Papers.bib
{P}sy{DT}: Using {LLM}s to Construct the Digital Twin of Psychological Counselor with Personalized Counseling Style for Psychological Counseling,ACL_2025_Full_Papers.bib
{BIP}ro: Zero-shot {C}hinese Poem Generation via Block Inverse Prompting Constrained Generation Framework,ACL_2025_Full_Papers.bib
"{L}ong{D}oc{URL}: a Comprehensive Multimodal Long Document Benchmark Integrating Understanding, Reasoning, and Locating",ACL_2025_Full_Papers.bib
{O}bfus{LM}: Privacy-preserving Language Model Service against Embedding Inversion Attacks,ACL_2025_Full_Papers.bib
Interlocking-free Selective Rationalization Through Genetic-based Learning,ACL_2025_Full_Papers.bib
Re-identification of De-identified Documents with Autoregressive Infilling,ACL_2025_Full_Papers.bib
Modeling Uncertainty in Composed Image Retrieval via Probabilistic Embeddings,ACL_2025_Full_Papers.bib
Untie the Knots: An Efficient Data Augmentation Strategy for Long-Context Pre-Training in Language Models,ACL_2025_Full_Papers.bib
{APPL}: A Prompt Programming Language for Harmonious Integration of Programs and Large Language Model Prompts,ACL_2025_Full_Papers.bib
Evaluating Lexical Proficiency in Neural Language Models,ACL_2025_Full_Papers.bib
Autoregressive Speech Synthesis without Vector Quantization,ACL_2025_Full_Papers.bib
Cuckoo: An {IE} Free Rider Hatched by Massive Nutrition in {LLM}{'}s Nest,ACL_2025_Full_Papers.bib
{F}ed{E}x-{L}o{RA}: Exact Aggregation for Federated and Efficient Fine-Tuning of Large Language Models,ACL_2025_Full_Papers.bib
Measuring Social Biases in Masked Language Models by Proxy of Prediction Quality,ACL_2025_Full_Papers.bib
Capturing Author Self Beliefs in Social Media Language,ACL_2025_Full_Papers.bib
Neural Topic Modeling with Large Language Models in the Loop,ACL_2025_Full_Papers.bib
{HAL}o{GEN}: Fantastic {LLM} Hallucinations and Where to Find Them,ACL_2025_Full_Papers.bib
Synergizing {LLM}s with Global Label Propagation for Multimodal Fake News Detection,ACL_2025_Full_Papers.bib
"``Yes, My {L}o{RD}.'' Guiding Language Model Extraction with Locality Reinforced Distillation",ACL_2025_Full_Papers.bib
Jailbreak Large Vision-Language Models Through Multi-Modal Linkage,ACL_2025_Full_Papers.bib
The Hidden Attention of Mamba Models,ACL_2025_Full_Papers.bib
{KV}-Latent: Dimensional-level {KV} Cache Reduction with Frequency-aware Rotary Positional Embedding,ACL_2025_Full_Papers.bib
{LEANCODE}: Understanding Models Better for Code Simplification of Pre-trained Large Language Models,ACL_2025_Full_Papers.bib
{MARS}: Benchmarking the Metaphysical Reasoning Abilities of Language Models with a Multi-task Evaluation Dataset,ACL_2025_Full_Papers.bib
Ask-Before-Detection: Identifying and Mitigating Conformity Bias in {LLM}-Powered Error Detector for Math Word Problem Solutions,ACL_2025_Full_Papers.bib
Real-time Factuality Assessment from Adversarial Feedback,ACL_2025_Full_Papers.bib
On the Mutual Influence of Gender and Occupation in {LLM} Representations,ACL_2025_Full_Papers.bib
Disentangling Memory and Reasoning Ability in Large Language Models,ACL_2025_Full_Papers.bib
Normalized {AOPC}: Fixing Misleading Faithfulness Metrics for Feature Attributions Explainability,ACL_2025_Full_Papers.bib
Takin-{VC}: Expressive Zero-Shot Voice Conversion via Adaptive Hybrid Content Encoding and Enhanced Timbre Modeling,ACL_2025_Full_Papers.bib
{L}ang{SAMP}: Language-Script Aware Multilingual Pretraining,ACL_2025_Full_Papers.bib
{R}elational{C}oder: Rethinking Complex Tables via Programmatic Relational Transformation,ACL_2025_Full_Papers.bib
Algorithmic Fidelity of Large Language Models in Generating Synthetic {G}erman Public Opinions: A Case Study,ACL_2025_Full_Papers.bib
{TUNA}: Comprehensive Fine-grained Temporal Understanding Evaluation on Dense Dynamic Videos,ACL_2025_Full_Papers.bib
Self-Instructed Derived Prompt Generation Meets In-Context Learning: Unlocking New Potential of Black-Box {LLM}s,ACL_2025_Full_Papers.bib
{U}n{S}een{T}ime{QA}: Time-Sensitive Question-Answering Beyond {LLM}s' Memorization,ACL_2025_Full_Papers.bib
From Information to Insight: Leveraging {LLM}s for Open Aspect-Based Educational Summarization,ACL_2025_Full_Papers.bib
"{A}fri{M}ed-{QA}: A Pan-{A}frican, Multi-Specialty, Medical Question-Answering Benchmark Dataset",ACL_2025_Full_Papers.bib
Root Defense Strategies: Ensuring Safety of {LLM} at the Decoding Level,ACL_2025_Full_Papers.bib
In-the-wild Audio Spatialization with Flexible Text-guided Localization,ACL_2025_Full_Papers.bib
{L}4{Q}: Parameter Efficient Quantization-Aware Fine-Tuning on Large Language Models,ACL_2025_Full_Papers.bib
Second Language ({A}rabic) Acquisition of {LLM}s via Progressive Vocabulary Expansion,ACL_2025_Full_Papers.bib
What Really Matters in Many-Shot Attacks? An Empirical Study of Long-Context Vulnerabilities in {LLM}s,ACL_2025_Full_Papers.bib
{ECERC}: Evidence-Cause Attention Network for Multi-Modal Emotion Recognition in Conversation,ACL_2025_Full_Papers.bib
{C}ompile{A}gent: Automated Real-World Repo-Level Compilation with Tool-Integrated {LLM}-based Agent System,ACL_2025_Full_Papers.bib
Exploring Forgetting in Large Language Model Pre-Training,ACL_2025_Full_Papers.bib
Bias in the Mirror : Are {LLM}s opinions robust to their own adversarial attacks,ACL_2025_Full_Papers.bib
{A}ndroid{L}ab: Training and Systematic Benchmarking of Android Autonomous Agents,ACL_2025_Full_Papers.bib
Multimodal Transformers are Hierarchical Modal-wise Heterogeneous Graphs,ACL_2025_Full_Papers.bib
Have We Designed Generalizable Structural Knowledge Promptings? Systematic Evaluation and Rethinking,ACL_2025_Full_Papers.bib
"{LL}{\""a}{M}mlein: Transparent, Compact and Competitive {G}erman-Only Language Models from Scratch",ACL_2025_Full_Papers.bib
Speaking Beyond Language: A Large-Scale Multimodal Dataset for Learning Nonverbal Cues from Video-Grounded Dialogues,ACL_2025_Full_Papers.bib
How Much Do Encoder Models Know About Word Senses?,ACL_2025_Full_Papers.bib
When Backdoors Speak: Understanding {LLM} Backdoor Attacks Through Model-Generated Explanations,ACL_2025_Full_Papers.bib
{H}ate{D}ay: Insights from a Global Hate Speech Dataset Representative of a Day on {T}witter,ACL_2025_Full_Papers.bib
{L}egal{A}gent{B}ench: Evaluating {LLM} Agents in Legal Domain,ACL_2025_Full_Papers.bib
Inference Compute-Optimal Video Vision Language Models,ACL_2025_Full_Papers.bib
Steering into New Embedding Spaces: Analyzing Cross-Lingual Alignment Induced by Model Interventions in Multilingual Language Models,ACL_2025_Full_Papers.bib
Digital Gatekeepers: {G}oogle{'}s Role in Curating Hashtags and Subreddits,ACL_2025_Full_Papers.bib
Behind Closed Words: Creating and Investigating the fore{PL}ay Annotated Dataset for {P}olish Erotic Discourse,ACL_2025_Full_Papers.bib
Assessment and manipulation of latent constructs in pre-trained language models using psychometric scales,ACL_2025_Full_Papers.bib
Did Translation Models Get More Robust Without Anyone {E}ven Noticing?,ACL_2025_Full_Papers.bib
Nemotron-{CC}: Transforming {C}ommon {C}rawl into a Refined Long-Horizon Pretraining Dataset,ACL_2025_Full_Papers.bib
Hierarchical Level-Wise News Article Clustering via Multilingual Matryoshka Embeddings,ACL_2025_Full_Papers.bib
Contrastive Perplexity for Controlled Generation: An Application in Detoxifying Large Language Models,ACL_2025_Full_Papers.bib
{INVESTORBENCH}: A Benchmark for Financial Decision-Making Tasks with {LLM}-based Agent,ACL_2025_Full_Papers.bib
"Smarter, Better, Faster, Longer: A Modern Bidirectional Encoder for Fast, Memory Efficient, and Long Context Finetuning and Inference",ACL_2025_Full_Papers.bib
Gender Inclusivity Fairness Index ({GIFI}): A Multilevel Framework for Evaluating Gender Diversity in Large Language Models,ACL_2025_Full_Papers.bib
{D}.{V}a: Validate Your Demonstration First Before You Use It,ACL_2025_Full_Papers.bib
Are Any-to-Any Models More Consistent Across Modality Transfers Than Specialists?,ACL_2025_Full_Papers.bib
{MAIN}-{RAG}: Multi-Agent Filtering Retrieval-Augmented Generation,ACL_2025_Full_Papers.bib
Unraveling the Mechanics of Learning-Based Demonstration Selection for In-Context Learning,ACL_2025_Full_Papers.bib
Direct Prompt Optimization with Continuous Representations,ACL_2025_Full_Papers.bib
u{M}ed{S}um: A Unified Framework for Clinical Abstractive Summarization,ACL_2025_Full_Papers.bib
"{G}iga{S}peech 2: An Evolving, Large-Scale and Multi-domain {ASR} Corpus for Low-Resource Languages with Automated Crawling, Transcription and Refinement",ACL_2025_Full_Papers.bib
Context-Aware Sentiment Forecasting via {LLM}-based Multi-Perspective Role-Playing Agents,ACL_2025_Full_Papers.bib
{TARGA}: Targeted Synthetic Data Generation for Practical Reasoning over Structured Data,ACL_2025_Full_Papers.bib
A Survey of Post-Training Scaling in Large Language Models,ACL_2025_Full_Papers.bib
Position-aware Automatic Circuit Discovery,ACL_2025_Full_Papers.bib
{H}yper{FM}: Fact-Centric Multimodal Fusion for Link Prediction over Hyper-Relational Knowledge Graphs,ACL_2025_Full_Papers.bib
Centurio: On Drivers of Multilingual Ability of Large Vision-Language Model,ACL_2025_Full_Papers.bib
Less for More: Enhanced Feedback-aligned Mixed {LLM}s for Molecule Caption Generation and Fine-Grained {NLI} Evaluation,ACL_2025_Full_Papers.bib
Ensemble Watermarks for Large Language Models,ACL_2025_Full_Papers.bib
{D}io{R}: Adaptive Cognitive Detection and Contextual Retrieval Optimization for Dynamic Retrieval-Augmented Generation,ACL_2025_Full_Papers.bib
Unveiling the Power of Source: Source-based Minimum {B}ayes Risk Decoding for Neural Machine Translation,ACL_2025_Full_Papers.bib
{T}ool{H}op: A Query-Driven Benchmark for Evaluating Large Language Models in Multi-Hop Tool Use,ACL_2025_Full_Papers.bib
Mixture of insigh{T}ful Experts ({M}o{TE}): The Synergy of Reasoning Chains and Expert Mixtures in Self-Alignment,ACL_2025_Full_Papers.bib
{MAPS}: Motivation-Aware Personalized Search via {LLM}-Driven Consultation Alignment,ACL_2025_Full_Papers.bib
Aristotle: Mastering Logical Reasoning with A Logic-Complete Decompose-Search-Resolve Framework,ACL_2025_Full_Papers.bib
{LADM}: Long-context Training Data Selection with Attention-based Dependency Measurement for {LLM}s,ACL_2025_Full_Papers.bib
Iron Sharpens Iron: Defending Against Attacks in Machine-Generated Text Detection with Adversarial Training,ACL_2025_Full_Papers.bib
Cultural Learning-Based Culture Adaptation of Language Models,ACL_2025_Full_Papers.bib
A-{TASC}: {A}sian {TED}-Based Automatic Subtitling Corpus,ACL_2025_Full_Papers.bib
"No Questions are Stupid, but some are Poorly Posed: Understanding Poorly-Posed Information-Seeking Questions",ACL_2025_Full_Papers.bib
Understanding Common Ground Misalignment in Goal-Oriented Dialog: A Case-Study with {U}buntu Chat Logs,ACL_2025_Full_Papers.bib
Addressing Blind Guessing: Calibration of Selection Bias in Multiple-Choice Question Answering by Video Language Models,ACL_2025_Full_Papers.bib
Taming {LLM}s with Gradient Grouping,ACL_2025_Full_Papers.bib
{L}azy{R}eview: A Dataset for Uncovering Lazy Thinking in {NLP} Peer Reviews,ACL_2025_Full_Papers.bib
Revisiting Common Assumptions about {A}rabic Dialects in {NLP},ACL_2025_Full_Papers.bib
Retrieve to Explain: Evidence-driven Predictions for Explainable Drug Target Identification,ACL_2025_Full_Papers.bib
Whose Boat Does it Float? Improving Personalization in Preference Tuning via Inferred User Personas,ACL_2025_Full_Papers.bib
Which of These Best Describes Multiple Choice Evaluation with {LLM}s? A) Forced {B}) Flawed {C}) Fixable {D}) All of the Above,ACL_2025_Full_Papers.bib
Detection of Human and Machine-Authored Fake News in {U}rdu,ACL_2025_Full_Papers.bib
An Efficient Task-Oriented Dialogue Policy: Evolutionary Reinforcement Learning Injected by Elite Individuals,ACL_2025_Full_Papers.bib
{SR}-{LLM}: Rethinking the Structured Representation in Large Language Model,ACL_2025_Full_Papers.bib
Taming Language Models for Text-attributed Graph Learning with Decoupled Aggregation,ACL_2025_Full_Papers.bib
Contrastive Prompting Enhances Sentence Embeddings in {LLM}s through Inference-Time Steering,ACL_2025_Full_Papers.bib
Cracking the Code of Hallucination in {LVLM}s with Vision-aware Head Divergence,ACL_2025_Full_Papers.bib
Hierarchical Document Refinement for Long-context Retrieval-augmented Generation,ACL_2025_Full_Papers.bib
Comparing Moral Values in {W}estern {E}nglish-speaking societies and {LLM}s with Word Associations,ACL_2025_Full_Papers.bib
{TEACH}: A Contrastive Knowledge Adaptive Distillation Framework for Classical {C}hinese Understanding,ACL_2025_Full_Papers.bib
{RAG}-Critic: Leveraging Automated Critic-Guided Agentic Workflow for Retrieval Augmented Generation,ACL_2025_Full_Papers.bib
Progressive Multimodal Reasoning via Active Retrieval,ACL_2025_Full_Papers.bib
Pre-training Distillation for Large Language Models: A Design Space Exploration,ACL_2025_Full_Papers.bib
Teaching Vision-Language Models to Ask: Resolving Ambiguity in Visual Questions,ACL_2025_Full_Papers.bib
{L}ong{B}ench v2: Towards Deeper Understanding and Reasoning on Realistic Long-context Multitasks,ACL_2025_Full_Papers.bib
Battling against Tough Resister: Strategy Planning with Adversarial Game for Non-collaborative Dialogues,ACL_2025_Full_Papers.bib
Cross-model Transferability among Large Language Models on the Platonic Representations of Concepts,ACL_2025_Full_Papers.bib
{F}old{M}o{E}: Efficient Long Sequence {M}o{E} Training via Attention-{M}o{E} Pipelining,ACL_2025_Full_Papers.bib
{L}ong{R}eward: Improving Long-context Large Language Models with {AI} Feedback,ACL_2025_Full_Papers.bib
"Influences on {LLM} Calibration: A Study of Response Agreement, Loss Functions, and Prompt Styles",ACL_2025_Full_Papers.bib
{UTB}oost: Rigorous Evaluation of Coding Agents on {SWE}-Bench,ACL_2025_Full_Papers.bib
Towards Better Evaluation for Generated Patent Claims,ACL_2025_Full_Papers.bib
Fine-Tuning on Diverse Reasoning Chains Drives Within-Inference {C}o{T} Refinement in {LLM}s,ACL_2025_Full_Papers.bib
Establishing Trustworthy {LLM} Evaluation via Shortcut Neuron Analysis,ACL_2025_Full_Papers.bib
Do Large Language Models have an {E}nglish Accent? Evaluating and Improving the Naturalness of Multilingual {LLM}s,ACL_2025_Full_Papers.bib
Enhancing Character-Level Understanding in {LLM}s through Token Internal Structure Learning,ACL_2025_Full_Papers.bib
Conformity in Large Language Models,ACL_2025_Full_Papers.bib
Interpret and Improve In-Context Learning via the Lens of Input-Label Mappings,ACL_2025_Full_Papers.bib
Positional Overload: Positional Debiasing and Context Window Extension for Large Language Models using Set Encoding,ACL_2025_Full_Papers.bib
{FR}-Spec: Accelerating Large-Vocabulary Language Models via Frequency-Ranked Speculative Sampling,ACL_2025_Full_Papers.bib
{VR}e{ST}: Enhancing Reasoning in Large Vision-Language Models through Tree Search and Self-Reward Mechanism,ACL_2025_Full_Papers.bib
Past Meets Present: Creating Historical Analogy with Large Language Models,ACL_2025_Full_Papers.bib
Meta-Reflection: A Feedback-Free Reflection Learning Framework,ACL_2025_Full_Papers.bib
Read it in Two Steps: Translating Extremely Low-Resource Languages with Code-Augmented Grammar Books,ACL_2025_Full_Papers.bib
Confidence v.s. Critique: A Decomposition of Self-Correction Capability for {LLM}s,ACL_2025_Full_Papers.bib
"Automating Legal Interpretation with {LLM}s: Retrieval, Generation, and Evaluation",ACL_2025_Full_Papers.bib
Visual Evidence Prompting Mitigates Hallucinations in Large Vision-Language Models,ACL_2025_Full_Papers.bib
Leveraging Dual Process Theory in Language Agent Framework for Real-time Simultaneous Human-{AI} Collaboration,ACL_2025_Full_Papers.bib
{T}ok{A}lign: Efficient Vocabulary Adaptation via Token Alignment,ACL_2025_Full_Papers.bib
{A}da{E}dit: Advancing Continuous Knowledge Editing For Large Language Models,ACL_2025_Full_Papers.bib
The Impact of Token Granularity on the Predictive Power of Language Model Surprisal,ACL_2025_Full_Papers.bib
Segment-Level Diffusion: A Framework for Controllable Long-Form Generation with Diffusion Language Models,ACL_2025_Full_Papers.bib
{BELLE}: A Bi-Level Multi-Agent Reasoning Framework for Multi-Hop Question Answering,ACL_2025_Full_Papers.bib
Dynamic and Generalizable Process Reward Modeling,ACL_2025_Full_Papers.bib
{A}dam{M}eme: Adaptively Probe the Reasoning Capacity of Multimodal Large Language Models on Harmfulness,ACL_2025_Full_Papers.bib
Towards Text-Image Interleaved Retrieval,ACL_2025_Full_Papers.bib
Large Margin Representation Learning for Robust Cross-lingual Named Entity Recognition,ACL_2025_Full_Papers.bib
An Efficient and Precise Training Data Construction Framework for Process-supervised Reward Model in Mathematical Reasoning,ACL_2025_Full_Papers.bib
Game Development as Human-{LLM} Interaction,ACL_2025_Full_Papers.bib
Can {LLM}s Simulate {L}2-{E}nglish Dialogue? An Information-Theoretic Analysis of {L}1-Dependent Biases,ACL_2025_Full_Papers.bib
{D}eep{S}olution: Boosting Complex Engineering Solution Design via Tree-based Exploration and Bi-point Thinking,ACL_2025_Full_Papers.bib
{S}urvey{P}ilot: an Agentic Framework for Automated Human Opinion Collection from Social Media,ACL_2025_Full_Papers.bib
Sharper and Faster mean Better: Towards More Efficient Vision-Language Model for Hour-scale Long Video Understanding,ACL_2025_Full_Papers.bib
Auto-Arena: Automating {LLM} Evaluations with Agent Peer Battles and Committee Discussions,ACL_2025_Full_Papers.bib
How Humans and {LLM}s Organize Conceptual Knowledge: Exploring Subordinate Categories in {I}talian,ACL_2025_Full_Papers.bib
{PTQ}1.61: Push the Real Limit of Extremely Low-Bit Post-Training Quantization Methods for Large Language Models,ACL_2025_Full_Papers.bib
{P}roto{L}ens: Advancing Prototype Learning for Fine-Grained Interpretability in Text Classification,ACL_2025_Full_Papers.bib
Sparse Latents Steer Retrieval-Augmented Generation,ACL_2025_Full_Papers.bib
Unveiling Language-Specific Features in Large Language Models via Sparse Autoencoders,ACL_2025_Full_Papers.bib
{S}afe{RAG}: Benchmarking Security in Retrieval-Augmented Generation of Large Language Model,ACL_2025_Full_Papers.bib
{A}n{R}e: Analogical Replay for Temporal Knowledge Graph Forecasting,ACL_2025_Full_Papers.bib
Revisiting the Test-Time Scaling of o1-like Models: Do they Truly Possess Test-Time Scaling Capabilities?,ACL_2025_Full_Papers.bib
Text is All You Need: {LLM}-enhanced Incremental Social Event Detection,ACL_2025_Full_Papers.bib
Multimodal Pragmatic Jailbreak on Text-to-image Models,ACL_2025_Full_Papers.bib
Principled Understanding of Generalization for Generative Transformer Models in Arithmetic Reasoning Tasks,ACL_2025_Full_Papers.bib
Discourse Relation-Enhanced Neural Coherence Modeling,ACL_2025_Full_Papers.bib
Benchmarking Open-ended Audio Dialogue Understanding for Large Audio-Language Models,ACL_2025_Full_Papers.bib
from Benign import Toxic: Jailbreaking the Language Model via Adversarial Metaphors,ACL_2025_Full_Papers.bib
{S}hif{C}on: Enhancing Non-Dominant Language Capabilities with a Shift-based Multilingual Contrastive Framework,ACL_2025_Full_Papers.bib
{M}orph{M}ark: Flexible Adaptive Watermarking for Large Language Models,ACL_2025_Full_Papers.bib
A Silver Bullet or a Compromise for Full Attention? A Comprehensive Study of Gist Token-based Context Compression,ACL_2025_Full_Papers.bib
On the Limit of Language Models as Planning Formalizers,ACL_2025_Full_Papers.bib
Learning to Generate Structured Output with Schema Reinforcement Learning,ACL_2025_Full_Papers.bib
Enhancing Unsupervised Sentence Embeddings via Knowledge-Driven Data Augmentation and {G}aussian-Decayed Contrastive Learning,ACL_2025_Full_Papers.bib
Improve Safety Training of Large Language Models with Safety-Critical Singular Vectors Localization,ACL_2025_Full_Papers.bib
A Triple-View Framework for Fine-Grained Emotion Classification with Clustering-Guided Contrastive Learning,ACL_2025_Full_Papers.bib
Quantification of Large Language Model Distillation,ACL_2025_Full_Papers.bib
Demons in the Detail: On Implementing Load Balancing Loss for Training Specialized Mixture-of-Expert Models,ACL_2025_Full_Papers.bib
Pandora{'}s Box or Aladdin{'}s Lamp: A Comprehensive Analysis Revealing the Role of {RAG} Noise in Large Language Models,ACL_2025_Full_Papers.bib
Stepwise Reasoning Disruption Attack of {LLM}s,ACL_2025_Full_Papers.bib
Lost in Multilinguality: Dissecting Cross-lingual Factual Inconsistency in Transformer Language Models,ACL_2025_Full_Papers.bib
Optimizing Decomposition for Optimal Claim Verification,ACL_2025_Full_Papers.bib
{G}rad{OT}: Training-free Gradient-preserving Offsite-tuning for Large Language Models,ACL_2025_Full_Papers.bib
Knowledge Boundary of Large Language Models: A Survey,ACL_2025_Full_Papers.bib
Mitigating Visual Forgetting via Take-along Visual Conditioning for Multi-modal Long {C}o{T} Reasoning,ACL_2025_Full_Papers.bib
{M}o{C}: Mixtures of Text Chunking Learners for Retrieval-Augmented Generation System,ACL_2025_Full_Papers.bib
Mitigating Selection Bias with Node Pruning and Auxiliary Options,ACL_2025_Full_Papers.bib
Learning to Reason from Feedback at Test-Time,ACL_2025_Full_Papers.bib
$\textit{L-CiteEval}$: A Suite for Evaluating Fidelity of Long-context Models,ACL_2025_Full_Papers.bib
$SECRET$: Semi-supervised Clinical Trial Document Similarity Search,ACL_2025_Full_Papers.bib
Geometric Signatures of Compositionality Across a Language Model{'}s Lifetime,ACL_2025_Full_Papers.bib
Pattern Recognition or Medical Knowledge? The Problem with Multiple-Choice Questions in Medicine,ACL_2025_Full_Papers.bib
People who frequently use {C}hat{GPT} for writing tasks are accurate and robust detectors of {AI}-generated text,ACL_2025_Full_Papers.bib
{Y}u{L}an-Mini: Pushing the Limits of Open Data-efficient Language Model,ACL_2025_Full_Papers.bib
Bridging the Language Gaps in Large Language Models with Inference-Time Cross-Lingual Intervention,ACL_2025_Full_Papers.bib
Plug-in and Fine-tuning: Bridging the Gap between Small Language Models and Large Language Models,ACL_2025_Full_Papers.bib
"What is Stigma Attributed to? A Theory-Grounded, Expert-Annotated Interview Corpus for Demystifying Mental-Health Stigma",ACL_2025_Full_Papers.bib
{ATRI}: Mitigating Multilingual Audio Text Retrieval Inconsistencies by Reducing Data Distribution Errors,ACL_2025_Full_Papers.bib
Enhancing Transformers for Generalizable First-Order Logical Entailment,ACL_2025_Full_Papers.bib
Hallucination Detox: Sensitivity Dropout ({S}en{D}) for Large Language Model Training,ACL_2025_Full_Papers.bib
{OS}-Genesis: Automating {GUI} Agent Trajectory Construction via Reverse Task Synthesis,ACL_2025_Full_Papers.bib
{CORAL}: Learning Consistent Representations across Multi-step Training with Lighter Speculative Drafter,ACL_2025_Full_Papers.bib
{C}on{S}im: Measuring Concept-Based Explanations' Effectiveness with Automated Simulatability,ACL_2025_Full_Papers.bib
Decoding Reading Goals from Eye Movements,ACL_2025_Full_Papers.bib
Uncovering Visual-Semantic Psycholinguistic Properties from the Distributional Structure of Text Embedding Space,ACL_2025_Full_Papers.bib
{GUI}-explorer: Autonomous Exploration and Mining of Transition-aware Knowledge for {GUI} Agent,ACL_2025_Full_Papers.bib
P$^2$ Law: Scaling Law for Post-Training After Model Pruning,ACL_2025_Full_Papers.bib
Entailment-Preserving First-order Logic Representations in Natural Language Entailment,ACL_2025_Full_Papers.bib
Enhancing Automated Interpretability with Output-Centric Feature Descriptions,ACL_2025_Full_Papers.bib
Towards Effective and Efficient Continual Pre-training of Large Language Models,ACL_2025_Full_Papers.bib
Efficient Universal Goal Hijacking with Semantics-guided Prompt Organization,ACL_2025_Full_Papers.bib
m{PLUG}-{D}oc{O}wl2: High-resolution Compressing for {OCR}-free Multi-page Document Understanding,ACL_2025_Full_Papers.bib
What Makes a Good Natural Language Prompt?,ACL_2025_Full_Papers.bib
{X}-{TURING}: Towards an Enhanced and Efficient {T}uring Test for Long-Term Dialogue Agents,ACL_2025_Full_Papers.bib
Are Rules Meant to be Broken? Understanding Multilingual Moral Reasoning as a Computational Pipeline with {U}ni{M}oral,ACL_2025_Full_Papers.bib
Modality-Aware Neuron Pruning for Unlearning in Multimodal Large Language Models,ACL_2025_Full_Papers.bib
{NGQA}: A Nutritional Graph Question Answering Benchmark for Personalized Health-aware Nutritional Reasoning,ACL_2025_Full_Papers.bib
{R}e{L}earn: Unlearning via Learning for Large Language Models,ACL_2025_Full_Papers.bib
{UA}lign: Leveraging Uncertainty Estimations for Factuality Alignment on Large Language Models,ACL_2025_Full_Papers.bib
{C}o{T}-Valve: Length-Compressible Chain-of-Thought Tuning,ACL_2025_Full_Papers.bib
{H}o{H}: A Dynamic Benchmark for Evaluating the Impact of Outdated Information on Retrieval-Augmented Generation,ACL_2025_Full_Papers.bib
Uncertainty Propagation on {LLM} Agent,ACL_2025_Full_Papers.bib
Beyond Position: the emergence of wavelet-like properties in Transformers,ACL_2025_Full_Papers.bib
Are the Hidden States Hiding Something? Testing the Limits of Factuality-Encoding Capabilities in {LLM}s,ACL_2025_Full_Papers.bib
Disentangling Biased Knowledge from Reasoning in Large Language Models via Machine Unlearning,ACL_2025_Full_Papers.bib
{LL}a{MA}s Have Feelings Too: Unveiling Sentiment and Emotion Representations in {LL}a{MA} Models Through Probing,ACL_2025_Full_Papers.bib
{C}x{GGEC}: Construction-Guided Grammatical Error Correction,ACL_2025_Full_Papers.bib
Beyond Sequences: Two-dimensional Representation and Dependency Encoding for Code Generation,ACL_2025_Full_Papers.bib
{HD}-{NDE}s: Neural Differential Equations for Hallucination Detection in {LLM}s,ACL_2025_Full_Papers.bib
What Is That Talk About? A Video-to-Text Summarization Dataset for Scientific Presentations,ACL_2025_Full_Papers.bib
{N}eu{S}ym-{RAG}: Hybrid Neural Symbolic Retrieval with Multiview Structuring for {PDF} Question Answering,ACL_2025_Full_Papers.bib
{P}rov{B}ench: A Benchmark of Legal Provision Recommendation for Contract Auto-Reviewing,ACL_2025_Full_Papers.bib
{C}o{T}-based Synthesizer: Enhancing {LLM} Performance through Answer Synthesis,ACL_2025_Full_Papers.bib
Efficiently Identifying Watermarked Segments in Mixed-Source Texts,ACL_2025_Full_Papers.bib
Assessing Dialect Fairness and Robustness of Large Language Models in Reasoning Tasks,ACL_2025_Full_Papers.bib
Towards a More Generalized Approach in Open Relation Extraction,ACL_2025_Full_Papers.bib
Adaptive Retrieval Without Self-Knowledge? Bringing Uncertainty Back Home,ACL_2025_Full_Papers.bib
Evaluating Language Models as Synthetic Data Generators,ACL_2025_Full_Papers.bib
Can Graph Descriptive Order Affect Solving Graph Problems with {LLM}s?,ACL_2025_Full_Papers.bib
Learning to Rewrite: Generalized {LLM}-Generated Text Detection,ACL_2025_Full_Papers.bib
Evaluating Multimodal Large Language Models on Video Captioning via {M}onte {C}arlo Tree Search,ACL_2025_Full_Papers.bib
{GIFT}-{SW}: {G}aussian noise Injected Fine-Tuning of Salient Weights for {LLM}s,ACL_2025_Full_Papers.bib
Quaff: Quantized Parameter-Efficient Fine-Tuning under Outlier Spatial Stability Hypothesis,ACL_2025_Full_Papers.bib
Unsolvable Problem Detection: Robust Understanding Evaluation for Large Multimodal Models,ACL_2025_Full_Papers.bib
{A}lign{MMB}ench: Evaluating {C}hinese Multimodal Alignment in Large Vision-Language Models,ACL_2025_Full_Papers.bib
Biased {LLM}s can Influence Political Decision-Making,ACL_2025_Full_Papers.bib
{L}ex{T}empus: Enhancing Temporal Generalizability of Legal Language Models Through Dynamic Mixture of Experts,ACL_2025_Full_Papers.bib
{T}heorem{E}xplain{A}gent: Towards Video-based Multimodal Explanations for {LLM} Theorem Understanding,ACL_2025_Full_Papers.bib
{F}ine{R}eason: Evaluating and Improving {LLM}s' Deliberate Reasoning through Reflective Puzzle Solving,ACL_2025_Full_Papers.bib
The {TIP} of the Iceberg: Revealing a Hidden Class of Task-in-Prompt Adversarial Attacks on {LLM}s,ACL_2025_Full_Papers.bib
Can Language Models Reason about Individualistic Human Values and Preferences?,ACL_2025_Full_Papers.bib
{BERT}-like Models for {S}lavic Morpheme Segmentation,ACL_2025_Full_Papers.bib
Turning Trash into Treasure: Accelerating Inference of Large Language Models with Token Recycling,ACL_2025_Full_Papers.bib
Unlocking General Long Chain-of-Thought Reasoning Capabilities of Large Language Models via Representation Engineering,ACL_2025_Full_Papers.bib
Drift: Enhancing {LLM} Faithfulness in Rationale Generation via Dual-Reward Probabilistic Inference,ACL_2025_Full_Papers.bib
Fairness through Difference Awareness: Measuring $\textit{Desired}$ Group Discrimination in {LLM}s,ACL_2025_Full_Papers.bib
{M}erge{P}rint: Merge-Resistant Fingerprints for Robust Black-box Ownership Verification of Large Language Models,ACL_2025_Full_Papers.bib
Dynamic Scaling of Unit Tests for Code Reward Modeling,ACL_2025_Full_Papers.bib
{U}ni{C}onv: Unifying Retrieval and Response Generation for Large Language Models in Conversations,ACL_2025_Full_Papers.bib
Tracking Life{'}s Ups and Downs: Mining Life Events from Social Media Posts for Mental Health Analysis,ACL_2025_Full_Papers.bib
{C}ontrol{S}peech: Towards Simultaneous and Independent Zero-shot Speaker Cloning and Zero-shot Language Style Control,ACL_2025_Full_Papers.bib
{PIC}: Unlocking Long-Form Text Generation Capabilities of Large Language Models via Position {ID} Compression,ACL_2025_Full_Papers.bib
Towards Effective Extraction and Evaluation of Factual Claims,ACL_2025_Full_Papers.bib
Beyond Facts: Evaluating Intent Hallucination in Large Language Models,ACL_2025_Full_Papers.bib
A Systematic Study of Compositional Syntactic Transformer Language Models,ACL_2025_Full_Papers.bib
{S}ong{C}omposer: A Large Language Model for Lyric and Melody Generation in Song Composition,ACL_2025_Full_Papers.bib
Personalized Text Generation with Contrastive Activation Steering,ACL_2025_Full_Papers.bib
{G}umbel Reranking: Differentiable End-to-End Reranker Optimization,ACL_2025_Full_Papers.bib
{SEOE}: A Scalable and Reliable Semantic Evaluation Framework for Open Domain Event Detection,ACL_2025_Full_Papers.bib
The {UD}-{N}ews{C}rawl Treebank: Reflections and Challenges from a Large-scale {T}agalog Syntactic Annotation Project,ACL_2025_Full_Papers.bib
{DRAG}: Distilling {RAG} for {SLM}s from {LLM}s to Transfer Knowledge and Mitigate Hallucination via Evidence and Graph-based Distillation,ACL_2025_Full_Papers.bib
{G}-Safeguard: A Topology-Guided Security Lens and Treatment on {LLM}-based Multi-agent Systems,ACL_2025_Full_Papers.bib
Deontological Keyword Bias: The Impact of Modal Expressions on Normative Judgments of Language Models,ACL_2025_Full_Papers.bib
{L}egal{R}easoner: Step-wised Verification-Correction for Legal Judgment Reasoning,ACL_2025_Full_Papers.bib
Rolling the {DICE} on Idiomaticity: How {LLM}s Fail to Grasp Context,ACL_2025_Full_Papers.bib
{C}hart{C}oder: Advancing Multimodal Large Language Model for Chart-to-Code Generation,ACL_2025_Full_Papers.bib
The Cross-linguistic Role of {A}nimacy in Grammar Structures,ACL_2025_Full_Papers.bib
{L}ex{G}en: Domain-aware Multilingual Lexicon Generation,ACL_2025_Full_Papers.bib
{M}ath{F}usion: Enhancing Mathematical Problem-solving of {LLM} through Instruction Fusion,ACL_2025_Full_Papers.bib
Mining Complex Patterns of Argumentative Reasoning in Natural Language Dialogue,ACL_2025_Full_Papers.bib
"{OS} Agents: A Survey on {MLLM}-based Agents for Computer, Phone and Browser Use",ACL_2025_Full_Papers.bib
Data Quality Issues in Multilingual Speech Datasets: The Need for Sociolinguistic Awareness and Proactive Language Planning,ACL_2025_Full_Papers.bib
{LLM} as a Broken Telephone: Iterative Generation Distorts Information,ACL_2025_Full_Papers.bib
{VLM}2-Bench: A Closer Look at How Well {VLM}s Implicitly Link Explicit Matching Visual Cues,ACL_2025_Full_Papers.bib
Alleviating Distribution Shift in Synthetic Data for Machine Translation Quality Estimation,ACL_2025_Full_Papers.bib
Evaluation Agent: Efficient and Promptable Evaluation Framework for Visual Generative Models,ACL_2025_Full_Papers.bib
Large Language Models Struggle to Describe the Haystack without Human Help: A Social Science-Inspired Evaluation of Topic Models,ACL_2025_Full_Papers.bib
{A}cti{V}iew: Evaluating Active Perception Ability for Multimodal Large Language Models,ACL_2025_Full_Papers.bib
Enough Coin Flips Can Make {LLM}s Act {B}ayesian,ACL_2025_Full_Papers.bib
{GAMEB}o{T}: Transparent Assessment of {LLM} Reasoning in Games,ACL_2025_Full_Papers.bib
A Text is Worth Several Tokens: Text Embedding from {LLM}s Secretly Aligns Well with The Key Tokens,ACL_2025_Full_Papers.bib
Commonsense Reasoning in {A}rab Culture,ACL_2025_Full_Papers.bib
{AXIS}: Efficient Human-Agent-Computer Interaction with {API}-First {LLM}-Based Agents,ACL_2025_Full_Papers.bib
Conditional Dichotomy Quantification via Geometric Embedding,ACL_2025_Full_Papers.bib
{VQAG}uider: Guiding Multimodal Large Language Models to Answer Complex Video Questions,ACL_2025_Full_Papers.bib
Large Language Models are Good Relational Learners,ACL_2025_Full_Papers.bib
{S}pa{RE}: Enhancing Spatial Reasoning in Vision-Language Models with Synthetic Data,ACL_2025_Full_Papers.bib
Distilling an End-to-End Voice Assistant Without Instruction Training Data,ACL_2025_Full_Papers.bib
{C}o{M}et: Metaphor-Driven Covert Communication for Multi-Agent Language Games,ACL_2025_Full_Papers.bib
Watermarking Large Language Models: An Unbiased and Low-risk Method,ACL_2025_Full_Papers.bib
{LLM} Braces: Straightening Out {LLM} Predictions with Relevant Sub-Updates,ACL_2025_Full_Papers.bib
{CONFETTI}: Conversational Function-Calling Evaluation Through Turn-Level Interactions,ACL_2025_Full_Papers.bib
Evaluating Theory of (an uncertain) Mind: Predicting the Uncertain Beliefs of Others from Conversational Cues,ACL_2025_Full_Papers.bib
Uncertainty in Causality: A New Frontier,ACL_2025_Full_Papers.bib
When People are Floods: Analyzing Dehumanizing Metaphors in Immigration Discourse with Large Language Models,ACL_2025_Full_Papers.bib
{AG}rail: A Lifelong Agent Guardrail with Effective and Adaptive Safety Detection,ACL_2025_Full_Papers.bib
Improving Model Factuality with Fine-grained Critique-based Evaluator,ACL_2025_Full_Papers.bib
Building a Long Text Privacy Policy Corpus with Multi-Class Labels,ACL_2025_Full_Papers.bib
{R}2-{M}ulti{O}mnia: Leading Multilingual Multimodal Reasoning via Self-Training,ACL_2025_Full_Papers.bib
When the {LM} misunderstood the human chuckled: Analyzing garden path effects in humans and language models,ACL_2025_Full_Papers.bib
Cross-Lingual Pitfalls: Automatic Probing Cross-Lingual Weakness of Multilingual Large Language Models,ACL_2025_Full_Papers.bib
{VLSB}ench: Unveiling Visual Leakage in Multimodal Safety,ACL_2025_Full_Papers.bib
Browsing Lost Unformed Recollections: A Benchmark for Tip-of-the-Tongue Search and Reasoning,ACL_2025_Full_Papers.bib
Data Laundering: Artificially Boosting Benchmark Results through Knowledge Distillation,ACL_2025_Full_Papers.bib
Conspiracy Theories and Where to Find Them on {T}ik{T}ok,ACL_2025_Full_Papers.bib
Growing Through Experience: Scaling Episodic Grounding in Language Models,ACL_2025_Full_Papers.bib
Exploiting the Shadows: Unveiling Privacy Leaks through Lower-Ranked Tokens in Large Language Models,ACL_2025_Full_Papers.bib
Attacking Vision-Language Computer Agents via Pop-ups,ACL_2025_Full_Papers.bib
In Prospect and Retrospect: Reflective Memory Management for Long-term Personalized Dialogue Agents,ACL_2025_Full_Papers.bib
Revisiting Classical {C}hinese Event Extraction with Ancient Literature Information,ACL_2025_Full_Papers.bib
Unanswerability Evaluation for Retrieval Augmented Generation,ACL_2025_Full_Papers.bib
Self-Error-Instruct: Generalizing from Errors for {LLM}s Mathematical Reasoning,ACL_2025_Full_Papers.bib
{RAGE}val: Scenario Specific {RAG} Evaluation Dataset Generation Framework,ACL_2025_Full_Papers.bib
A Survey on Patent Analysis: From {NLP} to Multimodal {AI},ACL_2025_Full_Papers.bib
{S}ci{V}er: Evaluating Foundation Models for Multimodal Scientific Claim Verification,ACL_2025_Full_Papers.bib
{M}ulti{A}gent{B}ench : Evaluating the Collaboration and Competition of {LLM} agents,ACL_2025_Full_Papers.bib
{S}inhala Encoder-only Language Models and Evaluation,ACL_2025_Full_Papers.bib
{LLM}s can Perform Multi-Dimensional Analytic Writing Assessments: A Case Study of {L}2 Graduate-Level Academic {E}nglish Writing,ACL_2025_Full_Papers.bib
{SEUF}: Is Unlearning One Expert Enough for Mixture-of-Experts {LLM}s?,ACL_2025_Full_Papers.bib
"Pragmatics in the Era of Large Language Models: A Survey on Datasets, Evaluation, Opportunities and Challenges",ACL_2025_Full_Papers.bib
{L}oc{A}gent: Graph-Guided {LLM} Agents for Code Localization,ACL_2025_Full_Papers.bib
{COSMMIC}: Comment-Sensitive Multimodal Multilingual {I}ndian Corpus for Summarization and Headline Generation,ACL_2025_Full_Papers.bib
Mind the Gap: Static and Interactive Evaluations of Large Audio Models,ACL_2025_Full_Papers.bib
Understanding In-Context Machine Translation for Low-Resource Languages: A Case Study on {M}anchu,ACL_2025_Full_Papers.bib
"{CK}now{E}dit: A New {C}hinese Knowledge Editing Dataset for Linguistics, Facts, and Logic Error Correction in {LLM}s",ACL_2025_Full_Papers.bib
{T}riple{F}act: Defending Data Contamination in the Evaluation of {LLM}-driven Fake News Detection,ACL_2025_Full_Papers.bib
Meaning Beyond Truth Conditions: Evaluating Discourse Level Understanding via Anaphora Accessibility,ACL_2025_Full_Papers.bib
Large Language and Reasoning Models are Shallow Disjunctive Reasoners,ACL_2025_Full_Papers.bib
{BRIGHTER}: {BRI}dging the Gap in Human-Annotated Textual Emotion Recognition Datasets for 28 Languages,ACL_2025_Full_Papers.bib
{S}kill{V}erse : Assessing and Enhancing {LLM}s with Tree Evaluation,ACL_2025_Full_Papers.bib
{C}ypher{B}ench: Towards Precise Retrieval over Full-scale Modern Knowledge Graphs in the {LLM} Era,ACL_2025_Full_Papers.bib
Empathy Prediction from Diverse Perspectives,ACL_2025_Full_Papers.bib
Are {LLM}s effective psychological assessors? Leveraging adaptive {RAG} for interpretable mental health screening through psychometric practice,ACL_2025_Full_Papers.bib
"{INTERACT}: Enabling Interactive, Question-Driven Learning in Large Language Models",ACL_2025_Full_Papers.bib
Circuit Stability Characterizes Language Model Generalization,ACL_2025_Full_Papers.bib
Comparing {LLM}-generated and human-authored news text using formal syntactic theory,ACL_2025_Full_Papers.bib
Improving Preference Extraction In {LLM}s By Identifying Latent Knowledge Through Classifying Probes,ACL_2025_Full_Papers.bib
"White Men Lead, Black Women Help? Benchmarking and Mitigating Language Agency Social Biases in {LLM}s",ACL_2025_Full_Papers.bib
{AIMSC}heck: Leveraging {LLM}s for {AI}-Assisted Review of Modern Slavery Statements Across Jurisdictions,ACL_2025_Full_Papers.bib
"Collapse of Dense Retrievers: Short, Early, and Literal Biases Outranking Factual Evidence",ACL_2025_Full_Papers.bib
{S}elf{E}licit: Your Language Model Secretly Knows Where is the Relevant Evidence,ACL_2025_Full_Papers.bib
The Male {CEO} and the Female Assistant: Evaluation and Mitigation of Gender Biases in Text-To-Image Generation of Dual Subjects,ACL_2025_Full_Papers.bib
Mitigating Shortcut Learning with {I}nterpo{L}ated Learning,ACL_2025_Full_Papers.bib
Toward Automatic Discovery of a Canine Phonetic Alphabet,ACL_2025_Full_Papers.bib
Byte Latent Transformer: Patches Scale Better Than Tokens,ACL_2025_Full_Papers.bib
{D}iffuse{D}ef: Improved Robustness to Adversarial Attacks via Iterative Denoising,ACL_2025_Full_Papers.bib
Identifying Cellular Niches in Spatial Transcriptomics: An Investigation into the Capabilities of Large Language Models,ACL_2025_Full_Papers.bib
Culture Matters in Toxic Language Detection in {P}ersian,ACL_2025_Full_Papers.bib
Instance-Selection-Inspired Undersampling Strategies for Bias Reduction in Small and Large Language Models for Binary Text Classification,ACL_2025_Full_Papers.bib
Forward Knows Efficient Backward Path: Saliency-Guided Memory-Efficient Fine-tuning of Large Language Models,ACL_2025_Full_Papers.bib
Focus on What Matters: Enhancing Medical Vision-Language Models with Automatic Attention Alignment Tuning,ACL_2025_Full_Papers.bib
{LLM}s + Persona-Plug = Personalized {LLM}s,ACL_2025_Full_Papers.bib
Developmentally-plausible Working Memory Shapes a Critical Period for Language Acquisition,ACL_2025_Full_Papers.bib
{IRIS}: An Iterative and Integrated Framework for Verifiable Causal Discovery in the Absence of Tabular Data,ACL_2025_Full_Papers.bib
{INJONGO}: A Multicultural Intent Detection and Slot-filling Dataset for 16 {A}frican Languages,ACL_2025_Full_Papers.bib
Boosting Long-Context Information Seeking via Query-Guided Activation Refilling,ACL_2025_Full_Papers.bib
Efficient Pretraining Data Selection for Language Models via Multi-Actor Collaboration,ACL_2025_Full_Papers.bib
{A}da{DHP}: Fine-Grained Fine-Tuning via Dual {H}adamard Product and Adaptive Parameter Selection,ACL_2025_Full_Papers.bib
{KG}-Agent: An Efficient Autonomous Agent Framework for Complex Reasoning over Knowledge Graph,ACL_2025_Full_Papers.bib
Curriculum Debiasing: Toward Robust Parameter-Efficient Fine-Tuning Against Dataset Biases,ACL_2025_Full_Papers.bib
Does Context Matter? {C}ontextual{J}udge{B}ench for Evaluating {LLM}-based Judges in Contextual Settings,ACL_2025_Full_Papers.bib
On the Reliability of Large Language Models for Causal Discovery,ACL_2025_Full_Papers.bib
Value-Spectrum: Quantifying Preferences of Vision-Language Models via Value Decomposition in Social Media Contexts,ACL_2025_Full_Papers.bib
{T}e{RD}y: Temporal Relation Dynamics through Frequency Decomposition for Temporal Knowledge Graph Completion,ACL_2025_Full_Papers.bib
Incorporating Domain Knowledge into Materials Tokenization,ACL_2025_Full_Papers.bib
{PIG}: Privacy Jailbreak Attack on {LLM}s via Gradient-based Iterative In-Context Optimization,ACL_2025_Full_Papers.bib
Agents Under Siege: Breaking Pragmatic Multi-Agent {LLM} Systems with Optimized Prompt Attacks,ACL_2025_Full_Papers.bib
Semantic-Eval : A Semantic Comprehension Evaluation Framework for Large Language Models Generation without Training,ACL_2025_Full_Papers.bib
Between Circuits and {C}homsky: Pre-pretraining on Formal Languages Imparts Linguistic Biases,ACL_2025_Full_Papers.bib
"When to Speak, When to Abstain: Contrastive Decoding with Abstention",ACL_2025_Full_Papers.bib
On the Risk of Evidence Pollution for Malicious Social Text Detection in the Era of {LLM}s,ACL_2025_Full_Papers.bib
Investigating and Extending Homans' Social Exchange Theory with Large Language Model based Agents,ACL_2025_Full_Papers.bib
A Drop-In Solution for On-the-Fly Adaptation of Speculative Decoding in Large Language Models,ACL_2025_Full_Papers.bib
"If Attention Serves as a Cognitive Model of Human Memory Retrieval, What is the Plausible Memory Representation?",ACL_2025_Full_Papers.bib
Aligning {VLM} Assistants with Personalized Situated Cognition,ACL_2025_Full_Papers.bib
Attention Entropy is a Key Factor: An Analysis of Parallel Context Encoding with Full-attention-based Pre-trained Language Models,ACL_2025_Full_Papers.bib
Faster Speculative Decoding via Effective Draft Decoder with Pruned Candidate Tree,ACL_2025_Full_Papers.bib
Selecting and Merging: Towards Adaptable and Scalable Named Entity Recognition with Large Language Models,ACL_2025_Full_Papers.bib
Embracing Imperfection: Simulating Students with Diverse Cognitive Levels Using {LLM}-based Agents,ACL_2025_Full_Papers.bib
{CADR}eview: Automatically Reviewing {CAD} Programs with Error Detection and Correction,ACL_2025_Full_Papers.bib
Think{\&}Cite: Improving Attributed Text Generation with Self-Guided Tree Search and Progress Reward Modeling,ACL_2025_Full_Papers.bib
The Lawyer That Never Thinks: Consistency and Fairness as Keys to Reliable {AI},ACL_2025_Full_Papers.bib
Polishing Every Facet of the {GEM}: Testing Linguistic Competence of {LLM}s and Humans in {K}orean,ACL_2025_Full_Papers.bib
{S}peech{F}ake: A Large-Scale Multilingual Speech Deepfake Dataset Incorporating Cutting-Edge Generation Methods,ACL_2025_Full_Papers.bib
{R}eflection{C}oder: Learning from Reflection Sequence for Enhanced One-off Code Generation,ACL_2025_Full_Papers.bib
{I}nvest{A}lign: Overcoming Data Scarcity in Aligning Large Language Models with Investor Decision-Making Processes Under Herd Behavior,ACL_2025_Full_Papers.bib
Enhancing Neural Machine Translation Through Target Language Data: A $k${NN}-{LM} Approach for Domain Adaptation,ACL_2025_Full_Papers.bib
Multi-level Relevance Document Identifier Learning for Generative Retrieval,ACL_2025_Full_Papers.bib
{E}fficient{QAT}: Efficient Quantization-Aware Training for Large Language Models,ACL_2025_Full_Papers.bib
{N}exus{S}um: Hierarchical {LLM} Agents for Long-Form Narrative Summarization,ACL_2025_Full_Papers.bib
{HAIC}: Improving Human Action Understanding and Generation with Better Captions for Multi-modal Large Language Models,ACL_2025_Full_Papers.bib
Uni-Retrieval: A Multi-Style Retrieval Framework for {STEM}{'}s Education,ACL_2025_Full_Papers.bib
{D}ense{L}o{RA}: Dense Low-Rank Adaptation of Large Language Models,ACL_2025_Full_Papers.bib
"Exploring the Potential of {LLM}s as Personalized Assistants: Dataset, Evaluation, and Analysis",ACL_2025_Full_Papers.bib
Cracking Factual Knowledge: A Comprehensive Analysis of Degenerate Knowledge Neurons in Large Language Models,ACL_2025_Full_Papers.bib
Towards Context-Robust {LLM}s: A Gated Representation Fine-tuning Approach,ACL_2025_Full_Papers.bib
On Support Samples of Next Word Prediction,ACL_2025_Full_Papers.bib
{W}eb{W}alker: Benchmarking {LLM}s in Web Traversal,ACL_2025_Full_Papers.bib
From Trade-off to Synergy: A Versatile Symbiotic Watermarking Framework for Large Language Models,ACL_2025_Full_Papers.bib
Introducing Graph Context into Language Models through Parameter-Efficient Fine-Tuning for Lexical Relation Mining,ACL_2025_Full_Papers.bib
{S}-{RAG}: A Novel Audit Framework for Detecting Unauthorized Use of Personal Data in {RAG} Systems,ACL_2025_Full_Papers.bib
Mitigating Confounding in Speech-Based Dementia Detection through Weight Masking,ACL_2025_Full_Papers.bib
{MCS}-Bench: A Comprehensive Benchmark for Evaluating Multimodal Large Language Models in {C}hinese Classical Studies,ACL_2025_Full_Papers.bib
The Knowledge Microscope: Features as Better Analytical Lenses than Neurons,ACL_2025_Full_Papers.bib
From Real to Synthetic: Synthesizing Millions of Diversified and Complicated User Instructions with Attributed Grounding,ACL_2025_Full_Papers.bib
{P}riva{CI}-Bench: Evaluating Privacy with Contextual Integrity and Legal Compliance,ACL_2025_Full_Papers.bib
Unveiling Environmental Impacts of Large Language Model Serving: A Functional Unit View,ACL_2025_Full_Papers.bib
{E}xpe{T}rans: {LLM}s Are Experiential Transfer Learners,ACL_2025_Full_Papers.bib
Cool-Fusion: Fuse Large Language Models without Training,ACL_2025_Full_Papers.bib
{DAPE} V2: Process Attention Score as Feature Map for Length Extrapolation,ACL_2025_Full_Papers.bib
{L}ong{R}e{D}: Mitigating Short-Text Degradation of Long-Context Large Language Models via Restoration Distillation,ACL_2025_Full_Papers.bib
{APB}: Accelerating Distributed Long-Context Inference by Passing Compressed Context Blocks across {GPU}s,ACL_2025_Full_Papers.bib
{G}ain{RAG}: Preference Alignment in Retrieval-Augmented Generation through Gain Signal Synthesis,ACL_2025_Full_Papers.bib
Top-$n\sigma$: Eliminating Noise in Logit Space for Robust Token Sampling of {LLM},ACL_2025_Full_Papers.bib
{SCOPE}: Optimizing Key-Value Cache Compression in Long-context Generation,ACL_2025_Full_Papers.bib
Mitigating Non-Representative Prototypes and Representation Bias in Few-Shot Continual Relation Extraction,ACL_2025_Full_Papers.bib
{M}o{QAE}: Mixed-Precision Quantization for Long-Context {LLM} Inference via Mixture of Quantization-Aware Experts,ACL_2025_Full_Papers.bib
{P}rivacy{R}estore: Privacy-Preserving Inference in Large Language Models via Privacy Removal and Restoration,ACL_2025_Full_Papers.bib
Meta-rater: A Multi-dimensional Data Selection Method for Pre-training Language Models,ACL_2025_Full_Papers.bib
{G}uess{A}rena: Guess Who {I} Am? A Self-Adaptive Framework for Evaluating {LLM}s in Domain-Specific Knowledge and Reasoning,ACL_2025_Full_Papers.bib
Sample-Efficient Human Evaluation of Large Language Models via Maximum Discrepancy Competition,ACL_2025_Full_Papers.bib
{DTCRS}: Dynamic Tree Construction for Recursive Summarization,ACL_2025_Full_Papers.bib
A Generative Adaptive Replay Continual Learning Model for Temporal Knowledge Graph Reasoning,ACL_2025_Full_Papers.bib
{AR}ise: Towards Knowledge-Augmented Reasoning via Risk-Adaptive Search,ACL_2025_Full_Papers.bib
{PKAG}-{DDI}: Pairwise Knowledge-Augmented Language Model for Drug-Drug Interaction Event Text Generation,ACL_2025_Full_Papers.bib
Knowledge-Augmented Multimodal Clinical Rationale Generation for Disease Diagnosis with Small Language Models,ACL_2025_Full_Papers.bib
Frictional Agent Alignment Framework: Slow Down and Don{'}t Break Things,ACL_2025_Full_Papers.bib
Powerformer: Efficient and High-Accuracy Privacy-Preserving Language Model with Homomorphic Encryption,ACL_2025_Full_Papers.bib
Beware of Your Po! Measuring and Mitigating {AI} Safety Risks in Role-Play Fine-Tuning of {LLM}s,ACL_2025_Full_Papers.bib
Can Graph Neural Networks Learn Language with Extremely Weak Text Supervision?,ACL_2025_Full_Papers.bib
Towards Enhanced Immersion and Agency for {LLM}-based Interactive Drama,ACL_2025_Full_Papers.bib
Disambiguating Reference in Visually Grounded Dialogues through Joint Modeling of Textual and Multimodal Semantic Structures,ACL_2025_Full_Papers.bib
Improving Factuality with Explicit Working Memory,ACL_2025_Full_Papers.bib
Dynamic Parallel Tree Search for Efficient {LLM} Reasoning,ACL_2025_Full_Papers.bib
Pre$^3$: Enabling Deterministic Pushdown Automata for Faster Structured {LLM} Generation,ACL_2025_Full_Papers.bib
{SHARE}: An {SLM}-based Hierarchical Action {C}or{RE}ction Assistant for Text-to-{SQL},ACL_2025_Full_Papers.bib
Large Language and Protein Assistant for Protein-Protein Interactions Prediction,ACL_2025_Full_Papers.bib
Locate-and-Focus: Enhancing Terminology Translation in Speech Language Models,ACL_2025_Full_Papers.bib
{G}uide{B}ench: Benchmarking Domain-Oriented Guideline Following for {LLM} Agents,ACL_2025_Full_Papers.bib
{TC}{--}{RAG}: {T}uring{--}Complete {RAG}{'}s Case study on Medical {LLM} Systems,ACL_2025_Full_Papers.bib
{S}o{RFT}: Issue Resolving with Subtask-oriented Reinforced Fine-Tuning,ACL_2025_Full_Papers.bib
{M}ini{L}ong{B}ench: The Low-cost Long Context Understanding Benchmark for Large Language Models,ACL_2025_Full_Papers.bib
{P}wn{GPT}: Automatic Exploit Generation Based on Large Language Models,ACL_2025_Full_Papers.bib
{VMLU} Benchmarks: A comprehensive benchmark toolkit for {V}ietnamese {LLM}s,ACL_2025_Full_Papers.bib
Scaling up the State Size of {RNN} {LLM}s for Long-Context Scenarios,ACL_2025_Full_Papers.bib
Unifying Continuous and Discrete Text Diffusion with Non-simultaneous Diffusion Processes,ACL_2025_Full_Papers.bib
A Strategic Coordination Framework of Small {LM}s Matches Large {LM}s in Data Synthesis,ACL_2025_Full_Papers.bib
Defining and Evaluating Visual Language Models' Basic Spatial Abilities: A Perspective from Psychometrics,ACL_2025_Full_Papers.bib
{SPHERE}: Unveiling Spatial Blind Spots in Vision-Language Models Through Hierarchical Evaluation,ACL_2025_Full_Papers.bib
User-side Model Consistency Monitoring for Open Source Large Language Models Inference Services,ACL_2025_Full_Papers.bib
Jailbreaking? One Step Is Enough!,ACL_2025_Full_Papers.bib
Parenting: Optimizing Knowledge Selection of Retrieval-Augmented Language Models with Parameter Decoupling and Tailored Tuning,ACL_2025_Full_Papers.bib
{P}a{S}a: An {LLM} Agent for Comprehensive Academic Paper Search,ACL_2025_Full_Papers.bib
Less Mature is More Adaptable for Sentence-level Language Modeling,ACL_2025_Full_Papers.bib
{E}p{MAN}: Episodic Memory {A}ttentio{N} for Generalizing to Longer Contexts,ACL_2025_Full_Papers.bib
{UORA}: Uniform Orthogonal Reinitialization Adaptation in Parameter Efficient Fine-Tuning of Large Models,ACL_2025_Full_Papers.bib
"Agri-{CM}$^3$: A {C}hinese Massive Multi-modal, Multi-level Benchmark for Agricultural Understanding and Reasoning",ACL_2025_Full_Papers.bib
{TROVE}: A Challenge for Fine-Grained Text Provenance via Source Sentence Tracing and Relationship Classification,ACL_2025_Full_Papers.bib
{C}a{LMQA}: Exploring culturally specific long-form question answering across 23 languages,ACL_2025_Full_Papers.bib
Croppable Knowledge Graph Embedding,ACL_2025_Full_Papers.bib
{H}y{KGE}: A Hypothesis Knowledge Graph Enhanced {RAG} Framework for Accurate and Reliable Medical {LLM}s Responses,ACL_2025_Full_Papers.bib
{L}ong{R}ecipe: Recipe for Efficient Long Context Generalization in Large Language Models,ACL_2025_Full_Papers.bib
{B}eam{L}o{RA}: Beam-Constraint Low-Rank Adaptation,ACL_2025_Full_Papers.bib
{GODB}ench: A Benchmark for Multimodal Large Language Models in Video Comment Art,ACL_2025_Full_Papers.bib
{U}ni{LR}: Unleashing the Power of {LLM}s on Multiple Legal Tasks with a Unified Legal Retriever,ACL_2025_Full_Papers.bib
Generative Psycho-Lexical Approach for Constructing Value Systems in Large Language Models,ACL_2025_Full_Papers.bib
Beyond Dialogue: A Profile-Dialogue Alignment Framework Towards General Role-Playing Language Model,ACL_2025_Full_Papers.bib
{ACECODER}: Acing Coder {RL} via Automated Test-Case Synthesis,ACL_2025_Full_Papers.bib
Quantifying Semantic Emergence in Language Models,ACL_2025_Full_Papers.bib
The Tug of War Within: Mitigating the Fairness-Privacy Conflicts in Large Language Models,ACL_2025_Full_Papers.bib
{G}raph{I}nsight: Unlocking Insights in Large Language Models for Graph Structure Understanding,ACL_2025_Full_Papers.bib
Safe: Enhancing Mathematical Reasoning in Large Language Models via Retrospective Step-aware Formal Verification,ACL_2025_Full_Papers.bib
{SAM} Decoding: Speculative Decoding via Suffix Automaton,ACL_2025_Full_Papers.bib
{P}sy{A}dvisor: A Plug-and-Play Strategy Advice Planner with Proactive Questioning in Psychological Conversations,ACL_2025_Full_Papers.bib
$HomeBench$: Evaluating {LLM}s in Smart Homes with Valid and Invalid Instructions Across Single and Multiple Devices,ACL_2025_Full_Papers.bib
{G}i{FT}: {G}ibbs Fine-Tuning for Code Generation,ACL_2025_Full_Papers.bib
Enhancing Interpretable Image Classification Through {LLM} Agents and Conditional Concept Bottleneck Models,ACL_2025_Full_Papers.bib
Reliably Bounding False Positives: A Zero-Shot Machine-Generated Text Detection Framework via Multiscaled Conformal Prediction,ACL_2025_Full_Papers.bib
{RSCF}: Relation-Semantics Consistent Filter for Entity Embedding of Knowledge Graph,ACL_2025_Full_Papers.bib
{R}ole{P}lot: A Systematic Framework for Evaluating and Enhancing the Plot-Progression Capabilities of Role-Playing Agents,ACL_2025_Full_Papers.bib
{T}ree{RL}: {LLM} Reinforcement Learning with On-Policy Tree Search,ACL_2025_Full_Papers.bib
Can a Single Model Master Both Multi-turn Conversations and Tool Use? {C}o{ALM}: A Unified Conversational Agentic Language Model,ACL_2025_Full_Papers.bib
"{SURVEYFORGE} : On the Outline Heuristics, Memory-Driven Generation, and Multi-dimensional Evaluation for Automated Survey Writing",ACL_2025_Full_Papers.bib
Making {LLM}s Better Many-to-Many Speech-to-Text Translators with Curriculum Learning,ACL_2025_Full_Papers.bib
{A}b{G}en: Evaluating Large Language Models in Ablation Study Design and Evaluation for Scientific Research,ACL_2025_Full_Papers.bib
Redundancy Principles for {MLLM}s Benchmarks,ACL_2025_Full_Papers.bib
{W}av{RAG}: Audio-Integrated Retrieval Augmented Generation for Spoken Dialogue Models,ACL_2025_Full_Papers.bib
{C}hild{M}andarin: A Comprehensive {M}andarin Speech Dataset for Young Children Aged 3-5,ACL_2025_Full_Papers.bib
{SINC}on: Mitigate {LLM}-Generated Malicious Message Injection Attack for Rumor Detection,ACL_2025_Full_Papers.bib
Outlier-Safe Pre-Training for Robust 4-Bit Quantization of Large Language Models,ACL_2025_Full_Papers.bib
Agentic Knowledgeable Self-awareness,ACL_2025_Full_Papers.bib
A Unified Agentic Framework for Evaluating Conditional Image Generation,ACL_2025_Full_Papers.bib
Planning-Driven Programming: A Large Language Model Programming Workflow,ACL_2025_Full_Papers.bib
Can Knowledge Graphs Make Large Language Models More Trustworthy? An Empirical Study Over Open-ended Question Answering,ACL_2025_Full_Papers.bib
Nudging: Inference-time Alignment of {LLM}s via Guided Decoding,ACL_2025_Full_Papers.bib
Unveiling Attractor Cycles in Large Language Models: A Dynamical Systems View of Successive Paraphrasing,ACL_2025_Full_Papers.bib
{SCAR}: Data Selection via Style Consistency-Aware Response Ranking for Efficient Instruction-Tuning of Large Language Models,ACL_2025_Full_Papers.bib
Beyond Surface Simplicity: Revealing Hidden Reasoning Attributes for Precise Commonsense Diagnosis,ACL_2025_Full_Papers.bib
From Objectives to Questions: A Planning-based Framework for Educational Mathematical Question Generation,ACL_2025_Full_Papers.bib
{R}ank{C}o{T}: Refining Knowledge for Retrieval-Augmented Generation through Ranking Chain-of-Thoughts,ACL_2025_Full_Papers.bib
Lost in Literalism: How Supervised Training Shapes Translationese in {LLM}s,ACL_2025_Full_Papers.bib
Accurate {KV} Cache Quantization with Outlier Tokens Tracing,ACL_2025_Full_Papers.bib
Can Large Language Models Understand {I}nternet Buzzwords Through User-Generated Content,ACL_2025_Full_Papers.bib
{EAC}-{M}o{E}: Expert-Selection Aware Compressor for Mixture-of-Experts Large Language Models,ACL_2025_Full_Papers.bib
Activation Steering Decoding: Mitigating Hallucination in Large Vision-Language Models through Bidirectional Hidden State Intervention,ACL_2025_Full_Papers.bib
{M}ap{N}av: A Novel Memory Representation via Annotated Semantic Maps for {VLM}-based Vision-and-Language Navigation,ACL_2025_Full_Papers.bib
Exploring Compositional Generalization of Multimodal {LLM}s for Medical Imaging,ACL_2025_Full_Papers.bib
{CLAIM}: Mitigating Multilingual Object Hallucination in Large Vision-Language Models with Cross-Lingual Attention Intervention,ACL_2025_Full_Papers.bib
Wizard of Shopping: Target-Oriented {E}-commerce Dialogue Generation with Decision Tree Branching,ACL_2025_Full_Papers.bib
Cultivating Gaming Sense for Yourself: Making {VLM}s Gaming Experts,ACL_2025_Full_Papers.bib
Extending Complex Logical Queries on Uncertain Knowledge Graphs,ACL_2025_Full_Papers.bib
Knowledge Decoupling via Orthogonal Projection for Lifelong Editing of Large Language Models,ACL_2025_Full_Papers.bib
$\phi$-Decoding: Adaptive Foresight Sampling for Balanced Inference-Time Exploration and Exploitation,ACL_2025_Full_Papers.bib
Can {LLM} Watermarks Robustly Prevent Unauthorized Knowledge Distillation?,ACL_2025_Full_Papers.bib
Inducing lexicons of in-group language with socio-temporal context,ACL_2025_Full_Papers.bib
{LL}a{SE}-G1: Incentivizing Generalization Capability for {LL}a{MA}-based Speech Enhancement,ACL_2025_Full_Papers.bib
{M}ada{KV}: Adaptive Modality-Perception {KV} Cache Eviction for Efficient Multimodal Long-Context Inference,ACL_2025_Full_Papers.bib
Efficient {O}p{A}mp Adaptation for Zoom Attention to Golden Contexts,ACL_2025_Full_Papers.bib
Language-Codec: Bridging Discrete Codec Representations and Speech Language Models,ACL_2025_Full_Papers.bib
Adaptive Tool Use in Large Language Models with Meta-Cognition Trigger,ACL_2025_Full_Papers.bib
{MMLU}-{CF}: A Contamination-free Multi-task Language Understanding Benchmark,ACL_2025_Full_Papers.bib
Code-Switching Red-Teaming: {LLM} Evaluation for Safety and Multilingual Understanding,ACL_2025_Full_Papers.bib
{DRE}s{S}: Dataset for Rubric-based Essay Scoring on {EFL} Writing,ACL_2025_Full_Papers.bib
Cross-Lingual Generalization and Compression: From Language-Specific to Shared Neurons,ACL_2025_Full_Papers.bib
{SDB}ench: A Survey-based Domain-specific {LLM} Benchmarking and Optimization Framework,ACL_2025_Full_Papers.bib
{R}eflec{T}ool: Towards Reflection-Aware Tool-Augmented Clinical Agents,ACL_2025_Full_Papers.bib
Lexical Recall or Logical Reasoning: Probing the Limits of Reasoning Abilities in Large Language Models,ACL_2025_Full_Papers.bib
{C}hain{E}dit: Propagating Ripple Effects in {LLM} Knowledge Editing through Logical Rule-Guided Chains,ACL_2025_Full_Papers.bib
Self-supervised Quantized Representation for Seamlessly Integrating Knowledge Graphs with Large Language Models,ACL_2025_Full_Papers.bib
Finite State Automata Inside Transformers with Chain-of-Thought: A Mechanistic Study on State Tracking,ACL_2025_Full_Papers.bib
{T}eam{L}o{RA}: Boosting Low-Rank Adaptation with Expert Collaboration and Competition,ACL_2025_Full_Papers.bib
{CR}isk{E}val: A {C}hinese Multi-Level Risk Evaluation Benchmark Dataset for Large Language Models,ACL_2025_Full_Papers.bib
{STUN}: Structured-Then-Unstructured Pruning for Scalable {M}o{E} Pruning,ACL_2025_Full_Papers.bib
Mimicking the Familiar: Dynamic Command Generation for Information Theft Attacks in {LLM} Tool-Learning System,ACL_2025_Full_Papers.bib
{F}lash{A}udio: Rectified Flow for Fast and High-Fidelity Text-to-Audio Generation,ACL_2025_Full_Papers.bib
How does Misinformation Affect Large Language Model Behaviors and Preferences?,ACL_2025_Full_Papers.bib
{MEDD}x{A}gent: A Unified Modular Agent Framework for Explainable Automatic Differential Diagnosis,ACL_2025_Full_Papers.bib
A Training-free {LLM}-based Approach to General {C}hinese Character Error Correction,ACL_2025_Full_Papers.bib
{SIFT}-50{M}: A Large-Scale Multilingual Dataset for Speech Instruction Fine-Tuning,ACL_2025_Full_Papers.bib
Recent Advances in Speech Language Models: A Survey,ACL_2025_Full_Papers.bib
{L}ex{CL}i{PR}: Cross-Lingual Paragraph Retrieval from Legal Judgments,ACL_2025_Full_Papers.bib
Multi-task Adversarial Attacks against Black-box Model with Few-shot Queries,ACL_2025_Full_Papers.bib
{SPECTRA}: Faster Large Language Model Inference with Optimized Internal and External Speculation,ACL_2025_Full_Papers.bib
Multi-level Association Refinement Network for Dialogue Aspect-based Sentiment Quadruple Analysis,ACL_2025_Full_Papers.bib
Innovative Image Fraud Detection with Cross-Sample Anomaly Analysis: The Power of {LLM}s,ACL_2025_Full_Papers.bib
Cooperative or Competitive? Understanding the Interaction between Attention Heads From A Game Theory Perspective,ACL_2025_Full_Papers.bib
{MM}-Verify: Enhancing Multimodal Reasoning with Chain-of-Thought Verification,ACL_2025_Full_Papers.bib
Graph-Structured Trajectory Extraction from Travelogues,ACL_2025_Full_Papers.bib
Learning First-Order Logic Rules for Argumentation Mining,ACL_2025_Full_Papers.bib
{U}ni{RAG}: Unified Query Understanding Method for Retrieval Augmented Generation,ACL_2025_Full_Papers.bib
Contextual Experience Replay for Self-Improvement of Language Agents,ACL_2025_Full_Papers.bib
Emma-{X}: An Embodied Multimodal Action Model with Grounded Chain of Thought and Look-ahead Spatial Reasoning,ACL_2025_Full_Papers.bib
"Towards Comprehensive Argument Analysis in Education: Dataset, Tasks, and Method",ACL_2025_Full_Papers.bib
Browsing Like Human: A Multimodal Web Agent with Experiential Fast-and-Slow Thinking,ACL_2025_Full_Papers.bib
{M}a{XIFE}: Multilingual and Cross-lingual Instruction Following Evaluation,ACL_2025_Full_Papers.bib
Linguistic Generalizability of Test-Time Scaling in Mathematical Reasoning,ACL_2025_Full_Papers.bib
Can {MLLM}s Understand the Deep Implication Behind {C}hinese Images?,ACL_2025_Full_Papers.bib
"{K}az{MMLU}: Evaluating Language Models on {K}azakh, {R}ussian, and Regional Knowledge of {K}azakhstan",ACL_2025_Full_Papers.bib
{C}luster{A}ttn: {KV} Cache Compression under Intrinsic Attention Clustering,ACL_2025_Full_Papers.bib
{SHARE}: Shared Memory-Aware Open-Domain Long-Term Dialogue Dataset Constructed from Movie Script,ACL_2025_Full_Papers.bib
Stealing Training Data from Large Language Models in Decentralized Training through Activation Inversion Attack,ACL_2025_Full_Papers.bib
From Selection to Generation: A Survey of {LLM}-based Active Learning,ACL_2025_Full_Papers.bib
{O}mni{F}latten: An End-to-end {GPT} Model for Seamless Voice Conversation,ACL_2025_Full_Papers.bib
{D}o{MIX}: An Efficient Framework for Exploiting Domain Knowledge in Fine-Tuning,ACL_2025_Full_Papers.bib
{EAGLE}: Expert-Guided Self-Enhancement for Preference Alignment in Pathology Large Vision-Language Model,ACL_2025_Full_Papers.bib
{C}o{T}-{ICL} Lab: A Synthetic Framework for Studying Chain-of-Thought Learning from In-Context Demonstrations,ACL_2025_Full_Papers.bib
Flexora: Flexible Low-Rank Adaptation for Large Language Models,ACL_2025_Full_Papers.bib
{QDTS}ynth: Quality-Driven Formal Theorem Synthesis for Enhancing Proving Performance of {LLM}s,ACL_2025_Full_Papers.bib
{RSVP}: Reasoning Segmentation via Visual Prompting and Multi-modal Chain-of-Thought,ACL_2025_Full_Papers.bib
{QAE}val: Mixture of Evaluators for Question-Answering Task Evaluation,ACL_2025_Full_Papers.bib
Debiasing the Fine-Grained Classification Task in {LLM}s with Bias-Aware {PEFT},ACL_2025_Full_Papers.bib
Demystifying Small Language Models for Edge Deployment,ACL_2025_Full_Papers.bib
"Adapt Once, Thrive with Updates: Transferable Parameter-Efficient Fine-Tuning on Evolving Base Models",ACL_2025_Full_Papers.bib
Can Vision-Language Models Evaluate Handwritten Math?,ACL_2025_Full_Papers.bib
Continual Gradient Low-Rank Projection Fine-Tuning for {LLM}s,ACL_2025_Full_Papers.bib
Towards Objective Fine-tuning: How {LLM}s' Prior Knowledge Causes Potential Poor Calibration?,ACL_2025_Full_Papers.bib
Towards Robust {ESG} Analysis Against Greenwashing Risks: Aspect-Action Analysis with Cross-Category Generalization,ACL_2025_Full_Papers.bib
{H}idden{D}etect: Detecting Jailbreak Attacks against Multimodal Large Language Models via Monitoring Hidden States,ACL_2025_Full_Papers.bib
{S}wi{LT}ra-Bench: The {S}wiss Legal Translation Benchmark,ACL_2025_Full_Papers.bib
Two Intermediate Translations Are Better Than One: Fine-tuning {LLM}s for Document-level Translation Refinement,ACL_2025_Full_Papers.bib
Circuit Compositions: Exploring Modular Structures in Transformer-Based Language Models,ACL_2025_Full_Papers.bib
Can {LLM}s Ground when they (Don{'}t) Know: A Study on Direct and Loaded Political Questions,ACL_2025_Full_Papers.bib
{G}raph{C}heck: Breaking Long-Term Text Barriers with Extracted Knowledge Graph-Powered Fact-Checking,ACL_2025_Full_Papers.bib
{SCULPT}: Systematic Tuning of Long Prompts,ACL_2025_Full_Papers.bib
Crab: A Novel Configurable Role-Playing {LLM} with Assessing Benchmark,ACL_2025_Full_Papers.bib
{C}hinese {S}afety{QA}: A Safety Short-form Factuality Benchmark for Large Language Models,ACL_2025_Full_Papers.bib
{TRIDENT}: Enhancing Large Language Model Safety with Tri-Dimensional Diversified Red-Teaming Data Synthesis,ACL_2025_Full_Papers.bib
Cross-Lingual Optimization for Language Transfer in Large Language Models,ACL_2025_Full_Papers.bib
{CART}: A Generative Cross-Modal Retrieval Framework With Coarse-To-Fine Semantic Modeling,ACL_2025_Full_Papers.bib
{MMMU}-Pro: A More Robust Multi-discipline Multimodal Understanding Benchmark,ACL_2025_Full_Papers.bib
Cheems: A Practical Guidance for Building and Evaluating {C}hinese Reward Models from Scratch,ACL_2025_Full_Papers.bib
Why Safeguarded Ships Run Aground? Aligned Large Language Models' Safety Mechanisms Tend to Be Anchored in The Template Region,ACL_2025_Full_Papers.bib
Ontology-Guided Reverse Thinking Makes Large Language Models Stronger on Knowledge Graph Question Answering,ACL_2025_Full_Papers.bib
Towards Omni-{RAG}: Comprehensive Retrieval-Augmented Generation for Large Language Models in Medical Applications,ACL_2025_Full_Papers.bib
"Predicting Turn-Taking and Backchannel in Human-Machine Conversations Using Linguistic, Acoustic, and Visual Signals",ACL_2025_Full_Papers.bib
A New Formulation of {Z}ipf{'}s Meaning-Frequency Law through Contextual Diversity,ACL_2025_Full_Papers.bib
The Mirage of Model Editing: Revisiting Evaluation in the Wild,ACL_2025_Full_Papers.bib
{LAQ}uer: Localized Attribution Queries in Content-grounded Generation,ACL_2025_Full_Papers.bib
{EPO}: Explicit Policy Optimization for Strategic Reasoning in {LLM}s via Reinforcement Learning,ACL_2025_Full_Papers.bib
{DCG}-{SQL}: Enhancing In-Context Learning for Text-to-{SQL} with Deep Contextual Schema Link Graph,ACL_2025_Full_Papers.bib
{P}re{P}-{OCR}: A Complete Pipeline for Document Image Restoration and Enhanced {OCR} Accuracy,ACL_2025_Full_Papers.bib
Digest the Knowledge: Large Language Models empowered Message Passing for Knowledge Graph Question Answering,ACL_2025_Full_Papers.bib
{DS}$^2$-{ABSA}: Dual-Stream Data Synthesis with Label Refinement for Few-Shot Aspect-Based Sentiment Analysis,ACL_2025_Full_Papers.bib
{MISP}-Meeting: A Real-World Dataset with Multimodal Cues for Long-form Meeting Transcription and Summarization,ACL_2025_Full_Papers.bib
{M}ol{RAG}: Unlocking the Power of Large Language Models for Molecular Property Prediction,ACL_2025_Full_Papers.bib
{M}as{R}outer: Learning to Route {LLM}s for Multi-Agent Systems,ACL_2025_Full_Papers.bib
Beyond Single Labels: Improving Conversational Recommendation through {LLM}-Powered Data Augmentation,ACL_2025_Full_Papers.bib
Beyond One-Size-Fits-All: Tailored Benchmarks for Efficient Evaluation,ACL_2025_Full_Papers.bib
i{QUEST}: An Iterative Question-Guided Framework for Knowledge Base Question Answering,ACL_2025_Full_Papers.bib
{IRT}-Router: Effective and Interpretable Multi-{LLM} Routing via Item Response Theory,ACL_2025_Full_Papers.bib
{MLAS}-{L}o{RA}: Language-Aware Parameters Detection and {L}o{RA}-Based Knowledge Transfer for Multilingual Machine Translation,ACL_2025_Full_Papers.bib
{M}2{RC}-{EVAL}: Massively Multilingual Repository-level Code Completion Evaluation,ACL_2025_Full_Papers.bib
Evaluating Design Decisions for Dual Encoder-based Entity Disambiguation,ACL_2025_Full_Papers.bib
How to Compare Things Properly? A Study of Argument Relevance in Comparative Question Answering,ACL_2025_Full_Papers.bib
"{F}inance{R}easoning: Benchmarking Financial Numerical Reasoning More Credible, Comprehensive and Challenging",ACL_2025_Full_Papers.bib
Controllable Style Arithmetic with Language Models,ACL_2025_Full_Papers.bib
Masks Can be Learned as an Alternative to Experts,ACL_2025_Full_Papers.bib
Program Synthesis Benchmark for Visual Programming in {XL}ogo{O}nline Environment,ACL_2025_Full_Papers.bib
Removal of Hallucination on Hallucination: Debate-Augmented {RAG},ACL_2025_Full_Papers.bib
{BOOKWORLD}: From Novels to Interactive Agent Societies for Story Creation,ACL_2025_Full_Papers.bib
Quantifying Lexical Semantic Shift via Unbalanced Optimal Transport,ACL_2025_Full_Papers.bib
Agentic Reward Modeling: Integrating Human Preferences with Verifiable Correctness Signals for Reliable Reward Systems,ACL_2025_Full_Papers.bib
Adaptive and Robust Translation from Natural Language to Multi-model Query Languages,ACL_2025_Full_Papers.bib
{SAKE}: Steering Activations for Knowledge Editing,ACL_2025_Full_Papers.bib
Middle-Layer Representation Alignment for Cross-Lingual Transfer in Fine-Tuned {LLM}s,ACL_2025_Full_Papers.bib
One for All: Update Parameterized Knowledge Across Multiple Models with Once Edit,ACL_2025_Full_Papers.bib
{VLMI}nfer{S}low: Evaluating the Efficiency Robustness of Large Vision-Language Models as a Service,ACL_2025_Full_Papers.bib
{C}risis{TS}: Coupling Social Media Textual Data and Meteorological Time Series for Urgency Classification,ACL_2025_Full_Papers.bib
How to Mitigate Overfitting in Weak-to-strong Generalization?,ACL_2025_Full_Papers.bib
Com$^2$ : A Causal-Guided Benchmark for Exploring Complex Commonsense Reasoning in Large Language Models,ACL_2025_Full_Papers.bib
Dynamic Head Selection for Neural Lexicalized Constituency Parsing,ACL_2025_Full_Papers.bib
My Words Imply Your Opinion: Reader Agent-Based Propagation Enhancement for Personalized Implicit Emotion Analysis,ACL_2025_Full_Papers.bib
{E}volve{B}ench: A Comprehensive Benchmark for Assessing Temporal Awareness in {LLM}s on Evolving Knowledge,ACL_2025_Full_Papers.bib
Enabling {LLM} Knowledge Analysis via Extensive Materialization,ACL_2025_Full_Papers.bib
Rhythm Controllable and Efficient Zero-Shot Voice Conversion via Shortcut Flow Matching,ACL_2025_Full_Papers.bib
"Llama See, Llama Do: A Mechanistic Perspective on Contextual Entrainment and Distraction in {LLM}s",ACL_2025_Full_Papers.bib
Theoretical Guarantees for Minimum {B}ayes Risk Decoding,ACL_2025_Full_Papers.bib
Enhancing Cross-Lingual Transfer through Reversible Transliteration: A {H}uffman-Based Approach for Low-Resource Languages,ACL_2025_Full_Papers.bib
Unmasking Style Sensitivity: A Causal Analysis of Bias Evaluation Instability in Large Language Models,ACL_2025_Full_Papers.bib
{BMIKE}-53: Investigating Cross-Lingual Knowledge Editing with In-Context Learning,ACL_2025_Full_Papers.bib
What Matters in Evaluating Book-Length Stories? A Systematic Study of Long Story Evaluation,ACL_2025_Full_Papers.bib
{PROPER}: A Progressive Learning Framework for Personalized Large Language Models with Group-Level Adaptation,ACL_2025_Full_Papers.bib
Enhancing Event-centric News Cluster Summarization via Data Sharpening and Localization Insights,ACL_2025_Full_Papers.bib
{MMB}oundary: Advancing {MLLM} Knowledge Boundary Awareness through Reasoning Step Confidence Calibration,ACL_2025_Full_Papers.bib
{LIFB}ench: Evaluating the Instruction Following Performance and Stability of Large Language Models in Long-Context Scenarios,ACL_2025_Full_Papers.bib
{M2S}: Multi-turn to Single-turn jailbreak in Red Teaming for {LLM}s,ACL_2025_Full_Papers.bib
{RAE}mo{LLM}: Retrieval Augmented {LLM}s for Cross-Domain Misinformation Detection Using In-Context Learning Based on Emotional Information,ACL_2025_Full_Papers.bib
Task-Specific Information Decomposition for End-to-End Dense Video Captioning,ACL_2025_Full_Papers.bib
{C}alibra{E}val: Calibrating Prediction Distribution to Mitigate Selection Bias in {LLM}s-as-Judges,ACL_2025_Full_Papers.bib
Private Memorization Editing: Turning Memorization into a Defense to Strengthen Data Privacy in Large Language Models,ACL_2025_Full_Papers.bib
{P}hys{R}eason: A Comprehensive Benchmark towards Physics-Based Reasoning,ACL_2025_Full_Papers.bib
Does Time Have Its Place? Temporal Heads: Where Language Models Recall Time-specific Information,ACL_2025_Full_Papers.bib
Velocitune: A Velocity-based Dynamic Domain Reweighting Method for Continual Pre-training,ACL_2025_Full_Papers.bib
"Sheep{'}s Skin, Wolf{'}s Deeds: Are {LLM}s Ready for Metaphorical Implicit Hate Speech?",ACL_2025_Full_Papers.bib
Neuron-Level Sequential Editing for Large Language Models,ACL_2025_Full_Papers.bib
Automatic Expert Discovery in {LLM} Upcycling via Sparse Interpolated Mixture-of-Experts,ACL_2025_Full_Papers.bib
{S}imul{S}2{S}-{LLM}: Unlocking Simultaneous Inference of Speech {LLM}s for Speech-to-Speech Translation,ACL_2025_Full_Papers.bib
{V}ox{E}val: Benchmarking the Knowledge Understanding Capabilities of End-to-End Spoken Language Models,ACL_2025_Full_Papers.bib
{R}etro{LLM}: Empowering Large Language Models to Retrieve Fine-grained Evidence within Generation,ACL_2025_Full_Papers.bib
The Role of Deductive and Inductive Reasoning in Large Language Models,ACL_2025_Full_Papers.bib
Disentangling the Roles of Representation and Selection in Data Pruning,ACL_2025_Full_Papers.bib
{ACT}: Knowledgeable Agents to Design and Perform Complex Tasks,ACL_2025_Full_Papers.bib
Logical forms complement probability in understanding language model (and human) performance,ACL_2025_Full_Papers.bib
Length Controlled Generation for Black-box {LLM}s,ACL_2025_Full_Papers.bib
Improving Contextual Faithfulness of Large Language Models via Retrieval Heads-Induced Optimization,ACL_2025_Full_Papers.bib
On Synthesizing Data for Context Attribution in Question Answering,ACL_2025_Full_Papers.bib
{TST}: A Schema-Based Top-Down and Dynamic-Aware Agent of Text-to-Table Tasks,ACL_2025_Full_Papers.bib
{E}vent{RAG}: Enhancing {LLM} Generation with Event Knowledge Graphs,ACL_2025_Full_Papers.bib
Analyzing the Rapid Generalization of {SFT} via the Perspective of Attention Head Activation Patterns,ACL_2025_Full_Papers.bib
Can{'}t See the Forest for the Trees: Benchmarking Multimodal Safety Awareness for Multimodal {LLM}s,ACL_2025_Full_Papers.bib
Mis-prompt: Benchmarking Large Language Models for Proactive Error Handling,ACL_2025_Full_Papers.bib
{T}rip{C}raft: A Benchmark for Spatio-Temporally Fine Grained Travel Planning,ACL_2025_Full_Papers.bib
{D}ual{G}uard: A Parameter Space Transformation Approach for Bidirectional Defense in Split-Based {LLM} Fine-Tuning,ACL_2025_Full_Papers.bib
Movie101v2: Improved Movie Narration Benchmark,ACL_2025_Full_Papers.bib
Can {LLM}s Evaluate Complex Attribution in {QA}? Automatic Benchmarking using Knowledge Graphs,ACL_2025_Full_Papers.bib
{FEA}-Bench: A Benchmark for Evaluating Repository-Level Code Generation for Feature Implementation,ACL_2025_Full_Papers.bib
Do not Abstain! Identify and Solve the Uncertainty,ACL_2025_Full_Papers.bib
Decoding by Contrasting Knowledge: Enhancing Large Language Model Confidence on Edited Facts,ACL_2025_Full_Papers.bib
{I}mpli{H}ate{V}id: A Benchmark Dataset and Two-stage Contrastive Learning Framework for Implicit Hate Speech Detection in Videos,ACL_2025_Full_Papers.bib
Improving Chain-of-Thought Reasoning via Quasi-Symbolic Abstractions,ACL_2025_Full_Papers.bib
Information Extraction from Visually Rich Documents using {LLM}-based Organization of Documents into Independent Textual Segments,ACL_2025_Full_Papers.bib
Enhancing Open-Domain Task-Solving Capability of {LLM}s via Autonomous Tool Integration from {G}it{H}ub,ACL_2025_Full_Papers.bib
Donate or Create? Comparing Data Collection Strategies for Emotion-labeled Multimodal Social Media Posts,ACL_2025_Full_Papers.bib
Can You Really Trust Code Copilot? Evaluating Large Language Models from a Code Security Perspective,ACL_2025_Full_Papers.bib
From Sub-Ability Diagnosis to Human-Aligned Generation: Bridging the Gap for Text Length Control via {M}arker{G}en,ACL_2025_Full_Papers.bib
{AGD}: Adversarial Game Defense Against Jailbreak Attacks in Large Language Models,ACL_2025_Full_Papers.bib
{SCOP}: Evaluating the Comprehension Process of Large Language Models from a Cognitive View,ACL_2025_Full_Papers.bib
Table-Critic: A Multi-Agent Framework for Collaborative Criticism and Refinement in Table Reasoning,ACL_2025_Full_Papers.bib
An Expanded Massive Multilingual Dataset for High-Performance Language Technologies ({HPLT}),ACL_2025_Full_Papers.bib
Scaling Text-Rich Image Understanding via Code-Guided Synthetic Multimodal Data Generation,ACL_2025_Full_Papers.bib
Hierarchical Attention Generates Better Proofs,ACL_2025_Full_Papers.bib
"Agent-{R}eward{B}ench: Towards a Unified Benchmark for Reward Modeling across Perception, Planning, and Safety in Real-World Multimodal Agents",ACL_2025_Full_Papers.bib
It{'}s Not Bragging If You Can Back It Up: Can {LLM}s Understand Braggings?,ACL_2025_Full_Papers.bib
A Troublemaker with Contagious Jailbreak Makes Chaos in Honest Towns,ACL_2025_Full_Papers.bib
Meta-Learning Neural Mechanisms rather than {B}ayesian Priors,ACL_2025_Full_Papers.bib
Shifting from Ranking to Set Selection for Retrieval Augmented Generation,ACL_2025_Full_Papers.bib
Understanding Large Language Model Vulnerabilities to Social Bias Attacks,ACL_2025_Full_Papers.bib
{C}hat{SOP}: An {SOP}-Guided {MCTS} Planning Framework for Controllable {LLM} Dialogue Agents,ACL_2025_Full_Papers.bib
Pixel-Level Reasoning Segmentation via Multi-turn Conversations,ACL_2025_Full_Papers.bib
Fixing Distribution Shifts of {LLM} Self-Critique via On-Policy Self-Play Training,ACL_2025_Full_Papers.bib
Inferring Functionality of Attention Heads from their Parameters,ACL_2025_Full_Papers.bib
Faithful and Robust {LLM}-Driven Theorem Proving for {NLI} Explanations,ACL_2025_Full_Papers.bib
Revealing the Deceptiveness of Knowledge Editing: A Mechanistic Analysis of Superficial Editing,ACL_2025_Full_Papers.bib
Masking in Multi-hop {QA}: An Analysis of How Language Models Perform with Context Permutation,ACL_2025_Full_Papers.bib
Optimizing Question Semantic Space for Dynamic Retrieval-Augmented Multi-hop Question Answering,ACL_2025_Full_Papers.bib
Insight Over Sight: Exploring the Vision-Knowledge Conflicts in Multimodal {LLM}s,ACL_2025_Full_Papers.bib
{S}cene{G}en{A}gent: Precise Industrial Scene Generation with Coding Agent,ACL_2025_Full_Papers.bib
{T}ool{C}oder: A Systematic Code-Empowered Tool Learning Framework for Large Language Models,ACL_2025_Full_Papers.bib
Enhancing Text Editing for Grammatical Error Correction: {A}rabic as a Case Study,ACL_2025_Full_Papers.bib
From Isolates to Families: Using Neural Networks for Automated Language Affiliation,ACL_2025_Full_Papers.bib
{ELBA}-Bench: An Efficient Learning Backdoor Attacks Benchmark for Large Language Models,ACL_2025_Full_Papers.bib
"Less, but Better: Efficient Multilingual Expansion for {LLM}s via Layer-wise Mixture-of-Experts",ACL_2025_Full_Papers.bib
{ICR} Probe: Tracking Hidden State Dynamics for Reliable Hallucination Detection in {LLM}s,ACL_2025_Full_Papers.bib
Revisit Self-Debugging with Self-Generated Tests for Code Generation,ACL_2025_Full_Papers.bib
{I}n{S}erter: Speech Instruction Following with Unsupervised Interleaved Pre-training,ACL_2025_Full_Papers.bib
Exploring {LLM}s' Ability to Spontaneously and Conditionally Modify Moral Expressions through Text Manipulation,ACL_2025_Full_Papers.bib
Mixture of Ordered Scoring Experts for Cross-prompt Essay Trait Scoring,ACL_2025_Full_Papers.bib
Sparse Logit Sampling: Accelerating Knowledge Distillation in {LLM}s,ACL_2025_Full_Papers.bib
Enhancing Spoken Discourse Modeling in Language Models Using Gestural Cues,ACL_2025_Full_Papers.bib
{E}xplora{C}oder: Advancing Code Generation for Multiple Unseen {API}s via Planning and Chained Exploration,ACL_2025_Full_Papers.bib
Segment First or Comprehend First? Explore the Limit of Unsupervised Word Segmentation with Large Language Models,ACL_2025_Full_Papers.bib
{RUBY}: An Effective Framework for Multi-Constraint Multi-Hop Question Generation,ACL_2025_Full_Papers.bib
Can Indirect Prompt Injection Attacks Be Detected and Removed?,ACL_2025_Full_Papers.bib
Identifying Open Challenges in Language Identification,ACL_2025_Full_Papers.bib
The Distracting Effect: Understanding Irrelevant Passages in {RAG},ACL_2025_Full_Papers.bib
Multilingual Encoder Knows more than You Realize: Shared Weights Pretraining for Extremely Low-Resource Languages,ACL_2025_Full_Papers.bib
Graphically Speaking: Unmasking Abuse in Social Media with Conversation Insights,ACL_2025_Full_Papers.bib
{C}ode{T}ool: Enhancing Programmatic Tool Invocation of {LLM}s via Process Supervision,ACL_2025_Full_Papers.bib
{RARE}: Retrieval-Augmented Reasoning Enhancement for Large Language Models,ACL_2025_Full_Papers.bib
Defense Against Prompt Injection Attack by Leveraging Attack Techniques,ACL_2025_Full_Papers.bib
Acquisition and Application of Novel Knowledge in Large Language Models,ACL_2025_Full_Papers.bib
{DNCASR}: End-to-End Training for Speaker-Attributed {ASR},ACL_2025_Full_Papers.bib
Exploring Persona Sentiment Sensitivity in Personalized Dialogue Generation,ACL_2025_Full_Papers.bib
{A}nti{L}eak{B}ench: Preventing Data Contamination by Automatically Constructing Benchmarks with Updated Real-World Knowledge,ACL_2025_Full_Papers.bib
{LLM}-Guided Semantic-Aware Clustering for Topic Modeling,ACL_2025_Full_Papers.bib
Hierarchical Bracketing Encodings for Dependency Parsing as Tagging,ACL_2025_Full_Papers.bib
{OASIS}: Order-Augmented Strategy for Improved Code Search,ACL_2025_Full_Papers.bib
Can Large Language Models Detect Errors in Long Chain-of-Thought Reasoning?,ACL_2025_Full_Papers.bib
Tree-{KG}: An Expandable Knowledge Graph Construction Framework for Knowledge-intensive Domains,ACL_2025_Full_Papers.bib
Micro-Act: Mitigate Knowledge Conflict in Question Answering via Actionable Self-Reasoning,ACL_2025_Full_Papers.bib
Minimal Pair-Based Evaluation of Code-Switching,ACL_2025_Full_Papers.bib
{LL}a{MA}-Omni 2: {LLM}-based Real-time Spoken Chatbot with Autoregressive Streaming Speech Synthesis,ACL_2025_Full_Papers.bib
Error Comparison Optimization for Large Language Models on Aspect-Based Sentiment Analysis,ACL_2025_Full_Papers.bib
The {AI} Gap: How Socioeconomic Status Affects Language Technology Interactions,ACL_2025_Full_Papers.bib
Probing {LLM}s for Multilingual Discourse Generalization Through a Unified Label Set,ACL_2025_Full_Papers.bib
Soundwave: Less is More for Speech-Text Alignment in {LLM}s,ACL_2025_Full_Papers.bib
{R}o{T}o{R}: Towards More Reliable Responses for Order-Invariant Inputs,ACL_2025_Full_Papers.bib
{I}m{P}art: Importance-Aware Delta-Sparsification for Improved Model Compression and Merging in {LLM}s,ACL_2025_Full_Papers.bib
Words of Warmth: Trust and Sociability Norms for over 26k {E}nglish Words,ACL_2025_Full_Papers.bib
{B}ehavior{B}ox: Automated Discovery of Fine-Grained Performance Differences Between Language Models,ACL_2025_Full_Papers.bib
{HAF}-{RM}: A Hybrid Alignment Framework for Reward Model Training,ACL_2025_Full_Papers.bib
{M}eme{QA}: Holistic Evaluation for Meme Understanding,ACL_2025_Full_Papers.bib
{K}i{RAG}: Knowledge-Driven Iterative Retriever for Enhancing Retrieval-Augmented Generation,ACL_2025_Full_Papers.bib
Enhancing Lexicon-Based Text Embeddings with Large Language Models,ACL_2025_Full_Papers.bib
{C}o{C}o{L}ex: Confidence-guided Copy-based Decoding for Grounded Legal Text Generation,ACL_2025_Full_Papers.bib
Beyond N-Grams: Rethinking Evaluation Metrics and Strategies for Multilingual Abstractive Summarization,ACL_2025_Full_Papers.bib
{CC}-Tuning: A Cross-Lingual Connection Mechanism for Improving Joint Multilingual Supervised Fine-Tuning,ACL_2025_Full_Papers.bib
{SC}on{U}: Selective Conformal Uncertainty in Large Language Models,ACL_2025_Full_Papers.bib
{M}ega{P}airs: Massive Data Synthesis for Universal Multimodal Retrieval,ACL_2025_Full_Papers.bib
When {GPT} Spills the Tea: Comprehensive Assessment of Knowledge File Leakage in {GPT}s,ACL_2025_Full_Papers.bib
{U}ni{C}odec: Unified Audio Codec with Single Domain-Adaptive Codebook,ACL_2025_Full_Papers.bib
{KERL}: Knowledge-Enhanced Personalized Recipe Recommendation using Large Language Models,ACL_2025_Full_Papers.bib
Multilingual Arbitration: Optimizing Data Pools to Accelerate Multilingual Progress,ACL_2025_Full_Papers.bib
Controlled Low-Rank Adaptation with Subspace Regularization for Continued Training on Large Language Models,ACL_2025_Full_Papers.bib
{C}hinese {S}imple{QA}: A {C}hinese Factuality Evaluation for Large Language Models,ACL_2025_Full_Papers.bib
"{PVP}: An Image Dataset for Personalized Visual Persuasion with Persuasion Strategies, Viewer Characteristics, and Persuasiveness Ratings",ACL_2025_Full_Papers.bib
Any Information Is Just Worth One Single Screenshot: Unifying Search With Visualized Information Retrieval,ACL_2025_Full_Papers.bib
Tunable {LLM}-based Proactive Recommendation Agent,ACL_2025_Full_Papers.bib
Segment-Based Attention Masking for {GPT}s,ACL_2025_Full_Papers.bib
Bi-Tuning with Collaborative Information for Controllable {LLM}-based Sequential Recommendation,ACL_2025_Full_Papers.bib
{DIVE} into {M}o{E}: Diversity-Enhanced Reconstruction of Large Language Models from Dense into Mixture-of-Experts,ACL_2025_Full_Papers.bib
{DAC}: A Dynamic Attention-aware Approach for Task-Agnostic Prompt Compression,ACL_2025_Full_Papers.bib
Computation Mechanism Behind {LLM} Position Generalization,ACL_2025_Full_Papers.bib
D{\'e}j{\`a} Vu? Decoding Repeated Reading from Eye Movements,ACL_2025_Full_Papers.bib
{LLM}s can be easily Confused by Instructional Distractions,ACL_2025_Full_Papers.bib
{P}lan{G}en{LLM}s: A Modern Survey of {LLM} Planning Capabilities,ACL_2025_Full_Papers.bib
{IAM}: Efficient Inference through Attention Mapping between Different-scale {LLM}s,ACL_2025_Full_Papers.bib
nv{A}gent: Automated Data Visualization from Natural Language via Collaborative Agent Workflow,ACL_2025_Full_Papers.bib
{ZIPA}: A family of efficient models for multilingual phone recognition,ACL_2025_Full_Papers.bib
{GRACE}: A Granular Benchmark for Evaluating Model Calibration against Human Calibration,ACL_2025_Full_Papers.bib
Dynamic Evaluation with Cognitive Reasoning for Multi-turn Safety of Large Language Models,ACL_2025_Full_Papers.bib
From Tools to Teammates: Evaluating {LLM}s in Multi-Session Coding Interactions,ACL_2025_Full_Papers.bib
Guiding not Forcing: Enhancing the Transferability of Jailbreaking Attacks on {LLM}s via Removing Superfluous Constraints,ACL_2025_Full_Papers.bib
Multilingual Text-to-Image Generation Magnifies Gender Stereotypes,ACL_2025_Full_Papers.bib
A Reality Check on Context Utilisation for Retrieval-Augmented Generation,ACL_2025_Full_Papers.bib
{CU}-{MAM}: Coherence-Driven Unified Macro-Structures for Argument Mining,ACL_2025_Full_Papers.bib
Text-to-{ES} Bench: A Comprehensive Benchmark for Converting Natural Language to {E}lasticsearch Query,ACL_2025_Full_Papers.bib
{DARS}: Dynamic Action Re-Sampling to Enhance Coding Agent Performance by Adaptive Tree Traversal,ACL_2025_Full_Papers.bib
Steering off Course: Reliability Challenges in Steering Language Models,ACL_2025_Full_Papers.bib
Impartial Multi-task Representation Learning via Variance-invariant Probabilistic Decoding,ACL_2025_Full_Papers.bib
If Eleanor Rigby Had Met {C}hat{GPT}: A Study on Loneliness in a Post-{LLM} World,ACL_2025_Full_Papers.bib
"Integrating Audio, Visual, and Semantic Information for Enhanced Multimodal Speaker Diarization on Multi-party Conversation",ACL_2025_Full_Papers.bib
Vulnerability of {LLM}s to Vertically Aligned Text Manipulations,ACL_2025_Full_Papers.bib
{A}uto{M}ixer: Checkpoint Artifacts as Automatic Data Mixers,ACL_2025_Full_Papers.bib
Generalized Attention Flow: Feature Attribution for Transformer Models via Maximum Flow,ACL_2025_Full_Papers.bib
Beyond Prompting: An Efficient Embedding Framework for Open-Domain Question Answering,ACL_2025_Full_Papers.bib
{AIR}-Bench: Automated Heterogeneous Information Retrieval Benchmark,ACL_2025_Full_Papers.bib
We-Math: Does Your Large Multimodal Model Achieve Human-like Mathematical Reasoning?,ACL_2025_Full_Papers.bib
Modeling the Evolution of {E}nglish Noun Compounds with Feature-Rich Diachronic Compositionality Prediction,ACL_2025_Full_Papers.bib
What{'}s the Difference? Supporting Users in Identifying the Effects of Prompt and Model Changes Through Token Patterns,ACL_2025_Full_Papers.bib
{V}-Oracle: Making Progressive Reasoning in Deciphering Oracle Bones for You and Me,ACL_2025_Full_Papers.bib
Unveiling Cultural Blind Spots: Analyzing the Limitations of m{LLM}s in Procedural Text Comprehension,ACL_2025_Full_Papers.bib
Improving Language and Modality Transfer in Translation by Character-level Modeling,ACL_2025_Full_Papers.bib
{D}ial{U}p! Modeling the Language Continuum by Adapting Models to Dialects and Dialects to Models,ACL_2025_Full_Papers.bib
Modeling Complex Semantics Relation with Contrastively Fine-Tuned Relational Encoders,ACL_2025_Full_Papers.bib
Error-driven Data-efficient Large Multimodal Model Tuning,ACL_2025_Full_Papers.bib
Planning with Diffusion Models for Target-Oriented Dialogue Systems,ACL_2025_Full_Papers.bib
Interactive and Expressive Code-Augmented Planning with Large Language Models,ACL_2025_Full_Papers.bib
Synergistic Weak-Strong Collaboration by Aligning Preferences,ACL_2025_Full_Papers.bib
Understanding Silent Data Corruption in {LLM} Training,ACL_2025_Full_Papers.bib
"Can {LLM}s Help Uncover Insights about {LLM}s? A Large-Scale, Evolving Literature Analysis of Frontier {LLM}s",ACL_2025_Full_Papers.bib
Deep Temporal Reasoning in Video Language Models: A Cross-Linguistic Evaluation of Action Duration and Completion through Perfect Times,ACL_2025_Full_Papers.bib
Amplifying Trans and Nonbinary Voices: A Community-Centred Harm Taxonomy for {LLM}s,ACL_2025_Full_Papers.bib
Enhancing Human Evaluation in Machine Translation with Comparative Judgement,ACL_2025_Full_Papers.bib
Infogen: Generating Complex Statistical Infographics from Documents,ACL_2025_Full_Papers.bib
Partial Colexifications Improve Concept Embeddings,ACL_2025_Full_Papers.bib
Improved Unbiased Watermark for Large Language Models,ACL_2025_Full_Papers.bib
{M}a{CP}: Minimal yet Mighty Adaptation via Hierarchical Cosine Projection,ACL_2025_Full_Papers.bib
Multi-Attribute Steering of Language Models via Targeted Intervention,ACL_2025_Full_Papers.bib
{A}dapt{A}gent: Adapting Multimodal Web Agents with Few-Shot Learning from Human Demonstrations,ACL_2025_Full_Papers.bib
Can {LLM}s Identify Critical Limitations within Scientific Research? A Systematic Evaluation on {AI} Research Papers,ACL_2025_Full_Papers.bib
Using Shapley interactions to understand how models use structure,ACL_2025_Full_Papers.bib
Adversarial Tokenization,ACL_2025_Full_Papers.bib
Classifying Unreliable Narrators with Large Language Models,ACL_2025_Full_Papers.bib
{C}oncept{C}arve: Dynamic Realization of Evidence,ACL_2025_Full_Papers.bib
{QQSUM}: A Novel Task and Model of Quantitative Query-Focused Summarization for Review-based Product Question Answering,ACL_2025_Full_Papers.bib
Navigating Rifts in Human-{LLM} Grounding: Study and Benchmark,ACL_2025_Full_Papers.bib
Substance over Style: Evaluating Proactive Conversational Coaching Agents,ACL_2025_Full_Papers.bib
Open-World Planning via Lifted Regression with {LLM}-Inferred Affordances for Embodied Agents,ACL_2025_Full_Papers.bib
({RSA}){\texttwosuperior}: A Rhetorical-Strategy-Aware Rational Speech Act Framework for Figurative Language Understanding,ACL_2025_Full_Papers.bib
{SYNTHIA}: Novel Concept Design with Affordance Composition,ACL_2025_Full_Papers.bib
Consistent Client Simulation for Motivational Interviewing-based Counseling,ACL_2025_Full_Papers.bib
{AUTALIC}: A Dataset for Anti-{AUT}istic Ableist Language In Context,ACL_2025_Full_Papers.bib
Structural Reasoning Improves Molecular Understanding of {LLM},ACL_2025_Full_Papers.bib
{CAMI}: A Counselor Agent Supporting Motivational Interviewing through State Inference and Topic Exploration,ACL_2025_Full_Papers.bib
Know You First and Be You Better: Modeling Human-Like User Simulators via Implicit Profiles,ACL_2025_Full_Papers.bib
Targeted Syntactic Evaluation for Grammatical Error Correction,ACL_2025_Full_Papers.bib
Language Model Fine-Tuning on Scaled Survey Data for Predicting Distributions of Public Opinions,ACL_2025_Full_Papers.bib
{K}at{F}ish{N}et: Detecting {LLM}-Generated {K}orean Text through Linguistic Feature Analysis,ACL_2025_Full_Papers.bib
On Generalization across Measurement Systems: {LLM}s Entail More Test-Time Compute for Underrepresented Cultures,ACL_2025_Full_Papers.bib
{CORDIAL}: Can Multimodal Large Language Models Effectively Understand Coherence Relationships?,ACL_2025_Full_Papers.bib
Veracity Bias and Beyond: Uncovering {LLM}s' Hidden Beliefs in Problem-Solving Reasoning,ACL_2025_Full_Papers.bib
{LLM} Meets Scene Graph: Can Large Language Models Understand and Generate Scene Graphs? A Benchmark and Empirical Study,ACL_2025_Full_Papers.bib
Beyond Frameworks: Unpacking Collaboration Strategies in Multi-Agent Systems,ACL_2025_Full_Papers.bib
The Invisible Hand: Unveiling Provider Bias in Large Language Models for Code Generation,ACL_2025_Full_Papers.bib
K/{DA}: Automated Data Generation Pipeline for Detoxifying Implicitly Offensive Language in {K}orean,ACL_2025_Full_Papers.bib
{THOR}-{M}o{E}: Hierarchical Task-Guided and Context-Responsive Routing for Neural Machine Translation,ACL_2025_Full_Papers.bib
Neuron Empirical Gradient: Discovering and Quantifying Neurons' Global Linear Controllability,ACL_2025_Full_Papers.bib
Can Third Parties Read Our Emotions?,ACL_2025_Full_Papers.bib
{OZS}peech: One-step Zero-shot Speech Synthesis with Learned-Prior-Conditioned Flow Matching,ACL_2025_Full_Papers.bib
{J}ailbreak{R}adar: Comprehensive Assessment of Jailbreak Attacks Against {LLM}s,ACL_2025_Full_Papers.bib
{C}ogni{B}ench: A Legal-inspired Framework and Dataset for Assessing Cognitive Faithfulness of Large Language Models,ACL_2025_Full_Papers.bib
Neural Incompatibility: The Unbridgeable Gap of Cross-Scale Parametric Knowledge Transfer in Large Language Models,ACL_2025_Full_Papers.bib
Enhancing Mathematical Reasoning in {LLM}s by Stepwise Correction,ACL_2025_Full_Papers.bib
{P}sy{D}ial: A Large-scale Long-term Conversational Dataset for Mental Health Support,ACL_2025_Full_Papers.bib
Enhancing Goal-oriented Proactive Dialogue Systems via Consistency Reflection and Correction,ACL_2025_Full_Papers.bib
Exclusion of Thought: Mitigating Cognitive Load in Large Language Models for Enhanced Reasoning in Multiple-Choice Tasks,ACL_2025_Full_Papers.bib
Registering Source Tokens to Target Language Spaces in Multilingual Neural Machine Translation,ACL_2025_Full_Papers.bib
{V}isuo{T}hink: Empowering {LVLM} Reasoning with Multimodal Tree Search,ACL_2025_Full_Papers.bib
{LED}-Merging: Mitigating Safety-Utility Conflicts in Model Merging with Location-Election-Disjoint,ACL_2025_Full_Papers.bib
"Dolphin: Moving Towards Closed-loop Auto-research through Thinking, Practice, and Feedback",ACL_2025_Full_Papers.bib
{P}er{S}phere: A Comprehensive Framework for Multi-Faceted Perspective Retrieval and Summarization,ACL_2025_Full_Papers.bib
Prompt-Guided Internal States for Hallucination Detection of Large Language Models,ACL_2025_Full_Papers.bib
Typology-Guided Adaptation in Multilingual Models,ACL_2025_Full_Papers.bib
"Don{'}t Erase, Inform! Detecting and Contextualizing Harmful Language in Cultural Heritage Collections",ACL_2025_Full_Papers.bib
{ECLM}: Entity Level Language Model for Spoken Language Understanding with Chain of Intent,ACL_2025_Full_Papers.bib
{F}aithful{RAG}: Fact-Level Conflict Modeling for Context-Faithful Retrieval-Augmented Generation,ACL_2025_Full_Papers.bib
Knowledge Image Matters: Improving Knowledge-Based Visual Reasoning with Multi-Image Large Language Models,ACL_2025_Full_Papers.bib
{GUIC}ourse: From General Vision Language Model to Versatile {GUI} Agent,ACL_2025_Full_Papers.bib
Maximizing the Effectiveness of Larger {BERT} Models for Compression,ACL_2025_Full_Papers.bib
Can {LLM}s Reason About Program Semantics? A Comprehensive Evaluation of {LLM}s on Formal Specification Inference,ACL_2025_Full_Papers.bib
{HAC}o-Det: A Study Towards Fine-Grained Machine-Generated Text Detection under Human-{AI} Coauthoring,ACL_2025_Full_Papers.bib
{I}ndic{S}ynth: A Large-Scale Multilingual Synthetic Speech Dataset for Low-Resource {I}ndian Languages,ACL_2025_Full_Papers.bib
Reinforced {IR}: A Self-Boosting Framework For Domain-Adapted Information Retrieval,ACL_2025_Full_Papers.bib
{C}o{IR}: A Comprehensive Benchmark for Code Information Retrieval Models,ACL_2025_Full_Papers.bib
Enhancing Multimodal Retrieval via Complementary Information Extraction and Alignment,ACL_2025_Full_Papers.bib
{J}o{PA}: Explaining Large Language Model{'}s Generation via Joint Prompt Attribution,ACL_2025_Full_Papers.bib
Proxy-Driven Robust Multimodal Sentiment Analysis with Incomplete Data,ACL_2025_Full_Papers.bib
Not All Terms Matter: Recall-Oriented Adaptive Learning for {PLM}-aided Query Expansion in Open-Domain Question Answering,ACL_2025_Full_Papers.bib
A Mutual Information Perspective on Knowledge Graph Embedding,ACL_2025_Full_Papers.bib
Aligned but Blind: Alignment Increases Implicit Bias by Reducing Awareness of Race,ACL_2025_Full_Papers.bib
{P}ro{MAL}ex: Progressive Modular Adapters for Multi-Jurisdictional Legal Language Modeling,ACL_2025_Full_Papers.bib
Disentangling Language and Culture for Evaluating Multilingual Large Language Models,ACL_2025_Full_Papers.bib
Detecting Sockpuppetry on {W}ikipedia Using Meta-Learning,ACL_2025_Full_Papers.bib
Diversity-oriented Data Augmentation with Large Language Models,ACL_2025_Full_Papers.bib
{C}ore{E}val: Automatically Building Contamination-Resilient Datasets with Real-World Knowledge toward Reliable {LLM} Evaluation,ACL_2025_Full_Papers.bib
{R}i{OT}: Efficient Prompt Refinement with Residual Optimization Tree,ACL_2025_Full_Papers.bib
Caution for the Environment: Multimodal {LLM} Agents are Susceptible to Environmental Distractions,ACL_2025_Full_Papers.bib
"Automatic Evaluation for Text-to-image Generation: Task-decomposed Framework, Distilled Training, and Meta-evaluation Benchmark",ACL_2025_Full_Papers.bib
Mitigating Lost-in-Retrieval Problems in Retrieval Augmented Multi-Hop Question Answering,ACL_2025_Full_Papers.bib
{T}able{L}o{RA}: Low-rank Adaptation on Table Structure Understanding for Large Language Models,ACL_2025_Full_Papers.bib
{C}ul{F}i{T}: A Fine-grained Cultural-aware {LLM} Training Paradigm via Multilingual Critique Data Synthesis,ACL_2025_Full_Papers.bib
Decoding Knowledge Attribution in Mixture-of-Experts: A Framework of Basic-Refinement Collaboration and Efficiency Analysis,ACL_2025_Full_Papers.bib
{C}hart{L}ens: Fine-grained Visual Attribution in Charts,ACL_2025_Full_Papers.bib
{LESA}: Learnable {LLM} Layer Scaling-Up,ACL_2025_Full_Papers.bib
{MMRC}: A Large-Scale Benchmark for Understanding Multimodal Large Language Model in Real-World Conversation,ACL_2025_Full_Papers.bib
Towards the Law of Capacity Gap in Distilling Language Models,ACL_2025_Full_Papers.bib
{W}hi{SPA}: Semantically and Psychologically Aligned Whisper with Self-Supervised Contrastive and Student-Teacher Learning,ACL_2025_Full_Papers.bib
Keys to Robust Edits: From Theoretical Insights to Practical Advances,ACL_2025_Full_Papers.bib
Boosting {LLM}{'}s Molecular Structure Elucidation with Knowledge Enhanced Tree Search Reasoning,ACL_2025_Full_Papers.bib
The Role of Visual Modality in Multimodal Mathematical Reasoning: Challenges and Insights,ACL_2025_Full_Papers.bib
The Essence of Contextual Understanding in Theory of Mind: A Study on Question Answering with Story Characters,ACL_2025_Full_Papers.bib
{S}$^2${R}: Teaching {LLM}s to Self-verify and Self-correct via Reinforcement Learning,ACL_2025_Full_Papers.bib
Advancing Collaborative Debates with Role Differentiation through Multi-Agent Reinforcement Learning,ACL_2025_Full_Papers.bib
{STRICTA}: Structured Reasoning in Critical Text Assessment for Peer Review and Beyond,ACL_2025_Full_Papers.bib
{XDAC}: {XAI}-Driven Detection and Attribution of {LLM}-Generated News Comments in {K}orean,ACL_2025_Full_Papers.bib
"{CENTAUR}: Bridging the Impossible Trinity of Privacy, Efficiency, and Performance in Privacy-Preserving Transformer Inference",ACL_2025_Full_Papers.bib
"Silencing Empowerment, Allowing Bigotry: Auditing the Moderation of Hate Speech on Twitch",ACL_2025_Full_Papers.bib
{E}di{T}ext: Controllable Coarse-to-Fine Text Editing with Diffusion Language Models,ACL_2025_Full_Papers.bib
{TUMLU}: A Unified and Native Language Understanding Benchmark for {T}urkic Languages,ACL_2025_Full_Papers.bib
Look Both Ways and No Sink: Converting {LLM}s into Text Encoders without Training,ACL_2025_Full_Papers.bib
A Statistical and Multi-Perspective Revisiting of the Membership Inference Attack in Large Language Models,ACL_2025_Full_Papers.bib
Around the World in 24 Hours: Probing {LLM} Knowledge of Time and Place,ACL_2025_Full_Papers.bib
``What do you call a dog that is incontrovertibly true? Dogma'': Testing {LLM} Generalization through Humor,ACL_2025_Full_Papers.bib
Towards Harmonized Uncertainty Estimation for Large Language Models,ACL_2025_Full_Papers.bib
{VITAL}: A New Dataset for Benchmarking Pluralistic Alignment in Healthcare,ACL_2025_Full_Papers.bib
Are We in the {AI}-Generated Text World Already? Quantifying and Monitoring {AIGT} on Social Media,ACL_2025_Full_Papers.bib
{WET}: Overcoming Paraphrasing Vulnerabilities in Embeddings-as-a-Service with Linear Transformation Watermarks,ACL_2025_Full_Papers.bib
{H}o{PE}: A Novel Positional Encoding Without Long-Term Decay for Enhanced Context Awareness and Extrapolation,ACL_2025_Full_Papers.bib
One {Q}uant{LLM} for {ALL}: Fine-tuning Quantized {LLM}s Once for Efficient Deployments,ACL_2025_Full_Papers.bib
Beyond Logits: Aligning Feature Dynamics for Effective Knowledge Distillation,ACL_2025_Full_Papers.bib
Native Sparse Attention: Hardware-Aligned and Natively Trainable Sparse Attention,ACL_2025_Full_Papers.bib
{DRAE}: Dynamic Retrieval-Augmented Expert Networks for Lifelong Learning and Task Adaptation in Robotics,ACL_2025_Full_Papers.bib
{MT}-{RAIG}: Novel Benchmark and Evaluation Framework for Retrieval-Augmented Insight Generation over Multiple Tables,ACL_2025_Full_Papers.bib
Enhancing Chain-of-Thought Reasoning with Critical Representation Fine-tuning,ACL_2025_Full_Papers.bib
Does the Emotional Understanding of {LVLM}s Vary Under High-Stress Environments and Across Different Demographic Attributes?,ACL_2025_Full_Papers.bib
{S}2{WTM}: Spherical Sliced-{W}asserstein Autoencoder for Topic Modeling,ACL_2025_Full_Papers.bib
Learning to Look at the Other Side: A Semantic Probing Study of Word Embeddings in {LLM}s with Enabled Bidirectional Attention,ACL_2025_Full_Papers.bib
Tracing and Dissecting How {LLM}s Recall Factual Knowledge for Real World Questions,ACL_2025_Full_Papers.bib
Employing Discourse Coherence Enhancement to Improve Cross-Document Event and Entity Coreference Resolution,ACL_2025_Full_Papers.bib
Data Whisperer: Efficient Data Selection for Task-Specific {LLM} Fine-Tuning via Few-Shot In-Context Learning,ACL_2025_Full_Papers.bib
Synthesizing Post-Training Data for {LLM}s through Multi-Agent Simulation,ACL_2025_Full_Papers.bib
{S}oft{C}o{T}: Soft Chain-of-Thought for Efficient Reasoning with {LLM}s,ACL_2025_Full_Papers.bib
{FCMR}: Robust Evaluation of Financial Cross-Modal Multi-Hop Reasoning,ACL_2025_Full_Papers.bib
Beyond Prompt Engineering: Robust Behavior Control in {LLM}s via Steering Target Atoms,ACL_2025_Full_Papers.bib
{M}obi{L}o{RA}: Accelerating {L}o{RA}-based {LLM} Inference on Mobile Devices via Context-aware {KV} Cache Optimization,ACL_2025_Full_Papers.bib
Language Models Resist Alignment: Evidence From Data Compression,ACL_2025_Full_Papers.bib
Beyond the Answer: Advancing Multi-Hop {QA} with Fine-Grained Graph Reasoning and Evaluation,ACL_2025_Full_Papers.bib
Mamba Knockout for Unraveling Factual Information Flow,ACL_2025_Full_Papers.bib
Marco-o1 v2: Towards Widening The Distillation Bottleneck for Reasoning Models,ACL_2025_Full_Papers.bib
{T}2{A}-Feedback: Improving Basic Capabilities of Text-to-Audio Generation via Fine-grained {AI} Feedback,ACL_2025_Full_Papers.bib
{C}o{E}: A Clue of Emotion Framework for Emotion Recognition in Conversations,ACL_2025_Full_Papers.bib
{Q}uali{S}peech: A Speech Quality Assessment Dataset with Natural Language Reasoning and Descriptions,ACL_2025_Full_Papers.bib
"On the Relation Between Fine-Tuning, Topological Properties, and Task Performance in Sense-Enhanced Embeddings",ACL_2025_Full_Papers.bib
Finding Needles in Images: Can Multi-modal {LLM}s Locate Fine Details?,ACL_2025_Full_Papers.bib
Exploring Explanations Improves the Robustness of In-Context Learning,ACL_2025_Full_Papers.bib
Prediction Hubs are Context-Informed Frequent Tokens in {LLM}s,ACL_2025_Full_Papers.bib
Capability Salience Vector: Fine-grained Alignment of Loss and Capabilities for Downstream Task Scaling Law,ACL_2025_Full_Papers.bib
"{CRUXEVAL}-{X}: A Benchmark for Multilingual Code Reasoning, Understanding and Execution",ACL_2025_Full_Papers.bib
Graph of Records: Boosting Retrieval Augmented Generation for Long-context Summarization with Graphs,ACL_2025_Full_Papers.bib
Rubrik{'}s Cube: Testing a New Rubric for Evaluating Explanations on the {CUBE} dataset,ACL_2025_Full_Papers.bib
Ref-Long: Benchmarking the Long-context Referencing Capability of Long-context Language Models,ACL_2025_Full_Papers.bib
Revisiting Scaling Laws for Language Models: The Role of Data Quality and Training Strategies,ACL_2025_Full_Papers.bib
"Limited Generalizability in Argument Mining: State-Of-The-Art Models Learn Datasets, Not Arguments",ACL_2025_Full_Papers.bib
Unveil: Unified Visual-Textual Integration and Distillation for Multi-modal Document Retrieval,ACL_2025_Full_Papers.bib
Don{'}t Get Lost in the Trees: Streamlining {LLM} Reasoning by Overcoming Tree Search Exploration Pitfalls,ACL_2025_Full_Papers.bib
{MEXMA}: Token-level objectives improve sentence representations,ACL_2025_Full_Papers.bib
{A}gent{D}ropout: Dynamic Agent Elimination for Token-Efficient and High-Performance {LLM}-Based Multi-Agent Collaboration,ACL_2025_Full_Papers.bib
Towards Dynamic Theory of Mind: Evaluating {LLM} Adaptation to Temporal Evolution of Human States,ACL_2025_Full_Papers.bib
Marco-Bench-{MIF}: On Multilingual Instruction-Following Capability of Large Language,ACL_2025_Full_Papers.bib
Analyzing {LLM}s' Knowledge Boundary Cognition Across Languages Through the Lens of Internal Representations,ACL_2025_Full_Papers.bib
Enhancing Retrieval-Augmented Generation via Evidence Tree Search,ACL_2025_Full_Papers.bib
{H}allu{L}ens: {LLM} Hallucination Benchmark,ACL_2025_Full_Papers.bib
{DEEPER} Insight into Your User: Directed Persona Refinement for Dynamic Persona Modeling,ACL_2025_Full_Papers.bib
Asclepius: A Spectrum Evaluation Benchmark for Medical Multi-Modal Large Language Models,ACL_2025_Full_Papers.bib
{I}nstruct{P}art: Task-Oriented Part Segmentation with Instruction Reasoning,ACL_2025_Full_Papers.bib
{GR}a{MP}a: Subword Regularisation by Skewing Uniform Segmentation Distributions with an Efficient Path-counting {M}arkov Model,ACL_2025_Full_Papers.bib
Evaluating the Evaluation of Diversity in Commonsense Generation,ACL_2025_Full_Papers.bib
"Generate First, Then Sample: Enhancing Fake News Detection with {LLM}-Augmented Reinforced Sampling",ACL_2025_Full_Papers.bib
Towards Fully Exploiting {LLM} Internal States to Enhance Knowledge Boundary Perception,ACL_2025_Full_Papers.bib
Decoding on Graphs: Faithful and Sound Reasoning on Knowledge Graphs through Generation of Well-Formed Chains,ACL_2025_Full_Papers.bib
{ST}a{R}-{SQL}: Self-Taught Reasoner for Text-to-{SQL},ACL_2025_Full_Papers.bib
Fairness Beyond Performance: Revealing Reliability Disparities Across Groups in Legal {NLP},ACL_2025_Full_Papers.bib
{F}ast{MCTS}: A Simple Sampling Strategy for Data Synthesis,ACL_2025_Full_Papers.bib
Dialogue-{RAG}: Enhancing Retrieval for {LLM}s via Node-Linking Utterance Rewriting,ACL_2025_Full_Papers.bib
"Using Information Theory to Characterize Prosodic Typology: The Case of Tone, Pitch-Accent and Stress-Accent",ACL_2025_Full_Papers.bib
Evaluating {LLM}s for {P}ortuguese Sentence Simplification with Linguistic Insights,ACL_2025_Full_Papers.bib
{L}a{TIM}: Measuring Latent Token-to-Token Interactions in Mamba Models,ACL_2025_Full_Papers.bib
Don{'}t Reinvent the Wheel: Efficient Instruction-Following Text Embedding based on Guided Space Transformation,ACL_2025_Full_Papers.bib
{BOOKCOREF}: Coreference Resolution at Book Scale,ACL_2025_Full_Papers.bib
{OMGM}: Orchestrate Multiple Granularities and Modalities for Efficient Multimodal Retrieval,ACL_2025_Full_Papers.bib
Alleviating Hallucinations from Knowledge Misalignment in Large Language Models via Selective Abstention Learning,ACL_2025_Full_Papers.bib
Retrospective Learning from Interactions,ACL_2025_Full_Papers.bib
Personalized Generation In Large Model Era: A Survey,ACL_2025_Full_Papers.bib
Graph Counselor: Adaptive Graph Exploration via Multi-Agent Synergy to Enhance {LLM} Reasoning,ACL_2025_Full_Papers.bib
{SOTOPIA}-{\ensuremath{\Omega}}: Dynamic Strategy Injection Learning and Social Instruction Following Evaluation for Social Agents,ACL_2025_Full_Papers.bib
Can Language Models Replace Programmers for Coding? {REPOCOD} Says `Not Yet',ACL_2025_Full_Papers.bib
{ACORD}: An Expert-Annotated Retrieval Dataset for Legal Contract Drafting,ACL_2025_Full_Papers.bib
{LLM}s know their vulnerabilities: Uncover Safety Gaps through Natural Distribution Shifts,ACL_2025_Full_Papers.bib
{WAFFLE}: Fine-tuning Multi-Modal Model for Automated Front-End Development,ACL_2025_Full_Papers.bib
Math Neurosurgery: Isolating Language Models' Math Reasoning Abilities Using Only Forward Passes,ACL_2025_Full_Papers.bib
Multiple {LLM} Agents Debate for Equitable Cultural Alignment,ACL_2025_Full_Papers.bib
{SEA}: Low-Resource Safety Alignment for Multimodal Large Language Models via Synthetic Embeddings,ACL_2025_Full_Papers.bib
Chain-of-Reasoning: Towards Unified Mathematical Reasoning in Large Language Models via a Multi-Paradigm Perspective,ACL_2025_Full_Papers.bib
Language Models Grow Less Humanlike beyond Phase Transition,ACL_2025_Full_Papers.bib
{PC}o{T}: Persuasion-Augmented Chain of Thought for Detecting Fake News and Social Media Disinformation,ACL_2025_Full_Papers.bib
Coordinating Chaos: A Structured Review of Linguistic Coordination Methodologies,ACL_2025_Full_Papers.bib
i{N}ews: A Multimodal Dataset for Modeling Personalized Affective Responses to News,ACL_2025_Full_Papers.bib
Mind the Gesture: Evaluating {AI} Sensitivity to Culturally Offensive Non-Verbal Gestures,ACL_2025_Full_Papers.bib
500x{C}ompressor: Generalized Prompt Compression for Large Language Models,ACL_2025_Full_Papers.bib
Estimating Privacy Leakage of Augmented Contextual Knowledge in Language Models,ACL_2025_Full_Papers.bib
Document-Level Event-Argument Data Augmentation for Challenging Role Types,ACL_2025_Full_Papers.bib
Mapping the Podcast Ecosystem with the Structured Podcast Research Corpus,ACL_2025_Full_Papers.bib
Unravelling the Logic: Investigating the Generalisation of Transformers in Numerical Satisfiability Problems,ACL_2025_Full_Papers.bib
The Nature of {NLP}: Analyzing Contributions in {NLP} Papers,ACL_2025_Full_Papers.bib
{GeLLM{\textthreesuperior}O}: Generalizing Large Language Models for Multi-property Molecule Optimization,ACL_2025_Full_Papers.bib
Follow-up Question Generation For Enhanced Patient-Provider Conversations,ACL_2025_Full_Papers.bib
Unveiling Privacy Risks in {LLM} Agent Memory,ACL_2025_Full_Papers.bib
Watching the Watchers: Exposing Gender Disparities in Machine Translation Quality Estimation,ACL_2025_Full_Papers.bib
Language Constrained Multimodal Hyper Adapter For Many-to-Many Multimodal Summarization,ACL_2025_Full_Papers.bib
{PRMB}ench: A Fine-grained and Challenging Benchmark for Process-Level Reward Models,ACL_2025_Full_Papers.bib
Efficient Ensemble for Fine-tuning Language Models on Multiple Datasets,ACL_2025_Full_Papers.bib
Library-Like Behavior In Language Models is Enhanced by Self-Referencing Causal Cycles,ACL_2025_Full_Papers.bib
Shaping the Safety Boundaries: Understanding and Defending Against Jailbreaks in Large Language Models,ACL_2025_Full_Papers.bib
{ASPERA}: A Simulated Environment to Evaluate Planning for Complex Action Execution,ACL_2025_Full_Papers.bib
{R}eflect{D}iffu: Reflect between Emotion-intent Contagion and Mimicry for Empathetic Response Generation via a {RL}-Diffusion Framework,ACL_2025_Full_Papers.bib
{SARA}: Salience-Aware Reinforced Adaptive Decoding for Large Language Models in Abstractive Summarization,ACL_2025_Full_Papers.bib
Embedding-Converter: A Unified Framework for Cross-Model Embedding Transformation,ACL_2025_Full_Papers.bib
Answering Complex Geographic Questions by Adaptive Reasoning with Visual Context and External Commonsense Knowledge,ACL_2025_Full_Papers.bib
Safety Alignment via Constrained Knowledge Unlearning,ACL_2025_Full_Papers.bib
Response Wide Shut? Surprising Observations in Basic Vision Language Model Capabilities,ACL_2025_Full_Papers.bib
{E}ffi{VLM}-{BENCH}: A Comprehensive Benchmark for Evaluating Training-Free Acceleration in Large Vision-Language Models,ACL_2025_Full_Papers.bib
Pre-Training Curriculum for Multi-Token Prediction in Language Models,ACL_2025_Full_Papers.bib
Can We Further Elicit Reasoning in {LLM}s? Critic-Guided Planning with Retrieval-Augmentation for Solving Challenging Tasks,ACL_2025_Full_Papers.bib
On Many-Shot In-Context Learning for Long-Context Evaluation,ACL_2025_Full_Papers.bib
{H}elp{S}teer3: Human-Annotated Feedback and Edit Data to Empower Inference-Time Scaling in Open-Ended General-Domain Tasks,ACL_2025_Full_Papers.bib
"{C}ultural{B}ench: A Robust, Diverse and Challenging Benchmark for Measuring {LM}s' Cultural Knowledge Through Human-{AI} Red-Teaming",ACL_2025_Full_Papers.bib
All That Glitters is Not Novel: Plagiarism in {AI} Generated Research,ACL_2025_Full_Papers.bib
Writing Like the Best: Exemplar-Based Expository Text Generation,ACL_2025_Full_Papers.bib
Temporal Relation Extraction in Clinical Texts: A Span-based Graph Transformer Approach,ACL_2025_Full_Papers.bib
Finding A Voice: Exploring the Potential of {A}frican {A}merican Dialect and Voice Generation for Chatbots,ACL_2025_Full_Papers.bib
Delta-{KNN}: Improving Demonstration Selection in In-Context Learning for {A}lzheimer{'}s Disease Detection,ACL_2025_Full_Papers.bib
Help Me Write a Story: Evaluating {LLM}s' Ability to Generate Writing Feedback,ACL_2025_Full_Papers.bib
Language Fusion for Parameter-Efficient Cross-lingual Transfer,ACL_2025_Full_Papers.bib
Culture is Not Trivia: Sociocultural Theory for Cultural {NLP},ACL_2025_Full_Papers.bib
{AAD}-{LLM}: Neural Attention-Driven Auditory Scene Understanding,ACL_2025_Full_Papers.bib
Do Language Models Have Semantics? On the Five Standard Positions,ACL_2025_Full_Papers.bib
Evaluating Multimodal Language Models as Visual Assistants for Visually Impaired Users,ACL_2025_Full_Papers.bib
{H}um{T} {D}um{T}: Measuring and controlling human-like language in {LLM}s,ACL_2025_Full_Papers.bib
{C}hat{B}ench: From Static Benchmarks to Human-{AI} Evaluation,ACL_2025_Full_Papers.bib
Anything Goes? A Crosslinguistic Study of (Im)possible Language Learning in {LM}s,ACL_2025_Full_Papers.bib
Ranking Unraveled: Recipes for {LLM} Rankings in Head-to-Head {AI} Combat,ACL_2025_Full_Papers.bib
{LLM} Agents Making Agent Tools,ACL_2025_Full_Papers.bib
{C}raf{T}ext Benchmark: Advancing Instruction Following in Complex Multimodal Open-Ended World,ACL_2025_Full_Papers.bib
{QG}-{SMS}: Enhancing Test Item Analysis via Student Modeling and Simulation,ACL_2025_Full_Papers.bib
Causal Graph based Event Reasoning using Semantic Relation Experts,ACL_2025_Full_Papers.bib
{L}ogic{P}ro: Improving Complex Logical Reasoning via Program-Guided Learning,ACL_2025_Full_Papers.bib
Do {LLM}s Understand Dialogues? A Case Study on Dialogue Acts,ACL_2025_Full_Papers.bib
Research Borderlands: Analysing Writing Across Research Cultures,ACL_2025_Full_Papers.bib
{CEAES}: Bidirectional Reinforcement Learning Optimization for Consistent and Explainable Essay Assessment,ACL_2025_Full_Papers.bib
{O}mni{C}haracter: Towards Immersive Role-Playing Agents with Seamless Speech-Language Personality Interaction,ACL_2025_Full_Papers.bib
Mixtures of In-Context Learners,ACL_2025_Full_Papers.bib
Balancing Diversity and Risk in {LLM} Sampling: How to Select Your Method and Parameter for Open-Ended Text Generation,ACL_2025_Full_Papers.bib
{RADAR}: Enhancing Radiology Report Generation with Supplementary Knowledge Injection,ACL_2025_Full_Papers.bib
Can {LLM}s Deceive {CLIP}? Benchmarking Adversarial Compositionality of Pre-trained Multimodal Representation via Text Updates,ACL_2025_Full_Papers.bib
Attention Speaks Volumes: Localizing and Mitigating Bias in Language Models,ACL_2025_Full_Papers.bib
{MTSA}: Multi-turn Safety Alignment for {LLM}s through Multi-round Red-teaming,ACL_2025_Full_Papers.bib
The Efficiency vs. Accuracy Trade-off: Optimizing {RAG}-Enhanced {LLM} Recommender Systems Using Multi-Head Early Exit,ACL_2025_Full_Papers.bib
Unraveling {L}o{RA} Interference: Orthogonal Subspaces for Robust Model Merging,ACL_2025_Full_Papers.bib
{BIG}-Bench Extra Hard,ACL_2025_Full_Papers.bib
{CST}ree-{SRI}: Introspection-Driven Cognitive Semantic Tree for Multi-Turn Question Answering over Extra-Long Contexts,ACL_2025_Full_Papers.bib
{I}nduction{B}ench: {LLM}s Fail in the Simplest Complexity Class,ACL_2025_Full_Papers.bib
{RATIONALYST}: Pre-training Process-Supervision for Improving Reasoning,ACL_2025_Full_Papers.bib
Make Imagination Clearer! Stable Diffusion-based Visual Imagination for Multimodal Machine Translation,ACL_2025_Full_Papers.bib
Multi-document Summarization through Multi-document Event Relation Graph Reasoning in {LLM}s: a case study in Framing Bias Mitigation,ACL_2025_Full_Papers.bib
Who Writes What: Unveiling the Impact of Author Roles on {AI}-generated Text Detection,ACL_2025_Full_Papers.bib
{R}o{C}o{FT}: Efficient Finetuning of Large Language Models with Row-Column Updates,ACL_2025_Full_Papers.bib
Scaling Laws and Efficient Inference for Ternary Language Models,ACL_2025_Full_Papers.bib
Exploring the Impact of Instruction-Tuning on {LLM}{'}s Susceptibility to Misinformation,ACL_2025_Full_Papers.bib
Do Language Models Understand Honorific Systems in {J}avanese?,ACL_2025_Full_Papers.bib
Exploring Multimodal Relation Extraction of Hierarchical Tabular Data with Multi-task Learning,ACL_2025_Full_Papers.bib
A Self-Denoising Model for Robust Few-Shot Relation Extraction,ACL_2025_Full_Papers.bib
{Q}u{ASAR}: A Question-Driven Structure-Aware Approach for Table-to-Text Generation,ACL_2025_Full_Papers.bib
Automated Structured Radiology Report Generation,ACL_2025_Full_Papers.bib
Predicting Through Generation: Why Generation Is Better for Prediction,ACL_2025_Full_Papers.bib
``Give Me {BF}16 or Give Me Death''? Accuracy-Performance Trade-Offs in {LLM} Quantization,ACL_2025_Full_Papers.bib
"{S}titch{LLM}: Serving {LLM}s, One Block at a Time",ACL_2025_Full_Papers.bib
Walk in Others' Shoes with a Single Glance: Human-Centric Visual Grounding with Top-View Perspective Transformation,ACL_2025_Full_Papers.bib
Is linguistically-motivated data augmentation worth it?,ACL_2025_Full_Papers.bib
Colloquial Singaporean {E}nglish Style Transfer with Fine-Grained Explainable Control,ACL_2025_Full_Papers.bib
From Informal to Formal {--} Incorporating and Evaluating {LLM}s on Natural Language Requirements to Verifiable Formal Proofs,ACL_2025_Full_Papers.bib
{C}o{AM}: Corpus of All-Type Multiword Expressions,ACL_2025_Full_Papers.bib
{S}ea{KR}: Self-aware Knowledge Retrieval for Adaptive Retrieval Augmented Generation,ACL_2025_Full_Papers.bib
Exposing the Achilles' Heel: Evaluating {LLM}s Ability to Handle Mistakes in Mathematical Reasoning,ACL_2025_Full_Papers.bib
Understanding the Dark Side of {LLM}s' Intrinsic Self-Correction,ACL_2025_Full_Papers.bib
"{V}ideo{V}ista-{C}ultural{L}ingo: 360{\textdegree} Horizons-Bridging Cultures, Languages, and Domains in Video Comprehension",ACL_2025_Full_Papers.bib
What are the Essential Factors in Crafting Effective Long Context Multi-Hop Instruction Datasets? Insights and Best Practices,ACL_2025_Full_Papers.bib
Knowledge Graph Retrieval-Augmented Generation for {LLM}-based Recommendation,ACL_2025_Full_Papers.bib
{S}udo{LM}: Learning Access Control of Parametric Knowledge with Authorization Alignment,ACL_2025_Full_Papers.bib
{I}0{T}: Embedding Standardization Method Towards Zero Modality Gap,ACL_2025_Full_Papers.bib
Odysseus Navigates the Sirens' Song: Dynamic Focus Decoding for Factual and Diverse Open-Ended Text Generation,ACL_2025_Full_Papers.bib
Better Embeddings with Coupled {A}dam,ACL_2025_Full_Papers.bib
Bone Soups: A Seek-and-Soup Model Merging Approach for Controllable Multi-Objective Generation,ACL_2025_Full_Papers.bib
Controllable and Reliable Knowledge-Intensive Task-Oriented Conversational Agents with Declarative Genie Worksheets,ACL_2025_Full_Papers.bib
Benchmarking Long-Context Language Models on Long Code Understanding,ACL_2025_Full_Papers.bib
{MAGNET}: Augmenting Generative Decoders with Representation Learning and Infilling Capabilities,ACL_2025_Full_Papers.bib
Internal Value Alignment in Large Language Models through Controlled Value Vector Activation,ACL_2025_Full_Papers.bib
A Dual-Perspective {NLG} Meta-Evaluation Framework with Automatic Benchmark and Better Interpretability,ACL_2025_Full_Papers.bib
Recurrent Knowledge Identification and Fusion for Language Model Continual Learning,ACL_2025_Full_Papers.bib
Data-Constrained Synthesis of Training Data for De-Identification,ACL_2025_Full_Papers.bib
Contrastive Learning on {LLM} Back Generation Treebank for Cross-domain Constituency Parsing,ACL_2025_Full_Papers.bib
{MMDEND}: Dendrite-Inspired Multi-Branch Multi-Compartment Parallel Spiking Neuron for Sequence Modeling,ACL_2025_Full_Papers.bib
{T}2{I}-{F}actual{B}ench: Benchmarking the Factuality of Text-to-Image Models with Knowledge-Intensive Concepts,ACL_2025_Full_Papers.bib
"{O}pen{W}eb{V}oyager: Building Multimodal Web Agents via Iterative Real-World Exploration, Feedback and Optimization",ACL_2025_Full_Papers.bib
{FOCUS}: Evaluating Pre-trained Vision-Language Models on Underspecification Reasoning,ACL_2025_Full_Papers.bib
Personal Travel Solver: A Preference-Driven {LLM}-Solver System for Travel Planning,ACL_2025_Full_Papers.bib
{LLM}$\times${M}ap{R}educe: Simplified Long-Sequence Processing using Large Language Models,ACL_2025_Full_Papers.bib
Knowledge Tracing in Programming Education Integrating Students' Questions,ACL_2025_Full_Papers.bib
"Representations of Fact, Fiction and Forecast in Large Language Models: Epistemics and Attitudes",ACL_2025_Full_Papers.bib
Lexical Diversity-aware Relevance Assessment for Retrieval-Augmented Generation,ACL_2025_Full_Papers.bib
Weaving Context Across Images: Improving Vision-Language Models through Focus-Centric Visual Chains,ACL_2025_Full_Papers.bib
Online Iterative Self-Alignment for Radiology Report Generation,ACL_2025_Full_Papers.bib
{C}hinese Inertial {GAN} for Handwriting Signal Generation and Recognition,ACL_2025_Full_Papers.bib
{LLM}s Caught in the Crossfire: Malware Requests and Jailbreak Challenges,ACL_2025_Full_Papers.bib
Evaluating Sequence Labeling on the basis of Information Theory,ACL_2025_Full_Papers.bib
"G{\""o}del Agent: A Self-Referential Agent Framework for Recursively Self-Improvement",ACL_2025_Full_Papers.bib
{A}gent{G}ym: Evaluating and Training Large Language Model-based Agents across Diverse Environments,ACL_2025_Full_Papers.bib
Rethinking the Role of Prompting Strategies in {LLM} Test-Time Scaling: A Perspective of Probability Theory,ACL_2025_Full_Papers.bib
Information Locality as an Inductive Bias for Neural Language Models,ACL_2025_Full_Papers.bib
Learning to Reason Over Time: Timeline Self-Reflection for Improved Temporal Reasoning in Language Models,ACL_2025_Full_Papers.bib
Query-driven Document-level Scientific Evidence Extraction from Biomedical Studies,ACL_2025_Full_Papers.bib
"Towards Robust Universal Information Extraction: Dataset, Evaluation, and Solution",ACL_2025_Full_Papers.bib
Temporal reasoning for timeline summarisation in social media,ACL_2025_Full_Papers.bib
Beyond Negative Stereotypes {--} Non-Negative Abusive Utterances about Identity Groups and Their Semantic Variants,ACL_2025_Full_Papers.bib
Persistent Homology of Topic Networks for the Prediction of Reader Curiosity,ACL_2025_Full_Papers.bib
Tokenisation is {NP}-Complete,ACL_2025_Full_Papers.bib
Training Dynamics Underlying Language Model Scaling Laws: Loss Deceleration and Zero-Sum Learning,ACL_2025_Full_Papers.bib
Parameter-Aware Contrastive Knowledge Editing: Tracing and Rectifying based on Critical Transmission Paths,ACL_2025_Full_Papers.bib
Many Heads Are Better Than One: Improved Scientific Idea Generation by A {LLM}-Based Multi-Agent System,ACL_2025_Full_Papers.bib
Inner Thinking Transformer: Leveraging Dynamic Depth Scaling to Foster Adaptive Internal Thinking,ACL_2025_Full_Papers.bib
Document-Level Text Generation with Minimum {B}ayes Risk Decoding using Optimal Transport,ACL_2025_Full_Papers.bib
Opt-Out: Investigating Entity-Level Unlearning for Large Language Models via Optimal Transport,ACL_2025_Full_Papers.bib
Mixture of Small and Large Models for {C}hinese Spelling Check,ACL_2025_Full_Papers.bib
{DISC}: Plug-and-Play Decoding Intervention with Similarity of Characters for {C}hinese Spelling Check,ACL_2025_Full_Papers.bib
Causal Estimation of Tokenisation Bias,ACL_2025_Full_Papers.bib
Value Residual Learning,ACL_2025_Full_Papers.bib
{SGIC}: A Self-Guided Iterative Calibration Framework for {RAG},ACL_2025_Full_Papers.bib
{N}usa{A}ksara: A Multimodal and Multilingual Benchmark for Preserving {I}ndonesian Indigenous Scripts,ACL_2025_Full_Papers.bib
{LLM}-based Rumor Detection via Influence Guided Sample Selection and Game-based Perspective Analysis,ACL_2025_Full_Papers.bib
Hierarchical-Task-Aware Multi-modal Mixture of Incremental {L}o{RA} Experts for Embodied Continual Learning,ACL_2025_Full_Papers.bib
{S}pindle{KV}: A Novel {KV} Cache Reduction Method Balancing Both Shallow and Deep Layers,ACL_2025_Full_Papers.bib
Medical Graph {RAG}: Evidence-based Medical Large Language Model via Graph Retrieval-Augmented Generation,ACL_2025_Full_Papers.bib
Unifying Uniform and Binary-coding Quantization for Accurate Compression of Large Language Models,ACL_2025_Full_Papers.bib
Agentic Reasoning: A Streamlined Framework for Enhancing {LLM} Reasoning with Agentic Tools,ACL_2025_Full_Papers.bib
Probing Relative Interaction and Dynamic Calibration in Multi-modal Entity Alignment,ACL_2025_Full_Papers.bib
Learn to Memorize: Scalable Continual Learning in Semiparametric Models with Mixture-of-Neighbors Induction Memory,ACL_2025_Full_Papers.bib
"Adverse Event Extraction from Discharge Summaries: A New Dataset, Annotation Scheme, and Initial Findings",ACL_2025_Full_Papers.bib
Speed Up Your Code: Progressive Code Acceleration Through Bidirectional Tree Editing,ACL_2025_Full_Papers.bib
Multi-Facet Blending for Faceted Query-by-Example Retrieval,ACL_2025_Full_Papers.bib
{PIPER}: Benchmarking and Prompting Event Reasoning Boundary of {LLM}s via Debiasing-Distillation Enhanced Tuning,ACL_2025_Full_Papers.bib
{MIR}: Methodology Inspiration Retrieval for Scientific Research Problems,ACL_2025_Full_Papers.bib
Sticking to the Mean: Detecting Sticky Tokens in Text Embedding Models,ACL_2025_Full_Papers.bib
Memorizing is Not Enough: Deep Knowledge Injection Through Reasoning,ACL_2025_Full_Papers.bib
Improving Dialogue State Tracking through Combinatorial Search for In-Context Examples,ACL_2025_Full_Papers.bib
Pretraining Context Compressor for Large Language Models with Embedding-Based Memory,ACL_2025_Full_Papers.bib
Dialogue Systems for Emotional Support via Value Reinforcement,ACL_2025_Full_Papers.bib
Length-Induced Embedding Collapse in {PLM}-based Models,ACL_2025_Full_Papers.bib
{SH}u{BERT}: Self-Supervised Sign Language Representation Learning via Multi-Stream Cluster Prediction,ACL_2025_Full_Papers.bib
{ERU}-{KG}: Efficient Reference-aligned Unsupervised Keyphrase Generation,ACL_2025_Full_Papers.bib
"{LLM}s Trust Humans More, That{'}s a Problem! Unveiling and Mitigating the Authority Bias in Retrieval-Augmented Generation",ACL_2025_Full_Papers.bib
Divide-Then-Aggregate: An Efficient Tool Learning Method via Parallel Tool Invocation,ACL_2025_Full_Papers.bib
Robust Utility-Preserving Text Anonymization Based on Large Language Models,ACL_2025_Full_Papers.bib
{SEAL}: Scaling to Emphasize Attention for Long-Context Retrieval,ACL_2025_Full_Papers.bib
From Neurons to Semantics: Evaluating Cross-Linguistic Alignment Capabilities of Large Language Models via Neurons Alignment,ACL_2025_Full_Papers.bib
Towards Better Value Principles for Large Language Model Alignment: A Systematic Evaluation and Enhancement,ACL_2025_Full_Papers.bib
"Language Models, Graph Searching, and Supervision Adulteration: When More Supervision is Less and How to Make More More",ACL_2025_Full_Papers.bib
Diversity Explains Inference Scaling Laws: Through a Case Study of Minimum {B}ayes Risk Decoding,ACL_2025_Full_Papers.bib
{SDD}: Self-Degraded Defense against Malicious Fine-tuning,ACL_2025_Full_Papers.bib
{C}oach{M}e: Decoding Sport Elements with a Reference-Based Coaching Instruction Generation Model,ACL_2025_Full_Papers.bib
How {LLM}s Comprehend Temporal Meaning in Narratives: A Case Study in Cognitive Evaluation of {LLM}s,ACL_2025_Full_Papers.bib
Data Caricatures: On the Representation of {A}frican {A}merican Language in Pretraining Corpora,ACL_2025_Full_Papers.bib
Language Model Probabilities are $Not$ Calibrated in Numeric Contexts,ACL_2025_Full_Papers.bib
{MDC}ure: A Scalable Pipeline for Multi-Document Instruction-Following,ACL_2025_Full_Papers.bib
Cross-Lingual Auto Evaluation for Assessing Multilingual {LLM}s,ACL_2025_Full_Papers.bib
{D}eep{R}eview: Improving {LLM}-based Paper Review with Human-like Deep Thinking Process,ACL_2025_Full_Papers.bib
Bypass Back-propagation: Optimization-based Structural Pruning for Large Language Models via Policy Gradient,ACL_2025_Full_Papers.bib
Tree-of-Debate: Multi-Persona Debate Trees Elicit Critical Thinking for Scientific Comparative Analysis,ACL_2025_Full_Papers.bib
Hierarchical Memory Organization for {W}ikipedia Generation,ACL_2025_Full_Papers.bib
Class Distillation with Mahalanobis Contrast: An Efficient Training Paradigm for Pragmatic Language Understanding Tasks,ACL_2025_Full_Papers.bib
Structure-aware Domain Knowledge Injection for Large Language Models,ACL_2025_Full_Papers.bib
Dialectal Coverage And Generalization in {A}rabic Speech Recognition,ACL_2025_Full_Papers.bib
{E}dit{I}nspector: A Benchmark for Evaluation of Text-Guided Image Edits,ACL_2025_Full_Papers.bib
Reconsidering {LLM} Uncertainty Estimation Methods in the Wild,ACL_2025_Full_Papers.bib
Bregman Conditional Random Fields: Sequence Labeling with Parallelizable Inference Algorithms,ACL_2025_Full_Papers.bib
{SEE}: Strategic Exploration and Exploitation for Cohesive In-Context Prompt Optimization,ACL_2025_Full_Papers.bib
Programming by Example meets Historical Linguistics: A Large Language Model Based Approach to Sound Law Induction,ACL_2025_Full_Papers.bib
Synergizing Unsupervised Episode Detection with {LLM}s for Large-Scale News Events,ACL_2025_Full_Papers.bib
Beyond True or False: Retrieval-Augmented Hierarchical Analysis of Nuanced Claims,ACL_2025_Full_Papers.bib
The Task Shield: Enforcing Task Alignment to Defend Against Indirect Prompt Injection in {LLM} Agents,ACL_2025_Full_Papers.bib
Sandcastles in the Storm: Revisiting the (Im)possibility of Strong Watermarking,ACL_2025_Full_Papers.bib
Time-{MQA}: Time Series Multi-Task Question Answering with Context Enhancement,ACL_2025_Full_Papers.bib
From Perceptions to Decisions: Wildfire Evacuation Decision Prediction with Behavioral Theory-informed {LLM}s,ACL_2025_Full_Papers.bib
{GETR}eason: Enhancing Image Context Extraction through Hierarchical Multi-Agent Reasoning,ACL_2025_Full_Papers.bib
"Unveiling the Potential of {BERT}-family: A New Recipe for Building Scalable, General and Competitive Large Language Models",ACL_2025_Full_Papers.bib
{T}axo{A}dapt: Aligning {LLM}-Based Multidimensional Taxonomy Construction to Evolving Research Corpora,ACL_2025_Full_Papers.bib
An Empirical Study of Iterative Refinements for Non-autoregressive Translation,ACL_2025_Full_Papers.bib
Retrofitting Large Language Models with Dynamic Tokenization,ACL_2025_Full_Papers.bib
Principled Content Selection to Generate Diverse and Personalized Multi-Document Summaries,ACL_2025_Full_Papers.bib
Bilingual Zero-Shot Stance Detection,ACL_2025_Full_Papers.bib
{G}ramma{MT}: Improving Machine Translation with Grammar-Informed In-Context Learning,ACL_2025_Full_Papers.bib
Measuring the Effect of Transcription Noise on Downstream Language Understanding Tasks,ACL_2025_Full_Papers.bib
Assessing Reliability and Political Bias In {LLM}s' Judgements of Formal and Material Inferences With Partisan Conclusions,ACL_2025_Full_Papers.bib
{PARME}: Parallel Corpora for Low-Resourced {M}iddle {E}astern Languages,ACL_2025_Full_Papers.bib
{METAL}: A Multi-Agent Framework for Chart Generation with Test-Time Scaling,ACL_2025_Full_Papers.bib
{C}on{L}oan: A Contrastive Multilingual Dataset for Evaluating Loanwords,ACL_2025_Full_Papers.bib
A Theory of Response Sampling in {LLM}s: Part Descriptive and Part Prescriptive,ACL_2025_Full_Papers.bib
{ME}raser: An Effective Fingerprint Erasure Approach for Large Language Models,ACL_2025_Full_Papers.bib
{VISA}: Retrieval Augmented Generation with Visual Source Attribution,ACL_2025_Full_Papers.bib
{DRAMA}: Diverse Augmentation from Large Language Models to Smaller Dense Retrievers,ACL_2025_Full_Papers.bib
Stochastic Chameleons: Irrelevant Context Hallucinations Reveal Class-Based (Mis)Generalization in {LLM}s,ACL_2025_Full_Papers.bib
{MAP}o{RL}: Multi-Agent Post-Co-Training for Collaborative Large Language Models with Reinforcement Learning,ACL_2025_Full_Papers.bib
Map{\&}Make: Schema Guided Text to Table Generation,ACL_2025_Full_Papers.bib
{IRIS}: Interpretable Retrieval-Augmented Classification for Long Interspersed Document Sequences,ACL_2025_Full_Papers.bib
Symmetrical Visual Contrastive Optimization: Aligning Vision-Language Models with Minimal Contrastive Images,ACL_2025_Full_Papers.bib
Can we Retrieve Everything All at Once? {ARM}: An Alignment-Oriented {LLM}-based Retrieval Method,ACL_2025_Full_Papers.bib
"{R}2{D}2: Remembering, Replaying and Dynamic Decision Making with a Reflective Agentic Memory",ACL_2025_Full_Papers.bib
{F}air{I} Tales: Evaluation of Fairness in {I}ndian Contexts with a Focus on Bias and Stereotypes,ACL_2025_Full_Papers.bib
{S}peech{IQ}: Speech-Agentic Intelligence Quotient Across Cognitive Levels in Voice Understanding by Large Language Models,ACL_2025_Full_Papers.bib
Predicting Implicit Arguments in Procedural Video Instructions,ACL_2025_Full_Papers.bib
{PIG}uard: Prompt Injection Guardrail via Mitigating Overdefense for Free,ACL_2025_Full_Papers.bib
{CLIPE}rase: Efficient Unlearning of Visual-Textual Associations in {CLIP},ACL_2025_Full_Papers.bib
{V}i{G}i{L}3{D}: A Linguistically Diverse Dataset for 3{D} Visual Grounding,ACL_2025_Full_Papers.bib
The time scale of redundancy between prosody and linguistic context,ACL_2025_Full_Papers.bib
Basic Reading Distillation,ACL_2025_Full_Papers.bib
Quantized Can Still Be Calibrated: A Unified Framework to Calibration in Quantized Large Language Models,ACL_2025_Full_Papers.bib
A Spatio-Temporal Point Process for Fine-Grained Modeling of Reading Behavior,ACL_2025_Full_Papers.bib
More is not always better? Enhancing Many-Shot In-Context Learning with Differentiated and Reweighting Objectives,ACL_2025_Full_Papers.bib
Astute {RAG}: Overcoming Imperfect Retrieval Augmentation and Knowledge Conflicts for Large Language Models,ACL_2025_Full_Papers.bib
{S}ub{LIME}: Subset Selection via Rank Correlation Prediction for Data-Efficient {LLM} Evaluation,ACL_2025_Full_Papers.bib
{M}{\textthreesuperior}{GQA}: A Multi-Entity Multi-Hop Multi-Setting Graph Question Answering Benchmark,ACL_2025_Full_Papers.bib
{LSSF}: Safety Alignment for Large Language Models through Low-Rank Safety Subspace Fusion,ACL_2025_Full_Papers.bib
{ETF}: An Entity Tracing Framework for Hallucination Detection in Code Summaries,ACL_2025_Full_Papers.bib
Meta-Tool: Unleash Open-World Function Calling Capabilities of General-Purpose Large Language Models,ACL_2025_Full_Papers.bib
Benchmarking and Improving Large Vision-Language Models for Fundamental Visual Graph Understanding and Reasoning,ACL_2025_Full_Papers.bib
{ISR}: Self-Refining Referring Expressions for Entity Grounding,ACL_2025_Full_Papers.bib
{CCH}all: A Novel Benchmark for Joint Cross-Lingual and Cross-Modal Hallucinations Detection in Large Language Models,ACL_2025_Full_Papers.bib
{T}est{NUC}: Enhancing Test-Time Computing Approaches and Scaling through Neighboring Unlabeled Data Consistency,ACL_2025_Full_Papers.bib
The Esethu Framework: Reimagining Sustainable Dataset Governance and Curation for Low-Resource Languages,ACL_2025_Full_Papers.bib
Theoretical Analysis of Hierarchical Language Recognition and Generation by Transformers without Positional Encoding,ACL_2025_Full_Papers.bib
Less is More: Explainable and Efficient {ICD} Code Prediction with Clinical Entities,ACL_2025_Full_Papers.bib
Benchmarking {LLM}s and {LLM}-based Agents in Practical Vulnerability Detection for Code Repositories,ACL_2025_Full_Papers.bib
Multi-Modality Expansion and Retention for {LLM}s through Parameter Merging and Decoupling,ACL_2025_Full_Papers.bib
Serial Lifelong Editing via Mixture of Knowledge Experts,ACL_2025_Full_Papers.bib
A Survey on Efficient Large Language Model Training: From Data-centric Perspectives,ACL_2025_Full_Papers.bib
{IMOL}: Incomplete-Modality-Tolerant Learning for Multi-Domain Fake News Video Detection,ACL_2025_Full_Papers.bib
{DD}x{T}utor: Clinical Reasoning Tutoring System with Differential Diagnosis-Based Structured Reasoning,ACL_2025_Full_Papers.bib
{S}ocial{E}val: Evaluating Social Intelligence of Large Language Models,ACL_2025_Full_Papers.bib
Hidden in Plain Sight: Evaluation of the Deception Detection Capabilities of {LLM}s in Multimodal Settings,ACL_2025_Full_Papers.bib
Analyzing and Mitigating Inconsistency in Discrete Speech Tokens for Neural Codec Language Models,ACL_2025_Full_Papers.bib
{P}lanning{A}rena: A Modular Benchmark for Multidimensional Evaluation of Planning and Tool Learning,ACL_2025_Full_Papers.bib
{F}ocus{LLM}: Precise Understanding of Long Context by Dynamic Condensing,ACL_2025_Full_Papers.bib
Negative Matters: Multi-Granularity Hard-Negative Synthesis and Anchor-Token-Aware Pooling for Enhanced Text Embeddings,ACL_2025_Full_Papers.bib
{GPT}-4 as a Homework Tutor Can Improve Student Engagement and Learning Outcomes,ACL_2025_Full_Papers.bib
Diffusion Models Through a Global Lens: Are They Culturally Inclusive?,ACL_2025_Full_Papers.bib
{E}nglish-based acoustic models perform well in the forced alignment of two {E}nglish-based Pacific Creoles,ACL_2025_Full_Papers.bib
Revisiting Compositional Generalization Capability of Large Language Models Considering Instruction Following Ability,ACL_2025_Full_Papers.bib
Batayan: A {F}ilipino {NLP} benchmark for evaluating Large Language Models,ACL_2025_Full_Papers.bib
{H}ints{O}f{T}ruth: A Multimodal Checkworthiness Detection Dataset with Real and Synthetic Claims,ACL_2025_Full_Papers.bib
{C}ity{N}av{A}gent: Aerial Vision-and-Language Navigation with Hierarchical Semantic Planning and Global Memory,ACL_2025_Full_Papers.bib
It{'}s Not a Walk in the Park! Challenges of Idiom Translation in Speech-to-text Systems,ACL_2025_Full_Papers.bib
"{P}oly{N}arrative: A Multilingual, Multilabel, Multi-domain Dataset for Narrative Extraction from News Articles",ACL_2025_Full_Papers.bib
A Parameter-Efficient and Fine-Grained Prompt Learning for Vision-Language Models,ACL_2025_Full_Papers.bib
Persona Dynamics: Unveiling the Impact of Persona Traits on Agents in Text-Based Games,ACL_2025_Full_Papers.bib
{S}eed{B}ench: A Multi-task Benchmark for Evaluating Large Language Models in Seed Science,ACL_2025_Full_Papers.bib
𝛿-Stance: A Large-Scale Real World Dataset of Stances in Legal Argumentation,ACL_2025_Full_Papers.bib
Re$^{3}$Syn: A Dependency-Based Data Synthesis Framework for Long-Context Post-training,ACL_2025_Full_Papers.bib
Enabling Chatbots with Eyes and Ears: An Immersive Multimodal Conversation System for Dynamic Interactions,ACL_2025_Full_Papers.bib
Multimodal Coreference Resolution for {C}hinese Social Media Dialogues: Dataset and Benchmark Approach,ACL_2025_Full_Papers.bib
{TACLR}: A Scalable and Efficient Retrieval-based Method for Industrial Product Attribute Value Identification,ACL_2025_Full_Papers.bib
Theory of Mind in Large Language Models: Assessment and Enhancement,ACL_2025_Full_Papers.bib
Completing A Systematic Review in Hours instead of Months with Interactive {AI} Agents,ACL_2025_Full_Papers.bib
{CMHKF}: Cross-Modality Heterogeneous Knowledge Fusion for Weakly Supervised Video Anomaly Detection,ACL_2025_Full_Papers.bib
{CL}a{S}p: In-Context Layer Skip for Self-Speculative Decoding,ACL_2025_Full_Papers.bib
Teaching Text Agents to Learn Sequential Decision Making from Failure,ACL_2025_Full_Papers.bib
The Harmonic Structure of Information Contours,ACL_2025_Full_Papers.bib
{REAL}-{MM}-{RAG}: A Real-World Multi-Modal Retrieval Benchmark,ACL_2025_Full_Papers.bib
Only a Little to the Left: A Theory-grounded Measure of Political Bias in Large Language Models,ACL_2025_Full_Papers.bib
{L}ong{S}afety: Evaluating Long-Context Safety of Large Language Models,ACL_2025_Full_Papers.bib
Exploiting Contextual Knowledge in {LLM}s through $\mathcal{V}$-usable Information based Layer Enhancement,ACL_2025_Full_Papers.bib
Unintended Harms of Value-Aligned {LLM}s: Psychological and Empirical Insights,ACL_2025_Full_Papers.bib
Maximal Matching Matters: Preventing Representation Collapse for Robust Cross-Modal Retrieval,ACL_2025_Full_Papers.bib
The Noisy Path from Source to Citation: Measuring How Scholars Engage with Past Research,ACL_2025_Full_Papers.bib
{MAPLE}: Enhancing Review Generation with Multi-Aspect Prompt {LE}arning in Explainable Recommendation,ACL_2025_Full_Papers.bib
Separating Tongue from Thought: Activation Patching Reveals Language-Agnostic Concept Representations in Transformers,ACL_2025_Full_Papers.bib
Behavioural vs. Representational Systematicity in End-to-End Models: An Opinionated Survey,ACL_2025_Full_Papers.bib
Dynamic Chunking and Selection for Reading Comprehension of Ultra-Long Context in Large Language Models,ACL_2025_Full_Papers.bib
{D}ual{RAG}: A Dual-Process Approach to Integrate Reasoning and Retrieval for Multi-Hop Question Answering,ACL_2025_Full_Papers.bib
Deliberate Reasoning in Language Models as Structure-Aware Planning with an Accurate World Model,ACL_2025_Full_Papers.bib
Refining Salience-Aware Sparse Fine-Tuning Strategies for Language Models,ACL_2025_Full_Papers.bib
Efficient Many-Shot In-Context Learning with Dynamic Block-Sparse Attention,ACL_2025_Full_Papers.bib
{S}cale{B}i{O}: Scalable Bilevel Optimization for {LLM} Data Reweighting,ACL_2025_Full_Papers.bib
Beyond Text Compression: Evaluating Tokenizers Across Scales,ACL_2025_Full_Papers.bib
Emergent Abilities of Large Language Models under Continued Pre-training for Language Adaptation,ACL_2025_Full_Papers.bib
{R}-Fairness: Assessing Fairness of Ranking in Subjective Data,ACL_2025_Full_Papers.bib
{R}e{P}anda: Pandas-powered Tabular Verification and Reasoning,ACL_2025_Full_Papers.bib
Towards Style Alignment in Cross-Cultural Translation,ACL_2025_Full_Papers.bib
{T}i{C}-{LM}: A Web-Scale Benchmark for Time-Continual {LLM} Pretraining,ACL_2025_Full_Papers.bib
Entailed Between the Lines: Incorporating Implication into {NLI},ACL_2025_Full_Papers.bib
Multi-Level Explanations for Generative Language Models,ACL_2025_Full_Papers.bib
A Multi-Agent Framework for Mitigating Dialect Biases in Privacy Policy Question-Answering Systems,ACL_2025_Full_Papers.bib
Low-Bit Quantization Favors Undertrained {LLM}s,ACL_2025_Full_Papers.bib
{LETS}-{C}: Leveraging Text Embedding for Time Series Classification,ACL_2025_Full_Papers.bib
{U}rban{V}ideo-Bench: Benchmarking Vision-Language Models on Embodied Intelligence with Video Data in Urban Spaces,ACL_2025_Full_Papers.bib
"{HELIOS}: Harmonizing Early Fusion, Late Fusion, and {LLM} Reasoning for Multi-Granular Table-Text Retrieval",ACL_2025_Full_Papers.bib
{ONEB}ench to Test Them All: Sample-Level Benchmarking Over Open-Ended Capabilities,ACL_2025_Full_Papers.bib
La Leaderboard: A Large Language Model Leaderboard for {S}panish Varieties and Languages of {S}pain and {L}atin {A}merica,ACL_2025_Full_Papers.bib
Why Prompt Design Matters and Works: A Complexity Analysis of Prompt Search Space in {LLM}s,ACL_2025_Full_Papers.bib
Energy Considerations of Large Language Model Inference and Efficiency Optimizations,ACL_2025_Full_Papers.bib
Logic-Regularized Verifier Elicits Reasoning from {LLM}s,ACL_2025_Full_Papers.bib
Squeezed Attention: Accelerating Long Context Length {LLM} Inference,ACL_2025_Full_Papers.bib
{L}ang{M}ark: A Multilingual Dataset for Automatic Post-Editing,ACL_2025_Full_Papers.bib
Neural Parameter Search for Slimmer Fine-Tuned Models and Better Transfer,ACL_2025_Full_Papers.bib
Merge Hijacking: Backdoor Attacks to Model Merging of Large Language Models,ACL_2025_Full_Papers.bib
Where Are We? Evaluating {LLM} Performance on {A}frican Languages,ACL_2025_Full_Papers.bib
Beyond Output Matching: Bidirectional Alignment for Enhanced In-Context Learning,ACL_2025_Full_Papers.bib
{C}ite{E}val: Principle-Driven Citation Evaluation for Source Attribution,ACL_2025_Full_Papers.bib
{H}i{A}gent: Hierarchical Working Memory Management for Solving Long-Horizon Agent Tasks with Large Language Model,ACL_2025_Full_Papers.bib
{E}ducation{Q}: Evaluating {LLM}s' Teaching Capabilities Through Multi-Agent Dialogue Framework,ACL_2025_Full_Papers.bib
{KRISTEVA}: Close Reading as a Novel Task for Benchmarking Interpretive Reasoning,ACL_2025_Full_Papers.bib
Palm: A Culturally Inclusive and Linguistically Diverse Dataset for {A}rabic {LLM}s,ACL_2025_Full_Papers.bib
{N}ews{I}nterview: a Dataset and a Playground to Evaluate {LLM}s' Grounding Gap via Informational Interviews,ACL_2025_Full_Papers.bib
{CFB}ench: A Comprehensive Constraints-Following Benchmark for {LLM}s,ACL_2025_Full_Papers.bib
Towards Building Large Scale Datasets and State-of-the-Art Automatic Speech Translation Systems for 14 {I}ndian Languages,ACL_2025_Full_Papers.bib
{C}o{R}e-{MMRAG}: Cross-Source Knowledge Reconciliation for Multimodal {RAG},ACL_2025_Full_Papers.bib
"Mapping 1,000+ Language Models via the Log-Likelihood Vector",ACL_2025_Full_Papers.bib
{C}onsistency{C}hecker: Tree-based Evaluation of {LLM} Generalization Capabilities,ACL_2025_Full_Papers.bib
Robust Estimation of Population-Level Effects in Repeated-Measures {NLP} Experimental Designs,ACL_2025_Full_Papers.bib
{F}act{B}ench: A Dynamic Benchmark for In-the-Wild Language Model Factuality Evaluation,ACL_2025_Full_Papers.bib
Training-free {LLM} Merging for Multi-task Learning,ACL_2025_Full_Papers.bib
{O}pen{C}oder: The Open Cookbook for Top-Tier Code Large Language Models,ACL_2025_Full_Papers.bib
{L}lama{D}uo: {LLMO}ps Pipeline for Seamless Migration from Service {LLM}s to Small-Scale Local {LLM}s,ACL_2025_Full_Papers.bib
{A}mbi{K}: Dataset of Ambiguous Tasks in Kitchen Environment,ACL_2025_Full_Papers.bib
{S}ocial{CC}: Interactive Evaluation for Cultural Competence in Language Agents,ACL_2025_Full_Papers.bib
Scalable Vision Language Model Training via High Quality Data Curation,ACL_2025_Full_Papers.bib
Towards Economical Inference: Enabling {D}eep{S}eek{'}s Multi-Head Latent Attention in Any Transformer-based {LLM}s,ACL_2025_Full_Papers.bib
{TETRIS}: Optimal Draft Token Selection for Batch Speculative Decoding,ACL_2025_Full_Papers.bib
Introducing Verification Task of Set Consistency with Set-Consistency Energy Networks,ACL_2025_Full_Papers.bib
Language Models can Subtly Deceive Without Lying: A Case Study on Strategic Phrasing in Legislation,ACL_2025_Full_Papers.bib
"{A}fro{CS}-xs: Creating a Compact, High-Quality, Human-Validated Code-Switched Dataset for {A}frican Languages",ACL_2025_Full_Papers.bib
Just Go Parallel: Improving the Multilingual Capabilities of Large Language Models,ACL_2025_Full_Papers.bib
Design Choices for Extending the Context Length of Visual Language Models,ACL_2025_Full_Papers.bib
Proceedings of the 62nd Annual Meeting of the Association for Computational Linguistics (Volume 1: Long Papers),ACL_2024_Full_Papers.bib
Quantized Side Tuning: Fast and Memory-Efficient Tuning of Quantized Large Language Models,ACL_2024_Full_Papers.bib
Unsupervised Multimodal Clustering for Semantics Discovery in Multimodal Utterances,ACL_2024_Full_Papers.bib
{MAGE}: Machine-generated Text Detection in the Wild,ACL_2024_Full_Papers.bib
{P}riv{LM}-Bench: A Multi-level Privacy Evaluation Benchmark for Language Models,ACL_2024_Full_Papers.bib
{G}en{T}ranslate: Large Language Models are Generative Multilingual Speech and Machine Translators,ACL_2024_Full_Papers.bib
Exploring Chain-of-Thought for Multi-modal Metaphor Detection,ACL_2024_Full_Papers.bib
{B}it{D}istiller: Unleashing the Potential of Sub-4-Bit {LLM}s via Self-Distillation,ACL_2024_Full_Papers.bib
A Unified Temporal Knowledge Graph Reasoning Model Towards Interpolation and Extrapolation,ACL_2024_Full_Papers.bib
Unsupervised Information Refinement Training of Large Language Models for Retrieval-Augmented Generation,ACL_2024_Full_Papers.bib
{CSCD}-{NS}: a {C}hinese Spelling Check Dataset for Native Speakers,ACL_2024_Full_Papers.bib
Evaluating Dynamic Topic Models,ACL_2024_Full_Papers.bib
How Abilities in Large Language Models are Affected by Supervised Fine-tuning Data Composition,ACL_2024_Full_Papers.bib
Inference to the Best Explanation in Large Language Models,ACL_2024_Full_Papers.bib
A Novel Cartography-Based Curriculum Learning Method Applied on {R}o{NLI}: The First {R}omanian Natural Language Inference Corpus,ACL_2024_Full_Papers.bib
{M}in{P}rompt: Graph-based Minimal Prompt Data Augmentation for Few-shot Question Answering,ACL_2024_Full_Papers.bib
{S}ports{M}etrics: Blending Text and Numerical Data to Understand Information Fusion in {LLM}s,ACL_2024_Full_Papers.bib
{S}ci{MON}: Scientific Inspiration Machines Optimized for Novelty,ACL_2024_Full_Papers.bib
Expedited Training of Visual Conditioned Language Generation via Redundancy Reduction,ACL_2024_Full_Papers.bib
Confidence Under the Hood: An Investigation into the Confidence-Probability Alignment in Large Language Models,ACL_2024_Full_Papers.bib
Picturing Ambiguity: A Visual Twist on the {W}inograd Schema Challenge,ACL_2024_Full_Papers.bib
Subtle Biases Need Subtler Measures: Dual Metrics for Evaluating Representative and Affinity Bias in Large Language Models,ACL_2024_Full_Papers.bib
Framing in the Presence of Supporting Data: A Case Study in {U}.{S}. Economic News,ACL_2024_Full_Papers.bib
Mementos: A Comprehensive Benchmark for Multimodal Large Language Model Reasoning over Image Sequences,ACL_2024_Full_Papers.bib
{TTM}-{RE}: Memory-Augmented Document-Level Relation Extraction,ACL_2024_Full_Papers.bib
Answer is All You Need: Instruction-following Text Embedding via Answering the Question,ACL_2024_Full_Papers.bib
Explore Spurious Correlations at the Concept Level in Language Models for Text Classification,ACL_2024_Full_Papers.bib
Every Answer Matters: Evaluating Commonsense with Probabilistic Measures,ACL_2024_Full_Papers.bib
{G}rad{S}afe: Detecting Jailbreak Prompts for {LLM}s via Safety-Critical Gradient Analysis,ACL_2024_Full_Papers.bib
Pouring Your Heart Out: Investigating the Role of Figurative Language in Online Expressions of Empathy,ACL_2024_Full_Papers.bib
An Information-Theoretic Approach to Analyze {NLP} Classification Tasks,ACL_2024_Full_Papers.bib
Can Your Model Tell a Negation from an Implicature? Unravelling Challenges With Intent Encoders,ACL_2024_Full_Papers.bib
{W}av2{G}loss: Generating Interlinear Glossed Text from Speech,ACL_2024_Full_Papers.bib
Leveraging Codebook Knowledge with {NLI} and {C}hat{GPT} for Zero-Shot Political Relation Classification,ACL_2024_Full_Papers.bib
{SPOR}: A Comprehensive and Practical Evaluation Method for Compositional Generalization in Data-to-Text Generation,ACL_2024_Full_Papers.bib
{OPE}x: A Component-Wise Analysis of {LLM}-Centric Agents in Embodied Instruction Following,ACL_2024_Full_Papers.bib
{D}oc{L}ens: Multi-aspect Fine-grained Evaluation for Medical Text Generation,ACL_2024_Full_Papers.bib
{FOFO}: A Benchmark to Evaluate {LLM}s' Format-Following Capability,ACL_2024_Full_Papers.bib
Hyper-{CL}: Conditioning Sentence Representations with Hypernetworks,ACL_2024_Full_Papers.bib
Analysis of Multi-Source Language Training in Cross-Lingual Transfer,ACL_2024_Full_Papers.bib
{ABEX}: Data Augmentation for Low-Resource {NLU} via Expanding Abstract Descriptions,ACL_2024_Full_Papers.bib
The Belebele Benchmark: a Parallel Reading Comprehension Dataset in 122 Language Variants,ACL_2024_Full_Papers.bib
Learn from Failure: Fine-tuning {LLM}s with Trial-and-Error Data for Intuitionistic Propositional Logic Proving,ACL_2024_Full_Papers.bib
Interactive Text-to-Image Retrieval with Large Language Models: A Plug-and-Play Approach,ACL_2024_Full_Papers.bib
{IMBUE}: Improving Interpersonal Effectiveness through Simulation and Just-in-time Feedback with Human-Language Model Interaction,ACL_2024_Full_Papers.bib
Token-wise Influential Training Data Retrieval for Large Language Models,ACL_2024_Full_Papers.bib
Tree-of-Counterfactual Prompting for Zero-Shot Stance Detection,ACL_2024_Full_Papers.bib
{V}isual{W}eb{A}rena: Evaluating Multimodal Agents on Realistic Visual Web Tasks,ACL_2024_Full_Papers.bib
{F}ine{S}ur{E}: Fine-grained Summarization Evaluation using {LLM}s,ACL_2024_Full_Papers.bib
Prompt Refinement with Image Pivot for Text-to-Image Generation,ACL_2024_Full_Papers.bib
Striking Gold in Advertising: Standardization and Exploration of Ad Text Generation,ACL_2024_Full_Papers.bib
Reflect-{RL}: Two-Player Online {RL} Fine-Tuning for {LM}s,ACL_2024_Full_Papers.bib
Can {C}hat{GPT}{'}s Performance be Improved on Verb Metaphor Detection Tasks? Bootstrapping and Combining Tacit Knowledge,ACL_2024_Full_Papers.bib
Self-Distillation Bridges Distribution Gap in Language Model Fine-Tuning,ACL_2024_Full_Papers.bib
An Information Bottleneck Perspective for Effective Noise Filtering on Retrieval-Augmented Generation,ACL_2024_Full_Papers.bib
{RORA}: Robust Free-Text Rationale Evaluation,ACL_2024_Full_Papers.bib
Tell Me More! Towards Implicit User Intention Understanding of Language Model Driven Agents,ACL_2024_Full_Papers.bib
{C}on{S}i{DERS}-The-Human Evaluation Framework: Rethinking Human Evaluation for Generative Large Language Models,ACL_2024_Full_Papers.bib
"Navigate through Enigmatic Labyrinth A Survey of Chain of Thought Reasoning: Advances, Frontiers and Future",ACL_2024_Full_Papers.bib
{T}ime{B}ench: A Comprehensive Evaluation of Temporal Reasoning Abilities in Large Language Models,ACL_2024_Full_Papers.bib
{B}eam{A}gg{R}: Beam Aggregation Reasoning over Multi-source Knowledge for Multi-hop Question Answering,ACL_2024_Full_Papers.bib
{ANALOGYKB}: Unlocking Analogical Reasoning of Language Models with A Million-scale Knowledge Base,ACL_2024_Full_Papers.bib
{T}a{SL}: Continual Dialog State Tracking via Task Skill Localization and Consolidation,ACL_2024_Full_Papers.bib
{D}eep{S}eek{M}o{E}: Towards Ultimate Expert Specialization in Mixture-of-Experts Language Models,ACL_2024_Full_Papers.bib
Grounding Language Model with Chunking-Free In-Context Retrieval,ACL_2024_Full_Papers.bib
Advancing Abductive Reasoning in Knowledge Graphs through Complex Logical Hypothesis Generation,ACL_2024_Full_Papers.bib
{E}asy{G}en: Easing Multimodal Generation with {B}i{D}iffuser and {LLM}s,ACL_2024_Full_Papers.bib
Rewriting the Code: A Simple Method for Large Language Model Augmented Code Search,ACL_2024_Full_Papers.bib
A Multidimensional Framework for Evaluating Lexical Semantic Change with Social Science Applications,ACL_2024_Full_Papers.bib
Mitigating Catastrophic Forgetting in Large Language Models with Self-Synthesized Rehearsal,ACL_2024_Full_Papers.bib
Enhancing Large Language Models in Coding Through Multi-Perspective Self-Consistency,ACL_2024_Full_Papers.bib
Transitive Consistency Constrained Learning for Entity-to-Entity Stance Detection,ACL_2024_Full_Papers.bib
Feature-Adaptive and Data-Scalable In-Context Learning,ACL_2024_Full_Papers.bib
Probing the Multi-turn Planning Capabilities of {LLM}s via 20 Question Games,ACL_2024_Full_Papers.bib
{W}ater{B}ench: Towards Holistic Evaluation of Watermarks for Large Language Models,ACL_2024_Full_Papers.bib
Dependency Transformer Grammars: Integrating Dependency Structures into Transformer Language Models,ACL_2024_Full_Papers.bib
A Non-autoregressive Generation Framework for End-to-End Simultaneous Speech-to-Any Translation,ACL_2024_Full_Papers.bib
Probing Language Models for Pre-training Data Detection,ACL_2024_Full_Papers.bib
"Analyzing Temporal Complex Events with Large Language Models? A Benchmark towards Temporal, Long Context Understanding",ACL_2024_Full_Papers.bib
{IBSEN}: Director-Actor Agent Collaboration for Controllable and Interactive Drama Script Generation,ACL_2024_Full_Papers.bib
Language Model Adaption for Reinforcement Learning with Natural Language Action Space,ACL_2024_Full_Papers.bib
Evaluating Intention Detection Capability of Large Language Models in Persuasive Dialogues,ACL_2024_Full_Papers.bib
{L}ong{LLML}ingua: Accelerating and Enhancing {LLM}s in Long Context Scenarios via Prompt Compression,ACL_2024_Full_Papers.bib
{H}eal{M}e: Harnessing Cognitive Reframing in Large Language Models for Psychotherapy,ACL_2024_Full_Papers.bib
Multimodal Prompt Learning with Missing Modalities for Sentiment Analysis and Emotion Recognition,ACL_2024_Full_Papers.bib
An Effective Pronunciation Assessment Approach Leveraging Hierarchical Transformers and Pre-training Strategies,ACL_2024_Full_Papers.bib
Detection-Correction Structure via General Language Model for Grammatical Error Correction,ACL_2024_Full_Papers.bib
Generative Pre-trained Speech Language Model with Efficient Hierarchical Transformer,ACL_2024_Full_Papers.bib
Selene: Pioneering Automated Proof in Software Verification,ACL_2024_Full_Papers.bib
{A}o{E}: Angle-optimized Embeddings for Semantic Textual Similarity,ACL_2024_Full_Papers.bib
{I}n{C}haracter: Evaluating Personality Fidelity in Role-Playing Agents through Psychological Interviews,ACL_2024_Full_Papers.bib
Does {D}etect{GPT} Fully Utilize Perturbation? Bridging Selective Perturbation to Fine-tuned Contrastive Learning Detector would be Better,ACL_2024_Full_Papers.bib
{AF}a{CTA}: Assisting the Annotation of Factual Claim Detection with Reliable {LLM} Annotators,ACL_2024_Full_Papers.bib
Towards Faithful and Robust {LLM} Specialists for Evidence-Based Question-Answering,ACL_2024_Full_Papers.bib
{L}o{RAM}o{E}: Alleviating World Knowledge Forgetting in Large Language Models via {M}o{E}-Style Plugin,ACL_2024_Full_Papers.bib
{M}-{RAG}: Reinforcing Large Language Model Performance through Retrieval-Augmented Generation with Multiple Partitions,ACL_2024_Full_Papers.bib
{AIR}-Bench: Benchmarking Large Audio-Language Models via Generative Comprehension,ACL_2024_Full_Papers.bib
Navigating the Metrics Maze: Reconciling Score Magnitudes and Accuracies,ACL_2024_Full_Papers.bib
{V}alue{B}ench: Towards Comprehensively Evaluating Value Orientations and Understanding of Large Language Models,ACL_2024_Full_Papers.bib
{DM}-{BLI}: Dynamic Multiple Subspaces Alignment for Unsupervised Bilingual Lexicon Induction,ACL_2024_Full_Papers.bib
{S}parse{F}it: Few-shot Prompting with Sparse Fine-tuning for Jointly Generating Predictions and Natural Language Explanations,ACL_2024_Full_Papers.bib
{REANO}: Optimising Retrieval-Augmented Reader Models through Knowledge Graph Generation,ACL_2024_Full_Papers.bib
Learning Disentangled Semantic Spaces of Explanations via Invertible Neural Networks,ACL_2024_Full_Papers.bib
{M}o{PS}: Modular Story Premise Synthesis for Open-Ended Automatic Story Generation,ACL_2024_Full_Papers.bib
Open-Set Semi-Supervised Text Classification via Adversarial Disagreement Maximization,ACL_2024_Full_Papers.bib
{T}ool{S}word: Unveiling Safety Issues of Large Language Models in Tool Learning Across Three Stages,ACL_2024_Full_Papers.bib
A synthetic data approach for domain generalization of {NLI} models,ACL_2024_Full_Papers.bib
Enhancing Contrastive Learning with Noise-Guided Attack: Towards Continual Relation Extraction in the Wild,ACL_2024_Full_Papers.bib
{LRQ}uant: Learnable and Robust Post-Training Quantization for Large Language Models,ACL_2024_Full_Papers.bib
{V}ari{E}rr {NLI}: Separating Annotation Error from Human Label Variation,ACL_2024_Full_Papers.bib
Benchmarking Knowledge Boundary for Large Language Models: A Different Perspective on Model Evaluation,ACL_2024_Full_Papers.bib
{L}ist{T}5: Listwise Reranking with Fusion-in-Decoder Improves Zero-shot Retrieval,ACL_2024_Full_Papers.bib
Exploring the Potential of Large Language Models in Computational Argumentation,ACL_2024_Full_Papers.bib
{T}axo{LL}a{MA}: {W}ord{N}et-based Model for Solving Multiple Lexical Semantic Tasks,ACL_2024_Full_Papers.bib
{CANDLE}: Iterative Conceptualization and Instantiation Distillation from Large Language Models for Commonsense Reasoning,ACL_2024_Full_Papers.bib
{MEFT}: Memory-Efficient Fine-Tuning through Sparse Adapter,ACL_2024_Full_Papers.bib
"Surgical Feature-Space Decomposition of {LLM}s: Why, When and How?",ACL_2024_Full_Papers.bib
Reasoning in Flux: Enhancing Large Language Models Reasoning through Uncertainty-aware Adaptive Guidance,ACL_2024_Full_Papers.bib
Modality-Aware Integration with Large Language Models for Knowledge-Based Visual Question Answering,ACL_2024_Full_Papers.bib
Unlocking Data-free Low-bit Quantization with Matrix Decomposition for {KV} Cache Compression,ACL_2024_Full_Papers.bib
{V}erifi{NER}: Verification-augmented {NER} via Knowledge-grounded Reasoning with Large Language Models,ACL_2024_Full_Papers.bib
Making Long-Context Language Models Better Multi-Hop Reasoners,ACL_2024_Full_Papers.bib
{T}ransli{C}o: A Contrastive Learning Framework to Address the Script Barrier in Multilingual Pretrained Language Models,ACL_2024_Full_Papers.bib
Extreme Miscalibration and the Illusion of Adversarial Robustness,ACL_2024_Full_Papers.bib
Co-training for Low Resource Scientific Natural Language Inference,ACL_2024_Full_Papers.bib
Time is Encoded in the Weights of Finetuned Language Models,ACL_2024_Full_Papers.bib
Long-Context Language Modeling with Parallel Context Encoding,ACL_2024_Full_Papers.bib
{S}ir{LLM}: Streaming Infinite Retentive {LLM},ACL_2024_Full_Papers.bib
{IMO}: Greedy Layer-Wise Sparse Representation Learning for Out-of-Distribution Text Classification with Pre-trained Models,ACL_2024_Full_Papers.bib
Generative Pretrained Structured Transformers: Unsupervised Syntactic Language Models at Scale,ACL_2024_Full_Papers.bib
{MELA}: Multilingual Evaluation of Linguistic Acceptability,ACL_2024_Full_Papers.bib
{C}opy{NE}: Better Contextual {ASR} by Copying Named Entities,ACL_2024_Full_Papers.bib
Is Table Retrieval a Solved Problem? Exploring Join-Aware Multi-Table Retrieval,ACL_2024_Full_Papers.bib
Generalizing Conversational Dense Retrieval via {LLM}-Cognition Data Augmentation,ACL_2024_Full_Papers.bib
{I}t{D}: Large Language Models Can Teach Themselves Induction through Deduction,ACL_2024_Full_Papers.bib
{M}ath{G}enie: Generating Synthetic Data with Question Back-translation for Enhancing Mathematical Reasoning of {LLM}s,ACL_2024_Full_Papers.bib
Rethinking Task-Oriented Dialogue Systems: From Complex Modularity to Zero-Shot Autonomous Agent,ACL_2024_Full_Papers.bib
On Context Utilization in Summarization with Large Language Models,ACL_2024_Full_Papers.bib
Enhancing In-Context Learning via Implicit Demonstration Augmentation,ACL_2024_Full_Papers.bib
Improving Event Definition Following For Zero-Shot Event Detection,ACL_2024_Full_Papers.bib
Through the {MUD}: A Multi-Defendant Charge Prediction Benchmark with Linked Crime Elements,ACL_2024_Full_Papers.bib
Interpreting Conversational Dense Retrieval by Rewriting-Enhanced Inversion of Session Embedding,ACL_2024_Full_Papers.bib
Stumbling Blocks: Stress Testing the Robustness of Machine-Generated Text Detectors Under Attacks,ACL_2024_Full_Papers.bib
Training Language Models to Generate Text with Citations via Fine-grained Rewards,ACL_2024_Full_Papers.bib
Hypergraph based Understanding for Document Semantic Entity Recognition,ACL_2024_Full_Papers.bib
{GSM}-Plus: A Comprehensive Benchmark for Evaluating the Robustness of {LLM}s as Mathematical Problem Solvers,ACL_2024_Full_Papers.bib
Synergetic Event Understanding: A Collaborative Approach to Cross-Document Event Coreference Resolution with Large Language Models,ACL_2024_Full_Papers.bib
{A}uto{A}ct: Automatic Agent Learning from Scratch for {QA} via Self-Planning,ACL_2024_Full_Papers.bib
{C}hronos{L}ex: Time-aware Incremental Training for Temporal Generalization of Legal Classification Tasks,ACL_2024_Full_Papers.bib
Virtual Compiler Is All You Need For Assembly Code Search,ACL_2024_Full_Papers.bib
{MEL}o{RA}: Mini-Ensemble Low-Rank Adapters for Parameter-Efficient Fine-Tuning,ACL_2024_Full_Papers.bib
Can {LLM}s Learn from Previous Mistakes? Investigating {LLM}s' Errors to Boost for Reasoning,ACL_2024_Full_Papers.bib
An Iterative Associative Memory Model for Empathetic Response Generation,ACL_2024_Full_Papers.bib
Detoxifying Large Language Models via Knowledge Editing,ACL_2024_Full_Papers.bib
"{L}ong{B}ench: A Bilingual, Multitask Benchmark for Long Context Understanding",ACL_2024_Full_Papers.bib
{D}r.{A}cademy: A Benchmark for Evaluating Questioning Capability in Education for Large Language Models,ACL_2024_Full_Papers.bib
{U}ni{B}ridge: A Unified Approach to Cross-Lingual Transfer Learning for Low-Resource Languages,ACL_2024_Full_Papers.bib
{VISTA}: Visualized Text Embedding For Universal Multi-Modal Retrieval,ACL_2024_Full_Papers.bib
Black-Box Prompt Optimization: Aligning Large Language Models without Model Training,ACL_2024_Full_Papers.bib
Open {K}o-{LLM} Leaderboard: Evaluating Large Language Models in {K}orean with {K}o-H5 Benchmark,ACL_2024_Full_Papers.bib
Unified Hallucination Detection for Multimodal Large Language Models,ACL_2024_Full_Papers.bib
Empowering Character-level Text Infilling by Eliminating Sub-Tokens,ACL_2024_Full_Papers.bib
Landmark Embedding: A Chunking-Free Embedding Method For Retrieval Augmented Long-Context Large Language Models,ACL_2024_Full_Papers.bib
{G}row{OVER}: How Can {LLM}s Adapt to Growing Real-World Knowledge?,ACL_2024_Full_Papers.bib
"Attribute First, then Generate: Locally-attributable Grounded Text Generation",ACL_2024_Full_Papers.bib
{T}2{S}-{GPT}: Dynamic Vector Quantization for Autoregressive Sign Language Production from Text,ACL_2024_Full_Papers.bib
{O}cean{GPT}: A Large Language Model for Ocean Science Tasks,ACL_2024_Full_Papers.bib
Beyond Memorization: The Challenge of Random Memory Access in Language Models,ACL_2024_Full_Papers.bib
{BIPED}: Pedagogically Informed Tutoring System for {ESL} Education,ACL_2024_Full_Papers.bib
Timeline-based Sentence Decomposition with In Context Learning for Temporal Fact Extraction,ACL_2024_Full_Papers.bib
Collaboration or Corporate Capture? Quantifying {NLP}{'}s Reliance on Industry Artifacts and Contributions,ACL_2024_Full_Papers.bib
Prompt Expansion for Adaptive Text-to-Image Generation,ACL_2024_Full_Papers.bib
Progressively Modality Freezing for Multi-Modal Entity Alignment,ACL_2024_Full_Papers.bib
{L}lama2{V}ec: Unsupervised Adaptation of Large Language Models for Dense Retrieval,ACL_2024_Full_Papers.bib
Democratizing {LLM}s for Low-Resource Languages by Leveraging their {E}nglish Dominant Abilities with Linguistically-Diverse Prompts,ACL_2024_Full_Papers.bib
Metaphor Understanding Challenge Dataset for {LLM}s,ACL_2024_Full_Papers.bib
A Multi-Task Embedder For Retrieval Augmented {LLM}s,ACL_2024_Full_Papers.bib
Language Models Don{'}t Learn the Physical Manifestation of Language,ACL_2024_Full_Papers.bib
Self-Contrast: Better Reflection Through Inconsistent Solving Perspectives,ACL_2024_Full_Papers.bib
Relying on the Unreliable: The Impact of Language Models' Reluctance to Express Uncertainty,ACL_2024_Full_Papers.bib
Unity in Diversity: Collaborative Pre-training Across Multimodal Medical Sources,ACL_2024_Full_Papers.bib
When Good and Reproducible Results are a Giant with Feet of Clay: The Importance of Software Quality in {NLP},ACL_2024_Full_Papers.bib
{SBAAM}! Eliminating Transcript Dependency in Automatic Subtitling,ACL_2024_Full_Papers.bib
{S}tream{A}tt: Direct Streaming Speech-to-Text Translation with Attention-based Audio History Selection,ACL_2024_Full_Papers.bib
{ARL}2: Aligning Retrievers with Black-box Large Language Models via Self-guided Adaptive Relevance Labeling,ACL_2024_Full_Papers.bib
Crayon: Customized On-Device {LLM} via Instant Adapter Blending and Edge-Server Hybrid Inference,ACL_2024_Full_Papers.bib
{FLEUR}: An Explainable Reference-Free Evaluation Metric for Image Captioning Using a Large Multimodal Model,ACL_2024_Full_Papers.bib
{M}ental{M}anip: A Dataset For Fine-grained Analysis of Mental Manipulation in Conversations,ACL_2024_Full_Papers.bib
{MPC}oder: Multi-user Personalized Code Generator with Explicit and Implicit Style Representation Learning,ACL_2024_Full_Papers.bib
{D}ata{D}reamer: A Tool for Synthetic Data Generation and Reproducible {LLM} Workflows,ACL_2024_Full_Papers.bib
Understanding and Addressing the Under-Translation Problem from the Perspective of Decoding Objective,ACL_2024_Full_Papers.bib
Identifying while Learning for Document Event Causality Identification,ACL_2024_Full_Papers.bib
{O}lympiad{B}ench: A Challenging Benchmark for Promoting {AGI} with Olympiad-Level Bilingual Multimodal Scientific Problems,ACL_2024_Full_Papers.bib
Insert or Attach: Taxonomy Completion via Box Embedding,ACL_2024_Full_Papers.bib
Semiparametric Token-Sequence Co-Supervision,ACL_2024_Full_Papers.bib
Instruction Fusion: Advancing Prompt Evolution through Hybridization,ACL_2024_Full_Papers.bib
{T}ime{A}rena: Shaping Efficient Multitasking Language Agents in a Time-Aware Simulation,ACL_2024_Full_Papers.bib
Exploring Memorization in Fine-tuned Language Models,ACL_2024_Full_Papers.bib
Towards Real-world Scenario: Imbalanced New Intent Discovery,ACL_2024_Full_Papers.bib
{M}4{GT}-Bench: Evaluation Benchmark for Black-Box Machine-Generated Text Detection,ACL_2024_Full_Papers.bib
"Instruct Once, Chat Consistently in Multiple Rounds: An Efficient Tuning Framework for Dialogue",ACL_2024_Full_Papers.bib
{S}oft{D}edup: an Efficient Data Reweighting Method for Speeding Up Language Model Pre-training,ACL_2024_Full_Papers.bib
"Rule or Story, Which is a Better Commonsense Expression for Talking with Large Language Models?",ACL_2024_Full_Papers.bib
Learning Global Controller in Latent Space for Parameter-Efficient Fine-Tuning,ACL_2024_Full_Papers.bib
{C}a{MML}: Context-Aware Multimodal Learner for Large Models,ACL_2024_Full_Papers.bib
{NPH}ard{E}val: Dynamic Benchmark on Reasoning Ability of Large Language Models via Complexity Classes,ACL_2024_Full_Papers.bib
Can Watermarks Survive Translation? On the Cross-lingual Consistency of Text Watermark for Large Language Models,ACL_2024_Full_Papers.bib
Multi-Level Feedback Generation with Large Language Models for Empowering Novice Peer Counselors,ACL_2024_Full_Papers.bib
In-context Mixing ({ICM}): Code-mixed Prompts for Multilingual {LLM}s,ACL_2024_Full_Papers.bib
Transferable Embedding Inversion Attack: Uncovering Privacy Risks in Text Embeddings without Model Queries,ACL_2024_Full_Papers.bib
Intuitive or Dependent? Investigating {LLM}s' Behavior Style to Conflicting Prompts,ACL_2024_Full_Papers.bib
{C}o{CA}: Fusing Position Embedding with Collinear Constrained Attention in Transformers for Long Context Window Extending,ACL_2024_Full_Papers.bib
{I}nfo{L}oss{QA}: Characterizing and Recovering Information Loss in Text Simplification,ACL_2024_Full_Papers.bib
{C}o{G}enesis: A Framework Collaborating Large and Small Language Models for Secure Context-Aware Instruction Following,ACL_2024_Full_Papers.bib
{DAPR}: A Benchmark on Document-Aware Passage Retrieval,ACL_2024_Full_Papers.bib
Strengthened Symbol Binding Makes Large Language Models Reliable Multiple-Choice Selectors,ACL_2024_Full_Papers.bib
{SAC}-{KG}: Exploiting Large Language Models as Skilled Automatic Constructors for Domain Knowledge Graph,ACL_2024_Full_Papers.bib
Uncertainty-Guided Modal Rebalance for Hateful Memes Detection,ACL_2024_Full_Papers.bib
Missci: Reconstructing Fallacies in Misrepresented Science,ACL_2024_Full_Papers.bib
Uncovering the Full Potential of Visual Grounding Methods in {VQA},ACL_2024_Full_Papers.bib
"Small Models, Big Insights: Leveraging Slim Proxy Models To Decide When and What to Retrieve for {LLM}s",ACL_2024_Full_Papers.bib
Favi-Score: A Measure for Favoritism in Automated Preference Ratings for Generative {AI} Evaluation,ACL_2024_Full_Papers.bib
{LLM}-based Rewriting of Inappropriate Argumentation using Reinforcement Learning from Machine Feedback,ACL_2024_Full_Papers.bib
Graph Language Models,ACL_2024_Full_Papers.bib
Analyzing Semantic Change through Lexical Replacements,ACL_2024_Full_Papers.bib
Exploiting Intrinsic Multilateral Logical Rules for Weakly Supervised Natural Language Video Localization,ACL_2024_Full_Papers.bib
Interpretability of Language Models via Task Spaces,ACL_2024_Full_Papers.bib
Using Synchronic Definitions and Semantic Relations to Classify Semantic Change Types,ACL_2024_Full_Papers.bib
Factual Confidence of {LLM}s: on Reliability and Robustness of Current Estimators,ACL_2024_Full_Papers.bib
{S}tep{C}oder: Improving Code Generation with Reinforcement Learning from Compiler Feedback,ACL_2024_Full_Papers.bib
Navigating the {O}ver{K}ill in Large Language Models,ACL_2024_Full_Papers.bib
A Chain-of-Thought Is as Strong as Its Weakest Link: A Benchmark for Verifiers of Reasoning Chains,ACL_2024_Full_Papers.bib
{N}ext{L}evel{BERT}: Masked Language Modeling with Higher-Level Representations for Long Documents,ACL_2024_Full_Papers.bib
{F}ollow{B}ench: A Multi-level Fine-grained Constraints Following Benchmark for Large Language Models,ACL_2024_Full_Papers.bib
Learning to Edit: Aligning {LLM}s with Knowledge Editing,ACL_2024_Full_Papers.bib
{S}pa{RC} and {S}pa{RP}: Spatial Reasoning Characterization and Path Generation for Understanding Spatial Reasoning Capability of Large Language Models,ACL_2024_Full_Papers.bib
Planning Like Human: A Dual-process Framework for Dialogue Planning,ACL_2024_Full_Papers.bib
"Spectral Filters, Dark Signals, and Attention Sinks",ACL_2024_Full_Papers.bib
{D}iffu{COMET}: Contextual Commonsense Knowledge Diffusion,ACL_2024_Full_Papers.bib
Systematic Task Exploration with {LLM}s: A Study in Citation Text Generation,ACL_2024_Full_Papers.bib
Limits of Theory of Mind Modelling in Dialogue-Based Collaborative Plan Acquisition,ACL_2024_Full_Papers.bib
Temporal Knowledge Question Answering via Abstract Reasoning Induction,ACL_2024_Full_Papers.bib
Who Wrote this Code? Watermarking for Code Generation,ACL_2024_Full_Papers.bib
{M}ap{C}oder: Multi-Agent Code Generation for Competitive Problem Solving,ACL_2024_Full_Papers.bib
{R}elay{A}ttention for Efficient Large Language Model Serving with Long System Prompts,ACL_2024_Full_Papers.bib
Boosting Language Models Reasoning with Chain-of-Knowledge Prompting,ACL_2024_Full_Papers.bib
Open Grounded Planning: Challenges and Benchmark Construction,ACL_2024_Full_Papers.bib
"{LLM} Knows Body Language, Too: Translating Speech Voices into Human Gestures",ACL_2024_Full_Papers.bib
{Q}uery{A}gent: A Reliable and Efficient Reasoning Framework with Environmental Feedback based Self-Correction,ACL_2024_Full_Papers.bib
{PITA}: Prompting Task Interaction for Argumentation Mining,ACL_2024_Full_Papers.bib
Shifting Attention to Relevance: Towards the Predictive Uncertainty Quantification of Free-Form Large Language Models,ACL_2024_Full_Papers.bib
Babel-{I}mage{N}et: Massively Multilingual Evaluation of Vision-and-Language Representations,ACL_2024_Full_Papers.bib
Estimating Agreement by Chance for Sequence Annotation,ACL_2024_Full_Papers.bib
Are Emergent Abilities in Large Language Models just In-Context Learning?,ACL_2024_Full_Papers.bib
Eliciting Better Multilingual Structured Reasoning from {LLM}s through Code,ACL_2024_Full_Papers.bib
{OLIVE}: Object Level In-Context Visual Embeddings,ACL_2024_Full_Papers.bib
Quantifying Uncertainty in Answers from any Language Model and Enhancing their Trustworthiness,ACL_2024_Full_Papers.bib
Marathon: A Race Through the Realm of Long Context with Large Language Models,ACL_2024_Full_Papers.bib
Beyond Scaling: Predicting Patent Approval with Domain-specific Fine-grained Claim Dependency Graph,ACL_2024_Full_Papers.bib
{PCAD}: Towards {ASR}-Robust Spoken Language Understanding via Prototype Calibration and Asymmetric Decoupling,ACL_2024_Full_Papers.bib
Rethinking the Multimodal Correlation of Multimodal Sequential Learning via Generalizable Attentional Results Alignment,ACL_2024_Full_Papers.bib
{UHGE}val: Benchmarking the Hallucination of {C}hinese Large Language Models via Unconstrained Generation,ACL_2024_Full_Papers.bib
{P}re{FLMR}: Scaling Up Fine-Grained Late-Interaction Multi-modal Retrievers,ACL_2024_Full_Papers.bib
"Triple-Encoders: Representations That Fire Together, Wire Together",ACL_2024_Full_Papers.bib
Improving Hateful Meme Detection through Retrieval-Guided Contrastive Learning,ACL_2024_Full_Papers.bib
Agent-Pro: Learning to Evolve via Policy-Level Reflection and Optimization,ACL_2024_Full_Papers.bib
Your Transformer is Secretly Linear,ACL_2024_Full_Papers.bib
Generative Explore-Exploit: Training-free Optimization of Generative Recommender Systems using {LLM} Optimizers,ACL_2024_Full_Papers.bib
Instruction-tuned Language Models are Better Knowledge Learners,ACL_2024_Full_Papers.bib
What Do Language Models Hear? Probing for Auditory Representations in Language Models,ACL_2024_Full_Papers.bib
Threads of Subtlety: Detecting Machine-Generated Texts Through Discourse Motifs,ACL_2024_Full_Papers.bib
{NICE}: To Optimize In-Context Examples or Not?,ACL_2024_Full_Papers.bib
{C}ode{S}cope: An Execution-based Multilingual Multitask Multidimensional Benchmark for Evaluating {LLM}s on Code Understanding and Generation,ACL_2024_Full_Papers.bib
Digital Socrates: Evaluating {LLM}s through Explanation Critiques,ACL_2024_Full_Papers.bib
{S}afe{D}ecoding: Defending against Jailbreak Attacks via Safety-Aware Decoding,ACL_2024_Full_Papers.bib
Multi-Task Inference: Can Large Language Models Follow Multiple Instructions at Once?,ACL_2024_Full_Papers.bib
Experiential Co-Learning of Software-Developing Agents,ACL_2024_Full_Papers.bib
Learning Geometry-Aware Representations for New Intent Discovery,ACL_2024_Full_Papers.bib
Speaker Verification in Agent-generated Conversations,ACL_2024_Full_Papers.bib
Benchmarking Data Science Agents,ACL_2024_Full_Papers.bib
Language-Specific Neurons: The Key to Multilingual Capabilities in Large Language Models,ACL_2024_Full_Papers.bib
Forgetting before Learning: Utilizing Parametric Arithmetic for Knowledge Updating in Large Language Models,ACL_2024_Full_Papers.bib
Zero-Shot Cross-Domain Dialogue State Tracking via Dual Low-Rank Adaptation,ACL_2024_Full_Papers.bib
{PRP}-Graph: Pairwise Ranking Prompting to {LLM}s with Graph Aggregation for Effective Text Re-ranking,ACL_2024_Full_Papers.bib
{R}ep{C}odec: A Speech Representation Codec for Speech Tokenization,ACL_2024_Full_Papers.bib
{G}umbel{S}oft: Diversified Language Model Watermarking via the {G}umbel{M}ax-trick,ACL_2024_Full_Papers.bib
Event-Radar: Event-driven Multi-View Learning for Multimodal Fake News Detection,ACL_2024_Full_Papers.bib
Fine-Grained Modeling of Narrative Context: A Coherence Perspective via Retrospective Questions,ACL_2024_Full_Papers.bib
Stealthy Attack on Large Language Model based Recommendation,ACL_2024_Full_Papers.bib
Multi-Dimensional Optimization for Text Summarization via Reinforcement Learning,ACL_2024_Full_Papers.bib
Masked Thought: Simply Masking Partial Reasoning Steps Can Improve Mathematical Reasoning Learning of Language Models,ACL_2024_Full_Papers.bib
{SEER}: Facilitating Structured Reasoning and Explanation via Reinforcement Learning,ACL_2024_Full_Papers.bib
Towards Robust and Generalized Parameter-Efficient Fine-Tuning for Noisy Label Learning,ACL_2024_Full_Papers.bib
{S}parse{F}low: Accelerating Transformers by Sparsifying Information Flows,ACL_2024_Full_Papers.bib
{P}rot{T}3: Protein-to-Text Generation for Text-based Protein Understanding,ACL_2024_Full_Papers.bib
{KIE}val: A Knowledge-grounded Interactive Evaluation Framework for Large Language Models,ACL_2024_Full_Papers.bib
{E}mo{B}ench: Evaluating the Emotional Intelligence of Large Language Models,ACL_2024_Full_Papers.bib
Are {AI}-Generated Text Detectors Robust to Adversarial Perturbations?,ACL_2024_Full_Papers.bib
{F}in{T}ext{QA}: A Dataset for Long-form Financial Question Answering,ACL_2024_Full_Papers.bib
On Measuring Faithfulness or Self-consistency of Natural Language Explanations,ACL_2024_Full_Papers.bib
Learning or Self-aligning? Rethinking Instruction Fine-tuning,ACL_2024_Full_Papers.bib
Rethinking the Bounds of {LLM} Reasoning: Are Multi-Agent Discussions the Key?,ACL_2024_Full_Papers.bib
Soft Knowledge Prompt: Help External Knowledge Become a Better Teacher to Instruct {LLM} in Knowledge-based {VQA},ACL_2024_Full_Papers.bib
Not All Experts are Equal: Efficient Expert Pruning and Skipping for Mixture-of-Experts Large Language Models,ACL_2024_Full_Papers.bib
The Fine-Tuning Paradox: Boosting Translation Quality Without Sacrificing {LLM} Abilities,ACL_2024_Full_Papers.bib
Blinded by Generated Contexts: How Language Models Merge Generated and Retrieved Contexts When Knowledge Conflicts?,ACL_2024_Full_Papers.bib
Unveiling Linguistic Regions in Large Language Models,ACL_2024_Full_Papers.bib
Text-to-Song: Towards Controllable Music Generation Incorporating Vocal and Accompaniment,ACL_2024_Full_Papers.bib
{F}ast{F}i{D}: Improve Inference Efficiency of Open Domain Question Answering via Sentence Selection,ACL_2024_Full_Papers.bib
Discursive Socratic Questioning: Evaluating the Faithfulness of Language Models' Understanding of Discourse Relations,ACL_2024_Full_Papers.bib
An Open Multilingual System for Scoring Readability of {W}ikipedia,ACL_2024_Full_Papers.bib
Unlearning Traces the Influential Training Data of Language Models,ACL_2024_Full_Papers.bib
Exploring Alignment in Shared Cross-lingual Spaces,ACL_2024_Full_Papers.bib
Not All Countries Celebrate Thanksgiving: On the Cultural Dominance in Large Language Models,ACL_2024_Full_Papers.bib
Self-Evolving {GPT}: A Lifelong Autonomous Experiential Learner,ACL_2024_Full_Papers.bib
{WRP}: Weight Recover Prune for Structured Sparsity,ACL_2024_Full_Papers.bib
Error-preserving Automatic Speech Recognition of Young {E}nglish Learners' Language,ACL_2024_Full_Papers.bib
{D}i{F}i{N}et: Boundary-Aware Semantic Differentiation and Filtration Network for Nested Named Entity Recognition,ACL_2024_Full_Papers.bib
Legal Case Retrieval: A Survey of the State of the Art,ACL_2024_Full_Papers.bib
Benchmarking and Improving Compositional Generalization of Multi-aspect Controllable Text Generation,ACL_2024_Full_Papers.bib
{LL}a{MA} Pro: Progressive {LL}a{MA} with Block Expansion,ACL_2024_Full_Papers.bib
Generating Contrastive Narratives Using the Brownian Bridge Process for Narrative Coherence Learning,ACL_2024_Full_Papers.bib
{SIP}: Injecting a Structural Inductive Bias into a {S}eq2{S}eq Model by Simulation,ACL_2024_Full_Papers.bib
The Hidden Space of Transformer Language Adapters,ACL_2024_Full_Papers.bib
A Ship of Theseus: Curious Cases of Paraphrasing in {LLM}-Generated Texts,ACL_2024_Full_Papers.bib
Advancing Large Language Models to Capture Varied Speaking Styles and Respond Properly in Spoken Conversations,ACL_2024_Full_Papers.bib
{R}etina{QA}: A Robust Knowledge Base Question Answering Model for both Answerable and Unanswerable Questions,ACL_2024_Full_Papers.bib
{G}rounding{GPT}: Language Enhanced Multi-modal Grounding Model,ACL_2024_Full_Papers.bib
Automated Justification Production for Claim Veracity in Fact Checking: A Survey on Architectures and Approaches,ACL_2024_Full_Papers.bib
Decoupled Vocabulary Learning Enables Zero-Shot Translation from Unseen Languages,ACL_2024_Full_Papers.bib
{S}wap{M}o{E}: Serving Off-the-shelf {M}o{E}-based Large Language Models with Tunable Memory Budget,ACL_2024_Full_Papers.bib
{P}ix{T}3: Pixel-based Table-To-Text Generation,ACL_2024_Full_Papers.bib
Narrowing the Knowledge Evaluation Gap: Open-Domain Question Answering with Multi-Granularity Answers,ACL_2024_Full_Papers.bib
{TAMS}: Translation-Assisted Morphological Segmentation,ACL_2024_Full_Papers.bib
"{XC}ode{E}val: An Execution-based Large Scale Multilingual Multitask Benchmark for Code Understanding, Generation, Translation and Retrieval",ACL_2024_Full_Papers.bib
A Glitch in the Matrix? Locating and Detecting Language Model Grounding with Fakepedia,ACL_2024_Full_Papers.bib
Muffin or {C}hihuahua? Challenging Multimodal Large Language Models with Multipanel {VQA},ACL_2024_Full_Papers.bib
{W}eb{V}oyager: Building an End-to-End Web Agent with Large Multimodal Models,ACL_2024_Full_Papers.bib
Translation-based Lexicalization Generation and Lexical Gap Detection: Application to Kinship Terms,ACL_2024_Full_Papers.bib
Leveraging Machine-Generated Rationales to Facilitate Social Meaning Detection in Conversations,ACL_2024_Full_Papers.bib
Robust Frame-Semantic Models with Lexical Unit Trees and Negative Samples,ACL_2024_Full_Papers.bib
Lightweight reranking for language model generations,ACL_2024_Full_Papers.bib
{ARIES}: A Corpus of Scientific Paper Edits Made in Response to Peer Reviews,ACL_2024_Full_Papers.bib
The Unreasonable Effectiveness of Easy Training Data for Hard Tasks,ACL_2024_Full_Papers.bib
{MIDGARD}: Self-Consistency Using Minimum Description Length for Structured Commonsense Reasoning,ACL_2024_Full_Papers.bib
Mirror: Multiple-perspective Self-Reflection Method for Knowledge-rich Reasoning,ACL_2024_Full_Papers.bib
Where Do People Tell Stories Online? Story Detection Across Online Communities,ACL_2024_Full_Papers.bib
Large Language Models Are No Longer Shallow Parsers,ACL_2024_Full_Papers.bib
Dialogue Summarization with Mixture of Experts based on Large Language Models,ACL_2024_Full_Papers.bib
An Investigation of Neuron Activation as a Unified Lens to Explain Chain-of-Thought Eliciting Arithmetic Reasoning of {LLM}s,ACL_2024_Full_Papers.bib
Leveraging Large Language Models for Learning Complex Legal Concepts through Storytelling,ACL_2024_Full_Papers.bib
Intrinsic Task-based Evaluation for Referring Expression Generation,ACL_2024_Full_Papers.bib
From Moments to Milestones: Incremental Timeline Summarization Leveraging Large Language Models,ACL_2024_Full_Papers.bib
End-to-end Learning of Logical Rules for Enhancing Document-level Relation Extraction,ACL_2024_Full_Papers.bib
Can We Achieve High-quality Direct Speech-to-Speech Translation without Parallel Speech Data?,ACL_2024_Full_Papers.bib
Enhancing {EEG}-to-Text Decoding through Transferable Representations from Pre-trained Contrastive {EEG}-Text Masked Autoencoder,ACL_2024_Full_Papers.bib
{CQIL}: Inference Latency Optimization with Concurrent Computation of Quasi-Independent Layers,ACL_2024_Full_Papers.bib
Prompt Optimization via Adversarial In-Context Learning,ACL_2024_Full_Papers.bib
{S}tream{V}oice: Streamable Context-Aware Language Modeling for Real-time Zero-Shot Voice Conversion,ACL_2024_Full_Papers.bib
Generate-then-Ground in Retrieval-Augmented Generation for Multi-hop Question Answering,ACL_2024_Full_Papers.bib
Multimodal Contextualized Semantic Parsing from Speech,ACL_2024_Full_Papers.bib
{L}a{MP}: When Large Language Models Meet Personalization,ACL_2024_Full_Papers.bib
{A}bout{M}e: Using Self-Descriptions in Webpages to Document the Effects of {E}nglish Pretraining Data Filters,ACL_2024_Full_Papers.bib
{MT}-Bench-101: A Fine-Grained Benchmark for Evaluating Large Language Models in Multi-Turn Dialogues,ACL_2024_Full_Papers.bib
{EFSA}: Towards Event-Level Financial Sentiment Analysis,ACL_2024_Full_Papers.bib
Advancement in Graph Understanding: A Multimodal Benchmark and Fine-Tuning of Vision-Language Models,ACL_2024_Full_Papers.bib
{L}ang{B}ridge: Multilingual Reasoning Without Multilingual Supervision,ACL_2024_Full_Papers.bib
Can {LLM}s Reason with Rules? Logic Scaffolding for Stress-Testing and Improving {LLM}s,ACL_2024_Full_Papers.bib
{SEGO}: Sequential Subgoal Optimization for Mathematical Problem-Solving,ACL_2024_Full_Papers.bib
Unlocking the Power of Large Language Models for Entity Alignment,ACL_2024_Full_Papers.bib
Trial and Error: Exploration-Based Trajectory Optimization of {LLM} Agents,ACL_2024_Full_Papers.bib
{R}e{FT}: Reasoning with Reinforced Fine-Tuning,ACL_2024_Full_Papers.bib
{F}ree{C}trl: Constructing Control Centers with Feedforward Layers for Learning-Free Controllable Text Generation,ACL_2024_Full_Papers.bib
{HD}-Eval: Aligning Large Language Model Evaluators Through Hierarchical Criteria Decomposition,ACL_2024_Full_Papers.bib
Conundrums in Cross-Prompt Automated Essay Scoring: Making Sense of the State of the Art,ACL_2024_Full_Papers.bib
"Angry Men, Sad Women: Large Language Models Reflect Gendered Stereotypes in Emotion Attribution",ACL_2024_Full_Papers.bib
Label Augmentation for Zero-Shot Hierarchical Text Classification,ACL_2024_Full_Papers.bib
{STICKERCONV}: Generating Multimodal Empathetic Responses from Scratch,ACL_2024_Full_Papers.bib
{EIT}: Enhanced Interactive Transformer,ACL_2024_Full_Papers.bib
{MARS}: Meaning-Aware Response Scoring for Uncertainty Estimation in Generative {LLM}s,ACL_2024_Full_Papers.bib
{EXAMS}-{V}: A Multi-Discipline Multilingual Multimodal Exam Benchmark for Evaluating Vision Language Models,ACL_2024_Full_Papers.bib
Order-Agnostic Data Augmentation for Few-Shot Named Entity Recognition,ACL_2024_Full_Papers.bib
Text Embedding Inversion Security for Multilingual Language Models,ACL_2024_Full_Papers.bib
Large Language Models are Superpositions of All Characters: Attaining Arbitrary Role-play via Self-Alignment,ACL_2024_Full_Papers.bib
{P}lato{LM}: Teaching {LLM}s in Multi-Round Dialogue via a User Simulator,ACL_2024_Full_Papers.bib
{STRUCTSUM} Generation for Faster Text Comprehension,ACL_2024_Full_Papers.bib
Analysing The Impact of Sequence Composition on Language Model Pre-Training,ACL_2024_Full_Papers.bib
{NACL}: A General and Effective {KV} Cache Eviction Framework for {LLM} at Inference Time,ACL_2024_Full_Papers.bib
{S}pike{V}oice: High-Quality Text-to-Speech Via Efficient Spiking Neural Network,ACL_2024_Full_Papers.bib
Dataflow-Guided Retrieval Augmentation for Repository-Level Code Completion,ACL_2024_Full_Papers.bib
Chain-of-Exemplar: Enhancing Distractor Generation for Multimodal Educational Question Generation,ACL_2024_Full_Papers.bib
{LLME}mbed: Rethinking Lightweight {LLM}{'}s Genuine Function in Text Classification,ACL_2024_Full_Papers.bib
{LEMON}: Reviving Stronger and Smaller {LM}s from Larger {LM}s with Linear Parameter Fusion,ACL_2024_Full_Papers.bib
Speech Sense Disambiguation: Tackling Homophone Ambiguity in End-to-End Speech Translation,ACL_2024_Full_Papers.bib
"To be Continuous, or to be Discrete, Those are Bits of Questions",ACL_2024_Full_Papers.bib
Mo{\^u}sai: Efficient Text-to-Music Diffusion Models,ACL_2024_Full_Papers.bib
{P}oke{MQA}: Programmable knowledge editing for Multi-hop Question Answering,ACL_2024_Full_Papers.bib
{M}eme{G}uard: An {LLM} and {VLM}-based Framework for Advancing Content Moderation via Meme Intervention,ACL_2024_Full_Papers.bib
Efficient {OCR} for Building a Diverse Digital History,ACL_2024_Full_Papers.bib
Acquiring Clean Language Models from Backdoor Poisoned Datasets by Downscaling Frequency Space,ACL_2024_Full_Papers.bib
{ANAH}: Analytical Annotation of Hallucinations in Large Language Models,ACL_2024_Full_Papers.bib
Aligning Large Language Models for Controllable Recommendations,ACL_2024_Full_Papers.bib
Revealing the Parametric Knowledge of Language Models: A Unified Framework for Attribution Methods,ACL_2024_Full_Papers.bib
Full Parameter Fine-tuning for Large Language Models with Limited Resources,ACL_2024_Full_Papers.bib
{M}$^3${C}o{T}: A Novel Benchmark for Multi-Domain Multi-step Multi-modal Chain-of-Thought,ACL_2024_Full_Papers.bib
Long Context is Not Long at All: A Prospector of Long-Dependency Data for Large Language Models,ACL_2024_Full_Papers.bib
Label-Synchronous Neural Transducer for {E}2{E} Simultaneous Speech Translation,ACL_2024_Full_Papers.bib
Hard Prompts Made Interpretable: Sparse Entropy Regularization for Prompt Tuning with {RL},ACL_2024_Full_Papers.bib
A Modular Approach for Multimodal Summarization of {TV} Shows,ACL_2024_Full_Papers.bib
Think Twice: Perspective-Taking Improves Large Language Models' Theory-of-Mind Capabilities,ACL_2024_Full_Papers.bib
{B}iz{B}ench: A Quantitative Reasoning Benchmark for Business and Finance,ACL_2024_Full_Papers.bib
Direct Metric Optimization for Image Captioning through Reward-Weighted Augmented Data Utilization,ACL_2024_Full_Papers.bib
Deciphering Hate: Identifying Hateful Memes and Their Targets,ACL_2024_Full_Papers.bib
Inducing Systematicity in Transformers by Attending to Structurally Quantized Embeddings,ACL_2024_Full_Papers.bib
Label-Efficient Model Selection for Text Generation,ACL_2024_Full_Papers.bib
Machine Unlearning of Pre-trained Large Language Models,ACL_2024_Full_Papers.bib
{F}act{PICO}: Factuality Evaluation for Plain Language Summarization of Medical Evidence,ACL_2024_Full_Papers.bib
{B}v{SP}: Broad-view Soft Prompting for Few-Shot Aspect Sentiment Quad Prediction,ACL_2024_Full_Papers.bib
Safety Alignment in {NLP} Tasks: Weakly Aligned Summarization as an In-Context Attack,ACL_2024_Full_Papers.bib
Speech language models lack important brain-relevant semantics,ACL_2024_Full_Papers.bib
Bypassing {LLM} Watermarks with Color-Aware Substitutions,ACL_2024_Full_Papers.bib
Parallel Structures in Pre-training Data Yield In-Context Learning,ACL_2024_Full_Papers.bib
{O}pen{T}o{M}: A Comprehensive Benchmark for Evaluating Theory-of-Mind Reasoning Capabilities of Large Language Models,ACL_2024_Full_Papers.bib
Towards Privacy-Aware Sign Language Translation at Scale,ACL_2024_Full_Papers.bib
Towards Real-World Writing Assistance: A {C}hinese Character Checking Benchmark with Faked and Misspelled Characters,ACL_2024_Full_Papers.bib
{RAVEL}: Evaluating Interpretability Methods on Disentangling Language Model Representations,ACL_2024_Full_Papers.bib
Large Language Models as Zero-shot Dialogue State Tracker through Function Calling,ACL_2024_Full_Papers.bib
Faithful Chart Summarization with {C}ha{TS}-Pi,ACL_2024_Full_Papers.bib
Enhancing Dialogue State Tracking Models through {LLM}-backed User-Agents Simulation,ACL_2024_Full_Papers.bib
{M}eta{S}um{P}erceiver: Multimodal Multi-Document Evidence Summarization for Fact-Checking,ACL_2024_Full_Papers.bib
{K}now{C}oder: Coding Structured Knowledge into {LLM}s for Universal Information Extraction,ACL_2024_Full_Papers.bib
{ERA}-{C}o{T}: Improving Chain-of-Thought through Entity Relationship Analysis,ACL_2024_Full_Papers.bib
On the Multi-turn Instruction Following for Conversational Web Agents,ACL_2024_Full_Papers.bib
Mobile-Bench: An Evaluation Benchmark for {LLM}-based Mobile Agents,ACL_2024_Full_Papers.bib
{MC}$^2$: Towards Transparent and Culturally-Aware {NLP} for Minority Languages in {C}hina,ACL_2024_Full_Papers.bib
Decoder-only Streaming Transformer for Simultaneous Translation,ACL_2024_Full_Papers.bib
Defending Large Language Models Against Jailbreaking Attacks Through Goal Prioritization,ACL_2024_Full_Papers.bib
{I} am a Strange Dataset: Metalinguistic Tests for Language Models,ACL_2024_Full_Papers.bib
{T}ruth{X}: Alleviating Hallucinations by Editing Large Language Models in Truthful Space,ACL_2024_Full_Papers.bib
{P}rot{LLM}: An Interleaved Protein-Language {LLM} with Protein-as-Word Pre-Training,ACL_2024_Full_Papers.bib
{S}tream{S}peech: Simultaneous Speech-to-Speech Translation with Multi-task Learning,ACL_2024_Full_Papers.bib
Investigating Multi-Hop Factual Shortcuts in Knowledge Editing of Large Language Models,ACL_2024_Full_Papers.bib
Why Don{'}t Prompt-Based Fairness Metrics Correlate?,ACL_2024_Full_Papers.bib
{N}aija{H}ate: Evaluating Hate Speech Detection on {N}igerian {T}witter Using Representative Data,ACL_2024_Full_Papers.bib
"{M}$^3${AV}: A Multimodal, Multigenre, and Multipurpose Audio-Visual Academic Lecture Dataset",ACL_2024_Full_Papers.bib
Mitigating Biases for Instruction-following Language Models via Bias Neurons Elimination,ACL_2024_Full_Papers.bib
Domain Adaptation for Subjective Induction Questions Answering on Products by Adversarial Disentangled Learning,ACL_2024_Full_Papers.bib
Revisiting Demonstration Selection Strategies in In-Context Learning,ACL_2024_Full_Papers.bib
Multimodal Table Understanding,ACL_2024_Full_Papers.bib
"Ex3: Automatic Novel Writing by Extracting, Excelsior and Expanding",ACL_2024_Full_Papers.bib
Few-shot Transfer Learning for Knowledge Base Question Answering: Fusing Supervised Models with In-Context Learning,ACL_2024_Full_Papers.bib
{W}at{ME}: Towards Lossless Watermarking Through Lexical Redundancy,ACL_2024_Full_Papers.bib
Text-like Encoding of Collaborative Information in Large Language Models for Recommendation,ACL_2024_Full_Papers.bib
{MM}-{SAP}: A Comprehensive Benchmark for Assessing Self-Awareness of Multimodal Large Language Models in Perception,ACL_2024_Full_Papers.bib
Focus on Your Question! Interpreting and Mitigating Toxic {C}o{T} Problems in Commonsense Reasoning,ACL_2024_Full_Papers.bib
Multi-Aspect Controllable Text Generation with Disentangled Counterfactual Augmentation,ACL_2024_Full_Papers.bib
Reward-based Input Construction for Cross-document Relation Extraction,ACL_2024_Full_Papers.bib
Hyperspherical Multi-Prototype with Optimal Transport for Event Argument Extraction,ACL_2024_Full_Papers.bib
Understanding Retrieval Robustness for Retrieval-augmented Image Captioning,ACL_2024_Full_Papers.bib
Semi-Supervised Spoken Language Glossification,ACL_2024_Full_Papers.bib
{S}ee{C}lick: Harnessing {GUI} Grounding for Advanced Visual {GUI} Agents,ACL_2024_Full_Papers.bib
{I}nterrogate{LLM}: Zero-Resource Hallucination Detection in {LLM}-Generated Answers,ACL_2024_Full_Papers.bib
Comparing Inferential Strategies of Humans and Large Language Models in Deductive Reasoning,ACL_2024_Full_Papers.bib
Math-Shepherd: Verify and Reinforce {LLM}s Step-by-step without Human Annotations,ACL_2024_Full_Papers.bib
Large Language Models are not Fair Evaluators,ACL_2024_Full_Papers.bib
Improving Large Language Models in Event Relation Logical Prediction,ACL_2024_Full_Papers.bib
Synchronized Video Storytelling: Generating Video Narrations with Structured Storyline,ACL_2024_Full_Papers.bib
Fine-Grained Image-Text Alignment in Medical Imaging Enables Explainable Cyclic Image-Report Generation,ACL_2024_Full_Papers.bib
{T}-Eval: Evaluating the Tool Utilization Capability of Large Language Models Step by Step,ACL_2024_Full_Papers.bib
Synergistic Interplay between Search and Large Language Models for Information Retrieval,ACL_2024_Full_Papers.bib
Linear Transformers with Learnable Kernel Functions are Better In-Context Models,ACL_2024_Full_Papers.bib
Temperature-scaling surprisal estimates improve fit to human reading times {--} but does it do so for the ``right reasons''?,ACL_2024_Full_Papers.bib
{A}ny{GPT}: Unified Multimodal {LLM} with Discrete Sequence Modeling,ACL_2024_Full_Papers.bib
{C}ofi{P}ara: A Coarse-to-fine Paradigm for Multimodal Sarcasm Target Identification with Large Multimodal Models,ACL_2024_Full_Papers.bib
Diffusion Lens: Interpreting Text Encoders in Text-to-Image Pipelines,ACL_2024_Full_Papers.bib
Robust Singing Voice Transcription Serves Synthesis,ACL_2024_Full_Papers.bib
{V}ul{L}ib{G}en: Generating Names of Vulnerability-Affected Packages via a Large Language Model,ACL_2024_Full_Papers.bib
Self-Modifying State Modeling for Simultaneous Machine Translation,ACL_2024_Full_Papers.bib
{M}ap{GPT}: Map-Guided Prompting with Adaptive Path Planning for Vision-and-Language Navigation,ACL_2024_Full_Papers.bib
{B}ad{A}gent: Inserting and Activating Backdoor Attacks in {LLM} Agents,ACL_2024_Full_Papers.bib
{D}eterm{LR}: Augmenting {LLM}-based Logical Reasoning from Indeterminacy to Determinacy,ACL_2024_Full_Papers.bib
{L}e{P}a{RD}: A Large-Scale Dataset of Judicial Citations to Precedent,ACL_2024_Full_Papers.bib
To Generate or to Retrieve? On the Effectiveness of Artificial Contexts for Medical Open-Domain Question Answering,ACL_2024_Full_Papers.bib
{MERA}: A Comprehensive {LLM} Evaluation in {R}ussian,ACL_2024_Full_Papers.bib
{SC}2: Towards Enhancing Content Preservation and Style Consistency in Long Text Style Transfer,ACL_2024_Full_Papers.bib
Dodo: Dynamic Contextual Compression for Decoder-only {LM}s,ACL_2024_Full_Papers.bib
{POMP}: Probability-driven Meta-graph Prompter for {LLM}s in Low-resource Unsupervised Neural Machine Translation,ACL_2024_Full_Papers.bib
{N}ews{B}ench: A Systematic Evaluation Framework for Assessing Editorial Capabilities of Large Language Models in {C}hinese Journalism,ACL_2024_Full_Papers.bib
Enhancing Noise Robustness of Retrieval-Augmented Language Models with Adaptive Adversarial Training,ACL_2024_Full_Papers.bib
Predicting Text Preference Via Structured Comparative Reasoning,ACL_2024_Full_Papers.bib
{C}o{ELM}: Construction-Enhanced Language Modeling,ACL_2024_Full_Papers.bib
On the Impact of Calibration Data in Post-training Quantization and Pruning,ACL_2024_Full_Papers.bib
{S}ym{KGQA}: Few-Shot Knowledge Graph Question Answering via Symbolic Program Generation and Execution,ACL_2024_Full_Papers.bib
Meta-Task Prompting Elicits Embeddings from Large Language Models,ACL_2024_Full_Papers.bib
A Sentiment Consolidation Framework for Meta-Review Generation,ACL_2024_Full_Papers.bib
Revisiting Structured Sentiment Analysis as Latent Dependency Graph Parsing,ACL_2024_Full_Papers.bib
"{OWSM}-{CTC}: An Open Encoder-Only Speech Foundation Model for Speech Recognition, Translation, and Language Identification",ACL_2024_Full_Papers.bib
Do Large Language Models Latently Perform Multi-Hop Reasoning?,ACL_2024_Full_Papers.bib
{M}uggle{M}ath: Assessing the Impact of Query and Response Augmentation on Math Reasoning,ACL_2024_Full_Papers.bib
Harnessing Toulmin{'}s theory for zero-shot argument explication,ACL_2024_Full_Papers.bib
Artifacts or Abduction: How Do {LLM}s Answer Multiple-Choice Questions Without the Question?,ACL_2024_Full_Papers.bib
Retrieval Augmented Fact Verification by Synthesizing Contrastive Arguments,ACL_2024_Full_Papers.bib
{S}yllabus{QA}: A Course Logistics Question Answering Dataset,ACL_2024_Full_Papers.bib
{M}ind{M}ap: Knowledge Graph Prompting Sparks Graph of Thoughts in Large Language Models,ACL_2024_Full_Papers.bib
{AGB}-{DE}: A Corpus for the Automated Legal Assessment of Clauses in {G}erman Consumer Contracts,ACL_2024_Full_Papers.bib
Examining the robustness of {LLM} evaluation to the distributional assumptions of benchmarks,ACL_2024_Full_Papers.bib
Re-Tuning: Overcoming the Compositionality Limits of Large Language Models with Recursive Tuning,ACL_2024_Full_Papers.bib
Bridging the Preference Gap between Retrievers and {LLM}s,ACL_2024_Full_Papers.bib
Large Language Models Can Learn Temporal Reasoning,ACL_2024_Full_Papers.bib
Learning Relational Decomposition of Queries for Question Answering from Tables,ACL_2024_Full_Papers.bib
Characterizing Similarities and Divergences in Conversational Tones in Humans and {LLM}s by Sampling with People,ACL_2024_Full_Papers.bib
{P}areto Optimal Learning for Estimating Large Language Model Errors,ACL_2024_Full_Papers.bib
Simul-{LLM}: A Framework for Exploring High-Quality Simultaneous Translation with Large Language Models,ACL_2024_Full_Papers.bib
Defending Against Alignment-Breaking Attacks via Robustly Aligned {LLM},ACL_2024_Full_Papers.bib
Interactive-{KBQA}: Multi-Turn Interactions for Knowledge Base Question Answering with Large Language Models,ACL_2024_Full_Papers.bib
{LLM}s in the Imaginarium: Tool Learning through Simulated Trial and Error,ACL_2024_Full_Papers.bib
{H}yper{M}o{E}: Towards Better Mixture of Experts via Transferring Among Experts,ACL_2024_Full_Papers.bib
{CODIS}: Benchmarking Context-dependent Visual Comprehension for Multimodal Large Language Models,ACL_2024_Full_Papers.bib
{P}ol{CLIP}: A Unified Image-Text Word Sense Disambiguation Model via Generating Multimodal Complementary Representations,ACL_2024_Full_Papers.bib
Prompted Aspect Key Point Analysis for Quantitative Review Summarization,ACL_2024_Full_Papers.bib
"Ask Again, Then Fail: Large Language Models' Vacillations in Judgment",ACL_2024_Full_Papers.bib
{CLAMBER}: A Benchmark of Identifying and Clarifying Ambiguous Information Needs in Large Language Models,ACL_2024_Full_Papers.bib
Multimodal Reasoning with Multimodal Knowledge Graph,ACL_2024_Full_Papers.bib
Confidence is not Timeless: Modeling Temporal Validity for Rule-based Temporal Knowledge Graph Forecasting,ACL_2024_Full_Papers.bib
{CARE}: A Clue-guided Assistant for {CSR}s to Read User Manuals,ACL_2024_Full_Papers.bib
Enhancing Numerical Reasoning with the Guidance of Reliable Reasoning Processes,ACL_2024_Full_Papers.bib
{PAGED}: A Benchmark for Procedural Graphs Extraction from Documents,ACL_2024_Full_Papers.bib
Navigating the Shadows: Unveiling Effective Disturbances for {M}odern {AI} Content Detectors,ACL_2024_Full_Papers.bib
{RAGT}ruth: A Hallucination Corpus for Developing Trustworthy Retrieval-Augmented Language Models,ACL_2024_Full_Papers.bib
The Dawn After the Dark: An Empirical Study on Factuality Hallucination in Large Language Models,ACL_2024_Full_Papers.bib
Revisiting Knowledge Distillation for Autoregressive Language Models,ACL_2024_Full_Papers.bib
Continual Learning with Semi-supervised Contrastive Distillation for Incremental Neural Machine Translation,ACL_2024_Full_Papers.bib
Make-A-Voice: Revisiting Voice Large Language Models as Scalable Multilingual and Multitask Learners,ACL_2024_Full_Papers.bib
Chat Vector: A Simple Approach to Equip {LLM}s with Instruction Following and Model Alignment in New Languages,ACL_2024_Full_Papers.bib
{PRP}: Propagating Universal Perturbations to Attack Large Language Model Guard-Rails,ACL_2024_Full_Papers.bib
{CLOMO}: Counterfactual Logical Modification with Large Language Models,ACL_2024_Full_Papers.bib
Exploring Hybrid Question Answering via Program-based Prompting,ACL_2024_Full_Papers.bib
{I}ndic{G}en{B}ench: A Multilingual Benchmark to Evaluate Generation Capabilities of {LLM}s on {I}ndic Languages,ACL_2024_Full_Papers.bib
Simple but Effective Compound Geometric Operations for Temporal Knowledge Graph Completion,ACL_2024_Full_Papers.bib
Uncertainty Aware Learning for Language Model Alignment,ACL_2024_Full_Papers.bib
Interpretable User Satisfaction Estimation for Conversational Systems with Large Language Models,ACL_2024_Full_Papers.bib
Fundamental Capabilities of Large Language Models and their Applications in Domain Scenarios: A Survey,ACL_2024_Full_Papers.bib
Measuring Political Bias in Large Language Models: What Is Said and How It Is Said,ACL_2024_Full_Papers.bib
Fortify the Shortest Stave in Attention: Enhancing Context Awareness of Large Language Models for Effective Tool Use,ACL_2024_Full_Papers.bib
Layer-Condensed {KV} Cache for Efficient Inference of Large Language Models,ACL_2024_Full_Papers.bib
Enhancing Multilingual Capabilities of Large Language Models through Self-Distillation from Resource-Rich Languages,ACL_2024_Full_Papers.bib
Benchmarking {C}hinese Commonsense Reasoning of {LLM}s: From {C}hinese-Specifics to Reasoning-Memorization Correlations,ACL_2024_Full_Papers.bib
Browse and Concentrate: Comprehending Multimodal Content via Prior-{LLM} Context Fusion,ACL_2024_Full_Papers.bib
Model Composition for Multimodal Large Language Models,ACL_2024_Full_Papers.bib
Draft {\&} Verify: Lossless Large Language Model Acceleration via Self-Speculative Decoding,ACL_2024_Full_Papers.bib
Soul-Mix: Enhancing Multimodal Machine Translation with Manifold Mixup,ACL_2024_Full_Papers.bib
Measuring Meaning Composition in the Human Brain with Composition Scores from Large Language Models,ACL_2024_Full_Papers.bib
{MIST}: Mutual Information Maximization for Short Text Clustering,ACL_2024_Full_Papers.bib
Self-chats from Large Language Models Make Small Emotional Support Chatbot Better,ACL_2024_Full_Papers.bib
Complex Reasoning over Logical Queries on Commonsense Knowledge Graphs,ACL_2024_Full_Papers.bib
An Expert is Worth One Token: Synergizing Multiple Expert {LLM}s as Generalist via Expert Token Routing,ACL_2024_Full_Papers.bib
Learning to Plan and Generate Text with Citations,ACL_2024_Full_Papers.bib
Aligning Large Language Models by On-Policy Self-Judgment,ACL_2024_Full_Papers.bib
{IL}-{TUR}: Benchmark for {I}ndian Legal Text Understanding and Reasoning,ACL_2024_Full_Papers.bib
{J}ump{C}oder: Go Beyond Autoregressive Coder via Online Modification,ACL_2024_Full_Papers.bib
Language Models can Exploit Cross-Task In-context Learning for Data-Scarce Novel Tasks,ACL_2024_Full_Papers.bib
Split and Rephrase with Large Language Models,ACL_2024_Full_Papers.bib
{C}hunk{A}ttention: Efficient Self-Attention with Prefix-Aware {KV} Cache and Two-Phase Partition,ACL_2024_Full_Papers.bib
{SAPT}: A Shared Attention Framework for Parameter-Efficient Continual Learning of Large Language Models,ACL_2024_Full_Papers.bib
{D}o{RA}: Enhancing Parameter-Efficient Fine-Tuning with Dynamic Rank Distribution,ACL_2024_Full_Papers.bib
Cross-Lingual Knowledge Editing in Large Language Models,ACL_2024_Full_Papers.bib
Argument Mining in Data Scarce Settings: Cross-lingual Transfer and Few-shot Techniques,ACL_2024_Full_Papers.bib
Learning Task Decomposition to Assist Humans in Competitive Programming,ACL_2024_Full_Papers.bib
An Entropy-based Text Watermarking Detection Method,ACL_2024_Full_Papers.bib
Enhancing Explainable Rating Prediction through Annotated Macro Concepts,ACL_2024_Full_Papers.bib
How to Engage your Readers? Generating Guiding Questions to Promote Active Reading,ACL_2024_Full_Papers.bib
Less is More: Mitigating Multimodal Hallucination from an {EOS} Decision Perspective,ACL_2024_Full_Papers.bib
Integrate the Essence and Eliminate the Dross: Fine-Grained Self-Consistency for Free-Form Language Generation,ACL_2024_Full_Papers.bib
More frequent verbs are associated with more diverse valency frames: Efficient principles at the lexicon-grammar interface,ACL_2024_Full_Papers.bib
Quantifying Generalizations: Exploring the Divide Between Human and {LLM}s' Sensitivity to Quantification,ACL_2024_Full_Papers.bib
Can Large Language Models Interpret Noun-Noun Compounds? A Linguistically-Motivated Study on Lexicalized and Novel Compounds,ACL_2024_Full_Papers.bib
Generative Cross-Modal Retrieval: Memorizing Images in Multimodal Language Models for Retrieval and Beyond,ACL_2024_Full_Papers.bib
Self-Training with Pseudo-Label Scorer for Aspect Sentiment Quad Prediction,ACL_2024_Full_Papers.bib
Learning to Generate Answers with Citations via Factual Consistency Models,ACL_2024_Full_Papers.bib
Improving Text Embeddings with Large Language Models,ACL_2024_Full_Papers.bib
{U}ltra{L}ink: An Open-Source Knowledge-Enhanced Multilingual Supervised Fine-tuning Dataset,ACL_2024_Full_Papers.bib
Document-level Claim Extraction and Decontextualisation for Fact-Checking,ACL_2024_Full_Papers.bib
{LLM}s Learn Task Heuristics from Demonstrations: A Heuristic-Driven Prompting Strategy for Document-Level Event Argument Extraction,ACL_2024_Full_Papers.bib
Investigating and Mitigating the Multimodal Hallucination Snowballing in Large Vision-Language Models,ACL_2024_Full_Papers.bib
Beyond Traditional Benchmarks: Analyzing Behaviors of Open {LLM}s on Data-to-Text Generation,ACL_2024_Full_Papers.bib
Don{'}t Go To Extremes: Revealing the Excessive Sensitivity and Calibration Limitations of {LLM}s in Implicit Hate Speech Detection,ACL_2024_Full_Papers.bib
"Don{'}t Rank, Combine! Combining Machine Translation Hypotheses Using Quality Estimation",ACL_2024_Full_Papers.bib
Generating and Evaluating Plausible Explanations for Knowledge Graph Completion,ACL_2024_Full_Papers.bib
One Prompt To Rule Them All: {LLM}s for Opinion Summary Evaluation,ACL_2024_Full_Papers.bib
{LAND}e{RMT}: Dectecting and Routing Language-Aware Neurons for Selectively Finetuning {LLM}s to Machine Translation,ACL_2024_Full_Papers.bib
A Joint Coreference-Aware Approach to Document-Level Target Sentiment Analysis,ACL_2024_Full_Papers.bib
{V}is{D}ia{H}al{B}ench: A Visual Dialogue Benchmark For Diagnosing Hallucination in Large Vision-Language Models,ACL_2024_Full_Papers.bib
{A}uto{DSL}: Automated domain-specific language design for structural representation of procedures with constraints,ACL_2024_Full_Papers.bib
Multipath parsing in the brain,ACL_2024_Full_Papers.bib
Search-Adaptor: Embedding Customization for Information Retrieval,ACL_2024_Full_Papers.bib
{VIES}core: Towards Explainable Metrics for Conditional Image Synthesis Evaluation,ACL_2024_Full_Papers.bib
Tree Transformer{'}s Disambiguation Ability of Prepositional Phrase Attachment and Garden Path Effects,ACL_2024_Full_Papers.bib
Tree-of-Traversals: A Zero-Shot Reasoning Algorithm for Augmenting Black-box Language Models with Knowledge Graphs,ACL_2024_Full_Papers.bib
Structured Tree Alignment for Evaluation of (Speech) Constituency Parsing,ACL_2024_Full_Papers.bib
{V}i{SAG}e: A Global-Scale Analysis of Visual Stereotypes in Text-to-Image Generation,ACL_2024_Full_Papers.bib
Transferable and Efficient Non-Factual Content Detection via Probe Training with Offline Consistency Checking,ACL_2024_Full_Papers.bib
What Do Language Models Learn in Context? The Structured Task Hypothesis.,ACL_2024_Full_Papers.bib
Agent Lumos: Unified and Modular Training for Open-Source Language Agents,ACL_2024_Full_Papers.bib
Investigating Cultural Alignment of Large Language Models,ACL_2024_Full_Papers.bib
"More Victories, Less Cooperation: Assessing Cicero{'}s Diplomacy Play",ACL_2024_Full_Papers.bib
{V}oice{C}raft: Zero-Shot Speech Editing and Text-to-Speech in the Wild,ACL_2024_Full_Papers.bib
{RAID}: A Shared Benchmark for Robust Evaluation of Machine-Generated Text Detectors,ACL_2024_Full_Papers.bib
"Silent Signals, Loud Impact: {LLM}s for Word-Sense Disambiguation of Coded Dog Whistles",ACL_2024_Full_Papers.bib
On the Representational Capacity of Neural Language Models with Chain-of-Thought Reasoning,ACL_2024_Full_Papers.bib
Analyzing {LLM} Behavior in Dialogue Summarization: Unveiling Circumstantial Hallucination Trends,ACL_2024_Full_Papers.bib
{LLM} in a flash: Efficient Large Language Model Inference with Limited Memory,ACL_2024_Full_Papers.bib
Video-{C}hat{GPT}: Towards Detailed Video Understanding via Large Vision and Language Models,ACL_2024_Full_Papers.bib
To Distill or Not to Distill? On the Robustness of Robust Knowledge Distillation,ACL_2024_Full_Papers.bib
{L}ayer{S}kip: Enabling Early Exit Inference and Self-Speculative Decoding,ACL_2024_Full_Papers.bib
Classist Tools: Social Class Correlates with Performance in {NLP},ACL_2024_Full_Papers.bib
{A}ction{IE}: Action Extraction from Scientific Literature with Programming Languages,ACL_2024_Full_Papers.bib
Retaining Key Information under High Compression Ratios: Query-Guided Compressor for {LLM}s,ACL_2024_Full_Papers.bib
{COSMIC}: Mutual Information for Task-Agnostic Summarization Evaluation,ACL_2024_Full_Papers.bib
{EUROPA}: A Legal Multilingual Keyphrase Generation Dataset,ACL_2024_Full_Papers.bib
{GLIMPSE}: Pragmatically Informative Multi-Document Summarization for Scholarly Reviews,ACL_2024_Full_Papers.bib
Peacock: A Family of {A}rabic Multimodal Large Language Models and Benchmarks,ACL_2024_Full_Papers.bib
Generating Coherent Sequences of Visual Illustrations for Real-World Manual Tasks,ACL_2024_Full_Papers.bib
Cheetah: Natural Language Generation for 517 {A}frican Languages,ACL_2024_Full_Papers.bib
{T}a{PERA}: Enhancing Faithfulness and Interpretability in Long-Form Table {QA} by Content Planning and Execution-based Reasoning,ACL_2024_Full_Papers.bib
FinanceMATH: Knowledge-Intensive Math Reasoning in Finance Domains,ACL_2024_Full_Papers.bib
{API}-{BLEND}: A Comprehensive Corpora for Training and Benchmarking {API} {LLM}s,ACL_2024_Full_Papers.bib
{L}o{RA}-Flow: Dynamic {L}o{RA} Fusion for Large Language Models in Generative Tasks,ACL_2024_Full_Papers.bib
Harder Task Needs More Experts: Dynamic Routing in {M}o{E} Models,ACL_2024_Full_Papers.bib
{XLAVS}-{R}: Cross-Lingual Audio-Visual Speech Representation Learning for Noise-Robust Speech Perception,ACL_2024_Full_Papers.bib
{SOTOPIA}-{\ensuremath{\pi}}: Interactive Learning of Socially Intelligent Language Agents,ACL_2024_Full_Papers.bib
Generalizability of Mixture of Domain-Specific Adapters from the Lens of Signed Weight Directions and its Application to Effective Model Pruning,ACL_2024_Full_Papers.bib
Learning to Decode Collaboratively with Multiple Language Models,ACL_2024_Full_Papers.bib
{DRAGIN}: Dynamic Retrieval Augmented Generation based on the Real-time Information Needs of Large Language Models,ACL_2024_Full_Papers.bib
Living in the Moment: Can Large Language Models Grasp Co-Temporal Reasoning?,ACL_2024_Full_Papers.bib
{C}ritique{LLM}: Towards an Informative Critique Generation Model for Evaluation of Large Language Model Generation,ACL_2024_Full_Papers.bib
{LLMA}rena: Assessing Capabilities of Large Language Models in Dynamic Multi-Agent Environments,ACL_2024_Full_Papers.bib
Small But Funny: A Feedback-Driven Approach to Humor Distillation,ACL_2024_Full_Papers.bib
Symbol-{LLM}: Towards Foundational Symbol-centric Interface For Large Language Models,ACL_2024_Full_Papers.bib
From Sights to Insights: Towards Summarization of Multimodal Clinical Documents,ACL_2024_Full_Papers.bib
When Phrases Meet Probabilities: Enabling Open Relation Extraction with Cooperating Large Language Models,ACL_2024_Full_Papers.bib
Document-Level Machine Translation with Large-Scale Public Parallel Corpora,ACL_2024_Full_Papers.bib
Bridging the Empirical-Theoretical Gap in Neural Network Formal Language Learning Using Minimum Description Length,ACL_2024_Full_Papers.bib
Context versus Prior Knowledge in Language Models,ACL_2024_Full_Papers.bib
Word Matters: What Influences Domain Adaptation in Summarization?,ACL_2024_Full_Papers.bib
Visualization Recommendation with Prompt-based Reprogramming of Large Language Models,ACL_2024_Full_Papers.bib
{HOLMES}: Hyper-Relational Knowledge Graphs for Multi-hop Question Answering using {LLM}s,ACL_2024_Full_Papers.bib
Toward In-Context Teaching: Adapting Examples to Students' Misconceptions,ACL_2024_Full_Papers.bib
Bridging Word-Pair and Token-Level Metaphor Detection with Explainable Domain Mining,ACL_2024_Full_Papers.bib
Faithful Logical Reasoning via Symbolic Chain-of-Thought,ACL_2024_Full_Papers.bib
{S}$^2${GSL}: Incorporating Segment to Syntactic Enhanced Graph Structure Learning for Aspect-based Sentiment Analysis,ACL_2024_Full_Papers.bib
Maverick: Efficient and Accurate Coreference Resolution Defying Recent Trends,ACL_2024_Full_Papers.bib
{ESC}o{T}: Towards Interpretable Emotional Support Dialogue Systems,ACL_2024_Full_Papers.bib
{P}ath{R}easoner: Modeling Reasoning Path with Equivalent Extension for Logical Question Answering,ACL_2024_Full_Papers.bib
{WARDEN}: Multi-Directional Backdoor Watermarks for Embedding-as-a-Service Copyright Protection,ACL_2024_Full_Papers.bib
Advancing Parameter Efficiency in Fine-tuning via Representation Editing,ACL_2024_Full_Papers.bib
Context Consistency between Training and Inference in Simultaneous Machine Translation,ACL_2024_Full_Papers.bib
Using Natural Language Explanations to Improve Robustness of In-context Learning,ACL_2024_Full_Papers.bib
"Chunk, Align, Select: A Simple Long-sequence Processing Method for Transformers",ACL_2024_Full_Papers.bib
{A}rch{C}ode: Incorporating Software Requirements in Code Generation with Large Language Models,ACL_2024_Full_Papers.bib
Combining Supervised Learning and Reinforcement Learning for Multi-Label Classification Tasks with Partial Labels,ACL_2024_Full_Papers.bib
{MULFE}: A Multi-Level Benchmark for Free Text Model Editing,ACL_2024_Full_Papers.bib
{M}obile{S}peech: A Fast and High-Fidelity Framework for Mobile Zero-Shot Text-to-Speech,ACL_2024_Full_Papers.bib
Spatially-Aware Speaker for Vision-and-Language Navigation Instruction Generation,ACL_2024_Full_Papers.bib
{H}i{R}o{PE}: Length Extrapolation for Code Models Using Hierarchical Position,ACL_2024_Full_Papers.bib
Never Lost in the Middle: Mastering Long-Context Question Answering with Position-Agnostic Decompositional Training,ACL_2024_Full_Papers.bib
{C}ode{A}gent: Enhancing Code Generation with Tool-Integrated Agent Systems for Real-World Repo-level Coding Challenges,ACL_2024_Full_Papers.bib
When is Tree Search Useful for {LLM} Planning? It Depends on the Discriminator,ACL_2024_Full_Papers.bib
{L}ogic{B}ench: Towards Systematic Evaluation of Logical Reasoning Ability of Large Language Models,ACL_2024_Full_Papers.bib
Meta-Tuning {LLM}s to Leverage Lexical Knowledge for Generalizable Language Style Understanding,ACL_2024_Full_Papers.bib
Reducing Privacy Risks in Online Self-Disclosures with Language Models,ACL_2024_Full_Papers.bib
{REFINESUMM}: Self-Refining {MLLM} for Generating a Multimodal Summarization Dataset,ACL_2024_Full_Papers.bib
When Benchmarks are Targets: Revealing the Sensitivity of Large Language Model Leaderboards,ACL_2024_Full_Papers.bib
"{LLM}-Rubric: A Multidimensional, Calibrated Approach to Automated Evaluation of Natural Language Texts",ACL_2024_Full_Papers.bib
{LIEDER}: Linguistically-Informed Evaluation for Discourse Entity Recognition,ACL_2024_Full_Papers.bib
Evaluating Very Long-Term Conversational Memory of {LLM} Agents,ACL_2024_Full_Papers.bib
{NEO}-{BENCH}: Evaluating Robustness of Large Language Models with Neologisms,ACL_2024_Full_Papers.bib
Impacts of Misspelled Queries on Translation and Product Search,ACL_2024_Full_Papers.bib
Skin-in-the-Game: Decision Making via Multi-Stakeholder Alignment in {LLM}s,ACL_2024_Full_Papers.bib
The {MERSA} Dataset and a Transformer-Based Approach for Speech Emotion Recognition,ACL_2024_Full_Papers.bib
Transparent and Scrutable Recommendations Using Natural Language User Profiles,ACL_2024_Full_Papers.bib
Fora: A corpus and framework for the study of facilitated dialogue,ACL_2024_Full_Papers.bib
Explanation-aware Soft Ensemble Empowers Large Language Model In-context Learning,ACL_2024_Full_Papers.bib
What is the Best Way for {C}hat{GPT} to Translate Poetry?,ACL_2024_Full_Papers.bib
Rephrasing the Web: A Recipe for Compute and Data-Efficient Language Modeling,ACL_2024_Full_Papers.bib
{D}e{C}o{T}: Debiasing Chain-of-Thought for Knowledge-Intensive Tasks in Large Language Models via Causal Intervention,ACL_2024_Full_Papers.bib
Representation Learning with Conditional Information Flow Maximization,ACL_2024_Full_Papers.bib
Quantifying Contamination in Evaluating Code Generation Capabilities of Language Models,ACL_2024_Full_Papers.bib
Language Models are {H}omer Simpson! Safety Re-Alignment of Fine-tuned Language Models through Task Arithmetic,ACL_2024_Full_Papers.bib
Tracking the Newsworthiness of Public Documents,ACL_2024_Full_Papers.bib
{EWEK}-{QA} : Enhanced Web and Efficient Knowledge Graph Retrieval for Citation-based Question Answering Systems,ACL_2024_Full_Papers.bib
Multistage Collaborative Knowledge Distillation from a Large Language Model for Semi-Supervised Sequence Generation,ACL_2024_Full_Papers.bib
Controlled Text Generation for Black-box Language Models via Score-based Progressive Editor,ACL_2024_Full_Papers.bib
Confabulation: The Surprising Value of Large Language Model Hallucinations,ACL_2024_Full_Papers.bib
{IAPT}: Instance-Aware Prompt Tuning for Large Language Models,ACL_2024_Full_Papers.bib
How Johnny Can Persuade {LLM}s to Jailbreak Them: Rethinking Persuasion to Challenge {AI} Safety by Humanizing {LLM}s,ACL_2024_Full_Papers.bib
The Heuristic Core: Understanding Subnetwork Generalization in Pretrained Language Models,ACL_2024_Full_Papers.bib
Multimodal {A}r{X}iv: A Dataset for Improving Scientific Comprehension of Large Vision-Language Models,ACL_2024_Full_Papers.bib
{L}-Eval: Instituting Standardized Evaluation for Long Context Language Models,ACL_2024_Full_Papers.bib
"{DIALECTBENCH}: An {NLP} Benchmark for Dialects, Varieties, and Closely-Related Languages",ACL_2024_Full_Papers.bib
Causal-Guided Active Learning for Debiasing Large Language Models,ACL_2024_Full_Papers.bib
{P}sycho{GAT}: A Novel Psychological Measurement Paradigm through Interactive Fiction Games with {LLM} Agents,ACL_2024_Full_Papers.bib
Towards Better Understanding of Contrastive Sentence Representation Learning: A Unified Paradigm for Gradient,ACL_2024_Full_Papers.bib
Emergent Word Order Universals from Cognitively-Motivated Language Models,ACL_2024_Full_Papers.bib
Exploring Collaboration Mechanisms for {LLM} Agents: A Social Psychology View,ACL_2024_Full_Papers.bib
{MARVEL}: Unlocking the Multi-Modal Capability of Dense Retrieval via Visual Module Plugin,ACL_2024_Full_Papers.bib
Distributional Inclusion Hypothesis and Quantifications: Probing for Hypernymy in Functional Distributional Semantics,ACL_2024_Full_Papers.bib
{C}ausal{G}ym: Benchmarking causal interpretability methods on linguistic tasks,ACL_2024_Full_Papers.bib
"Don{'}t Hallucinate, Abstain: Identifying {LLM} Knowledge Gaps via Multi-{LLM} Collaboration",ACL_2024_Full_Papers.bib
Mission: Impossible Language Models,ACL_2024_Full_Papers.bib
Semisupervised Neural Proto-Language Reconstruction,ACL_2024_Full_Papers.bib
Speech Translation with Speech Foundation Models and Large Language Models: What is There and What is Missing?,ACL_2024_Full_Papers.bib
Speech vs. Transcript: Does It Matter for Human Annotators in Speech Summarization?,ACL_2024_Full_Papers.bib
{D}2{LLM}: Decomposed and Distilled Large Language Models for Semantic Search,ACL_2024_Full_Papers.bib
{A}rabic Diacritics in the Wild: Exploiting Opportunities for Improved Diacritization,ACL_2024_Full_Papers.bib
Disinformation Capabilities of Large Language Models,ACL_2024_Full_Papers.bib
Learn or Recall? Revisiting Incremental Learning with Pre-trained Language Models,ACL_2024_Full_Papers.bib
How to Handle Different Types of Out-of-Distribution Scenarios in Computational Argumentation? A Comprehensive and Fine-Grained Field Study,ACL_2024_Full_Papers.bib
Must {NLP} be Extractive?,ACL_2024_Full_Papers.bib
Spiral of Silence: How is Large Language Model Killing Information Retrieval?{---}{A} Case Study on Open Domain Question Answering,ACL_2024_Full_Papers.bib
Latxa: An Open Language Model and Evaluation Suite for {B}asque,ACL_2024_Full_Papers.bib
Why are Sensitive Functions Hard for Transformers?,ACL_2024_Full_Papers.bib
Talk With Human-like Agents: Empathetic Dialogue Through Perceptible Acoustic Reception and Reaction,ACL_2024_Full_Papers.bib
{IRC}oder: Intermediate Representations Make Language Models Robust Multilingual Code Generators,ACL_2024_Full_Papers.bib
The Echoes of Multilinguality: Tracing Cultural Value Shifts during Language Model Fine-tuning,ACL_2024_Full_Papers.bib
{MYTE}: Morphology-Driven Byte Encoding for Better and Fairer Multilingual Language Modeling,ACL_2024_Full_Papers.bib
{M}ulti{L}egal{P}ile: A 689{GB} Multilingual Legal Corpus,ACL_2024_Full_Papers.bib
{W}eb{C}ite{S}: Attributed Query-Focused Summarization on {C}hinese Web Search Results with Citations,ACL_2024_Full_Papers.bib
What Languages are Easy to Language-Model? A Perspective from Learning Probabilistic Regular Languages,ACL_2024_Full_Papers.bib
Tree-Averaging Algorithms for Ensemble-Based Unsupervised Discontinuous Constituency Parsing,ACL_2024_Full_Papers.bib
{A}rt{P}rompt: {ASCII} Art-based Jailbreak Attacks against Aligned {LLM}s,ACL_2024_Full_Papers.bib
{C}hat{D}ev: Communicative Agents for Software Development,ACL_2024_Full_Papers.bib
Disentangled Learning with Synthetic Parallel Data for Text Style Transfer,ACL_2024_Full_Papers.bib
"{P}sy{S}afe: A Comprehensive Framework for Psychological-based Attack, Defense, and Evaluation of Multi-agent System Safety",ACL_2024_Full_Papers.bib
Can Large Language Models be Good Emotional Supporter? Mitigating Preference Bias on Emotional Support Conversation,ACL_2024_Full_Papers.bib
$\infty${B}ench: Extending Long Context Evaluation Beyond 100{K} Tokens,ACL_2024_Full_Papers.bib
Natural Language Satisfiability: Exploring the Problem Distribution and Evaluating Transformer-based Language Models,ACL_2024_Full_Papers.bib
Political Compass or Spinning Arrow? Towards More Meaningful Evaluations for Values and Opinions in Large Language Models,ACL_2024_Full_Papers.bib
"Same Task, More Tokens: the Impact of Input Length on the Reasoning Performance of Large Language Models",ACL_2024_Full_Papers.bib
Disambiguate Words like Composing Them: A Morphology-Informed Approach to Enhance {C}hinese Word Sense Disambiguation,ACL_2024_Full_Papers.bib
Do Llamas Work in {E}nglish? On the Latent Language of Multilingual Transformers,ACL_2024_Full_Papers.bib
{G}-{DIG}: Towards Gradient-based {DI}verse and hi{G}h-quality Instruction Data Selection for Machine Translation,ACL_2024_Full_Papers.bib
Media Framing: A typology and Survey of Computational Approaches Across Disciplines,ACL_2024_Full_Papers.bib
{SPZ}: A Semantic Perturbation-based Data Augmentation Method with Zonal-Mixing for {A}lzheimer{'}s Disease Detection,ACL_2024_Full_Papers.bib
Calibrating Large Language Models Using Their Generations Only,ACL_2024_Full_Papers.bib
Iterative Forward Tuning Boosts In-Context Learning in Language Models,ACL_2024_Full_Papers.bib
Pride and Prejudice: {LLM} Amplifies Self-Bias in Self-Refinement,ACL_2024_Full_Papers.bib
"Language Complexity and Speech Recognition Accuracy: Orthographic Complexity Hurts, Phonological Complexity Doesn{'}t",ACL_2024_Full_Papers.bib
Steering Llama 2 via Contrastive Activation Addition,ACL_2024_Full_Papers.bib
{E}con{A}gent: Large Language Model-Empowered Agents for Simulating Macroeconomic Activities,ACL_2024_Full_Papers.bib
{S}afety{B}ench: Evaluating the Safety of Large Language Models,ACL_2024_Full_Papers.bib
Deciphering Oracle Bone Language with Diffusion Models,ACL_2024_Full_Papers.bib
{M}4{LE}: A Multi-Ability Multi-Range Multi-Task Multi-Domain Long-Context Evaluation Benchmark for Large Language Models,ACL_2024_Full_Papers.bib
{CHECKWHY}: Causal Fact Verification via Argument Structure,ACL_2024_Full_Papers.bib
Quality-Aware Translation Models: Efficient Generation and Quality Estimation in a Single Model,ACL_2024_Full_Papers.bib
On Efficient and Statistical Quality Estimation for Data Annotation,ACL_2024_Full_Papers.bib
{EZ}-{STANCE}: A Large Dataset for {E}nglish Zero-Shot Stance Detection,ACL_2024_Full_Papers.bib
{A}merican {S}ign {L}anguage Handshapes Reflect Pressures for Communicative Efficiency,ACL_2024_Full_Papers.bib
Dolma: an Open Corpus of Three Trillion Tokens for Language Model Pretraining Research,ACL_2024_Full_Papers.bib
{OLM}o: Accelerating the Science of Language Models,ACL_2024_Full_Papers.bib
Emulated Disalignment: Safety Alignment for Large Language Models May Backfire!,ACL_2024_Full_Papers.bib
{I}ndic{LLMS}uite: A Blueprint for Creating Pre-training and Fine-Tuning Datasets for {I}ndian Languages,ACL_2024_Full_Papers.bib
Aya Model: An Instruction Finetuned Open-Access Multilingual Language Model,ACL_2024_Full_Papers.bib
{B}atch{E}val: Towards Human-like Text Evaluation,ACL_2024_Full_Papers.bib
{T}o{MB}ench: Benchmarking Theory of Mind in Large Language Models,ACL_2024_Full_Papers.bib
{COKE}: A Cognitive Knowledge Graph for Machine Theory of Mind,ACL_2024_Full_Papers.bib
{A}pp{W}orld: A Controllable World of Apps and People for Benchmarking Interactive Coding Agents,ACL_2024_Full_Papers.bib
{MMT}o{M}-{QA}: Multimodal Theory of Mind Question Answering,ACL_2024_Full_Papers.bib
{D}oc{M}ath-Eval: Evaluating Math Reasoning Capabilities of {LLM}s in Understanding Long and Specialized Documents,ACL_2024_Full_Papers.bib
{MAP}{'}s not dead yet: Uncovering true language model modes by conditioning away degeneracy,ACL_2024_Full_Papers.bib
Guardians of the Machine Translation Meta-Evaluation: Sentinel Metrics Fall In!,ACL_2024_Full_Papers.bib
{N}oun{A}tlas: Filling the Gap in Nominal Semantic Role Labeling,ACL_2024_Full_Papers.bib
The Earth is Flat because...: Investigating {LLM}s' Belief towards Misinformation via Persuasive Conversation,ACL_2024_Full_Papers.bib
{L}oo{GLE}: Can Long-Context Language Models Understand Long Contexts?,ACL_2024_Full_Papers.bib
Let{'}s Go Real Talk: Spoken Dialogue Model for Face-to-Face Conversation,ACL_2024_Full_Papers.bib
{ECBD}: Evidence-Centered Benchmark Design for {NLP},ACL_2024_Full_Papers.bib
Having Beer after Prayer? Measuring Cultural Bias in Large Language Models,ACL_2024_Full_Papers.bib
Explicating the Implicit: Argument Detection Beyond Sentence Boundaries,ACL_2024_Full_Papers.bib
Word Embeddings Are Steers for Language Models,ACL_2024_Full_Papers.bib
Proceedings of the 61st Annual Meeting of the Association for Computational Linguistics (Volume 1: Long Papers),ACL_2023_Full_Papers.bib
Program Chairs' Report on Peer Review at ACL 2023,ACL_2023_Full_Papers.bib
One Cannot Stand for Everyone! Leveraging Multiple User Simulators to train Task-oriented Dialogue Systems,ACL_2023_Full_Papers.bib
{S}afe{C}onv: Explaining and Correcting Conversational Unsafe Behavior,ACL_2023_Full_Papers.bib
"Detecting and Mitigating Hallucinations in Machine Translation: Model Internal Workings Alone Do Well, Sentence Similarity {E}ven Better",ACL_2023_Full_Papers.bib
Explainable Recommendation with Personalized Review Retrieval and Aspect Learning,ACL_2023_Full_Papers.bib
Binary and Ternary Natural Language Generation,ACL_2023_Full_Papers.bib
Span-Selective Linear Attention Transformers for Effective and Robust Schema-Guided Dialogue State Tracking,ACL_2023_Full_Papers.bib
{ACLM}: A Selective-Denoising based Generative Data Augmentation Approach for Low-Resource Complex {NER},ACL_2023_Full_Papers.bib
Natural Language to Code Generation in Interactive Data Science Notebooks,ACL_2023_Full_Papers.bib
Subset Retrieval Nearest Neighbor Machine Translation,ACL_2023_Full_Papers.bib
{MIL}-Decoding: Detoxifying Language Models at Token-Level via Multiple Instance Learning,ACL_2023_Full_Papers.bib
Dependency resolution at the syntax-semantics interface: psycholinguistic and computational insights on control dependencies,ACL_2023_Full_Papers.bib
Open-ended Long Text Generation via Masked Language Modeling,ACL_2023_Full_Papers.bib
A Method for Studying Semantic Construal in Grammatical Constructions with Interpretable Contextual Embedding Spaces,ACL_2023_Full_Papers.bib
Holographic {CCG} Parsing,ACL_2023_Full_Papers.bib
Prompts Can Play Lottery Tickets Well: Achieving Lifelong Information Extraction via Lottery Prompt Tuning,ACL_2023_Full_Papers.bib
Retrieve-and-Sample: Document-level Event Argument Extraction via Hybrid Retrieval Augmentation,ACL_2023_Full_Papers.bib
{W}e{C}heck: Strong Factual Consistency Checker via Weakly Supervised Learning,ACL_2023_Full_Papers.bib
{AMR}-based Network for Aspect-based Sentiment Analysis,ACL_2023_Full_Papers.bib
Text Adversarial Purification as Defense against Adversarial Attacks,ACL_2023_Full_Papers.bib
{SPEECH}: Structured Prediction with Energy-Based Event-Centric Hyperspheres,ACL_2023_Full_Papers.bib
Rule By Example: Harnessing Logical Rules for Explainable Hate Speech Detection,ACL_2023_Full_Papers.bib
What about ``em''? How Commercial Machine Translation Fails to Handle (Neo-)Pronouns,ACL_2023_Full_Papers.bib
What Is Overlap Knowledge in Event Argument Extraction? {APE}: A Cross-datasets Transfer Learning Model for {EAE},ACL_2023_Full_Papers.bib
Tailor: A Soft-Prompt-Based Approach to Attribute-Based Controlled Text Generation,ACL_2023_Full_Papers.bib
Knowledge of cultural moral norms in large language models,ACL_2023_Full_Papers.bib
Songs Across Borders: Singable and Controllable Neural Lyric Translation,ACL_2023_Full_Papers.bib
Fantastic Expressions and Where to Find Them: {C}hinese Simile Generation with Multiple Constraints,ACL_2023_Full_Papers.bib
Revealing Single Frame Bias for Video-and-Language Learning,ACL_2023_Full_Papers.bib
World-to-Words: Grounded Open Vocabulary Acquisition through Fast Mapping in Vision-Language Models,ACL_2023_Full_Papers.bib
A Causal Framework to Quantify the Robustness of Mathematical Reasoning with Language Models,ACL_2023_Full_Papers.bib
Evaluating Open-Domain Dialogues in Latent Space with Next Sentence Prediction and Mutual Information,ACL_2023_Full_Papers.bib
Increasing Diversity While Maintaining Accuracy: Text Data Generation with Large Language Models and Human Interventions,ACL_2023_Full_Papers.bib
Pruning Pre-trained Language Models Without Fine-Tuning,ACL_2023_Full_Papers.bib
"When Does Translation Require Context? A Data-driven, Multilingual Exploration",ACL_2023_Full_Papers.bib
Causal Intervention and Counterfactual Reasoning for Multi-modal Fake News Detection,ACL_2023_Full_Papers.bib
{L}ex{S}ym: Compositionality as Lexical Symmetry,ACL_2023_Full_Papers.bib
Layer-wise Fusion with Modality Independence Modeling for Multi-modal Emotion Recognition,ACL_2023_Full_Papers.bib
{CASN}:Class-Aware Score Network for Textual Adversarial Detection,ACL_2023_Full_Papers.bib
Do Androids Laugh at Electric Sheep? Humor ``Understanding'' Benchmarks from The New Yorker Caption Contest,ACL_2023_Full_Papers.bib
Making More of Little Data: Improving Low-Resource Automatic Speech Recognition Using Data Augmentation,ACL_2023_Full_Papers.bib
{CLCL}: Non-compositional Expression Detection with Contrastive Learning and Curriculum Learning,ACL_2023_Full_Papers.bib
Multi-{VALUE}: A Framework for Cross-Dialectal {E}nglish {NLP},ACL_2023_Full_Papers.bib
Self-Edit: Fault-Aware Code Editor for Code Generation,ACL_2023_Full_Papers.bib
{C}ol{D} Fusion: Collaborative Descent for Distributed Multitask Finetuning,ACL_2023_Full_Papers.bib
Test-time Adaptation for Machine Translation Evaluation by Uncertainty Minimization,ACL_2023_Full_Papers.bib
Multi-{CLS} {BERT}: An Efficient Alternative to Traditional Ensembling,ACL_2023_Full_Papers.bib
On-the-fly Cross-lingual Masking for Multilingual Pre-training,ACL_2023_Full_Papers.bib
How About Kind of Generating Hedges using End-to-End Neural Models?,ACL_2023_Full_Papers.bib
{D}iffusion{DB}: A Large-scale Prompt Gallery Dataset for Text-to-Image Generative Models,ACL_2023_Full_Papers.bib
From Key Points to Key Point Hierarchy: Structured and Expressive Opinion Summarization,ACL_2023_Full_Papers.bib
When to Use What: An In-Depth Comparative Empirical Analysis of {O}pen{IE} Systems for Downstream Applications,ACL_2023_Full_Papers.bib
Post-Abstention: Towards Reliably Re-Attempting the Abstained Instances in {QA},ACL_2023_Full_Papers.bib
{U}ni{LG}: A Unified Structure-aware Framework for Lyrics Generation,ACL_2023_Full_Papers.bib
{FC}-{KBQA}: A Fine-to-Coarse Composition Framework for Knowledge Base Question Answering,ACL_2023_Full_Papers.bib
Does {GPT}-3 Grasp Metaphors? Identifying Metaphor Mappings with Generative Language Models,ACL_2023_Full_Papers.bib
{ALERT}: Adapt Language Models to Reasoning Tasks,ACL_2023_Full_Papers.bib
Glot500: Scaling Multilingual Corpora and Language Models to 500 Languages,ACL_2023_Full_Papers.bib
Joint Constrained Learning with Boundary-adjusting for Emotion-Cause Pair Extraction,ACL_2023_Full_Papers.bib
Pretrained Bidirectional Distillation for Machine Translation,ACL_2023_Full_Papers.bib
Pivotal Role of Language Modeling in Recommender Systems: Enriching Task-specific and Task-agnostic Representation Learning,ACL_2023_Full_Papers.bib
Improving Continual Relation Extraction by Distinguishing Analogous Semantics,ACL_2023_Full_Papers.bib
Improving Pretraining Techniques for Code-Switched {NLP},ACL_2023_Full_Papers.bib
A Theory of Unsupervised Speech Recognition,ACL_2023_Full_Papers.bib
{T}hink{S}um: Probabilistic reasoning over sets using large language models,ACL_2023_Full_Papers.bib
{NLG} Evaluation Metrics Beyond Correlation Analysis: An Empirical Metric Preference Checklist,ACL_2023_Full_Papers.bib
{D}ialo{GPS}: Dialogue Path Sampling in Continuous Semantic Space for Data Augmentation in Multi-Turn Conversations,ACL_2023_Full_Papers.bib
{TECHS}: Temporal Logical Graph Networks for Explainable Extrapolation Reasoning,ACL_2023_Full_Papers.bib
Consistency Regularization Training for Compositional Generalization,ACL_2023_Full_Papers.bib
{NUWA}-{XL}: Diffusion over Diffusion for e{X}tremely Long Video Generation,ACL_2023_Full_Papers.bib
Synthetic Text Generation with Differential Privacy: A Simple and Practical Recipe,ACL_2023_Full_Papers.bib
A Close Look into the Calibration of Pre-trained Language Models,ACL_2023_Full_Papers.bib
{DIONYSUS}: A Pre-trained Model for Low-Resource Dialogue Summarization,ACL_2023_Full_Papers.bib
{MS}-{DETR}: Natural Language Video Localization with Sampling Moment-Moment Interaction,ACL_2023_Full_Papers.bib
Diverse Demonstrations Improve In-context Compositional Generalization,ACL_2023_Full_Papers.bib
Self-Adaptive In-Context Learning: An Information Compression Perspective for In-Context Example Selection and Ordering,ACL_2023_Full_Papers.bib
On the Efficacy of Sampling Adapters,ACL_2023_Full_Papers.bib
Cross-Domain Data Augmentation with Domain-Adaptive Language Modeling for Aspect-Based Sentiment Analysis,ACL_2023_Full_Papers.bib
Compositional Data Augmentation for Abstractive Conversation Summarization,ACL_2023_Full_Papers.bib
{PMAES}: Prompt-mapping Contrastive Learning for Cross-prompt Automated Essay Scoring,ACL_2023_Full_Papers.bib
Marked Personas: Using Natural Language Prompts to Measure Stereotypes in Language Models,ACL_2023_Full_Papers.bib
On Prefix-tuning for Lightweight Out-of-distribution Detection,ACL_2023_Full_Papers.bib
{GEC}-{D}e{P}en{D}: Non-Autoregressive Grammatical Error Correction with Decoupled Permutation and Decoding,ACL_2023_Full_Papers.bib
Measuring Progress in Fine-grained Vision-and-Language Understanding,ACL_2023_Full_Papers.bib
Vision Meets Definitions: Unsupervised Visual Word Sense Disambiguation Incorporating Gloss Information,ACL_2023_Full_Papers.bib
Chain-of-Skills: A Configurable Model for Open-Domain Question Answering,ACL_2023_Full_Papers.bib
Elaboration-Generating Commonsense Question Answering at Scale,ACL_2023_Full_Papers.bib
{D}a{MSTF}: Domain Adversarial Learning Enhanced Meta Self-Training for Domain Adaptation,ACL_2023_Full_Papers.bib
On Evaluating Multilingual Compositional Generalization with Translated Datasets,ACL_2023_Full_Papers.bib
{FAA}: Fine-grained Attention Alignment for Cascade Document Ranking,ACL_2023_Full_Papers.bib
Facilitating Multi-turn Emotional Support Conversation with Positive Emotion Elicitation: A Reinforcement Learning Approach,ACL_2023_Full_Papers.bib
Query Enhanced Knowledge-Intensive Conversation via Unsupervised Joint Modeling,ACL_2023_Full_Papers.bib
Why Aren{'}t We {NER} Yet? Artifacts of {ASR} Errors in Named Entity Recognition in Spontaneous Speech Transcripts,ACL_2023_Full_Papers.bib
Precise Zero-Shot Dense Retrieval without Relevance Labels,ACL_2023_Full_Papers.bib
White-Box Multi-Objective Adversarial Attack on Dialogue Generation,ACL_2023_Full_Papers.bib
A Cautious Generalization Goes a Long Way: Learning Morphophonological Rules,ACL_2023_Full_Papers.bib
Few-shot Adaptation Works with {U}npredic{T}able Data,ACL_2023_Full_Papers.bib
"Cross-lingual Science Journalism: Select, Simplify and Rewrite Summaries for Non-expert Readers",ACL_2023_Full_Papers.bib
{H}u{C}url: Human-induced Curriculum Discovery,ACL_2023_Full_Papers.bib
k{NN}-{TL}: k-Nearest-Neighbor Transfer Learning for Low-Resource Neural Machine Translation,ACL_2023_Full_Papers.bib
Do language models have coherent mental models of everyday things?,ACL_2023_Full_Papers.bib
Rogue Scores,ACL_2023_Full_Papers.bib
Instruction Induction: From Few Examples to Natural Language Task Descriptions,ACL_2023_Full_Papers.bib
In-Context Analogical Reasoning with Pre-Trained Language Models,ACL_2023_Full_Papers.bib
Peek Across: Improving Multi-Document Modeling via Cross-Document Question-Answering,ACL_2023_Full_Papers.bib
Tailoring Instructions to Student{'}s Learning Levels Boosts Knowledge Distillation,ACL_2023_Full_Papers.bib
{REV}: Information-Theoretic Evaluation of Free-Text Rationales,ACL_2023_Full_Papers.bib
{ELQA}: A Corpus of Metalinguistic Questions and Answers about {E}nglish,ACL_2023_Full_Papers.bib
"Divide, Conquer, and Combine: Mixture of Semantic-Independent Experts for Zero-Shot Dialogue State Tracking",ACL_2023_Full_Papers.bib
{BIG}-{C}: a Multimodal Multi-Purpose Dataset for {B}emba,ACL_2023_Full_Papers.bib
Schema-Guided User Satisfaction Modeling for Task-Oriented Dialogues,ACL_2023_Full_Papers.bib
Robust Multi-bit Natural Language Watermarking through Invariant Features,ACL_2023_Full_Papers.bib
"{KALM}: Knowledge-Aware Integration of Local, Document, and Global Contexts for Long Document Understanding",ACL_2023_Full_Papers.bib
{A}t{TG}en: Attribute Tree Generation for Real-World Attribute Joint Extraction,ACL_2023_Full_Papers.bib
Extractive is not Faithful: An Investigation of Broad Unfaithfulness Problems in Extractive Summarization,ACL_2023_Full_Papers.bib
Improving Translation Quality Estimation with Bias Mitigation,ACL_2023_Full_Papers.bib
Breeding Machine Translations: Evolutionary approach to survive and thrive in the world of automated evaluation,ACL_2023_Full_Papers.bib
{M}oral{D}ial: A Framework to Train and Evaluate Moral Dialogue Systems via Moral Discussions,ACL_2023_Full_Papers.bib
Denoising Bottleneck with Mutual Information Maximization for Video Multimodal Fusion,ACL_2023_Full_Papers.bib
{S}im{LM}: Pre-training with Representation Bottleneck for Dense Passage Retrieval,ACL_2023_Full_Papers.bib
From Ultra-Fine to Fine: Fine-tuning Ultra-Fine Entity Typing Models to Fine-grained,ACL_2023_Full_Papers.bib
Controlling Learned Effects to Reduce Spurious Correlations in Text Classifiers,ACL_2023_Full_Papers.bib
What Makes Pre-trained Language Models Better Zero-shot Learners?,ACL_2023_Full_Papers.bib
{Z}-{ICL}: Zero-Shot In-Context Learning with Pseudo-Demonstrations,ACL_2023_Full_Papers.bib
Learning Optimal Policy for Simultaneous Machine Translation via Binary Search,ACL_2023_Full_Papers.bib
Better Simultaneous Translation with Monotonic Knowledge Distillation,ACL_2023_Full_Papers.bib
{S}tory{ARG}: a corpus of narratives and personal experiences in argumentative texts,ACL_2023_Full_Papers.bib
Injecting knowledge into language generation: a case study in auto-charting after-visit care instructions from medical dialogue,ACL_2023_Full_Papers.bib
Sequence Parallelism: Long Sequence Training from System Perspective,ACL_2023_Full_Papers.bib
{MUSTIE}: Multimodal Structural Transformer for Web Information Extraction,ACL_2023_Full_Papers.bib
Augmentation-Adapted Retriever Improves Generalization of Language Models as Generic Plug-In,ACL_2023_Full_Papers.bib
{T}able{VLM}: Multi-modal Pre-training for Table Structure Recognition,ACL_2023_Full_Papers.bib
Can {NLI} Provide Proper Indirect Supervision for Low-resource Biomedical Relation Extraction?,ACL_2023_Full_Papers.bib
Dynamic Routing Transformer Network for Multimodal Sarcasm Detection,ACL_2023_Full_Papers.bib
What Are You Token About? Dense Retrieval as Distributions Over the Vocabulary,ACL_2023_Full_Papers.bib
Training-free Neural Architecture Search for {RNN}s and Transformers,ACL_2023_Full_Papers.bib
"{C}ross{S}um: Beyond {E}nglish-Centric Cross-Lingual Summarization for 1,500+ Language Pairs",ACL_2023_Full_Papers.bib
Improving Gradient Trade-offs between Tasks in Multi-task Text Classification,ACL_2023_Full_Papers.bib
Bi-Phone: Modeling Inter Language Phonetic Influences in Text,ACL_2023_Full_Papers.bib
{C}ross2{S}tr{A}: Unpaired Cross-lingual Image Captioning with Cross-lingual Cross-modal Structure-pivoted Alignment,ACL_2023_Full_Papers.bib
Plan-and-Solve Prompting: Improving Zero-Shot Chain-of-Thought Reasoning by Large Language Models,ACL_2023_Full_Papers.bib
{R}etro{MAE}-2: Duplex Masked Auto-Encoder For Pre-Training Retrieval-Oriented Language Models,ACL_2023_Full_Papers.bib
Symbolic Chain-of-Thought Distillation: Small Models Can Also ``Think'' Step-by-Step,ACL_2023_Full_Papers.bib
Generating {EDU} Extracts for Plan-Guided Summary Re-Ranking,ACL_2023_Full_Papers.bib
A Survey on Asking Clarification Questions Datasets in Conversational Systems,ACL_2023_Full_Papers.bib
Towards Understanding Chain-of-Thought Prompting: An Empirical Study of What Matters,ACL_2023_Full_Papers.bib
"Small Data, Big Impact: Leveraging Minimal Data for Effective Machine Translation",ACL_2023_Full_Papers.bib
{RMLM}: A Flexible Defense Framework for Proactively Mitigating Word-level Adversarial Attacks,ACL_2023_Full_Papers.bib
Gradient-based Intra-attention Pruning on Pre-trained Language Models,ACL_2023_Full_Papers.bib
Learning to Substitute Spans towards Improving Compositional Generalization,ACL_2023_Full_Papers.bib
{D}iffus{E}mp: A Diffusion Model-Based Framework with Multi-Grained Control for Empathetic Response Generation,ACL_2023_Full_Papers.bib
{BREAK}: Breaking the Dialogue State Tracking Barrier with Beam Search and Re-ranking,ACL_2023_Full_Papers.bib
Faithful Low-Resource Data-to-Text Generation through Cycle Training,ACL_2023_Full_Papers.bib
Towards Stable Natural Language Understanding via Information Entropy Guided Debiasing,ACL_2023_Full_Papers.bib
Dynamic and Efficient Inference for Text Generation via {BERT} Family,ACL_2023_Full_Papers.bib
Learning to Generate Equitable Text in Dialogue from Biased Training Data,ACL_2023_Full_Papers.bib
Hierarchical Verbalizer for Few-Shot Hierarchical Text Classification,ACL_2023_Full_Papers.bib
Summary-Oriented Vision Modeling for Multimodal Abstractive Summarization,ACL_2023_Full_Papers.bib
Helping a Friend or Supporting a Cause? Disentangling Active and Passive Cosponsorship in the {U}.{S}. Congress,ACL_2023_Full_Papers.bib
{TREA}: Tree-Structure Reasoning Schema for Conversational Recommendation,ACL_2023_Full_Papers.bib
{CATS}: A Pragmatic {C}hinese Answer-to-Sequence Dataset with Large Scale and High Quality,ACL_2023_Full_Papers.bib
"Multilingual Multifaceted Understanding of Online News in Terms of Genre, Framing, and Persuasion Techniques",ACL_2023_Full_Papers.bib
Learning Action Conditions from Instructional Manuals for Instruction Understanding,ACL_2023_Full_Papers.bib
Did You Read the Instructions? Rethinking the Effectiveness of Task Definitions in Instruction Learning,ACL_2023_Full_Papers.bib
Do {PLM}s Know and Understand Ontological Knowledge?,ACL_2023_Full_Papers.bib
{CORE}: Cooperative Training of Retriever-Reranker for Effective Dialogue Response Selection,ACL_2023_Full_Papers.bib
Exploring How Generative Adversarial Networks Learn Phonological Representations,ACL_2023_Full_Papers.bib
Interpretable Word Sense Representations via Definition Generation: The Case of Semantic Change Analysis,ACL_2023_Full_Papers.bib
Learning to Simulate Natural Language Feedback for Interactive Semantic Parsing,ACL_2023_Full_Papers.bib
{I}nfo{M}et{IC}: An Informative Metric for Reference-free Image Caption Evaluation,ACL_2023_Full_Papers.bib
An Invariant Learning Characterization of Controlled Text Generation,ACL_2023_Full_Papers.bib
{H}ist{RED}: A Historical Document-Level Relation Extraction Dataset,ACL_2023_Full_Papers.bib
A Critical Evaluation of Evaluations for Long-form Question Answering,ACL_2023_Full_Papers.bib
{H}y{P}e: Better Pre-trained Language Model Fine-tuning with Hidden Representation Perturbation,ACL_2023_Full_Papers.bib
Generating User-Engaging News Headlines,ACL_2023_Full_Papers.bib
Word sense extension,ACL_2023_Full_Papers.bib
{PVGRU}: Generating Diverse and Relevant Dialogue Responses via Pseudo-Variational Mechanism,ACL_2023_Full_Papers.bib
Decoding Symbolism in Language Models,ACL_2023_Full_Papers.bib
A Survey on Zero Pronoun Translation,ACL_2023_Full_Papers.bib
"We Understand Elliptical Sentences, and Language Models should Too: A New Dataset for Studying Ellipsis and its Interaction with Thematic Fit",ACL_2023_Full_Papers.bib
{MPCHAT}: Towards Multimodal Persona-Grounded Conversation,ACL_2023_Full_Papers.bib
{DOC}: Improving Long Story Coherence With Detailed Outline Control,ACL_2023_Full_Papers.bib
Exploring Better Text Image Translation with Multimodal Codebook,ACL_2023_Full_Papers.bib
{FEDLEGAL}: The First Real-World Federated Learning Benchmark for Legal {NLP},ACL_2023_Full_Papers.bib
A Gradient Control Method for Backdoor Attacks on Parameter-Efficient Tuning,ACL_2023_Full_Papers.bib
History Semantic Graph Enhanced Conversational {KBQA} with Temporal Information Modeling,ACL_2023_Full_Papers.bib
"From the One, Judge of the Whole: Typed Entailment Graph Construction with Predicate Generation",ACL_2023_Full_Papers.bib
Alleviating Over-smoothing for Unsupervised Sentence Representation,ACL_2023_Full_Papers.bib
Memory-efficient {NLLB}-200: Language-specific Expert Pruning of a Massively Multilingual Machine Translation Model,ACL_2023_Full_Papers.bib
{DAMP}: Doubly Aligned Multilingual Parser for Task-Oriented Dialogue,ACL_2023_Full_Papers.bib
From Characters to Words: Hierarchical Pre-trained Language Model for Open-vocabulary Language Understanding,ACL_2023_Full_Papers.bib
{M}at{S}ci-{NLP}: Evaluating Scientific Language Models on Materials Science Language Tasks Using Text-to-Schema Modeling,ACL_2023_Full_Papers.bib
{GENEVA}: Benchmarking Generalizability for Event Argument Extraction with Hundreds of Event Types and Argument Roles,ACL_2023_Full_Papers.bib
Efficient Semiring-Weighted {E}arley Parsing,ACL_2023_Full_Papers.bib
Tree-Based Representation and Generation of Natural and Mathematical Language,ACL_2023_Full_Papers.bib
{P}ara{LS}: Lexical Substitution via Pretrained Paraphraser,ACL_2023_Full_Papers.bib
Peer-Label Assisted Hierarchical Text Classification,ACL_2023_Full_Papers.bib
Free Lunch for Efficient Textual Commonsense Integration in Language Models,ACL_2023_Full_Papers.bib
A Probabilistic Framework for Discovering New Intents,ACL_2023_Full_Papers.bib
{M}ulti{TACRED}: A Multilingual Version of the {TAC} Relation Extraction Dataset,ACL_2023_Full_Papers.bib
Towards Higher {P}areto Frontier in Multilingual Machine Translation,ACL_2023_Full_Papers.bib
Small Pre-trained Language Models Can be Fine-tuned as Large Models via Over-Parameterization,ACL_2023_Full_Papers.bib
Entity Tracking in Language Models,ACL_2023_Full_Papers.bib
A Textual Dataset for Situated Proactive Response Selection,ACL_2023_Full_Papers.bib
{D}iffusion{NER}: Boundary Diffusion for Named Entity Recognition,ACL_2023_Full_Papers.bib
{WACO}: Word-Aligned Contrastive Learning for Speech Translation,ACL_2023_Full_Papers.bib
Cross-lingual Continual Learning,ACL_2023_Full_Papers.bib
Faithful Question Answering with {M}onte-{C}arlo Planning,ACL_2023_Full_Papers.bib
Unbalanced Optimal Transport for Unbalanced Word Alignment,ACL_2023_Full_Papers.bib
Guiding Computational Stance Detection with Expanded Stance Triangle Framework,ACL_2023_Full_Papers.bib
Analyzing and Reducing the Performance Gap in Cross-Lingual Transfer with Fine-tuning Slow and Fast,ACL_2023_Full_Papers.bib
Improving Self-training for Cross-lingual Named Entity Recognition with Contrastive and Prototype Learning,ACL_2023_Full_Papers.bib
{MM}-{SHAP}: A Performance-agnostic Metric for Measuring Multimodal Contributions in Vision and Language Models {\&} Tasks,ACL_2023_Full_Papers.bib
Knowledge-enhanced Mixed-initiative Dialogue System for Emotional Support Conversations,ACL_2023_Full_Papers.bib
{UTC}-{IE}: A Unified Token-pair Classification Architecture for Information Extraction,ACL_2023_Full_Papers.bib
Social-Group-Agnostic Bias Mitigation via the Stereotype Content Model,ACL_2023_Full_Papers.bib
{FIREBALL}: A Dataset of Dungeons and Dragons Actual-Play with Structured Game State Information,ACL_2023_Full_Papers.bib
A fine-grained comparison of pragmatic language understanding in humans and language models,ACL_2023_Full_Papers.bib
Counterfactual Multihop {QA}: A Cause-Effect Approach for Reducing Disconnected Reasoning,ACL_2023_Full_Papers.bib
Causal-Debias: Unifying Debiasing in Pretrained Language Models and Fine-tuning via Causal Invariant Learning,ACL_2023_Full_Papers.bib
Parameter-Efficient Fine-Tuning without Introducing New Latency,ACL_2023_Full_Papers.bib
{MANNER}: A Variational Memory-Augmented Model for Cross Domain Few-Shot Named Entity Recognition,ACL_2023_Full_Papers.bib
{MASSIVE}: A 1{M}-Example Multilingual Natural Language Understanding Dataset with 51 Typologically-Diverse Languages,ACL_2023_Full_Papers.bib
Distilling Script Knowledge from Large Language Models for Constrained Language Planning,ACL_2023_Full_Papers.bib
{RED}$^{\textrm{FM}}$: a Filtered and Multilingual Relation Extraction Dataset,ACL_2023_Full_Papers.bib
Modeling Appropriate Language in Argumentation,ACL_2023_Full_Papers.bib
{CELDA}: Leveraging Black-box Language Model as Enhanced Classifier without Labels,ACL_2023_Full_Papers.bib
{M}v{P}: Multi-view Prompting Improves Aspect Sentiment Tuple Prediction,ACL_2023_Full_Papers.bib
{ACCENT}: An Automatic Event Commonsense Evaluation Metric for Open-Domain Dialogue Systems,ACL_2023_Full_Papers.bib
Explanation-based Finetuning Makes Models More Robust to Spurious Cues,ACL_2023_Full_Papers.bib
{CAME}: Confidence-guided Adaptive Memory Efficient Optimization,ACL_2023_Full_Papers.bib
"On Second Thought, Let{'}s Not Think Step by Step! Bias and Toxicity in Zero-Shot Reasoning",ACL_2023_Full_Papers.bib
Solving Math Word Problems via Cooperative Reasoning induced Language Models,ACL_2023_Full_Papers.bib
Exploiting Biased Models to De-bias Text: A Gender-Fair Rewriting Model,ACL_2023_Full_Papers.bib
Early Discovery of Disappearing Entities in Microblogs,ACL_2023_Full_Papers.bib
{D}iffusion{BERT}: Improving Generative Masked Language Models with Diffusion Models,ACL_2023_Full_Papers.bib
Lifting the Curse of Capacity Gap in Distilling Language Models,ACL_2023_Full_Papers.bib
Towards Faithful Dialogues via Focus Learning,ACL_2023_Full_Papers.bib
Back Translation for Speech-to-text Translation Without Transcripts,ACL_2023_Full_Papers.bib
Prompter: Zero-shot Adaptive Prefixes for Dialogue State Tracking Domain Adaptation,ACL_2023_Full_Papers.bib
Enhancing Dialogue Generation via Dynamic Graph Knowledge Aggregation,ACL_2023_Full_Papers.bib
Multi-modal Action Chain Abductive Reasoning,ACL_2023_Full_Papers.bib
Exploring the Capacity of Pretrained Language Models for Reasoning about Actions and Change,ACL_2023_Full_Papers.bib
Unified Demonstration Retriever for In-Context Learning,ACL_2023_Full_Papers.bib
Movie101: A New Movie Understanding Benchmark,ACL_2023_Full_Papers.bib
Enhancing Language Representation with Constructional Information for Natural Language Understanding,ACL_2023_Full_Papers.bib
Query Structure Modeling for Inductive Logical Reasoning Over Knowledge Graphs,ACL_2023_Full_Papers.bib
{D}imon{G}en: Diversified Generative Commonsense Reasoning for Explaining Concept Relationships,ACL_2023_Full_Papers.bib
Incorporating Attribution Importance for Improving Faithfulness Metrics,ACL_2023_Full_Papers.bib
Reward Gaming in Conditional Text Generation,ACL_2023_Full_Papers.bib
Towards Robust Low-Resource Fine-Tuning with Multi-View Compressed Representations,ACL_2023_Full_Papers.bib
An Ordinal Latent Variable Model of Conflict Intensity,ACL_2023_Full_Papers.bib
Multilingual Conceptual Coverage in Text-to-Image Models,ACL_2023_Full_Papers.bib
Pre-Training to Learn in Context,ACL_2023_Full_Papers.bib
Ethical Considerations for Machine Translation of Indigenous Languages: Giving a Voice to the Speakers,ACL_2023_Full_Papers.bib
Revisiting non-{E}nglish Text Simplification: A Unified Multilingual Benchmark,ACL_2023_Full_Papers.bib
"Don{'}t Generate, Discriminate: A Proposal for Grounding Language Models to Real-World Environments",ACL_2023_Full_Papers.bib
Privacy-Preserving Domain Adaptation of Semantic Parsers,ACL_2023_Full_Papers.bib
Guide the Many-to-One Assignment: Open Information Extraction via {I}o{U}-aware Optimal Transport,ACL_2023_Full_Papers.bib
Actively Supervised Clustering for Open Relation Extraction,ACL_2023_Full_Papers.bib
{C}onv{GQR}: Generative Query Reformulation for Conversational Search,ACL_2023_Full_Papers.bib
{KILM}: Knowledge Injection into Encoder-Decoder Language Models,ACL_2023_Full_Papers.bib
{VSTAR}: A Video-grounded Dialogue Dataset for Situated Semantic Understanding with Scene and Topic Transitions,ACL_2023_Full_Papers.bib
{NLP}eer: A Unified Resource for the Computational Study of Peer Review,ACL_2023_Full_Papers.bib
{IM}-{TQA}: A {C}hinese Table Question Answering Dataset with Implicit and Multi-type Table Structures,ACL_2023_Full_Papers.bib
{Z}-Code++: A Pre-trained Language Model Optimized for Abstractive Summarization,ACL_2023_Full_Papers.bib
Mixture-of-Domain-Adapters: Decoupling and Injecting Domain Knowledge to Pre-trained Language Models' Memories,ACL_2023_Full_Papers.bib
Unsupervised Graph-Text Mutual Conversion with a Unified Pretrained Language Model,ACL_2023_Full_Papers.bib
Randomized Smoothing with Masked Inference for Adversarially Robust Text Classifications,ACL_2023_Full_Papers.bib
{SESCORE}2: Learning Text Generation Evaluation via Synthesizing Realistic Mistakes,ACL_2023_Full_Papers.bib
Tokenization and the Noiseless Channel,ACL_2023_Full_Papers.bib
Contextual Distortion Reveals Constituency: Masked Language Models are Implicit Parsers,ACL_2023_Full_Papers.bib
{M}eta{A}dapt: Domain Adaptive Few-Shot Misinformation Detection via Meta Learning,ACL_2023_Full_Papers.bib
Tackling Modality Heterogeneity with Multi-View Calibration Network for Multimodal Sentiment Detection,ACL_2023_Full_Papers.bib
{COLA}: Contextualized Commonsense Causal Reasoning from the Causal Inference Perspective,ACL_2023_Full_Papers.bib
{MEMEX}: Detecting Explanatory Evidence for Memes via Knowledge-Enriched Contextualization,ACL_2023_Full_Papers.bib
{W}iki{H}ow{QA}: A Comprehensive Benchmark for Multi-Document Non-Factoid Question Answering,ACL_2023_Full_Papers.bib
Distributed Marker Representation for Ambiguous Discourse Markers and Entangled Relations,ACL_2023_Full_Papers.bib
{MISGENDERED}: Limits of Large Language Models in Understanding Pronouns,ACL_2023_Full_Papers.bib
Reasoning with Language Model Prompting: A Survey,ACL_2023_Full_Papers.bib
Tackling Ambiguity with Images: Improved Multimodal Machine Translation and Contrastive Evaluation,ACL_2023_Full_Papers.bib
Hybrid Knowledge Transfer for Improved Cross-Lingual Event Detection via Hierarchical Sample Selection,ACL_2023_Full_Papers.bib
{BLEURT} Has Universal Translations: An Analysis of Automatic Metrics by Minimum Risk Training,ACL_2023_Full_Papers.bib
Cross-modal Attention Congruence Regularization for Vision-Language Relation Alignment,ACL_2023_Full_Papers.bib
Enhancing Personalized Dialogue Generation with Contrastive Latent Variables: Combining Sparse and Dense Persona,ACL_2023_Full_Papers.bib
Can {LM}s Learn New Entities from Descriptions? Challenges in Propagating Injected Knowledge,ACL_2023_Full_Papers.bib
Explaining How Transformers Use Context to Build Predictions,ACL_2023_Full_Papers.bib
Non-Sequential Graph Script Induction via Multimedia Grounding,ACL_2023_Full_Papers.bib
{SCOTT}: Self-Consistent Chain-of-Thought Distillation,ACL_2023_Full_Papers.bib
Clinical Note Owns its Hierarchy: Multi-Level Hypergraph Neural Networks for Patient-Level Representation Learning,ACL_2023_Full_Papers.bib
Evaluating Open-Domain Question Answering in the Era of Large Language Models,ACL_2023_Full_Papers.bib
"No clues, good clues: Out of context Lexical Relation Classification",ACL_2023_Full_Papers.bib
Won{'}t Get Fooled Again: Answering Questions with False Premises,ACL_2023_Full_Papers.bib
What the {DAAM}: Interpreting Stable Diffusion Using Cross Attention,ACL_2023_Full_Papers.bib
Zero-shot Faithful Factual Error Correction,ACL_2023_Full_Papers.bib
Open-Domain Hierarchical Event Schema Induction by Incremental Prompting and Verification,ACL_2023_Full_Papers.bib
Zero-shot Approach to Overcome Perturbation Sensitivity of Prompts,ACL_2023_Full_Papers.bib
Free Lunch: Robust Cross-Lingual Transfer via Model Checkpoint Averaging,ACL_2023_Full_Papers.bib
Cross-View Language Modeling: Towards Unified Cross-Lingual Cross-Modal Pre-training,ACL_2023_Full_Papers.bib
Unsupervised Discontinuous Constituency Parsing with Mildly Context-Sensitive Grammars,ACL_2023_Full_Papers.bib
Simplicity Bias in Transformers and their Ability to Learn Sparse {B}oolean Functions,ACL_2023_Full_Papers.bib
Counterspeeches up my sleeve! Intent Distribution Learning and Persistent Fusion for Intent-Conditioned Counterspeech Generation,ACL_2023_Full_Papers.bib
{DITTO}: Data-efficient and Fair Targeted Subset Selection for {ASR} Accent Adaptation,ACL_2023_Full_Papers.bib
Verify-and-Edit: A Knowledge-Enhanced Chain-of-Thought Framework,ACL_2023_Full_Papers.bib
Bridging the Domain Gaps in Context Representations for $k$-Nearest Neighbor Neural Machine Translation,ACL_2023_Full_Papers.bib
Towards a Common Understanding of Contributing Factors for Cross-Lingual Transfer in Multilingual Language Models: A Review,ACL_2023_Full_Papers.bib
Toward Human-Like Evaluation for Natural Language Generation with Error Analysis,ACL_2023_Full_Papers.bib
Connective Prediction for Implicit Discourse Relation Recognition via Knowledge Distillation,ACL_2023_Full_Papers.bib
What is the best recipe for character-level encoder-only modelling?,ACL_2023_Full_Papers.bib
Unifying Cross-Lingual and Cross-Modal Modeling Towards Weakly Supervised Multilingual Vision-Language Pre-training,ACL_2023_Full_Papers.bib
Learning ``{O}'' Helps for Learning More: Handling the Unlabeled Entity Problem for Class-incremental {NER},ACL_2023_Full_Papers.bib
Scene Graph as Pivoting: Inference-time Image-free Unsupervised Multimodal Machine Translation with Visual Scene Hallucination,ACL_2023_Full_Papers.bib
Dialect-robust Evaluation of Generated Text,ACL_2023_Full_Papers.bib
Understanding and Improving the Robustness of Terminology Constraints in Neural Machine Translation,ACL_2023_Full_Papers.bib
Language model acceptability judgements are not always robust to context,ACL_2023_Full_Papers.bib
{R}obu{T}: A Systematic Study of Table {QA} Robustness Against Human-Annotated Adversarial Perturbations,ACL_2023_Full_Papers.bib
Morphological Inflection: A Reality Check,ACL_2023_Full_Papers.bib
{TOME}: A Two-stage Approach for Model-based Retrieval,ACL_2023_Full_Papers.bib
Using Neural Machine Translation for Generating Diverse Challenging Exercises for Language Learner,ACL_2023_Full_Papers.bib
Similarity-weighted Construction of Contextualized Commonsense Knowledge Graphs for Knowledge-intense Argumentation Tasks,ACL_2023_Full_Papers.bib
mi{CSE}: Mutual Information Contrastive Learning for Low-shot Sentence Embeddings,ACL_2023_Full_Papers.bib
Learning Non-linguistic Skills without Sacrificing Linguistic Proficiency,ACL_2023_Full_Papers.bib
Forgotten Knowledge: Examining the Citational Amnesia in {NLP},ACL_2023_Full_Papers.bib
Measuring the Instability of Fine-Tuning,ACL_2023_Full_Papers.bib
Factually Consistent Summarization via Reinforcement Learning with Textual Entailment Feedback,ACL_2023_Full_Papers.bib
{SIMMC}-{VR}: A Task-oriented Multimodal Dialog Dataset with Situated and Immersive {VR} Streams,ACL_2023_Full_Papers.bib
{APOLLO}: A Simple Approach for Adaptive Pretraining of Language Models for Logical Reasoning,ACL_2023_Full_Papers.bib
{M}ulti{T}ab{QA}: Generating Tabular Answers for Multi-Table Question Answering,ACL_2023_Full_Papers.bib
To Copy Rather Than Memorize: A Vertical Learning Paradigm for Knowledge Graph Completion,ACL_2023_Full_Papers.bib
Long-Tailed Question Answering in an Open World,ACL_2023_Full_Papers.bib
Parallel Context Windows for Large Language Models,ACL_2023_Full_Papers.bib
Efficient Transformers with Dynamic Token Pooling,ACL_2023_Full_Papers.bib
Did the Models Understand Documents? Benchmarking Models for Language Understanding in Document-Level Relation Extraction,ACL_2023_Full_Papers.bib
{C}ontra{CLM}: Contrastive Learning For Causal Language Model,ACL_2023_Full_Papers.bib
Advancing Multi-Criteria {C}hinese Word Segmentation Through Criterion Classification and Denoising,ACL_2023_Full_Papers.bib
Infusing Hierarchical Guidance into Prompt Tuning: A Parameter-Efficient Framework for Multi-level Implicit Discourse Relation Recognition,ACL_2023_Full_Papers.bib
Contrastive Learning with Adversarial Examples for Alleviating Pathology of Language Model,ACL_2023_Full_Papers.bib
{F}uture{TOD}: Teaching Future Knowledge to Pre-trained Language Model for Task-Oriented Dialogue,ACL_2023_Full_Papers.bib
{LAMBADA}: Backward Chaining for Automated Reasoning in Natural Language,ACL_2023_Full_Papers.bib
{P}ea{C}o{K}: Persona Commonsense Knowledge for Consistent and Engaging Narratives,ACL_2023_Full_Papers.bib
{O}pen{SR}: Open-Modality Speech Recognition via Maintaining Multi-Modality Alignment,ACL_2023_Full_Papers.bib
Retrieval-free Knowledge Injection through Multi-Document Traversal for Dialogue Models,ACL_2023_Full_Papers.bib
{BERM}: Training the Balanced and Extractable Representation for Matching to Improve Generalization Ability of Dense Retrieval,ACL_2023_Full_Papers.bib
Multiview Identifiers Enhanced Generative Retrieval,ACL_2023_Full_Papers.bib
Prompting Language Models for Linguistic Structure,ACL_2023_Full_Papers.bib
"Trillion Dollar Words: A New Financial Dataset, Task {\&} Market Analysis",ACL_2023_Full_Papers.bib
{RE}-Matching: A Fine-Grained Semantic Matching Method for Zero-Shot Relation Extraction,ACL_2023_Full_Papers.bib
{SQ}u{AR}e: A Large-Scale Dataset of Sensitive Questions and Acceptable Responses Created through Human-Machine Collaboration,ACL_2023_Full_Papers.bib
Towards standardizing {K}orean Grammatical Error Correction: Datasets and Annotation,ACL_2023_Full_Papers.bib
{FL}am{E}: Few-shot Learning from Natural Language Explanations,ACL_2023_Full_Papers.bib
Learning Symbolic Rules over {A}bstract {M}eaning {R}epresentations for Textual Reinforcement Learning,ACL_2023_Full_Papers.bib
Counterfactual Debiasing for Fact Verification,ACL_2023_Full_Papers.bib
What social attitudes about gender does {BERT} encode? Leveraging insights from psycholinguistics,ACL_2023_Full_Papers.bib
Rethinking Multimodal Entity and Relation Extraction from a Translation Point of View,ACL_2023_Full_Papers.bib
Annotating and Detecting Fine-grained Factual Errors for Dialogue Summarization,ACL_2023_Full_Papers.bib
Improving the Robustness of Summarization Systems with Dual Augmentation,ACL_2023_Full_Papers.bib
Interpretable Math Word Problem Solution Generation via Step-by-step Planning,ACL_2023_Full_Papers.bib
{T}emplate{GEC}: Improving Grammatical Error Correction with Detection Template,ACL_2023_Full_Papers.bib
Are Experts Needed? On Human Evaluation of Counselling Reflection Generation,ACL_2023_Full_Papers.bib
{P}air{S}pan{BERT}: An Enhanced Language Model for Bridging Resolution,ACL_2023_Full_Papers.bib
Compounding Geometric Operations for Knowledge Graph Completion,ACL_2023_Full_Papers.bib
Few-shot In-context Learning on Knowledge Base Question Answering,ACL_2023_Full_Papers.bib
Fact-Checking Complex Claims with Program-Guided Reasoning,ACL_2023_Full_Papers.bib
Patton: Language Model Pretraining on Text-Rich Networks,ACL_2023_Full_Papers.bib
Soft Language Clustering for Multilingual Model Pre-training,ACL_2023_Full_Papers.bib
Curriculum Learning for Graph Neural Networks: A Multiview Competence-based Approach,ACL_2023_Full_Papers.bib
When and how to paraphrase for named entity recognition?,ACL_2023_Full_Papers.bib
Are Machine Rationales (Not) Useful to Humans? Measuring and Improving Human Utility of Free-text Rationales,ACL_2023_Full_Papers.bib
Automatic Annotation of Direct Speech in Written {F}rench Narratives,ACL_2023_Full_Papers.bib
Automatic Creation of Named Entity Recognition Datasets by Querying Phrase Representations,ACL_2023_Full_Papers.bib
Dynamic Transformers Provide a False Sense of Efficiency,ACL_2023_Full_Papers.bib
Empowering Cross-lingual Behavioral Testing of {NLP} Models with Typological Features,ACL_2023_Full_Papers.bib
Local Byte Fusion for Neural Machine Translation,ACL_2023_Full_Papers.bib
Where{'}s the Point? Self-Supervised Multilingual Punctuation-Agnostic Sentence Segmentation,ACL_2023_Full_Papers.bib
Multi-target Backdoor Attacks for Code Pre-trained Models,ACL_2023_Full_Papers.bib
Learning Better Masking for Better Language Model Pre-training,ACL_2023_Full_Papers.bib
{V}is{T}ext: A Benchmark for Semantically Rich Chart Captioning,ACL_2023_Full_Papers.bib
Byte-Level Grammatical Error Correction Using Synthetic and Curated Corpora,ACL_2023_Full_Papers.bib
Multi-Level Knowledge Distillation for Out-of-Distribution Detection in Text,ACL_2023_Full_Papers.bib
Peeking inside the black box: A Commonsense-aware Generative Framework for Explainable Complaint Detection,ACL_2023_Full_Papers.bib
{MMD}ialog: A Large-scale Multi-turn Dialogue Dataset Towards Multi-modal Open-domain Conversation,ACL_2023_Full_Papers.bib
{B}y{GPT}5: End-to-End Style-conditioned Poetry Generation with Token-free Language Models,ACL_2023_Full_Papers.bib
Envisioning Future from the Past: Hierarchical Duality Learning for Multi-Turn Dialogue Generation,ACL_2023_Full_Papers.bib
{D}ual{GAT}s: Dual Graph Attention Networks for Emotion Recognition in Conversations,ACL_2023_Full_Papers.bib
Consistent Prototype Learning for Few-Shot Continual Relation Extraction,ACL_2023_Full_Papers.bib
Matching Pairs: Attributing Fine-Tuned Models to their Pre-Trained Large Language Models,ACL_2023_Full_Papers.bib
Large Language Models Meet {NL}2{C}ode: A Survey,ACL_2023_Full_Papers.bib
When Does Aggregating Multiple Skills with Multi-Task Learning Work? A Case Study in Financial {NLP},ACL_2023_Full_Papers.bib
Enhancing Grammatical Error Correction Systems with Explanations,ACL_2023_Full_Papers.bib
Linguistic representations for fewer-shot relation extraction across domains,ACL_2023_Full_Papers.bib
{D}ark{BERT}: A Language Model for the Dark Side of the {I}nternet,ACL_2023_Full_Papers.bib
{MDACE}: {MIMIC} Documents Annotated with Code Evidence,ACL_2023_Full_Papers.bib
Towards Zero-Shot Multilingual Transfer for Code-Switched Responses,ACL_2023_Full_Papers.bib
"One Network, Many Masks: Towards More Parameter-Efficient Transfer Learning",ACL_2023_Full_Papers.bib
Can Language Models Make Fun? A Case Study in {C}hinese Comical Crosstalk,ACL_2023_Full_Papers.bib
Convergence and Diversity in the Control Hierarchy,ACL_2023_Full_Papers.bib
{C}on{FEDE}: Contrastive Feature Decomposition for Multimodal Sentiment Analysis,ACL_2023_Full_Papers.bib
Using Domain Knowledge to Guide Dialog Structure Induction via Neural Probabilistic Soft Logic,ACL_2023_Full_Papers.bib
Are You Copying My Model? Protecting the Copyright of Large Language Models for {E}aa{S} via Backdoor Watermark,ACL_2023_Full_Papers.bib
Answering Ambiguous Questions via Iterative Prompting,ACL_2023_Full_Papers.bib
A Dataset of Argumentative Dialogues on Scientific Papers,ACL_2023_Full_Papers.bib
Massively Multilingual Lexical Specialization of Multilingual Transformers,ACL_2023_Full_Papers.bib
{RL}4{F}: Generating Natural Language Feedback with Reinforcement Learning for Repairing Model Outputs,ACL_2023_Full_Papers.bib
{N}orm{B}ank: A Knowledge Bank of Situational Social Norms,ACL_2023_Full_Papers.bib
{DIP}: Dead code Insertion based Black-box Attack for Programming Language Model,ACL_2023_Full_Papers.bib
Modeling Structural Similarities between Documents for Coherence Assessment with Graph Convolutional Networks,ACL_2023_Full_Papers.bib
{H}i{TIN}: Hierarchy-aware Tree Isomorphism Network for Hierarchical Text Classification,ACL_2023_Full_Papers.bib
Contextual Knowledge Learning for Dialogue Generation,ACL_2023_Full_Papers.bib
Easy Guided Decoding in Providing Suggestions for Interactive Machine Translation,ACL_2023_Full_Papers.bib
Discourse-Centric Evaluation of Document-level Machine Translation with a New Densely Annotated Parallel Corpus of Novels,ACL_2023_Full_Papers.bib
{CMOT}: Cross-modal Mixup via Optimal Transport for Speech Translation,ACL_2023_Full_Papers.bib
On the Evaluation of Neural Selective Prediction Methods for Natural Language Processing,ACL_2023_Full_Papers.bib
Speech-Text Pre-training for Spoken Dialog Understanding with Explicit Cross-Modal Alignment,ACL_2023_Full_Papers.bib
Text Style Transfer with Contrastive Transfer Pattern Mining,ACL_2023_Full_Papers.bib
Zero- and Few-Shot Event Detection via Prompt-Based Meta Learning,ACL_2023_Full_Papers.bib
Text Style Transfer Back-Translation,ACL_2023_Full_Papers.bib
Generating Visual Spatial Description via Holistic 3{D} Scene Understanding,ACL_2023_Full_Papers.bib
Continual Knowledge Distillation for Neural Machine Translation,ACL_2023_Full_Papers.bib
Query Refinement Prompts for Closed-Book Long-Form {QA},ACL_2023_Full_Papers.bib
{CONE}: An Efficient {CO}arse-to-fi{NE} Alignment Framework for Long Video Temporal Grounding,ACL_2023_Full_Papers.bib
Few-Shot Document-Level Event Argument Extraction,ACL_2023_Full_Papers.bib
{P}ara{AMR}: A Large-Scale Syntactically Diverse Paraphrase Dataset by {AMR} Back-Translation,ACL_2023_Full_Papers.bib
Towards Understanding and Improving Knowledge Distillation for Neural Machine Translation,ACL_2023_Full_Papers.bib
"Multi-Row, Multi-Span Distant Supervision For {T}able+{T}ext Question Answering",ACL_2023_Full_Papers.bib
{HAHE}: Hierarchical Attention for Hyper-Relational Knowledge Graphs in Global and Local Level,ACL_2023_Full_Papers.bib
{ORGAN}: Observation-Guided Radiology Report Generation via Tree Reasoning,ACL_2023_Full_Papers.bib
Data Curation Alone Can Stabilize In-context Learning,ACL_2023_Full_Papers.bib
{M}id{M}ed: Towards Mixed-Type Dialogues for Medical Consultation,ACL_2023_Full_Papers.bib
{F}i{D}-{ICL}: A Fusion-in-Decoder Approach for Efficient In-Context Learning,ACL_2023_Full_Papers.bib
{S}2yn{RE}: Two-stage Self-training with Synthetic data for Low-resource Relation Extraction,ACL_2023_Full_Papers.bib
{DSEE}: Dually Sparsity-embedded Efficient Tuning of Pre-trained Language Models,ACL_2023_Full_Papers.bib
{CASE}: Aligning Coarse-to-Fine Cognition and Affection for Empathetic Response Generation,ACL_2023_Full_Papers.bib
Comparative evaluation of boundary-relaxed annotation for Entity Linking performance,ACL_2023_Full_Papers.bib
Do {C}o{NLL}-2003 Named Entity Taggers Still Work Well in 2023?,ACL_2023_Full_Papers.bib
{MAD}-{TSC}: A Multilingual Aligned News Dataset for Target-dependent Sentiment Classification,ACL_2023_Full_Papers.bib
A New Dataset and Empirical Study for Sentence Simplification in {C}hinese,ACL_2023_Full_Papers.bib
Factual or Contextual? Disentangling Error Types in Entity Description Generation,ACL_2023_Full_Papers.bib
Weakly Supervised Vision-and-Language Pre-training with Relative Representations,ACL_2023_Full_Papers.bib
{H}erm{E}s: Interactive Spreadsheet Formula Prediction via Hierarchical Formulet Expansion,ACL_2023_Full_Papers.bib
{A}rg{U}: A Controllable Factual Argument Generator,ACL_2023_Full_Papers.bib
Learning Answer Generation using Supervision from Automatic Question Answering Evaluators,ACL_2023_Full_Papers.bib
{RECAP}: Retrieval-Enhanced Context-Aware Prefix Encoder for Personalized Dialogue Response Generation,ACL_2023_Full_Papers.bib
"Don{'}t Parse, Choose Spans! Continuous and Discontinuous Constituency Parsing via Autoregressive Span Selection",ACL_2023_Full_Papers.bib
Laziness Is a Virtue When It Comes to Compositionality in Neural Semantic Parsing,ACL_2023_Full_Papers.bib
{AD}-{KD}: Attribution-Driven Knowledge Distillation for Language Model Compression,ACL_2023_Full_Papers.bib
({QA})$^2$: Question Answering with Questionable Assumptions,ACL_2023_Full_Papers.bib
Attributable and Scalable Opinion Summarization,ACL_2023_Full_Papers.bib
Targeted Data Generation: Finding and Fixing Model Weaknesses,ACL_2023_Full_Papers.bib
{H}i{F}i: High-Information Attention Heads Hold for Parameter-Efficient Model Adaptation,ACL_2023_Full_Papers.bib
{CFS}um Coarse-to-Fine Contribution Network for Multimodal Summarization,ACL_2023_Full_Papers.bib
On ``Scientific Debt'' in {NLP}: A Case for More Rigour in Language Model Pre-Training Research,ACL_2023_Full_Papers.bib
End-to-end Knowledge Retrieval with Multi-modal Queries,ACL_2023_Full_Papers.bib
{AV}-{T}ran{S}peech: Audio-Visual Robust Speech-to-Speech Translation,ACL_2023_Full_Papers.bib
Dual Class Knowledge Propagation Network for Multi-label Few-shot Intent Detection,ACL_2023_Full_Papers.bib
{V}endor{L}ink: An {NLP} approach for Identifying {\&} Linking Vendor Migrants {\&} Potential Aliases on {D}arknet Markets,ACL_2023_Full_Papers.bib
Element-aware Summarization with Large Language Models: Expert-aligned Evaluation and Chain-of-Thought Method,ACL_2023_Full_Papers.bib
Efficient Shapley Values Estimation by Amortization for Text Classification,ACL_2023_Full_Papers.bib
{P}eer{DA}: Data Augmentation via Modeling Peer Relation for Span Identification Tasks,ACL_2023_Full_Papers.bib
Dynamic Regularization in {UDA} for Transformers in Multimodal Classification,ACL_2023_Full_Papers.bib
"Conflicts, Villains, Resolutions: Towards models of Narrative Media Framing",ACL_2023_Full_Papers.bib
bg{GLUE}: A {B}ulgarian General Language Understanding Evaluation Benchmark,ACL_2023_Full_Papers.bib
{D}u{NST}: Dual Noisy Self Training for Semi-Supervised Controllable Text Generation,ACL_2023_Full_Papers.bib
What does the Failure to Reason with ``Respectively'' in Zero/Few-Shot Settings Tell Us about Language Models?,ACL_2023_Full_Papers.bib
How do humans perceive adversarial text? A reality check on the validity and naturalness of word-based adversarial attacks,ACL_2023_Full_Papers.bib
Soft Alignment Objectives for Robust Adaptation of Language Generation,ACL_2023_Full_Papers.bib
The {CRINGE} Loss: Learning what language not to model,ACL_2023_Full_Papers.bib
Modeling User Satisfaction Dynamics in Dialogue via {H}awkes Process,ACL_2023_Full_Papers.bib
Towards Identifying Fine-Grained Depression Symptoms from Memes,ACL_2023_Full_Papers.bib
{SLUE} Phase-2: A Benchmark Suite of Diverse Spoken Language Understanding Tasks,ACL_2023_Full_Papers.bib
Characterizing and Measuring Linguistic Dataset Drift,ACL_2023_Full_Papers.bib
{W}eb{CPM}: Interactive Web Search for {C}hinese Long-form Question Answering,ACL_2023_Full_Papers.bib
"Synthesize, Prompt and Transfer: Zero-shot Conversational Question Generation with Pre-trained Language Model",ACL_2023_Full_Papers.bib
{F}orm{N}et{V}2: Multimodal Graph Contrastive Learning for Form Document Information Extraction,ACL_2023_Full_Papers.bib
{M}ix{CE}: Training Autoregressive Language Models by Mixing Forward and Reverse Cross-Entropies,ACL_2023_Full_Papers.bib
Knowledgeable Parameter Efficient Tuning Network for Commonsense Question Answering,ACL_2023_Full_Papers.bib
{BLASER}: A Text-Free Speech-to-Speech Translation Evaluation Metric,ACL_2023_Full_Papers.bib
Backpack Language Models,ACL_2023_Full_Papers.bib
{W}ino{Q}ueer: A Community-in-the-Loop Benchmark for Anti-{LGBTQ}+ Bias in Large Language Models,ACL_2023_Full_Papers.bib
Grounded Multimodal Named Entity Recognition on Social Media,ACL_2023_Full_Papers.bib
Preserving Commonsense Knowledge from Pre-trained Language Models via Causal Inference,ACL_2023_Full_Papers.bib
Translation-Enhanced Multilingual Text-to-Image Generation,ACL_2023_Full_Papers.bib
Benchmarking Large Language Model Capabilities for Conditional Generation,ACL_2023_Full_Papers.bib
lil{G}ym: Natural Language Visual Reasoning with Reinforcement Learning,ACL_2023_Full_Papers.bib
Unsupervised Melody-to-Lyrics Generation,ACL_2023_Full_Papers.bib
Causality-aware Concept Extraction based on Knowledge-guided Prompting,ACL_2023_Full_Papers.bib
Span-level Aspect-based Sentiment Analysis via Table Filling,ACL_2023_Full_Papers.bib
Limitations of Language Models in Arithmetic and Symbolic Induction,ACL_2023_Full_Papers.bib
{EEL}: Efficiently Encoding Lattices for Reranking,ACL_2023_Full_Papers.bib
{CLAPS}peech: Learning Prosody from Text Context with Contrastive Language-Audio Pre-Training,ACL_2023_Full_Papers.bib
Revisiting Cross-Lingual Summarization: A Corpus-based Study and A New Benchmark with Improved Annotation,ACL_2023_Full_Papers.bib
Learning Dynamic Contextualised Word Embeddings via Template-based Temporal Adaptation,ACL_2023_Full_Papers.bib
How poor is the stimulus? Evaluating hierarchical generalization in neural networks trained on child-directed speech,ACL_2023_Full_Papers.bib
{G}an{LM}: Encoder-Decoder Pre-training with an Auxiliary Discriminator,ACL_2023_Full_Papers.bib
Log-linear Guardedness and its Implications,ACL_2023_Full_Papers.bib
Searching for Needles in a Haystack: On the Role of Incidental Bilingualism in {P}a{LM}{'}s Translation Capability,ACL_2023_Full_Papers.bib
Open Set Relation Extraction via Unknown-Aware Training,ACL_2023_Full_Papers.bib
Learning to Imagine: Visually-Augmented Natural Language Generation,ACL_2023_Full_Papers.bib
Generating Hashtags for Short-form Videos with Guided Signals,ACL_2023_Full_Papers.bib
{NEUROSTRUCTURAL} {DECODING}: Neural Text Generation with Structural Constraints,ACL_2023_Full_Papers.bib
The Best of Both Worlds: Combining Human and Machine Translations for Multilingual Semantic Parsing with Active Learning,ACL_2023_Full_Papers.bib
Unsupervised Extractive Summarization of Emotion Triggers,ACL_2023_Full_Papers.bib
Document-Level Event Argument Extraction With a Chain Reasoning Paradigm,ACL_2023_Full_Papers.bib
Pre-training Multi-party Dialogue Models with Latent Discourse Inference,ACL_2023_Full_Papers.bib
Interpreting Positional Information in Perspective of Word Order,ACL_2023_Full_Papers.bib
{I}2{D}2: Inductive Knowledge Distillation with {N}euro{L}ogic and Self-Imitation,ACL_2023_Full_Papers.bib
More than Classification: A Unified Framework for Event Temporal Relation Extraction,ACL_2023_Full_Papers.bib
Multi-Source Test-Time Adaptation as Dueling Bandits for Extractive Question Answering,ACL_2023_Full_Papers.bib
Decoupling Pseudo Label Disambiguation and Representation Learning for Generalized Intent Discovery,ACL_2023_Full_Papers.bib
{D}ecomp{E}val: Evaluating Generated Texts as Unsupervised Decomposed Question Answering,ACL_2023_Full_Papers.bib
Backdooring Neural Code Search,ACL_2023_Full_Papers.bib
Concise Answers to Complex Questions: Summarization of Long-form Answers,ACL_2023_Full_Papers.bib
A Measure-Theoretic Characterization of Tight Language Models,ACL_2023_Full_Papers.bib
{PAED}: Zero-Shot Persona Attribute Extraction in Dialogues,ACL_2023_Full_Papers.bib
{P}rompt{R}ank: Unsupervised Keyphrase Extraction Using Prompt,ACL_2023_Full_Papers.bib
When Not to Trust Language Models: Investigating Effectiveness of Parametric and Non-Parametric Memories,ACL_2023_Full_Papers.bib
info{V}erse: A Universal Framework for Dataset Characterization with Multidimensional Meta-information,ACL_2023_Full_Papers.bib
{S}ee{GULL}: A Stereotype Benchmark with Broad Geo-Cultural Coverage Leveraging Generative Models,ACL_2023_Full_Papers.bib
Automated Metrics for Medical Multi-Document Summarization Disagree with Human Evaluations,ACL_2023_Full_Papers.bib
Say What You Mean! Large Language Models Speak Too Positively about Negative Commonsense Knowledge,ACL_2023_Full_Papers.bib
An Inner Table Retriever for Robust Table Question Answering,ACL_2023_Full_Papers.bib
{SIMSUM}: Document-level Text Simplification via Simultaneous Summarization,ACL_2023_Full_Papers.bib
{S}im{OAP}: Improve Coherence and Consistency in Persona-based Dialogue Generation via Over-sampling and Post-evaluation,ACL_2023_Full_Papers.bib
{N}at{L}og{A}ttack: A Framework for Attacking Natural Language Inference Models with Natural Logic,ACL_2023_Full_Papers.bib
Cognitive Reframing of Negative Thoughts through Human-Language Model Interaction,ACL_2023_Full_Papers.bib
Dating {G}reek Papyri with Text Regression,ACL_2023_Full_Papers.bib
Interleaving Retrieval with Chain-of-Thought Reasoning for Knowledge-Intensive Multi-Step Questions,ACL_2023_Full_Papers.bib
Direct Fact Retrieval from Knowledge Graphs without Entity Linking,ACL_2023_Full_Papers.bib
{D}isent{QA}: Disentangling Parametric and Contextual Knowledge with Counterfactual Question Answering,ACL_2023_Full_Papers.bib
A New Direction in Stance Detection: Target-Stance Extraction in the Wild,ACL_2023_Full_Papers.bib
Improved Instruction Ordering in Recipe-Grounded Conversation,ACL_2023_Full_Papers.bib
Token-wise Decomposition of Autoregressive Language Model Hidden States for Analyzing Model Predictions,ACL_2023_Full_Papers.bib
Document-Level Multi-Event Extraction with Event Proxy Nodes and Hausdorff Distance Minimization,ACL_2023_Full_Papers.bib
Dialog-Post: Multi-Level Self-Supervised Objectives and Hierarchical Model for Dialogue Post-Training,ACL_2023_Full_Papers.bib
Language Detoxification with Attribute-Discriminative Latent Space,ACL_2023_Full_Papers.bib
"Just Like a Human Would, Direct Access to Sarcasm Augmented with Potential Result and Reaction",ACL_2023_Full_Papers.bib
Adaptive and Personalized Exercise Generation for Online Language Learning,ACL_2023_Full_Papers.bib
{NLP} Reproducibility For All: Understanding Experiences of Beginners,ACL_2023_Full_Papers.bib
Why Did the Chicken Cross the Road? Rephrasing and Analyzing Ambiguous Questions in {VQA},ACL_2023_Full_Papers.bib
"{UMRS}pell: Unifying the Detection and Correction Parts of Pre-trained Models towards {C}hinese Missing, Redundant, and Spelling Correction",ACL_2023_Full_Papers.bib
{LAIT}: Efficient Multi-Segment Encoding in Transformers with Layer-Adjustable Interaction,ACL_2023_Full_Papers.bib
Local Interpretation of Transformer Based on Linear Decomposition,ACL_2023_Full_Papers.bib
{D}ata{F}inder: Scientific Dataset Recommendation from Natural Language Descriptions,ACL_2023_Full_Papers.bib
Multilingual Event Extraction from Historical Newspaper Adverts,ACL_2023_Full_Papers.bib
{BIC}: {T}witter Bot Detection with Text-Graph Interaction and Semantic Consistency,ACL_2023_Full_Papers.bib
Do {I} have the Knowledge to Answer? Investigating Answerability of Knowledge Base Questions,ACL_2023_Full_Papers.bib
Understanding Client Reactions in Online Mental Health Counseling,ACL_2023_Full_Papers.bib
Nonlinear Structural Equation Model Guided {G}aussian Mixture Hierarchical Topic Modeling,ACL_2023_Full_Papers.bib
Revisiting Token Dropping Strategy in Efficient {BERT} Pretraining,ACL_2023_Full_Papers.bib
The Benefits of Bad Advice: Autocontrastive Decoding across Model Layers,ACL_2023_Full_Papers.bib
{FACTIFY}-5{WQA}: 5{W} Aspect-based Fact Verification through Question Answering,ACL_2023_Full_Papers.bib
Naamapadam: A Large-Scale Named Entity Annotated Data for {I}ndic Languages,ACL_2023_Full_Papers.bib
{CREPE}: Open-Domain Question Answering with False Presuppositions,ACL_2023_Full_Papers.bib
Joint Document-Level Event Extraction via Token-Token Bidirectional Event Completed Graph,ACL_2023_Full_Papers.bib
Robust Representation Learning with Reliable Pseudo-labels Generation via Self-Adaptive Optimal Transport for Short Text Clustering,ACL_2023_Full_Papers.bib
Multilingual Knowledge Graph Completion with Language-Sensitive Multi-Graph Attention,ACL_2023_Full_Papers.bib
What are the Desired Characteristics of Calibration Sets? Identifying Correlates on Long Form Scientific Summarization,ACL_2023_Full_Papers.bib
Annotating Mentions Alone Enables Efficient Domain Adaptation for Coreference Resolution,ACL_2023_Full_Papers.bib
A Universal Discriminator for Zero-Shot Generalization,ACL_2023_Full_Papers.bib
Syntax and Geometry of Information,ACL_2023_Full_Papers.bib
{G}reen{KGC}: A Lightweight Knowledge Graph Completion Method,ACL_2023_Full_Papers.bib
Unsupervised Open-domain Keyphrase Generation,ACL_2023_Full_Papers.bib
A Cognitive Stimulation Dialogue System with Multi-source Knowledge Fusion for Elders with Cognitive Impairment,ACL_2023_Full_Papers.bib
Plug-and-Play Knowledge Injection for Pre-trained Language Models,ACL_2023_Full_Papers.bib
Two Birds One Stone: Dynamic Ensemble for {OOD} Intent Classification,ACL_2023_Full_Papers.bib
{SW}i{PE}: A Dataset for Document-Level Simplification of {W}ikipedia Pages,ACL_2023_Full_Papers.bib
Are Message Passing Neural Networks Really Helpful for Knowledge Graph Completion?,ACL_2023_Full_Papers.bib
A dynamic programming algorithm for span-based nested named-entity recognition in $O(n^2)$,ACL_2023_Full_Papers.bib
Target-Side Augmentation for Document-Level Machine Translation,ACL_2023_Full_Papers.bib
Rethinking Masked Language Modeling for {C}hinese Spelling Correction,ACL_2023_Full_Papers.bib
A Multi-Modal Context Reasoning Approach for Conditional Inference on Joint Textual and Visual Clues,ACL_2023_Full_Papers.bib
Simple and Effective Unsupervised Speech Translation,ACL_2023_Full_Papers.bib
Modeling What-to-ask and How-to-ask for Answer-unaware Conversational Question Generation,ACL_2023_Full_Papers.bib
{CHEER}: Centrality-aware High-order Event Reasoning Network for Document-level Event Causality Identification,ACL_2023_Full_Papers.bib
f-Divergence Minimization for Sequence-Level Knowledge Distillation,ACL_2023_Full_Papers.bib
Supervised Adversarial Contrastive Learning for Emotion Recognition in Conversations,ACL_2023_Full_Papers.bib
A Novel Table-to-Graph Generation Approach for Document-Level Joint Entity and Relation Extraction,ACL_2023_Full_Papers.bib
A Synthetic Data Generation Framework for Grounded Dialogues,ACL_2023_Full_Papers.bib
{M}asakha{POS}: Part-of-Speech Tagging for Typologically Diverse {A}frican languages,ACL_2023_Full_Papers.bib
Semantic Structure Enhanced Event Causality Identification,ACL_2023_Full_Papers.bib
Weakly-Supervised Spoken Video Grounding via Semantic Interaction Learning,ACL_2023_Full_Papers.bib
Rehearsal-free Continual Language Learning via Efficient Parameter Isolation,ACL_2023_Full_Papers.bib
Label-Aware Hyperbolic Embeddings for Fine-grained Emotion Classification,ACL_2023_Full_Papers.bib
Combo of Thinking and Observing for Outside-Knowledge {VQA},ACL_2023_Full_Papers.bib
{AMPERE}: {AMR}-Aware Prefix for Generation-Based Event Argument Extraction Model,ACL_2023_Full_Papers.bib
Your spouse needs professional help: Determining the Contextual Appropriateness of Messages through Modeling Social Relationships,ACL_2023_Full_Papers.bib
{TART}: Improved Few-shot Text Classification Using Task-Adaptive Reference Transformation,ACL_2023_Full_Papers.bib
How Do In-Context Examples Affect Compositional Generalization?,ACL_2023_Full_Papers.bib
Attractive Storyteller: Stylized Visual Storytelling with Unpaired Text,ACL_2023_Full_Papers.bib
Multitask Pretraining with Structured Knowledge for Text-to-{SQL} Generation,ACL_2023_Full_Papers.bib
{WSPA}lign: Word Alignment Pre-training via Large-Scale Weakly Supervised Span Prediction,ACL_2023_Full_Papers.bib
Distill or Annotate? Cost-Efficient Fine-Tuning of Compact Models,ACL_2023_Full_Papers.bib
{OD}-{RTE}: A One-Stage Object Detection Framework for Relational Triple Extraction,ACL_2023_Full_Papers.bib
{I} Cast Detect Thoughts: Learning to Converse and Guide with Intents and Theory-of-Mind in Dungeons and Dragons,ACL_2023_Full_Papers.bib
Multitask Pre-training of Modular Prompt for {C}hinese Few-Shot Learning,ACL_2023_Full_Papers.bib
Is {GPT}-3 a Good Data Annotator?,ACL_2023_Full_Papers.bib
Multi-Grained Knowledge Retrieval for End-to-End Task-Oriented Dialog,ACL_2023_Full_Papers.bib
Few-shot Event Detection: An Empirical Study and a Unified View,ACL_2023_Full_Papers.bib
{C}larify{D}elphi: Reinforced Clarification Questions with Defeasibility Rewards for Social and Moral Situations,ACL_2023_Full_Papers.bib
Measuring Inductive Biases of In-Context Learning with Underspecified Demonstrations,ACL_2023_Full_Papers.bib
An Inclusive Notion of Text,ACL_2023_Full_Papers.bib
{A}lign{S}core: Evaluating Factual Consistency with A Unified Alignment Function,ACL_2023_Full_Papers.bib
Multi-source Semantic Graph-based Multimodal Sarcasm Explanation Generation,ACL_2023_Full_Papers.bib
Counterfactual Active Learning for Out-of-Distribution Generalization,ACL_2023_Full_Papers.bib
Multi-granularity Temporal Question Answering over Knowledge Graphs,ACL_2023_Full_Papers.bib
A New Aligned Simple {G}erman Corpus,ACL_2023_Full_Papers.bib
Introducing Semantics into Speech Encoders,ACL_2023_Full_Papers.bib
Constrained Tuple Extraction with Interaction-Aware Network,ACL_2023_Full_Papers.bib
Single Sequence Prediction over Reasoning Graphs for Multi-hop {QA},ACL_2023_Full_Papers.bib
Contrastive Error Attribution for Finetuned Language Models,ACL_2023_Full_Papers.bib
{DARE}: Towards Robust Text Explanations in Biomedical and Healthcare Applications,ACL_2023_Full_Papers.bib
Neural Machine Translation for Mathematical Formulae,ACL_2023_Full_Papers.bib
Query-Efficient Black-Box Red Teaming via {B}ayesian Optimization,ACL_2023_Full_Papers.bib
{SSD}-{LM}: Semi-autoregressive Simplex-based Diffusion Language Model for Text Generation and Modular Control,ACL_2023_Full_Papers.bib
"Recall, Expand, and Multi-Candidate Cross-Encode: Fast and Accurate Ultra-Fine Entity Typing",ACL_2023_Full_Papers.bib
{MIR}-{GAN}: Refining Frame-Level Modality-Invariant Representations with Adversarial Network for Audio-Visual Speech Recognition,ACL_2023_Full_Papers.bib
"Understanding Factual Errors in Summarization: Errors, Summarizers, Datasets, Error Detectors",ACL_2023_Full_Papers.bib
{GIFT}: Graph-Induced Fine-Tuning for Multi-Party Conversation Understanding,ACL_2023_Full_Papers.bib
{BLOOM}+1: Adding Language Support to {BLOOM} for Zero-Shot Prompting,ACL_2023_Full_Papers.bib
Grounding Characters and Places in Narrative Text,ACL_2023_Full_Papers.bib
From Pretraining Data to Language Models to Downstream Tasks: Tracking the Trails of Political Biases Leading to Unfair {NLP} Models,ACL_2023_Full_Papers.bib
{SLABERT} Talk Pretty One Day: Modeling Second Language Acquisition with {BERT},ACL_2023_Full_Papers.bib
Contrastive Novelty-Augmented Learning: Anticipating Outliers with Large Language Models,ACL_2023_Full_Papers.bib
Learning to Initialize: Can Meta Learning Improve Cross-task Generalization in Prompt Tuning?,ACL_2023_Full_Papers.bib
Rethinking the Role of Scale for In-Context Learning: An Interpretability-based Case Study at 66 Billion Scale,ACL_2023_Full_Papers.bib
Question-Answering in a Low-resourced Language: Benchmark Dataset and Models for {T}igrinya,ACL_2023_Full_Papers.bib
{ESCOXLM}-{R}: Multilingual Taxonomy-driven Pre-training for the Job Market Domain,ACL_2023_Full_Papers.bib
{CITADEL}: Conditional Token Interaction via Dynamic Lexical Routing for Efficient and Effective Multi-Vector Retrieval,ACL_2023_Full_Papers.bib
{M}ulti{C}ap{CLIP}: Auto-Encoding Prompts for Zero-Shot Multilingual Visual Captioning,ACL_2023_Full_Papers.bib
Transfer and Active Learning for Dissonance Detection: Addressing the Rare-Class Challenge,ACL_2023_Full_Papers.bib
In-sample Curriculum Learning by Sequence Completion for Natural Language Generation,ACL_2023_Full_Papers.bib
Product Question Answering in {E}-Commerce: A Survey,ACL_2023_Full_Papers.bib
Towards Domain-Agnostic and Domain-Adaptive Dementia Detection from Spoken Language,ACL_2023_Full_Papers.bib
Generalizing Backpropagation for Gradient-Based Interpretability,ACL_2023_Full_Papers.bib
{UPPAM}: A Unified Pre-training Architecture for Political Actor Modeling based on Language,ACL_2023_Full_Papers.bib
Generic Temporal Reasoning with Differential Analysis and Explanation,ACL_2023_Full_Papers.bib
Model-Based Simulation for Optimising Smart Reply,ACL_2023_Full_Papers.bib
Beyond Contrastive Learning: A Variational Generative Model for Multilingual Retrieval,ACL_2023_Full_Papers.bib
On the Blind Spots of Model-Based Evaluation Metrics for Text Generation,ACL_2023_Full_Papers.bib
Dealing with Semantic Underspecification in Multimodal {NLP},ACL_2023_Full_Papers.bib
Trigger Warning Assignment as a Multi-Label Document Classification Problem,ACL_2023_Full_Papers.bib
{W}hitened{CSE}: Whitening-based Contrastive Learning of Sentence Embeddings,ACL_2023_Full_Papers.bib
"Federated Learning for Semantic Parsing: Task Formulation, Evaluation Setup, New Algorithms",ACL_2023_Full_Papers.bib
Causality-Guided Multi-Memory Interaction Network for Multivariate Stock Price Movement Prediction,ACL_2023_Full_Papers.bib
{DSRM}: Boost Textual Adversarial Training with Distribution Shift Risk Minimization,ACL_2023_Full_Papers.bib
A Simple and Flexible Modeling for Mental Disorder Detection by Learning from Clinical Questionnaires,ACL_2023_Full_Papers.bib
Downstream Datasets Make Surprisingly Good Pretraining Corpora,ACL_2023_Full_Papers.bib
Towards Open-World Product Attribute Mining: A Lightly-Supervised Approach,ACL_2023_Full_Papers.bib
{XD}aily{D}ialog: A Multilingual Parallel Dialogue Corpus,ACL_2023_Full_Papers.bib
{PAL} to Lend a Helping Hand: Towards Building an Emotion Adaptive Polite and Empathetic Counseling Conversational Agent,ACL_2023_Full_Papers.bib
Bidirectional Generative Framework for Cross-domain Aspect-based Sentiment Analysis,ACL_2023_Full_Papers.bib
Contrastive Decoding: Open-ended Text Generation as Optimization,ACL_2023_Full_Papers.bib
Resolving Indirect Referring Expressions for Entity Selection,ACL_2023_Full_Papers.bib
Accelerating Transformer Inference for Translation via Parallel Decoding,ACL_2023_Full_Papers.bib
Hard Sample Aware Prompt-Tuning,ACL_2023_Full_Papers.bib
{W}iki{B}io: a Semantic Resource for the Intersectional Analysis of Biographical Events,ACL_2023_Full_Papers.bib
Best-k Search Algorithm for Neural Text Generation,ACL_2023_Full_Papers.bib
"Towards Leaving No {I}ndic Language Behind: Building Monolingual Corpora, Benchmark and Models for {I}ndic Languages",ACL_2023_Full_Papers.bib
Transforming Visual Scene Graphs to Image Captions,ACL_2023_Full_Papers.bib
Hybrid Transducer and Attention based Encoder-Decoder Modeling for Speech-to-Text Tasks,ACL_2023_Full_Papers.bib
Improving Domain Generalization for Prompt-Aware Essay Scoring via Disentangled Representation Learning,ACL_2023_Full_Papers.bib
What{'}s the Meaning of Superhuman Performance in Today{'}s {NLU}?,ACL_2023_Full_Papers.bib
{P}rompt{NER}: Prompt Locating and Typing for Named Entity Recognition,ACL_2023_Full_Papers.bib
Hints on the data for language modeling of synthetic languages with transformers,ACL_2023_Full_Papers.bib
Neural Machine Translation Methods for Translating Text to Sign Language Glosses,ACL_2023_Full_Papers.bib
Revisiting Event Argument Extraction: Can {EAE} Models Learn Better When Being Aware of Event Co-occurrences?,ACL_2023_Full_Papers.bib
{HAUSER}: Towards Holistic and Automatic Evaluation of Simile Generation,ACL_2023_Full_Papers.bib
Large-scale Lifelong Learning of In-context Instructions and How to Tackle It,ACL_2023_Full_Papers.bib
Controllable Text Generation via Probability Density Estimation in the Latent Space,ACL_2023_Full_Papers.bib
Learning Latent Relations for Temporal Knowledge Graph Reasoning,ACL_2023_Full_Papers.bib
{DT}-Solver: Automated Theorem Proving with Dynamic-Tree Sampling Guided by Proof-level Value Function,ACL_2023_Full_Papers.bib
Unsupervised Selective Rationalization with Noise Injection,ACL_2023_Full_Papers.bib
Understanding In-Context Learning via Supportive Pretraining Data,ACL_2023_Full_Papers.bib
{ETHICIST}: Targeted Training Data Extraction Through Loss Smoothed Soft Prompting and Calibrated Confidence Estimation,ACL_2023_Full_Papers.bib
Effective Contrastive Weighting for Dense Query Expansion,ACL_2023_Full_Papers.bib
Improving the Detection of Multilingual Online Attacks with Rich Social Media Data from {S}ingapore,ACL_2023_Full_Papers.bib
Reanalyzing {L}2 Preposition Learning with {B}ayesian Mixed Effects and a Pretrained Language Model,ACL_2023_Full_Papers.bib
Socratic Pretraining: Question-Driven Pretraining for Controllable Summarization,ACL_2023_Full_Papers.bib
{M}at{C}ha: Enhancing Visual Language Pretraining with Math Reasoning and Chart Derendering,ACL_2023_Full_Papers.bib
{MGR}: Multi-generator Based Rationalization,ACL_2023_Full_Papers.bib
{BUMP}: A Benchmark of Unfaithful Minimal Pairs for Meta-Evaluation of Faithfulness Metrics,ACL_2023_Full_Papers.bib
Is Fine-tuning Needed? Pre-trained Language Models Are Near Perfect for Out-of-Domain Detection,ACL_2023_Full_Papers.bib
{U}ni{S}umm and {S}umm{Z}oo: Unified Model and Diverse Benchmark for Few-Shot Summarization,ACL_2023_Full_Papers.bib
{RADE}: Reference-Assisted Dialogue Evaluation for Open-Domain Dialogue,ACL_2023_Full_Papers.bib
An {AMR}-based Link Prediction Approach for Document-level Event Argument Extraction,ACL_2023_Full_Papers.bib
{P}u{M}er: Pruning and Merging Tokens for Efficient Vision Language Models,ACL_2023_Full_Papers.bib
Gloss-Free End-to-End Sign Language Translation,ACL_2023_Full_Papers.bib
Model-Generated Pretraining Signals Improves Zero-Shot Generalization of Text-to-Text Transformers,ACL_2023_Full_Papers.bib
{BITE}: Textual Backdoor Attacks with Iterative Trigger Injection,ACL_2023_Full_Papers.bib
Exploring and Verbalizing Academic Ideas by Concept Co-occurrence,ACL_2023_Full_Papers.bib
Distantly Supervised Course Concept Extraction in {MOOC}s with Academic Discipline,ACL_2023_Full_Papers.bib
Extrinsic Evaluation of Machine Translation Metrics,ACL_2023_Full_Papers.bib
{E}xplain{M}eet{S}um: A Dataset for Explainable Meeting Summarization Aligned with Human Intent,ACL_2023_Full_Papers.bib
A Cross-Modality Context Fusion and Semantic Refinement Network for Emotion Recognition in Conversation,ACL_2023_Full_Papers.bib
{CAT}: A Contextualized Conceptualization and Instantiation Framework for Commonsense Reasoning,ACL_2023_Full_Papers.bib
The Elephant in the Room: Analyzing the Presence of Big Tech in Natural Language Processing Research,ACL_2023_Full_Papers.bib
Do Question Answering Modeling Improvements Hold Across Benchmarks?,ACL_2023_Full_Papers.bib
{VLN}-Trans: Translator for the Vision and Language Navigation Agent,ACL_2023_Full_Papers.bib
Bridging the Gap between Decision and Logits in Decision-based Knowledge Distillation for Pre-trained Language Models,ACL_2023_Full_Papers.bib
Continual Contrastive Finetuning Improves Low-Resource Relation Extraction,ACL_2023_Full_Papers.bib
{KGA}: A General Machine Unlearning Framework Based on Knowledge Gap Alignment,ACL_2023_Full_Papers.bib
{U}ni{C}o{RN}: Unified Cognitive Signal {R}econstructio{N} bridging cognitive signals and human language,ACL_2023_Full_Papers.bib
Dense-{ATOMIC}: Towards Densely-connected {ATOMIC} with High Knowledge Coverage and Massive Multi-hop Paths,ACL_2023_Full_Papers.bib
Shrinking Embeddings for Hyper-Relational Knowledge Graphs,ACL_2023_Full_Papers.bib
Attention as a Guide for Simultaneous Speech Translation,ACL_2023_Full_Papers.bib
On Complementarity Objectives for Hybrid Retrieval,ACL_2023_Full_Papers.bib
{C}-{STANCE}: A Large Dataset for {C}hinese Zero-Shot Stance Detection,ACL_2023_Full_Papers.bib
Wukong-Reader: Multi-modal Pre-training for Fine-grained Visual Document Understanding,ACL_2023_Full_Papers.bib
{P}a{CE}: Unified Multi-modal Dialogue Pre-training with Progressive and Compositional Experts,ACL_2023_Full_Papers.bib
{MVP}-Tuning: Multi-View Knowledge Retrieval with Prompt Tuning for Commonsense Reasoning,ACL_2023_Full_Papers.bib
{PEIT}: Bridging the Modality Gap with Pre-trained Models for End-to-End Image Translation,ACL_2023_Full_Papers.bib
Topic-Guided Sampling For Data-Efficient Multi-Domain Stance Detection,ACL_2023_Full_Papers.bib
{D}i{SC}o{M}a{T}: Distantly Supervised Composition Extraction from Tables in Materials Science Articles,ACL_2023_Full_Papers.bib
Disentangled Phonetic Representation for {C}hinese Spelling Correction,ACL_2023_Full_Papers.bib
Dissecting Transformer Length Extrapolation via the Lens of Receptive Field Analysis,ACL_2023_Full_Papers.bib
{CHB}ias: Bias Evaluation and Mitigation of {C}hinese Conversational Language Models,ACL_2023_Full_Papers.bib
Uncovering and Categorizing Social Biases in Text-to-{SQL},ACL_2023_Full_Papers.bib
On the Compositional Generalization in Versatile Open-domain Dialogue,ACL_2023_Full_Papers.bib
What is the Real Intention behind this Question? Dataset Collection and Intention Classification,ACL_2023_Full_Papers.bib
Conjunct Resolution in the Face of Verbal Omissions,ACL_2023_Full_Papers.bib
"Training Models to Generate, Recognize, and Reframe Unhelpful Thoughts",ACL_2023_Full_Papers.bib
Learning In-context Learning for Named Entity Recognition,ACL_2023_Full_Papers.bib
Holistic Prediction on a Time-Evolving Attributed Graph,ACL_2023_Full_Papers.bib
Modeling Instance Interactions for Joint Information Extraction with Neural High-Order Conditional Random Field,ACL_2023_Full_Papers.bib
Training Trajectories of Language Models Across Scales,ACL_2023_Full_Papers.bib
A Diverse Set of Freely Available Linguistic Resources for {T}urkish,ACL_2023_Full_Papers.bib
Measuring Consistency in Text-based Financial Forecasting Models,ACL_2023_Full_Papers.bib
Optimal Transport for Unsupervised Hallucination Detection in Neural Machine Translation,ACL_2023_Full_Papers.bib
{R}ank{CSE}: Unsupervised Sentence Representations Learning via Learning to Rank,ACL_2023_Full_Papers.bib
Entailment as Robust Self-Learner,ACL_2023_Full_Papers.bib
{R}e{C}ode: Robustness Evaluation of Code Generation Models,ACL_2023_Full_Papers.bib
{EPIC}: Multi-Perspective Annotation of a Corpus of Irony,ACL_2023_Full_Papers.bib
Dialogue Summarization with Static-Dynamic Structure Fusion Graph,ACL_2023_Full_Papers.bib
Large-Scale Correlation Analysis of Automated Metrics for Topic Models,ACL_2023_Full_Papers.bib
{U}-{CREAT}: Unsupervised Case Retrieval using Events extr{A}c{T}ion,ACL_2023_Full_Papers.bib
{A}rg{A}nalysis35{K} : A large-scale dataset for Argument Quality Analysis,ACL_2023_Full_Papers.bib
Reference Matters: Benchmarking Factual Error Correction for Dialogue Summarization with Fine-grained Evaluation Framework,ACL_2023_Full_Papers.bib
Minding Language Models' (Lack of) Theory of Mind: A Plug-and-Play Multi-Character Belief Tracker,ACL_2023_Full_Papers.bib
"Don{'}t Retrain, Just Rewrite: Countering Adversarial Perturbations by Rewriting Text",ACL_2023_Full_Papers.bib
Aggregating Multiple Heuristic Signals as Supervision for Unsupervised Automated Essay Scoring,ACL_2023_Full_Papers.bib
Mitigating Label Biases for In-context Learning,ACL_2023_Full_Papers.bib
Dynamic Heterogeneous-Graph Reasoning with Language Models and Knowledge Representation Learning for Commonsense Question Answering,ACL_2023_Full_Papers.bib
Do You Hear The People Sing? Key Point Analysis via Iterative Clustering and Abstractive Summarisation,ACL_2023_Full_Papers.bib
Ambiguous Learning from Retrieval: Towards Zero-shot Semantic Parsing,ACL_2023_Full_Papers.bib
Explicit Syntactic Guidance for Neural Text Generation,ACL_2023_Full_Papers.bib
What does a Text Classifier Learn about Morality? An Explainable Method for Cross-Domain Comparison of Moral Rhetoric,ACL_2023_Full_Papers.bib
Graph-based Relation Mining for Context-free Out-of-vocabulary Word Embedding Learning,ACL_2023_Full_Papers.bib
Multimodal Persona Based Generation of Comic Dialogs,ACL_2023_Full_Papers.bib
{LLM}-Blender: Ensembling Large Language Models with Pairwise Ranking and Generative Fusion,ACL_2023_Full_Papers.bib
Seen to Unseen: Exploring Compositional Generalization of Multi-Attribute Controllable Dialogue Generation,ACL_2023_Full_Papers.bib
{I}ndic{MT} Eval: A Dataset to Meta-Evaluate Machine Translation Metrics for {I}ndian Languages,ACL_2023_Full_Papers.bib
Weaker Than You Think: A Critical Look at Weakly Supervised Learning,ACL_2023_Full_Papers.bib
"Prompt Tuning Pushes Farther, Contrastive Learning Pulls Closer: A Two-Stage Approach to Mitigate Social Biases",ACL_2023_Full_Papers.bib
Towards Understanding Omission in Dialogue Summarization,ACL_2023_Full_Papers.bib
Python Code Generation by Asking Clarification Questions,ACL_2023_Full_Papers.bib
A Compare-and-contrast Multistage Pipeline for Uncovering Financial Signals in Financial Reports,ACL_2023_Full_Papers.bib
Improving the robustness of {NLI} models with minimax training,ACL_2023_Full_Papers.bib
{USSA}: A Unified Table Filling Scheme for Structured Sentiment Analysis,ACL_2023_Full_Papers.bib
{PAD}-Net: An Efficient Framework for Dynamic Networks,ACL_2023_Full_Papers.bib
Resolving Ambiguities in Text-to-Image Generative Models,ACL_2023_Full_Papers.bib
Knowledge Unlearning for Mitigating Privacy Risks in Language Models,ACL_2023_Full_Papers.bib
To Adapt or to Annotate: Challenges and Interventions for Domain Adaptation in Open-Domain Question Answering,ACL_2023_Full_Papers.bib
A Survey for Efficient Open Domain Question Answering,ACL_2023_Full_Papers.bib
Script Normalization for Unconventional Writing of Under-Resourced Languages in Bilingual Communities,ACL_2023_Full_Papers.bib
Compositional Generalization without Trees using Multiset Tagging and Latent Permutations,ACL_2023_Full_Papers.bib
Finding the Pillars of Strength for Multi-Head Attention,ACL_2023_Full_Papers.bib
Jointprop: Joint Semi-supervised Learning for Entity and Relation Extraction with Heterogeneous Graph-based Propagation,ACL_2023_Full_Papers.bib
Reasoning over Hierarchical Question Decomposition Tree for Explainable Question Answering,ACL_2023_Full_Papers.bib
Faking Fake News for Real Fake News Detection: Propaganda-Loaded Training Data Generation,ACL_2023_Full_Papers.bib
A Length-Extrapolatable Transformer,ACL_2023_Full_Papers.bib
A Survey of Deep Learning for Mathematical Reasoning,ACL_2023_Full_Papers.bib
A Systematic Study of Knowledge Distillation for Natural Language Generation with Pseudo-Target Training,ACL_2023_Full_Papers.bib
Vision Language Pre-training by Contrastive Learning with Cross-Modal Similarity Regulation,ACL_2023_Full_Papers.bib
{T}ell2{D}esign: A Dataset for Language-Guided Floor Plan Generation,ACL_2023_Full_Papers.bib
Rethinking Annotation: Can Language Learners Contribute?,ACL_2023_Full_Papers.bib
Information Screening whilst Exploiting! Multimodal Relation Extraction with Feature Denoising and Multimodal Topic Modeling,ACL_2023_Full_Papers.bib
{M}ulti{EMO}: An Attention-Based Correlation-Aware Multimodal Fusion Framework for Emotion Recognition in Conversations,ACL_2023_Full_Papers.bib
Learning Language-Specific Layers for Multilingual Machine Translation,ACL_2023_Full_Papers.bib
Personality Understanding of Fictional Characters during Book Reading,ACL_2023_Full_Papers.bib
{S}tory{T}rans: Non-Parallel Story Author-Style Transfer with Discourse Representations and Content Enhancing,ACL_2023_Full_Papers.bib
Towards Benchmarking and Improving the Temporal Reasoning Capability of Large Language Models,ACL_2023_Full_Papers.bib
Finding the {SWEET} Spot: Analysis and Improvement of Adaptive Inference in Low Resource Settings,ACL_2023_Full_Papers.bib
Large Language Models Are Reasoning Teachers,ACL_2023_Full_Papers.bib
{PESCO}: Prompt-enhanced Self Contrastive Learning for Zero-shot Text Classification,ACL_2023_Full_Papers.bib
Visually-augmented pretrained language models for {NLP} tasks without images,ACL_2023_Full_Papers.bib
Using counterfactual contrast to improve compositional generalization for multi-step quantitative reasoning,ACL_2023_Full_Papers.bib
{TAVT}: Towards Transferable Audio-Visual Text Generation,ACL_2023_Full_Papers.bib
{M}eeting{QA}: Extractive Question-Answering on Meeting Transcripts,ACL_2023_Full_Papers.bib
{FERMAT}: An Alternative to Accuracy for Numerical Reasoning,ACL_2023_Full_Papers.bib
Don{'}t Forget Your {ABC}{'}s: Evaluating the State-of-the-Art in Chat-Oriented Dialogue Systems,ACL_2023_Full_Papers.bib
Decoder Tuning: Efficient Language Understanding as Decoding,ACL_2023_Full_Papers.bib
The {KITMUS} Test: Evaluating Knowledge Integration from Multiple Sources,ACL_2023_Full_Papers.bib
{CREST}: A Joint Framework for Rationalization and Counterfactual Text Generation,ACL_2023_Full_Papers.bib
Towards Unifying Multi-Lingual and Cross-Lingual Summarization,ACL_2023_Full_Papers.bib
From Dogwhistles to Bullhorns: Unveiling Coded Rhetoric with Language Models,ACL_2023_Full_Papers.bib
Exploring Large Language Models for Classical Philology,ACL_2023_Full_Papers.bib
{L}ayout{M}ask: Enhance Text-Layout Interaction in Multi-modal Pre-training for Document Understanding,ACL_2023_Full_Papers.bib
Hearing Lips in Noise: Universal Viseme-Phoneme Mapping and Transfer for Robust Audio-Visual Speech Recognition,ACL_2023_Full_Papers.bib
An Extensible Plug-and-Play Method for Multi-Aspect Controllable Text Generation,ACL_2023_Full_Papers.bib
Double-Branch Multi-Attention based Graph Neural Network for Knowledge Graph Completion,ACL_2023_Full_Papers.bib
Dual Cache for Long Document Neural Coreference Resolution,ACL_2023_Full_Papers.bib
Knowledge Transfer in Incremental Learning for Multilingual Neural Machine Translation,ACL_2023_Full_Papers.bib
{D}isor{BERT}: A Double Domain Adaptation Model for Detecting Signs of Mental Disorders in Social Media,ACL_2023_Full_Papers.bib
Toward Interactive Dictation,ACL_2023_Full_Papers.bib
{C}ode{IE}: Large Code Generation Models are Better Few-Shot Information Extractors,ACL_2023_Full_Papers.bib
Beyond {E}nglish-Centric Bitexts for Better Multilingual Language Representation Learning,ACL_2023_Full_Papers.bib
Bridging The Gap: Entailment Fused-T5 for Open-retrieval Conversational Machine Reading Comprehension,ACL_2023_Full_Papers.bib
{L}ive{C}hat: A Large-Scale Personalized Dialogue Dataset Automatically Constructed from Live Streaming,ACL_2023_Full_Papers.bib
Prompting {P}a{LM} for Translation: Assessing Strategies and Performance,ACL_2023_Full_Papers.bib
Exploring Lottery Prompts for Pre-trained Language Models,ACL_2023_Full_Papers.bib
A Facial Expression-Aware Multimodal Multi-task Learning Framework for Emotion Recognition in Multi-party Conversations,ACL_2023_Full_Papers.bib
{T}e{AST}: Temporal Knowledge Graph Embedding via Archimedean Spiral Timeline,ACL_2023_Full_Papers.bib
Human Inspired Progressive Alignment and Comparative Learning for Grounded Word Acquisition,ACL_2023_Full_Papers.bib
"Conjunct Lengths in {E}nglish, Dependency Length Minimization, and Dependency Structure of Coordination",ACL_2023_Full_Papers.bib
{L}e{XF}iles and {L}egal{LAMA}: Facilitating {E}nglish Multinational Legal Language Model Development,ACL_2023_Full_Papers.bib
"Revisiting Commonsense Reasoning in Machine Translation: Training, Evaluation and Challenge",ACL_2023_Full_Papers.bib
{NOTABLE}: Transferable Backdoor Attacks Against Prompt-based {NLP} Models,ACL_2023_Full_Papers.bib
Revisiting Relation Extraction in the era of Large Language Models,ACL_2023_Full_Papers.bib
Pre-trained Language Models Can be Fully Zero-Shot Learners,ACL_2023_Full_Papers.bib
Can Large Language Models Be an Alternative to Human Evaluations?,ACL_2023_Full_Papers.bib
{H}yper{M}ixer: An {MLP}-based Low Cost Alternative to Transformers,ACL_2023_Full_Papers.bib
{U}nit{Y}: Two-pass Direct Speech-to-speech Translation with Discrete Units,ACL_2023_Full_Papers.bib
Annotation-Inspired Implicit Discourse Relation Classification with Auxiliary Discourse Connective Generation,ACL_2023_Full_Papers.bib
Plug-and-Play Document Modules for Pre-trained Models,ACL_2023_Full_Papers.bib
An Empirical Analysis of Parameter-Efficient Methods for Debiasing Pre-Trained Language Models,ACL_2023_Full_Papers.bib
Two-Stage Fine-Tuning for Improved Bias and Variance for Large Pretrained Language Models,ACL_2023_Full_Papers.bib
A Comparative Study on the Impact of Model Compression Techniques on Fairness in Language Models,ACL_2023_Full_Papers.bib
Ranking-Enhanced Unsupervised Sentence Representation Learning,ACL_2023_Full_Papers.bib
Human-in-the-loop Evaluation for Early Misinformation Detection: A Case Study of {COVID}-19 Treatments,ACL_2023_Full_Papers.bib
Composition-contrastive Learning for Sentence Embeddings,ACL_2023_Full_Papers.bib
Causes and Cures for Interference in Multilingual Translation,ACL_2023_Full_Papers.bib
Understanding and Bridging the Modality Gap for Speech Translation,ACL_2023_Full_Papers.bib
Few-shot Reranking for Multi-hop {QA} via Language Model Prompting,ACL_2023_Full_Papers.bib
{DICE}: Data-Efficient Clinical Event Extraction with Generative Models,ACL_2023_Full_Papers.bib
{XS}em{PLR}: Cross-Lingual Semantic Parsing in Multiple Natural Languages and Meaning Representations,ACL_2023_Full_Papers.bib
{INK}: Injecting k{NN} Knowledge in Nearest Neighbor Machine Translation,ACL_2023_Full_Papers.bib
Uncertainty Guided Label Denoising for Document-level Distant Relation Extraction,ACL_2023_Full_Papers.bib
Cross-Modal Attribute Insertions for Assessing the Robustness of Vision-and-Language Learning,ACL_2023_Full_Papers.bib
Crosslingual Generalization through Multitask Finetuning,ACL_2023_Full_Papers.bib
Evaluate {AMR} Graph Similarity via Self-supervised Learning,ACL_2023_Full_Papers.bib
Analyzing Transformers in Embedding Space,ACL_2023_Full_Papers.bib
Few-Shot Data-to-Text Generation via Unified Representation and Multi-Source Learning,ACL_2023_Full_Papers.bib
{F}act{KG}: Fact Verification via Reasoning on Knowledge Graphs,ACL_2023_Full_Papers.bib
{D}r{BERT}: A Robust Pre-trained Model in {F}rench for Biomedical and Clinical domains,ACL_2023_Full_Papers.bib
Discriminative Reasoning with Sparse Event Representation for Document-level Event-Event Relation Extraction,ACL_2023_Full_Papers.bib
"Facilitating Fine-grained Detection of {C}hinese Toxic Language: Hierarchical Taxonomy, Resources, and Benchmarks",ACL_2023_Full_Papers.bib
{S}peech{M}atrix: A Large-Scale Mined Corpus of Multilingual Speech-to-Speech Translations,ACL_2023_Full_Papers.bib
Character-Aware Models Improve Visual Text Rendering,ACL_2023_Full_Papers.bib
{IDRISI}-{RA}: The First {A}rabic Location Mention Recognition Dataset of Disaster Tweets,ACL_2023_Full_Papers.bib
{FSUIE}: A Novel Fuzzy Span Mechanism for Universal Information Extraction,ACL_2023_Full_Papers.bib
What Do {NLP} Researchers Believe? Results of the {NLP} Community Metasurvey,ACL_2023_Full_Papers.bib
{LENS}: A Learnable Evaluation Metric for Text Simplification,ACL_2023_Full_Papers.bib
{M}eeting{B}ank: A Benchmark Dataset for Meeting Summarization,ACL_2023_Full_Papers.bib
{DE}plain: A {G}erman Parallel Corpus with Intralingual Translations into Plain Language for Sentence and Document Simplification,ACL_2023_Full_Papers.bib
A Neural Divide-and-Conquer Reasoning Framework for Image Retrieval from Linguistically Complex Text,ACL_2023_Full_Papers.bib
"{RARR}: Researching and Revising What Language Models Say, Using Language Models",ACL_2023_Full_Papers.bib
