ID,title,year,source_file
acl-2021-association,Proceedings of the 59th Annual Meeting of the Association for Computational Linguistics and the 11th International Joint Conference on Natural Language Processing (Volume 1: Long Papers),2021,ACL_2021_Full_Papers.bib
shani-etal-2021-get,{H}ow Did This Get Funded?! {A}utomatically Identifying Quirky Scientific Achievements,2021,ACL_2021_Full_Papers.bib
lu-etal-2021-engage,Engage the Public: Poll Question Generation for Social Media Posts,2021,ACL_2021_Full_Papers.bib
ao-etal-2021-pens,{PENS}: A Dataset and Generic Framework for Personalized News Headline Generation,2021,ACL_2021_Full_Papers.bib
lee-etal-2021-enhancing,Enhancing Content Preservation in Text Style Transfer Using Reverse Attention and Conditional Layer Normalization,2021,ACL_2021_Full_Papers.bib
wang-etal-2021-mention,Mention Flags ({MF}): Constraining Transformer-based Text Generators,2021,ACL_2021_Full_Papers.bib
zhou-lampouras-2021-generalising,Generalising Multilingual Concept-to-Text {NLG} with Language Agnostic Delexicalisation,2021,ACL_2021_Full_Papers.bib
li-etal-2021-conversations,Conversations Are Not Flat: Modeling the Dynamic Information Flow across Dialogue Utterances,2021,ACL_2021_Full_Papers.bib
guo-etal-2021-dual,Dual Slot Selector via Local Reliability Verification for Dialogue State Tracking,2021,ACL_2021_Full_Papers.bib
qin-etal-2021-gl,{GL}-{GIN}: Fast and Accurate Non-Autoregressive Model for Joint Multiple Intent Detection and Slot Filling,2021,ACL_2021_Full_Papers.bib
xiangyu-etal-2021-capturing,Capturing Event Argument Interaction via A Bi-Directional Entity-Level Recurrent Decoder,2021,ACL_2021_Full_Papers.bib
wang-etal-2021-unire,{U}ni{RE}: A Unified Label Space for Entity Relation Extraction,2021,ACL_2021_Full_Papers.bib
cui-etal-2021-refining,Refining Sample Embeddings with Relation Prototypes to Enhance Continual Relation Extraction,2021,ACL_2021_Full_Papers.bib
pan-etal-2021-contrastive,Contrastive Learning for Many-to-many Multilingual Neural Machine Translation,2021,ACL_2021_Full_Papers.bib
muller-sennrich-2021-understanding,Understanding the Properties of Minimum {B}ayes Risk Decoding in Neural Machine Translation,2021,ACL_2021_Full_Papers.bib
xu-etal-2021-multi,Multi-Head Highly Parallelized {LSTM} Decoder for Neural Machine Translation,2021,ACL_2021_Full_Papers.bib
lin-etal-2021-learning,Learning Language Specific Sub-network for Multilingual Machine Translation,2021,ACL_2021_Full_Papers.bib
yang-etal-2021-multimodal,Multimodal Sentiment Detection Based on Multi-channel Graph Neural Networks,2021,ACL_2021_Full_Papers.bib
oved-levy-2021-pass,{PASS}: Perturb-and-Select Summarizer for Product Reviews,2021,ACL_2021_Full_Papers.bib
jia-etal-2021-deep,Deep Differential Amplifier for Extractive Summarization,2021,ACL_2021_Full_Papers.bib
yu-etal-2021-multi,Multi-{T}ime{L}ine Summarization ({MTLS}): Improving Timeline Summarization by Generating Multiple Summaries,2021,ACL_2021_Full_Papers.bib
im-etal-2021-self,Self-Supervised Multimodal Opinion Summarization,2021,ACL_2021_Full_Papers.bib
shi-etal-2021-descgen,{DESCGEN}: A Distantly Supervised Datasetfor Generating Entity Descriptions,2021,ACL_2021_Full_Papers.bib
limisiewicz-marecek-2021-introducing,Introducing Orthogonal Constraint in Structural Probes,2021,ACL_2021_Full_Papers.bib
qi-etal-2021-hidden,Hidden Killer: Invisible Textual Backdoor Attacks with Syntactic Trigger,2021,ACL_2021_Full_Papers.bib
white-cotterell-2021-examining,Examining the Inductive Bias of Neural Language Models with Artificial Languages,2021,ACL_2021_Full_Papers.bib
sevastjanova-etal-2021-explaining,Explaining Contextualization in Language Models using Visual Analytics,2021,ACL_2021_Full_Papers.bib
chrysostomou-aletras-2021-improving,Improving the Faithfulness of Attention-based Explanations with Task-specific Information for Text Classification,2021,ACL_2021_Full_Papers.bib
xing-etal-2021-km,{KM}-{BART}: Knowledge Enhanced Multimodal {BART} for Visual Commonsense Generation,2021,ACL_2021_Full_Papers.bib
zheng-etal-2021-cascaded,Cascaded Head-colliding Attention,2021,ACL_2021_Full_Papers.bib
karimi-mahabadi-etal-2021-parameter,Parameter-efficient Multi-task Fine-tuning for Transformers via Shared Hypernetworks,2021,ACL_2021_Full_Papers.bib
yu-etal-2021-cosy,{COSY}: {CO}unterfactual {SY}ntax for Cross-Lingual Understanding,2021,ACL_2021_Full_Papers.bib
lee-etal-2021-oommix,{O}o{MM}ix: Out-of-manifold Regularization in Contextual Embedding Space for Text Classification,2021,ACL_2021_Full_Papers.bib
reddy-etal-2021-modeling,Modeling Language Usage and Listener Engagement in Podcasts,2021,ACL_2021_Full_Papers.bib
qiu-etal-2021-socaog,{S}oc{A}o{G}: Incremental Graph Parsing for Social Relation Inference in Dialogues,2021,ACL_2021_Full_Papers.bib
yang-etal-2021-improving,Improving Dialog Systems for Negotiation with Personality Modeling,2021,ACL_2021_Full_Papers.bib
zhou-etal-2021-learning,Learning from Perturbations: Diverse and Informative Dialogue Generation with Inverse Adversarial Training,2021,ACL_2021_Full_Papers.bib
viswanathan-etal-2021-citationie,{C}itation{IE}: Leveraging the Citation Graph for Scientific Information Extraction,2021,ACL_2021_Full_Papers.bib
tang-etal-2021-discourse,From Discourse to Narrative: Knowledge Projection for Event Relation Extraction,2021,ACL_2021_Full_Papers.bib
chen-etal-2021-advpicker,{A}dv{P}icker: {E}ffectively {L}everaging {U}nlabeled {D}ata via {A}dversarial {D}iscriminator for {C}ross-{L}ingual {NER},2021,ACL_2021_Full_Papers.bib
hu-etal-2021-compare,Compare to The Knowledge: Graph Neural Fake News Detection with External Knowledge,2021,ACL_2021_Full_Papers.bib
ko-etal-2021-adapting,Adapting High-resource {NMT} Models to Translate Low-resource Related Languages without Parallel Data,2021,ACL_2021_Full_Papers.bib
shi-etal-2021-bilingual,Bilingual Lexicon Induction via Unsupervised Bitext Construction and Word Alignment,2021,ACL_2021_Full_Papers.bib
li-etal-2021-multilingual,Multilingual Speech Translation from Efficient Finetuning of Pretrained Models,2021,ACL_2021_Full_Papers.bib
oconnor-andreas-2021-context,What Context Features Can Transformer Language Models Use?,2021,ACL_2021_Full_Papers.bib
sikdar-etal-2021-integrated,Integrated Directional Gradients: Feature Interaction Attribution for Neural {NLP} Models,2021,ACL_2021_Full_Papers.bib
giorgi-etal-2021-declutr,{D}e{CLUTR}: Deep Contrastive Learning for Unsupervised Textual Representations,2021,ACL_2021_Full_Papers.bib
herzig-berant-2021-span,Span-based Semantic Parsing for Compositional Generalization,2021,ACL_2021_Full_Papers.bib
wilcox-etal-2021-targeted,A Targeted Assessment of Incremental Processing in Neural Language Models and Humans,2021,ACL_2021_Full_Papers.bib
pyatkin-etal-2021-possible,"The Possible, the Plausible, and the Desirable: Event-Based Modality Detection for Language Processing",2021,ACL_2021_Full_Papers.bib
wang-etal-2021-voxpopuli,"{V}ox{P}opuli: A Large-Scale Multilingual Speech Corpus for Representation Learning, Semi-Supervised Learning and Interpretation",2021,ACL_2021_Full_Papers.bib
blodgett-etal-2021-stereotyping,Stereotyping {N}orwegian Salmon: An Inventory of Pitfalls in Fairness Benchmark Datasets,2021,ACL_2021_Full_Papers.bib
lovelace-etal-2021-robust,Robust Knowledge Graph Completion with Stacked Convolutions and a Student Re-Ranking Network,2021,ACL_2021_Full_Papers.bib
xin-etal-2021-art,The Art of Abstention: Selective Prediction and Error Regularization for Natural Language Processing,2021,ACL_2021_Full_Papers.bib
xu-etal-2021-unsupervised,Unsupervised Out-of-Domain Detection via Pre-trained Transformers,2021,ACL_2021_Full_Papers.bib
rashid-etal-2021-mate,"{MATE}-{KD}: Masked Adversarial {TE}xt, a Companion to Knowledge Distillation",2021,ACL_2021_Full_Papers.bib
antonello-etal-2021-selecting,Selecting Informative Contexts Improves Language Model Fine-tuning,2021,ACL_2021_Full_Papers.bib
garbacea-etal-2021-explainable,Explainable Prediction of Text Complexity: The Missing Preliminaries for Text Simplification,2021,ACL_2021_Full_Papers.bib
maillard-etal-2021-multi,Multi-Task Retrieval for Knowledge-Intensive Tasks,2021,ACL_2021_Full_Papers.bib
zhang-etal-2021-need,When Do You Need Billions of Words of Pretraining Data?,2021,ACL_2021_Full_Papers.bib
voita-etal-2021-analyzing,Analyzing the Source and Target Contributions to Predictions in Neural Machine Translation,2021,ACL_2021_Full_Papers.bib
vania-etal-2021-comparing,Comparing Test Sets with Item Response Theory,2021,ACL_2021_Full_Papers.bib
bhardwaj-etal-2021-identifiable,More Identifiable yet Equally Performant Transformers for Text Classification,2021,ACL_2021_Full_Papers.bib
xu-etal-2021-augnlg,{A}ug{NLG}: Few-shot Natural Language Generation using Self-trained Data Augmentation,2021,ACL_2021_Full_Papers.bib
mou-etal-2021-align,Align Voting Behavior with Public Statements for Legislator Representation Learning,2021,ACL_2021_Full_Papers.bib
montariol-allauzen-2021-measure,Measure and Evaluation of Semantic Divergence across Two Languages,2021,ACL_2021_Full_Papers.bib
liu-etal-2021-improving-zero,Improving Zero-Shot Translation by Disentangling Positional Information,2021,ACL_2021_Full_Papers.bib
lin-etal-2021-common,Common Sense Beyond {E}nglish: Evaluating and Improving Multilingual Language Models for Commonsense Reasoning,2021,ACL_2021_Full_Papers.bib
lu-etal-2021-attention,Attention Calibration for Transformer in Neural Machine Translation,2021,ACL_2021_Full_Papers.bib
donato-etal-2021-diverse,Diverse Pretrained Context Encodings Improve Document Translation,2021,ACL_2021_Full_Papers.bib
khemchandani-etal-2021-exploiting,Exploiting Language Relatedness for Low Web-Resource Language Model Adaptation: {A}n {I}ndic Languages Study,2021,ACL_2021_Full_Papers.bib
zmigrod-etal-2021-finding,On Finding the K-best Non-projective Dependency Trees,2021,ACL_2021_Full_Papers.bib
vecchi-etal-2021-towards,Towards Argument Mining for Social Good: A Survey,2021,ACL_2021_Full_Papers.bib
fontana-de-vargas-moffatt-2021-automated,{A}utomated Generation of Storytelling Vocabulary from Photographs for use in {AAC},2021,ACL_2021_Full_Papers.bib
shoeb-de-melo-2021-assessing,Assessing Emoji Use in Modern Text Processing Tools,2021,ACL_2021_Full_Papers.bib
ahmad-etal-2021-select,"Select, Extract and Generate: Neural Keyphrase Generation with Layer-wise Coverage Attention",2021,ACL_2021_Full_Papers.bib
hosking-lapata-2021-factorising,Factorising Meaning and Form for Intent-Preserving Paraphrasing,2021,ACL_2021_Full_Papers.bib
west-etal-2021-reflective,Reflective Decoding: Beyond Unidirectional Generation with Off-the-Shelf Language Models,2021,ACL_2021_Full_Papers.bib
suadaa-etal-2021-towards,Towards Table-to-Text Generation with Numerical Reasoning,2021,ACL_2021_Full_Papers.bib
ge-etal-2021-baco,{BACO}: A Background Knowledge- and Content-Based Framework for Citing Sentence Generation,2021,ACL_2021_Full_Papers.bib
mrini-etal-2021-gradually,A Gradually Soft Multi-Task and Data-Augmented Approach to Medical Question Understanding,2021,ACL_2021_Full_Papers.bib
wu-etal-2021-mect,{MECT}: {M}ulti-Metadata Embedding based Cross-Transformer for {C}hinese Named Entity Recognition,2021,ACL_2021_Full_Papers.bib
shen-etal-2021-directed,Directed Acyclic Graph Network for Conversational Emotion Recognition,2021,ACL_2021_Full_Papers.bib
yao-yu-2021-improving,Improving Formality Style Transfer with Context-Aware Rule Injection,2021,ACL_2021_Full_Papers.bib
zhu-etal-2021-topic,Topic-Driven and Knowledge-Aware Transformer for Dialogue Emotion Detection,2021,ACL_2021_Full_Papers.bib
barrow-etal-2021-syntopical,Syntopical Graphs for Computational Argumentation Tasks,2021,ACL_2021_Full_Papers.bib
dogruoz-etal-2021-survey,A Survey of Code-switching: Linguistic and Social Perspectives for Language Technologies,2021,ACL_2021_Full_Papers.bib
fung-etal-2021-infosurgeon,{I}nfo{S}urgeon: Cross-Media Fine-grained Information Consistency Checking for Fake News Detection,2021,ACL_2021_Full_Papers.bib
nie-etal-2021-like,"{I} like fish, especially dolphins: Addressing Contradictions in Dialogue Modeling",2021,ACL_2021_Full_Papers.bib
feng-etal-2021-sequence,A Sequence-to-Sequence Approach to Dialogue State Tracking,2021,ACL_2021_Full_Papers.bib
xu-etal-2021-discovering,Discovering Dialog Structure Graph for Coherent Dialog Generation,2021,ACL_2021_Full_Papers.bib
su-etal-2021-dialogue,Dialogue Response Selection with Hierarchical Curriculum Learning,2021,ACL_2021_Full_Papers.bib
pahuja-etal-2021-systematic,A Systematic Investigation of {KB}-Text Embedding Alignment at Scale,2021,ACL_2021_Full_Papers.bib
wang-etal-2021-improving,Improving Named Entity Recognition by External Context Retrieving and Cooperative Learning,2021,ACL_2021_Full_Papers.bib
li-etal-2021-implicit,Implicit Representations of Meaning in Neural Language Models,2021,ACL_2021_Full_Papers.bib
finlayson-etal-2021-causal,Causal Analysis of Syntactic Agreement Mechanisms in Neural Language Models,2021,ACL_2021_Full_Papers.bib
hou-sachan-2021-birds,Bird{'}s Eye: Probing for Linguistic Graph Structures with a Simple Information-Theoretic Approach,2021,ACL_2021_Full_Papers.bib
bhardwaj-etal-2021-poisoning,Poisoning Knowledge Graph Embeddings via Relation Inference Patterns,2021,ACL_2021_Full_Papers.bib
antoniak-mimno-2021-bad,Bad Seeds: Evaluating Lexical Methods for Bias Measurement,2021,ACL_2021_Full_Papers.bib
zhang-etal-2021-crafting,Crafting Adversarial Examples for Neural Machine Translation,2021,ACL_2021_Full_Papers.bib
qian-etal-2021-glancing,Glancing Transformer for Non-Autoregressive Neural Machine Translation,2021,ACL_2021_Full_Papers.bib
ji-etal-2021-hierarchical,Hierarchical Context-aware Network for Dense Video Event Captioning,2021,ACL_2021_Full_Papers.bib
yan-etal-2021-control,Control Image Captioning Spatially and Temporally,2021,ACL_2021_Full_Papers.bib
onoe-etal-2021-modeling,Modeling Fine-Grained Entity Types with Box Embeddings,2021,ACL_2021_Full_Papers.bib
sun-etal-2021-chinesebert,{C}hinese{BERT}: {C}hinese Pretraining Enhanced by Glyph and {P}inyin Information,2021,ACL_2021_Full_Papers.bib
lin-etal-2021-weight,Weight Distillation: Transferring the Knowledge in Neural Network Parameters,2021,ACL_2021_Full_Papers.bib
xu-etal-2021-optimizing,Optimizing Deeper Transformers on Small Datasets,2021,ACL_2021_Full_Papers.bib
oh-etal-2021-bertac,{BERTAC}: Enhancing Transformer-based Language Models with Adversarially Pretrained Convolutional Neural Networks,2021,ACL_2021_Full_Papers.bib
luu-etal-2021-explaining,Explaining Relationships Between Scientific Documents,2021,ACL_2021_Full_Papers.bib
chen-etal-2021-plotcoder,{P}lot{C}oder: Hierarchical Decoding for Synthesizing Visualization Code in Programmatic Context,2021,ACL_2021_Full_Papers.bib
chen-etal-2021-earlybert,{E}arly{BERT}: Efficient {BERT} Training via Early-bird Lottery Tickets,2021,ACL_2021_Full_Papers.bib
he-etal-2021-effectiveness,On the Effectiveness of Adapter-based Tuning for Pretrained Language Model Adaptation,2021,ACL_2021_Full_Papers.bib
bi-etal-2021-data,Data Augmentation for Text Generation Without Any Augmented Data,2021,ACL_2021_Full_Papers.bib
ou-etal-2021-integrating,Integrating Semantics and Neighborhood Information with Graph-Driven Generative Models for Document Retrieval,2021,ACL_2021_Full_Papers.bib
lee-etal-2021-kaggledbqa,{K}aggle{DBQA}: Realistic Evaluation of Text-to-{SQL} Parsers,2021,ACL_2021_Full_Papers.bib
liu-wang-2021-empirical,An Empirical Study on Hyperparameter Optimization for Fine-Tuning Pre-trained Language Models,2021,ACL_2021_Full_Papers.bib
wang-etal-2021-cline,{CLINE}: Contrastive Learning with Semantic Negative Examples for Natural Language Understanding,2021,ACL_2021_Full_Papers.bib
chen-etal-2021-tree,Tree-Structured Topic Modeling with Nonparametric Neural Variational Inference,2021,ACL_2021_Full_Papers.bib
samanta-etal-2021-hierarchical,A Hierarchical {VAE} for Calibrating Attributes while Generating Text using Normalizing Flow,2021,ACL_2021_Full_Papers.bib
yan-etal-2021-unified,A Unified Generative Framework for Aspect-based Sentiment Analysis,2021,ACL_2021_Full_Papers.bib
shen-etal-2021-enhancing,Enhancing the generalization for Intent Classification and Out-of-Domain Detection in {SLU},2021,ACL_2021_Full_Papers.bib
yang-etal-2021-comprehensive,Comprehensive Study: How the Context Information of Different Granularity Affects Dialogue State Tracking?,2021,ACL_2021_Full_Papers.bib
sevegnani-etal-2021-otters,{OTT}ers: One-turn Topic Transitions for Open-Domain Dialogue,2021,ACL_2021_Full_Papers.bib
chen-etal-2021-kace,{KACE}: Generating Knowledge Aware Contrastive Explanations for Natural Language Inference,2021,ACL_2021_Full_Papers.bib
kim-etal-2021-self,Self-Guided Contrastive Learning for {BERT} Sentence Representations,2021,ACL_2021_Full_Papers.bib
cao-etal-2021-lgesql,{LGESQL}: Line Graph Enhanced Text-to-{SQL} Model with Mixed Local and Non-Local Relations,2021,ACL_2021_Full_Papers.bib
liu-etal-2021-multi,Multi-stage Pre-training over Simplified Multimodal Pre-training Models,2021,ACL_2021_Full_Papers.bib
zhang-etal-2021-beyond,Beyond Sentence-Level End-to-End Speech Translation: Context Helps,2021,ACL_2021_Full_Papers.bib
li-etal-2021-unimo,{UNIMO}: Towards Unified-Modal Understanding and Generation via Cross-Modal Contrastive Learning,2021,ACL_2021_Full_Papers.bib
zhao-etal-2021-missing,Missing Modality Imagination Network for Emotion Recognition with Uncertain Missing Modalities,2021,ACL_2021_Full_Papers.bib
xu-etal-2021-stacked,Stacked Acoustic-and-Textual Encoding: Integrating the Pre-trained Models into Speech Translation Encoders,2021,ACL_2021_Full_Papers.bib
xin-etal-2021-n,N-ary Constituent Tree Parsing with Recursive Semi-{M}arkov Model,2021,ACL_2021_Full_Papers.bib
wang-etal-2021-automated,Automated Concatenation of Embeddings for Structured Prediction,2021,ACL_2021_Full_Papers.bib
hu-etal-2021-multi,Multi-View Cross-Lingual Structured Prediction with Minimum Supervision,2021,ACL_2021_Full_Papers.bib
li-risteski-2021-limitations,The Limitations of Limited Context for Constituency Parsing,2021,ACL_2021_Full_Papers.bib
yang-etal-2021-neural,Neural Bi-Lexicalized {PCFG} Induction,2021,ACL_2021_Full_Papers.bib
sakai-2021-evaluating,Evaluating Evaluation Measures for Ordinal Classification and Ordinal Quantification,2021,ACL_2021_Full_Papers.bib
shen-etal-2021-locate,Locate and Label: A Two-stage Identifier for Nested Named Entity Recognition,2021,ACL_2021_Full_Papers.bib
ji-etal-2021-neural,A Neural Transition-based Joint Model for Disease Named Entity Recognition and Normalization,2021,ACL_2021_Full_Papers.bib
deng-etal-2021-ontoed,{O}nto{ED}: Low-resource Event Detection with Ontology Embedding,2021,ACL_2021_Full_Papers.bib
chen-etal-2021-breaking,Breaking the Corpus Bottleneck for Context-Aware Neural Machine Translation with Cross-Task Pre-training,2021,ACL_2021_Full_Papers.bib
feng-etal-2021-guiding,Guiding Teacher Forcing with Seer Forcing for Neural Machine Translation,2021,ACL_2021_Full_Papers.bib
park-etal-2021-unsupervised,Unsupervised Neural Machine Translation for Low-Resource Domains via Meta-Learning,2021,ACL_2021_Full_Papers.bib
mao-etal-2021-lightweight,Lightweight Cross-Lingual Sentence Representation Learning,2021,ACL_2021_Full_Papers.bib
ding-etal-2021-ernie,{ERNIE}-{D}oc: A Retrospective Long-Document Modeling Transformer,2021,ACL_2021_Full_Papers.bib
duan-etal-2021-enslm,{E}ns{LM}: Ensemble Language Model for Data Diversity by Semantic Clustering,2021,ACL_2021_Full_Papers.bib
zhu-2021-leebert,{L}ee{BERT}: Learned Early Exit for {BERT} with cross-level optimization,2021,ACL_2021_Full_Papers.bib
pugoy-kao-2021-unsupervised,Unsupervised Extractive Summarization-Based Representations for Accurate and Explainable Collaborative Filtering,2021,ACL_2021_Full_Papers.bib
liu-etal-2021-plome,{PLOME}: Pre-training with Misspelled Knowledge for {C}hinese Spelling Correction,2021,ACL_2021_Full_Papers.bib
qiu-etal-2021-learning,Learning Syntactic Dense Embedding with Correlation Graph for Automatic Readability Assessment,2021,ACL_2021_Full_Papers.bib
pan-etal-2021-meta,Meta-{KD}: A Meta Knowledge Distillation Framework for Language Model Compression across Domains,2021,ACL_2021_Full_Papers.bib
niu-etal-2021-semantic,A Semantic-based Method for Unsupervised Commonsense Question Answering,2021,ACL_2021_Full_Papers.bib
cheng-etal-2021-unitedqa,{U}nited{QA}: {A} Hybrid Approach for Open Domain Question Answering,2021,ACL_2021_Full_Papers.bib
rust-etal-2021-good,How Good is Your Tokenizer? On the Monolingual Performance of Multilingual Language Models,2021,ACL_2021_Full_Papers.bib
martinez-garcia-etal-2021-evaluating,Evaluating morphological typology in zero-shot cross-lingual transfer,2021,ACL_2021_Full_Papers.bib
tarunesh-etal-2021-machine,From Machine Translation to Code-Switching: Generating High-Quality Code-Switched Text,2021,ACL_2021_Full_Papers.bib
he-etal-2021-fast,Fast and Accurate Neural Machine Translation with Translation Memory,2021,ACL_2021_Full_Papers.bib
wang-etal-2021-generative,Can Generative Pre-trained Language Models Serve As Knowledge Bases for Closed-book {QA}?,2021,ACL_2021_Full_Papers.bib
zhang-etal-2021-joint,Joint Models for Answer Verification in Question Answering Systems,2021,ACL_2021_Full_Papers.bib
lan-jiang-2021-modeling,Modeling Transitions of Focal Entities for Conversational Knowledge Base Question Answering,2021,ACL_2021_Full_Papers.bib
thorne-vlachos-2021-evidence,Evidence-based Factual Error Correction,2021,ACL_2021_Full_Papers.bib
conklin-etal-2021-meta,Meta-Learning to Compositionally Generalize,2021,ACL_2021_Full_Papers.bib
diao-etal-2021-taming,Taming Pre-trained Language Models with N-gram Representations for Low-Resource Domain Adaptation,2021,ACL_2021_Full_Papers.bib
qin-etal-2021-erica,{ERICA}: Improving Entity and Relation Understanding for Pre-trained Language Models via Contrastive Learning,2021,ACL_2021_Full_Papers.bib
barnes-etal-2021-structured,Structured Sentiment Analysis as Dependency Graph Parsing,2021,ACL_2021_Full_Papers.bib
miao-etal-2021-prevent,Prevent the Language Model from being Overconfident in Neural Machine Translation,2021,ACL_2021_Full_Papers.bib
wu-etal-2021-novel,Novel Slot Detection: A Benchmark for Discovering Unknown Slot Types in the Task-Oriented Dialogue System,2021,ACL_2021_Full_Papers.bib
shen-etal-2021-gtm,{GTM}: A Generative Triple-wise Model for Conversational Question Generation,2021,ACL_2021_Full_Papers.bib
wang-etal-2021-diversifying,Diversifying Dialog Generation via Adaptive Label Smoothing,2021,ACL_2021_Full_Papers.bib
xu-etal-2021-document,Document-level Event Extraction via Heterogeneous Graph-based Interaction Model with a Tracker,2021,ACL_2021_Full_Papers.bib
wang-etal-2021-nested,Nested Named Entity Recognition via Explicitly Excluding the Influence of the Best Path,2021,ACL_2021_Full_Papers.bib
zuo-etal-2021-learnda,{L}earn{DA}: Learnable Knowledge-Guided Data Augmentation for Event Causality Identification,2021,ACL_2021_Full_Papers.bib
hofmann-etal-2021-superbizarre,Superbizarre Is Not Superb: Derivational Morphology Improves {BERT}{'}s Interpretation of Complex Words,2021,ACL_2021_Full_Papers.bib
ushio-etal-2021-bert,{BERT} is to {NLP} what {A}lex{N}et is to {CV}: Can Pre-Trained Language Models Identify Analogies?,2021,ACL_2021_Full_Papers.bib
garcia-2021-exploring,Exploring the Representation of Word Meanings in Context: {A} Case Study on Homonymy and Synonymy,2021,ACL_2021_Full_Papers.bib
platanios-etal-2021-value,Value-Agnostic Conversational Semantic Parsing,2021,ACL_2021_Full_Papers.bib
gu-etal-2021-mpc,{MPC}-{BERT}: A Pre-Trained Language Model for Multi-Party Conversation Understanding,2021,ACL_2021_Full_Papers.bib
rohanian-hough-2021-best,Best of Both Worlds: Making High Accuracy Non-incremental Transformer-based Disfluency Detection Incremental,2021,ACL_2021_Full_Papers.bib
shain-2021-cdrnn,{CDRNN}: Discovering Complex Dynamics in Human Language Processing,2021,ACL_2021_Full_Papers.bib
qian-etal-2021-structural,Structural Guidance for Transformer Language Models,2021,ACL_2021_Full_Papers.bib
oh-etal-2021-surprisal,Surprisal Estimators for Human Reading Times Need Character Models,2021,ACL_2021_Full_Papers.bib
ren-xiong-2021-cogalign,{C}og{A}lign: Learning to Align Textual Neural Representations to Cognitive Language Processing Signals,2021,ACL_2021_Full_Papers.bib
yao-etal-2021-self,Self-Attention Networks Can Process Bounded Hierarchical Languages,2021,ACL_2021_Full_Papers.bib
riley-etal-2021-textsettr,{T}ext{SETTR}: Few-Shot Text Style Extraction and Tunable Targeted Restyling,2021,ACL_2021_Full_Papers.bib
le-etal-2021-sweet,A Sweet Rabbit Hole by {DARCY}: Using Honeypots to Detect Universal Trigger{'}s Adversarial Attacks,2021,ACL_2021_Full_Papers.bib
wei-etal-2021-towards,Towards Propagation Uncertainty: Edge-enhanced {B}ayesian Graph Convolutional Networks for Rumor Detection,2021,ACL_2021_Full_Papers.bib
ma-etal-2021-label,Label-Specific Dual Graph Neural Network for Multi-Label Text Classification,2021,ACL_2021_Full_Papers.bib
panwar-etal-2021-tan,{TAN}-{NTM}: {T}opic Attention Networks for Neural Topic Modeling,2021,ACL_2021_Full_Papers.bib
pappas-androutsopoulos-2021-neural,A Neural Model for Joint Document and Snippet Ranking in Question Answering for Large Document Collections,2021,ACL_2021_Full_Papers.bib
gao-etal-2021-abcd,{ABCD}: A Graph Framework to Convert Complex Sentences to a Covering Set of Simple Sentences,2021,ACL_2021_Full_Papers.bib
kim-etal-2021-linguist,Which Linguist Invented the Lightbulb? Presupposition Verification for Question-Answering,2021,ACL_2021_Full_Papers.bib
liu-etal-2021-exploring-discourse,Exploring Discourse Structures for Argument Impact Classification,2021,ACL_2021_Full_Papers.bib
zhang-etal-2021-point,"Point, Disambiguate and Copy: Incorporating Bilingual Dictionaries for Neural Machine Translation",2021,ACL_2021_Full_Papers.bib
jon-etal-2021-end,End-to-End Lexically Constrained Machine Translation for Morphologically Rich Languages,2021,ACL_2021_Full_Papers.bib
akhbardeh-etal-2021-handling,Handling Extreme Class Imbalance in Technical Logbook Datasets,2021,ACL_2021_Full_Papers.bib
li-etal-2021-dual,Dual Reader-Parser on Hybrid Textual and Tabular Evidence for Open Domain Question Answering,2021,ACL_2021_Full_Papers.bib
mao-etal-2021-generation,Generation-Augmented Retrieval for Open-Domain Question Answering,2021,ACL_2021_Full_Papers.bib
si-etal-2021-check,Check It Again:Progressive Visual Question Answering via Visual Entailment,2021,ACL_2021_Full_Papers.bib
shao-etal-2021-mutual,A Mutual Information Maximization Approach for the Spurious Solution Problem in Weakly Supervised Question Answering,2021,ACL_2021_Full_Papers.bib
ravichander-etal-2021-breaking,Breaking Down Walls of Text: How Can {NLP} Benefit Consumer Privacy?,2021,ACL_2021_Full_Papers.bib
tan-etal-2021-reliability,Reliability Testing for Natural Language Processing Systems,2021,ACL_2021_Full_Papers.bib
liang-etal-2021-learning,Learning Language and Multimodal Privacy-Preserving Markers of Mood from Mobile Data,2021,ACL_2021_Full_Papers.bib
fu-etal-2021-end,End-to-End {AMR} Coreference Resolution,2021,ACL_2021_Full_Papers.bib
li-etal-2021-bert,How is {BERT} surprised? Layerwise detection of linguistic anomalies,2021,ACL_2021_Full_Papers.bib
yang-etal-2021-psycholinguistic,Psycholinguistic Tripartite Graph Network for Personality Detection,2021,ACL_2021_Full_Papers.bib
tang-etal-2021-improving,Improving Speech Translation by Understanding and Learning from the Auxiliary Text Translation Task,2021,ACL_2021_Full_Papers.bib
sheng-etal-2021-societal,Societal Biases in Language Generation: Progress and Challenges,2021,ACL_2021_Full_Papers.bib
shen-etal-2021-reservoir,Reservoir Transformers,2021,ACL_2021_Full_Papers.bib
chang-etal-2021-convolutions,Convolutions and Self-Attention: {R}e-interpreting Relative Positions in Pre-trained Language Models,2021,ACL_2021_Full_Papers.bib
bai-etal-2021-binarybert,{B}inary{BERT}: Pushing the Limit of {BERT} Quantization,2021,ACL_2021_Full_Papers.bib
tay-etal-2021-pretrained,Are Pretrained Convolutions Better than Pretrained Transformers?,2021,ACL_2021_Full_Papers.bib
chao-etal-2021-pairre,{P}air{RE}: Knowledge Graph Embeddings via Paired Relation Vectors,2021,ACL_2021_Full_Papers.bib
chen-etal-2021-hierarchy,Hierarchy-aware Label Semantics Matching Network for Hierarchical Text Classification,2021,ACL_2021_Full_Papers.bib
chen-etal-2021-hiddencut,{H}idden{C}ut: Simple Data Augmentation for Natural Language Understanding with Better Generalizability,2021,ACL_2021_Full_Papers.bib
zhu-etal-2021-neural,Neural Stylistic Response Generation with Disentangled Latent Variables,2021,ACL_2021_Full_Papers.bib
peng-etal-2021-raddle,{RADDLE}: An Evaluation Benchmark and Analysis Platform for Robust Task-oriented Dialog Systems,2021,ACL_2021_Full_Papers.bib
bai-etal-2021-semantic,Semantic Representation for Dialogue Modeling,2021,ACL_2021_Full_Papers.bib
tao-etal-2021-pre,A Pre-training Strategy for Zero-Resource Response Selection in Knowledge-Grounded Conversations,2021,ACL_2021_Full_Papers.bib
tian-etal-2021-dependency,Dependency-driven Relation Extraction with Attentive Graph Convolutional Networks,2021,ACL_2021_Full_Papers.bib
chen-etal-2021-evaluating,Evaluating Entity Disambiguation and the Role of Popularity in Retrieval-Based {NLP},2021,ACL_2021_Full_Papers.bib
ren-etal-2021-semface,{S}em{F}ace: Pre-training Encoder and Decoder with a Semantic Interface for Neural Machine Translation,2021,ACL_2021_Full_Papers.bib
bhattacharyya-etal-2021-energy,Energy-Based Reranking: Improving Neural Machine Translation Using Energy-Based Models,2021,ACL_2021_Full_Papers.bib
ahmad-etal-2021-syntax,Syntax-augmented Multilingual {BERT} for Cross-lingual Transfer,2021,ACL_2021_Full_Papers.bib
ebrahimi-kann-2021-adapt,How to Adapt Your Pretrained Multilingual Model to 1600 Languages,2021,ACL_2021_Full_Papers.bib
li-liang-2021-prefix,Prefix-Tuning: Optimizing Continuous Prompts for Generation,2021,ACL_2021_Full_Papers.bib
tang-etal-2021-continuous,Continuous Language Generative Flow,2021,ACL_2021_Full_Papers.bib
zhu-etal-2021-twag,{TWAG}: A Topic-Guided {W}ikipedia Abstract Generator,2021,ACL_2021_Full_Papers.bib
hu-etal-2021-knowledge,How Knowledge Graph and Attention Help? A Qualitative Analysis into Bag-level Relation Extraction,2021,ACL_2021_Full_Papers.bib
wei-etal-2021-trigger,Trigger is Not Sufficient: Exploiting Frame-aware Knowledge for Implicit Event Argument Extraction,2021,ACL_2021_Full_Papers.bib
liu-etal-2021-element,Element Intervention for Open Relation Extraction,2021,ACL_2021_Full_Papers.bib
jiang-etal-2021-cori,{C}o{RI}: Collective Relation Integration with Data Augmentation for Open Information Extraction,2021,ACL_2021_Full_Papers.bib
logan-iv-etal-2021-benchmarking,Benchmarking Scalable Methods for Streaming Cross Document Entity Coreference,2021,ACL_2021_Full_Papers.bib
li-etal-2021-search,Search from History and Reason for Future: Two-stage Reasoning on Temporal Knowledge Graphs,2021,ACL_2021_Full_Papers.bib
al-khatib-etal-2021-employing,Employing Argumentation Knowledge Graphs for Neural Argument Generation,2021,ACL_2021_Full_Papers.bib
xu-etal-2021-learning,Learning Span-Level Interactions for Aspect Sentiment Triplet Extraction,2021,ACL_2021_Full_Papers.bib
li-etal-2021-compositional,On Compositional Generalization of Neural Machine Translation,2021,ACL_2021_Full_Papers.bib
li-etal-2021-gwlan,{GWLAN}: General Word-Level {A}utocompletio{N} for Computer-Aided Translation,2021,ACL_2021_Full_Papers.bib
li-etal-2021-span,A Span-Based Model for Joint Overlapped and Discontinuous Named Entity Recognition,2021,ACL_2021_Full_Papers.bib
minh-tran-etal-2021-exploiting,Exploiting Document Structures and Cluster Consistencies for Event Coreference Resolution,2021,ACL_2021_Full_Papers.bib
tian-etal-2021-stereorel,{S}tereo{R}el: Relational Triple Extraction from a Stereoscopic Perspective,2021,ACL_2021_Full_Papers.bib
cao-etal-2021-knowledge,Knowledge-Enriched Event Causality Identification via Latent Structure Induction Networks,2021,ACL_2021_Full_Papers.bib
qi-etal-2021-turn,Turn the Combination Lock: Learnable Textual Backdoor Attacks via Word Substitution,2021,ACL_2021_Full_Papers.bib
guo-etal-2021-parameter,Parameter-Efficient Transfer Learning with Diff Pruning,2021,ACL_2021_Full_Papers.bib
hu-etal-2021-r2d2,{R}2{D}2: Recursive Transformer based on Differentiable Tree for Interpretable Hierarchical Language Modeling,2021,ACL_2021_Full_Papers.bib
hambardzumyan-etal-2021-warp,{WARP}: {W}ord-level {A}dversarial {R}e{P}rogramming,2021,ACL_2021_Full_Papers.bib
akyurek-andreas-2021-lexicon,Lexicon Learning for Few Shot Sequence Modeling,2021,ACL_2021_Full_Papers.bib
li-etal-2021-personalized,Personalized Transformer for Explainable Recommendation,2021,ACL_2021_Full_Papers.bib
li-shi-2021-tail,Tail-to-Tail Non-Autoregressive Sequence Prediction for {C}hinese Grammatical Error Correction,2021,ACL_2021_Full_Papers.bib
yang-etal-2021-writing,Writing by Memorizing: Hierarchical Retrieval-based Medical Report Generation,2021,ACL_2021_Full_Papers.bib
wang-etal-2021-concept,Concept-Based Label Embedding via Dynamic Routing for Hierarchical Text Classification,2021,ACL_2021_Full_Papers.bib
lu-etal-2021-visualsparta,{V}isual{S}parta: An Embarrassingly Simple Approach to Large-scale Text-to-Image Search with Weighted Bag-of-words,2021,ACL_2021_Full_Papers.bib
tang-etal-2021-improving-document,Improving Document Representations by Generating Pseudo Query Embeddings for Dense Retrieval,2021,ACL_2021_Full_Papers.bib
yan-etal-2021-consert,{C}on{SERT}: A Contrastive Framework for Self-Supervised Sentence Representation Transfer,2021,ACL_2021_Full_Papers.bib
jiang-etal-2021-exploring,Exploring Dynamic Selection of Branch Expansion Orders for Code Generation,2021,ACL_2021_Full_Papers.bib
paul-frank-2021-coins,{COINS}: Dynamically Generating {CO}ntextualized Inference Rules for Narrative Story Completion,2021,ACL_2021_Full_Papers.bib
huang-etal-2021-reasoning,Reasoning over Entity-Action-Location Graph for Procedural Text Understanding,2021,ACL_2021_Full_Papers.bib
wu-etal-2021-paraphrasing,From Paraphrasing to Semantic Parsing: Unsupervised Semantic Parsing via Synchronous Semantic Decoding,2021,ACL_2021_Full_Papers.bib
li-zhao-2021-pre,Pre-training Universal Language Representation,2021,ACL_2021_Full_Papers.bib
zhang-zhao-2021-structural,Structural Pre-training for Dialogue Comprehension,2021,ACL_2021_Full_Papers.bib
yin-etal-2021-autotinybert,{A}uto{T}iny{BERT}: Automatic Hyper-parameter Optimization for Efficient Pre-trained Language Models,2021,ACL_2021_Full_Papers.bib
dong-etal-2021-data,Data Augmentation with Adversarial Training for Cross-Lingual {NLI},2021,ACL_2021_Full_Papers.bib
zhang-etal-2021-bootstrapped,Bootstrapped Unsupervised Sentence Representation Learning,2021,ACL_2021_Full_Papers.bib
du-etal-2021-learning,Learning Event Graph Knowledge for Abductive Reasoning,2021,ACL_2021_Full_Papers.bib
wei-etal-2021-cognitive,A Cognitive Regularizer for Language Modeling,2021,ACL_2021_Full_Papers.bib
kuribayashi-etal-2021-lower,Lower Perplexity is Not Always Human-Like,2021,ACL_2021_Full_Papers.bib
wang-wang-2021-word,Word Sense Disambiguation: Towards Interactive Context Exploitation from Both Word and Sense Perspectives,2021,ACL_2021_Full_Papers.bib
su-etal-2021-knowledge,A Knowledge-Guided Framework for Frame Identification,2021,ACL_2021_Full_Papers.bib
gupta-jaggi-2021-obtaining,Obtaining Better Static Word Embeddings Using Contextual Embedding Models,2021,ACL_2021_Full_Papers.bib
vulic-etal-2021-lexfit,{L}ex{F}it: Lexical Fine-Tuning of Pretrained Language Models,2021,ACL_2021_Full_Papers.bib
hsu-etal-2021-text,Text-Free Image-to-Speech Synthesis Using Learned Segmental Units,2021,ACL_2021_Full_Papers.bib
tang-etal-2021-ctfn,{CTFN}: Hierarchical Learning for Multimodal Sentiment Analysis Using Coupled-Translation Fusion Network,2021,ACL_2021_Full_Papers.bib
luo-etal-2021-positional,Positional Artefacts Propagate Through Masked Language Model Embeddings,2021,ACL_2021_Full_Papers.bib
situ-etal-2021-learning,Learning to Explain: Generating Stable Explanations Fast,2021,ACL_2021_Full_Papers.bib
liu-etal-2021-enabling,Enabling Lightweight Fine-tuning for Pre-trained Language Model Compression based on Matrix Product Operators,2021,ACL_2021_Full_Papers.bib
zhang-etal-2021-sample,"On Sample Based Explanation Methods for {NLP}: Faithfulness, Efficiency and Semantic Evaluation",2021,ACL_2021_Full_Papers.bib
zhang-etal-2021-matching,Matching Distributions between Model and Data: Cross-domain Knowledge Distillation for Unsupervised Domain Adaptation,2021,ACL_2021_Full_Papers.bib
qi-etal-2021-hierec,{H}ie{R}ec: Hierarchical User Interest Modeling for Personalized News Recommendation,2021,ACL_2021_Full_Papers.bib
sheng-etal-2021-article,Article Reranking by Memory-Enhanced Key Sentence Matching for Detecting Previously Fact-Checked Claims,2021,ACL_2021_Full_Papers.bib
zhou-etal-2021-defense,Defense against Synonym Substitution-based Adversarial Attacks via {D}irichlet Neighborhood Ensemble,2021,ACL_2021_Full_Papers.bib
press-etal-2021-shortformer,Shortformer: Better Language Modeling using Shorter Inputs,2021,ACL_2021_Full_Papers.bib
mao-etal-2021-banditmtl,{B}andit{MTL}: Bandit-based Multi-task Learning for Text Classification,2021,ACL_2021_Full_Papers.bib
kamigaito-hayashi-2021-unified,Unified Interpretation of Softmax Cross-Entropy and Negative Sampling: With Case Study for Knowledge Graph Embedding,2021,ACL_2021_Full_Papers.bib
chen-etal-2021-de,De-Confounded Variational Encoder-Decoder for Logical Table-to-Text Generation,2021,ACL_2021_Full_Papers.bib
yang-etal-2021-rethinking,Rethinking Stealthiness of Backdoor Attack against {NLP} Models,2021,ACL_2021_Full_Papers.bib
lee-etal-2021-learning-perturb,Learning to Perturb Word Embeddings for Out-of-distribution {QA},2021,ACL_2021_Full_Papers.bib
liang-etal-2021-maria,Maria: A Visual Experience Powered Conversational Agent,2021,ACL_2021_Full_Papers.bib
sun-etal-2021-generating,Generating Relevant and Coherent Dialogue Responses using Self-Separated Conditional Variational {A}uto{E}ncoders,2021,ACL_2021_Full_Papers.bib
liu-etal-2021-learning-ask,Learning to Ask Conversational Questions by Optimizing {L}evenshtein Distance,2021,ACL_2021_Full_Papers.bib
hu-etal-2021-mmgcn,{MMGCN}: Multimodal Fusion via Deep Graph Convolution Network for Emotion Recognition in Conversation,2021,ACL_2021_Full_Papers.bib
zhang-etal-2021-dynaeval,{D}yna{E}val: Unifying Turn and Dialogue Level Evaluation,2021,ACL_2021_Full_Papers.bib
li-yao-2021-rewriter,Rewriter-Evaluator Architecture for Neural Machine Translation,2021,ACL_2021_Full_Papers.bib
liang-etal-2021-modeling,Modeling Bilingual Conversational Characteristics for Neural Chat Translation,2021,ACL_2021_Full_Papers.bib
xie-etal-2021-importance,Importance-based Neuron Allocation for Multilingual Neural Machine Translation,2021,ACL_2021_Full_Papers.bib
huang-etal-2021-transfer,Transfer Learning for Sequence Generation: from Single-source to Multi-source,2021,ACL_2021_Full_Papers.bib
zhao-etal-2021-closer,A Closer Look at Few-Shot Crosslingual Transfer: The Choice of Shots Matters,2021,ACL_2021_Full_Papers.bib
wu-etal-2021-coreference,Coreference Reasoning in Machine Reading Comprehension,2021,ACL_2021_Full_Papers.bib
nguyen-etal-2021-conditional,A Conditional Splitting Framework for Efficient Constituency Parsing,2021,ACL_2021_Full_Papers.bib
wu-etal-2021-math,Math Word Problem Solving with Explicit Numerical Values,2021,ACL_2021_Full_Papers.bib
qin-etal-2021-neural,Neural-Symbolic Solver for Math Word Problems with Auxiliary Tasks,2021,ACL_2021_Full_Papers.bib
zhang-etal-2021-smedbert,{SM}ed{BERT}: A Knowledge-Enhanced Pre-trained Language Model with Structured Semantics for Medical Text Mining,2021,ACL_2021_Full_Papers.bib
zhang-etal-2021-article,What is Your Article Based On? Inferring Fine-grained Provenance,2021,ACL_2021_Full_Papers.bib
sun-etal-2021-instantaneous,Instantaneous Grammatical Error Correction with Shallow Aggressive Decoding,2021,ACL_2021_Full_Papers.bib
huang-etal-2021-phmospell,{PHMOS}pell: Phonological and Morphological Knowledge Guided {C}hinese Spelling Check,2021,ACL_2021_Full_Papers.bib
cheng-etal-2021-guiding,Guiding the Growth: Difficulty-Controllable Question Generation through Step-by-Step Rewriting,2021,ACL_2021_Full_Papers.bib
li-etal-2021-improving-encoder,Improving Encoder by Auxiliary Supervision Tasks for Table-to-Text Generation,2021,ACL_2021_Full_Papers.bib
yang-etal-2021-pos,{POS}-{C}onstrained {P}arallel {D}ecoding for {N}on-autoregressive {G}eneration,2021,ACL_2021_Full_Papers.bib
liu-etal-2021-bridging,Bridging Subword Gaps in Pretrain-Finetune Paradigm for Natural Language Generation,2021,ACL_2021_Full_Papers.bib
manakul-gales-2021-long,Long-Span Summarization via Local Attention and Content Selection,2021,ACL_2021_Full_Papers.bib
fu-etal-2021-repsum,{R}ep{S}um: Unsupervised Dialogue Summarization based on Replacement Strategy,2021,ACL_2021_Full_Papers.bib
wu-etal-2021-bass,{BASS}: Boosting Abstractive Summarization with Unified Semantic Graph,2021,ACL_2021_Full_Papers.bib
chen-etal-2021-capturing,Capturing Relations between Scientific Papers: An Abstractive Model for Related Work Section Generation,2021,ACL_2021_Full_Papers.bib
aralikatte-etal-2021-focus,Focus Attention: Promoting Faithfulness and Diversity in Summarization,2021,ACL_2021_Full_Papers.bib
yang-etal-2021-xmoco,x{M}o{C}o: Cross Momentum Contrastive Learning for Open-Domain Question Answering,2021,ACL_2021_Full_Papers.bib
kim-etal-2021-learn,Learn to Resolve Conversational Dependency: A Consistency Training Framework for Conversational Question Answering,2021,ACL_2021_Full_Papers.bib
zang-etal-2021-photochat,{P}hoto{C}hat: A Human-Human Dialogue Dataset With Photo Sharing Behavior For Joint Image-Text Modeling,2021,ACL_2021_Full_Papers.bib
wu-etal-2021-good,Good for Misconceived Reasons: An Empirical Revisiting on the Need for Visual Context in Multimodal Machine Translation,2021,ACL_2021_Full_Papers.bib
seo-etal-2021-attend,Attend What You Need: Motion-Appearance Synergistic Networks for Video Question Answering,2021,ACL_2021_Full_Papers.bib
zhou-etal-2021-end,An End-to-End Progressive Multi-Task Learning Framework for Medical Named Entity Recognition and Normalization,2021,ACL_2021_Full_Papers.bib
lai-etal-2021-joint,Joint Biomedical Entity and Relation Extraction with Knowledge-Enhanced Collective Inference,2021,ACL_2021_Full_Papers.bib
pouran-ben-veyseh-etal-2021-unleash,Unleash {GPT}-2 Power for Event Detection,2021,ACL_2021_Full_Papers.bib
yang-etal-2021-document,Document-level Event Extraction via Parallel Prediction Networks,2021,ACL_2021_Full_Papers.bib
li-etal-2021-structurallm,{S}tructural{LM}: Structural Pre-training for Form Understanding,2021,ACL_2021_Full_Papers.bib
li-etal-2021-dual-graph,Dual Graph Convolutional Networks for Aspect-based Sentiment Analysis,2021,ACL_2021_Full_Papers.bib
hu-etal-2021-multi-label,Multi-Label Few-Shot Learning for Aspect Category Detection,2021,ACL_2021_Full_Papers.bib
bao-etal-2021-neural,A Neural Transition-based Model for Argumentation Mining,2021,ACL_2021_Full_Papers.bib
laban-etal-2021-keep,Keep It Simple: Unsupervised Simplification of Multi-Paragraph Text,2021,ACL_2021_Full_Papers.bib
guan-etal-2021-long,Long Text Generation by Modeling Sentence-Level and Discourse-Level Coherence,2021,ACL_2021_Full_Papers.bib
cao-wang-2021-controllable,Controllable Open-ended Question Generation with A New Question Type Ontology,2021,ACL_2021_Full_Papers.bib
mitzalis-etal-2021-bertgen,{BERTG}en: Multi-task Generation through {BERT},2021,ACL_2021_Full_Papers.bib
wang-etal-2021-selective,Selective Knowledge Distillation for Neural Machine Translation,2021,ACL_2021_Full_Papers.bib
fernandes-etal-2021-measuring,Measuring and Increasing Context Usage in Context-Aware Machine Translation,2021,ACL_2021_Full_Papers.bib
ormazabal-etal-2021-beyond,Beyond Offline Mapping: Learning Cross-lingual Word Embeddings through Context Anchoring,2021,ACL_2021_Full_Papers.bib
schwenk-etal-2021-ccmatrix,{CCM}atrix: Mining Billions of High-Quality Parallel Sentences on the Web,2021,ACL_2021_Full_Papers.bib
kim-cho-2021-length,"Length-Adaptive Transformer: Train Once with Length Drop, Use Anytime with Search",2021,ACL_2021_Full_Papers.bib
huang-etal-2021-ghostbert,{G}host{BERT}: Generate More Features with Cheap Operations for {BERT},2021,ACL_2021_Full_Papers.bib
liang-etal-2021-super,Super Tickets in Pre-Trained Language Models: From Model Compression to Improving Generalization,2021,ACL_2021_Full_Papers.bib
colombo-etal-2021-novel,A Novel Estimator of Mutual Information for Learning to Disentangle Textual Representations,2021,ACL_2021_Full_Papers.bib
meister-etal-2021-determinantal,Determinantal Beam Search,2021,ACL_2021_Full_Papers.bib
jiang-etal-2021-multi,Multi-hop Graph Convolutional Network with High-order Chebyshev Approximation for Text Reasoning,2021,ACL_2021_Full_Papers.bib
xie-etal-2021-regression,"Regression Bugs Are In Your Model! Measuring, Reducing and Analyzing Regressions In {NLP} Model Updates",2021,ACL_2021_Full_Papers.bib
kaushik-etal-2021-efficacy,On the Efficacy of Adversarial Data Collection for Question Answering: Results from a Large-Scale Randomized Study,2021,ACL_2021_Full_Papers.bib
lee-etal-2021-learning-dense,Learning Dense Representations of Phrases at Scale,2021,ACL_2021_Full_Papers.bib
sachan-etal-2021-end,End-to-End Training of Neural Retrievers for Open-Domain Question Answering,2021,ACL_2021_Full_Papers.bib
saxena-etal-2021-question,Question Answering Over Temporal Knowledge Graphs,2021,ACL_2021_Full_Papers.bib
liu-etal-2021-language,Language Model Augmented Relevance Score,2021,ACL_2021_Full_Papers.bib
liu-etal-2021-dexperts,{DE}xperts: Decoding-Time Controlled Text Generation with Experts and Anti-Experts,2021,ACL_2021_Full_Papers.bib
stowe-etal-2021-metaphor,Metaphor Generation with Conceptual Mappings,2021,ACL_2021_Full_Papers.bib
sawhney-etal-2021-multimodal,"Multimodal Multi-Speaker Merger {\&} Acquisition Financial Modeling: A New Task, Dataset, and Neural Baselines",2021,ACL_2021_Full_Papers.bib
albo-jamara-etal-2021-mid,Mid-Air Hand Gestures for Post-Editing of Machine Translation,2021,ACL_2021_Full_Papers.bib
schlichtkrull-etal-2021-joint,Joint Verification and Reranking for Open Fact Checking Over Tables,2021,ACL_2021_Full_Papers.bib
srinath-etal-2021-privacy,Privacy at Scale: Introducing the {P}riva{S}eer Corpus of Web Privacy Policies,2021,ACL_2021_Full_Papers.bib
nan-etal-2021-improving,Improving Factual Consistency of Abstractive Summarization via Question Answering,2021,ACL_2021_Full_Papers.bib
majewska-etal-2021-verb,Verb Knowledge Injection for Multilingual Event Processing,2021,ACL_2021_Full_Papers.bib
hofmann-etal-2021-dynamic,Dynamic Contextualized Word Embeddings,2021,ACL_2021_Full_Papers.bib
kurtyigit-etal-2021-lexical,Lexical Semantic Change Discovery,2021,ACL_2021_Full_Papers.bib
gros-etal-2021-r,The {R}-{U}-A-Robot Dataset: Helping Avoid Chatbot Deception by Detecting User Questions About Human or Non-Human Identity,2021,ACL_2021_Full_Papers.bib
pinhanez-etal-2021-using,Using Meta-Knowledge Mined from Identifiers to Improve Intent Recognition in Conversational Systems,2021,ACL_2021_Full_Papers.bib
galetzka-etal-2021-space,Space Efficient Context Encoding for Non-Task-Oriented Dialogue Generation with Graph Attention Transformer,2021,ACL_2021_Full_Papers.bib
hu-etal-2021-dialoguecrn,{D}ialogue{CRN}: Contextual Reasoning Networks for Emotion Recognition in Conversations,2021,ACL_2021_Full_Papers.bib
qin-etal-2021-timedial,{TIMEDIAL}: Temporal Commonsense Reasoning in Dialog,2021,ACL_2021_Full_Papers.bib
abdul-mageed-etal-2021-arbert,{ARBERT} {\&} {MARBERT}: Deep Bidirectional Transformers for {A}rabic,2021,ACL_2021_Full_Papers.bib
nighojkar-licato-2021-improving,Improving Paraphrase Detection with the Adversarial Paraphrasing Task,2021,ACL_2021_Full_Papers.bib
emami-etal-2021-adept,{ADEPT}: An Adjective-Dependent Plausibility Task,2021,ACL_2021_Full_Papers.bib
lin-etal-2021-readonce,{R}ead{O}nce Transformers: Reusable Representations of Text for Transformers,2021,ACL_2021_Full_Papers.bib
lin-etal-2021-conditional,Conditional Generation of Temporally-ordered Event Sequences,2021,ACL_2021_Full_Papers.bib
shi-lee-2021-transition,Transition-based Bubble Parsing: Improvements on Coordination Structure Prediction,2021,ACL_2021_Full_Papers.bib
shen-etal-2021-structformer,{S}truct{F}ormer: Joint Unsupervised Induction of Dependency and Constituency Structure from Masked Language Modeling,2021,ACL_2021_Full_Papers.bib
aldarrab-may-2021-sequence,Can Sequence-to-Sequence Models Crack Substitution Ciphers?,2021,ACL_2021_Full_Papers.bib
briakou-carpuat-2021-beyond,Beyond Noise: Mitigating the Impact of Fine-grained Semantic Divergences on Neural Machine Translation,2021,ACL_2021_Full_Papers.bib
lee-etal-2021-discriminative,Discriminative Reranking for Neural Machine Translation,2021,ACL_2021_Full_Papers.bib
karamcheti-etal-2021-mind,Mind Your Outliers! Investigating the Negative Impact of Outliers on Active Learning for Visual Question Answering,2021,ACL_2021_Full_Papers.bib
cai-etal-2021-neural,Neural Machine Translation with Monolingual Translation Memory,2021,ACL_2021_Full_Papers.bib
aghajanyan-etal-2021-intrinsic,Intrinsic Dimensionality Explains the Effectiveness of Language Model Fine-Tuning,2021,ACL_2021_Full_Papers.bib
sinha-etal-2021-unnatural,{UnNatural} {L}anguage {I}nference,2021,ACL_2021_Full_Papers.bib
yin-etal-2021-including,Including Signed Languages in Natural Language Processing,2021,ACL_2021_Full_Papers.bib
xu-etal-2021-vocabulary,Vocabulary Learning via Optimal Transport for Neural Machine Translation,2021,ACL_2021_Full_Papers.bib
acl-2020-association,Proceedings of the 58th Annual Meeting of the Association for Computational Linguistics,2020,ACL_2020_Full_Papers.bib
gelderloos-etal-2020-learning,Learning to Understand Child-directed and Adult-directed Speech,2020,ACL_2020_Full_Papers.bib
rinaldi-etal-2020-predicting,Predicting Depression in Screening Interviews from Latent Categorization of Interview Prompts,2020,ACL_2020_Full_Papers.bib
liu-etal-2020-coach,{C}oach: A Coarse-to-Fine Approach for Cross-domain Slot Filling,2020,ACL_2020_Full_Papers.bib
zhao-etal-2020-designing,Designing Precise and Robust Dialogue Response Evaluators,2020,ACL_2020_Full_Papers.bib
ouyang-etal-2020-dialogue,Dialogue State Tracking with Explicit Slot Connection Modeling,2020,ACL_2020_Full_Papers.bib
lin-etal-2020-generating,Generating Informative Conversational Response using Recurrent Knowledge-Interaction and Knowledge-Copy,2020,ACL_2020_Full_Papers.bib
wu-etal-2020-guiding,Guiding Variational Response Generator to Exploit Persona,2020,ACL_2020_Full_Papers.bib
boyd-etal-2020-large,Large Scale Multi-Actor Generative Dialog Modeling,2020,ACL_2020_Full_Papers.bib
bao-etal-2020-plato,{PLATO}: Pre-trained Dialogue Generation Model with Discrete Latent Variable,2020,ACL_2020_Full_Papers.bib
li-etal-2020-slot,Slot-consistent {NLG} for Task-oriented Dialogue Systems with Iterative Rectification Network,2020,ACL_2020_Full_Papers.bib
coope-etal-2020-span,{S}pan-{ConveRT}: {F}ew-shot Span Extraction for Dialog with Pretrained Conversational Representations,2020,ACL_2020_Full_Papers.bib
campagna-etal-2020-zero,Zero-Shot Transfer Learning with Synthesized Data for Multi-Domain Dialogue State Tracking,2020,ACL_2020_Full_Papers.bib
hung-etal-2020-complete,A Complete Shift-Reduce {C}hinese Discourse Parser with Robust Dynamic Oracle,2020,ACL_2020_Full_Papers.bib
ren-etal-2020-study,A Study of Non-autoregressive Model for Sequence Generation,2020,ACL_2020_Full_Papers.bib
iso-etal-2020-fact,{F}act-based {T}ext {E}diting,2020,ACL_2020_Full_Papers.bib
chen-etal-2020-shot,Few-Shot {NLG} with Pre-Trained Language Model,2020,ACL_2020_Full_Papers.bib
baheti-etal-2020-fluent,Fluent Response Generation for Conversational Question Answering,2020,ACL_2020_Full_Papers.bib
chai-wan-2020-learning,Learning to Ask More: Semi-Autoregressive Sequential Question Generation under Dual-Graph Interaction,2020,ACL_2020_Full_Papers.bib
goyal-durrett-2020-neural,Neural Syntactic Preordering for Controlled Paraphrase Generation,2020,ACL_2020_Full_Papers.bib
duan-etal-2020-pre,Pre-train and Plug-in: Flexible Conditional Text Generation with Variational Auto-Encoders,2020,ACL_2020_Full_Papers.bib
liao-etal-2020-probabilistically,Probabilistically Masked Language Model Capable of Autoregressive Generation in Arbitrary Word Order,2020,ACL_2020_Full_Papers.bib
tay-etal-2020-reverse,Reverse Engineering Configurations of Neural Text Generation Models,2020,ACL_2020_Full_Papers.bib
zhang-etal-2020-every,Every Document Owns Its Structure: Inductive Text Classification via Graph Neural Networks,2020,ACL_2020_Full_Papers.bib
wang-etal-2020-neural-topic,Neural Topic Modeling with Bidirectional Adversarial Training,2020,ACL_2020_Full_Papers.bib
chen-etal-2020-content,Content Word Aware Neural Machine Translation,2020,ACL_2020_Full_Papers.bib
guo-etal-2020-jointly,Jointly Masked Sequence-to-Sequence Model for Non-Autoregressive Neural Machine Translation,2020,ACL_2020_Full_Papers.bib
xu-etal-2020-learning,Learning Source Phrase Representations for Neural Machine Translation,2020,ACL_2020_Full_Papers.bib
xu-etal-2020-lipschitz,Lipschitz Constrained Parameter Initialization for Deep Transformers,2020,ACL_2020_Full_Papers.bib
dubois-etal-2020-location,{L}ocation {A}ttention for {E}xtrapolation to {L}onger {S}equences,2020,ACL_2020_Full_Papers.bib
wei-etal-2020-multiscale,Multiscale Collaborative Deep Models for Neural Machine Translation,2020,ACL_2020_Full_Papers.bib
liu-etal-2020-norm,Norm-Based Curriculum Learning for Neural Machine Translation,2020,ACL_2020_Full_Papers.bib
zheng-etal-2020-opportunistic,Opportunistic Decoding with Timely Correction for Simultaneous Translation,2020,ACL_2020_Full_Papers.bib
merrill-etal-2020-formal,A Formal Hierarchy of {RNN} Architectures,2020,ACL_2020_Full_Papers.bib
ding-etal-2020-three,A Three-Parameter Rank-Frequency Relation in Natural Languages,2020,ACL_2020_Full_Papers.bib
li-etal-2020-dice,Dice Loss for Data-imbalanced {NLP} Tasks,2020,ACL_2020_Full_Papers.bib
bailly-gabor-2020-emergence,Emergence of Syntax Needs Minimal Supervision,2020,ACL_2020_Full_Papers.bib
kuribayashi-etal-2020-language,Language Models as an Alternative Evaluator of Word Order Hypotheses: A Case Study in {J}apanese,2020,ACL_2020_Full_Papers.bib
lu-li-2020-gcan,{GCAN}: Graph-aware Co-Attention Networks for Explainable Fake News Detection on Social Media,2020,ACL_2020_Full_Papers.bib
zhong-etal-2020-integrating,Integrating Semantic and Structural Information with Graph Convolutional Network for Controversy Detection,2020,ACL_2020_Full_Papers.bib
shen-feng-2020-cdl,{CDL}: Curriculum Dual Learning for Emotion-Controllable Response Generation,2020,ACL_2020_Full_Papers.bib
sato-etal-2020-evaluating,Evaluating Dialogue Generation Systems via Response Selection,2020,ACL_2020_Full_Papers.bib
zha-etal-2020-gated,Gated Convolutional Bidirectional Attention-based Model for Off-topic Spoken Response Detection,2020,ACL_2020_Full_Papers.bib
he-etal-2020-learning-tag,Learning to Tag {OOV} Tokens by Integrating Contextual Representation and Background Knowledge,2020,ACL_2020_Full_Papers.bib
takanobu-etal-2020-multi,Multi-Agent Task-Oriented Dialog Policy Learning with Role-Aware Reward Decomposition,2020,ACL_2020_Full_Papers.bib
tian-etal-2020-response,Response-Anticipated Memory for On-Demand Knowledge Integration in Response Generation,2020,ACL_2020_Full_Papers.bib
su-etal-2020-towards,Towards Unsupervised Language Understanding and Generation by Joint Dual Learning,2020,ACL_2020_Full_Papers.bib
mehri-eskenazi-2020-usr,{USR}: An Unsupervised and Reference Free Evaluation Metric for Dialog Generation,2020,ACL_2020_Full_Papers.bib
li-etal-2020-explicit,Explicit Semantic Decomposition for Definition Generation,2020,ACL_2020_Full_Papers.bib
kang-hashimoto-2020-improved,Improved Natural Language Generation via Loss Truncation,2020,ACL_2020_Full_Papers.bib
zhao-etal-2020-line,Line Graph Enhanced {AMR}-to-Text Generation with Mix-Order Graph Attention Networks,2020,ACL_2020_Full_Papers.bib
li-etal-2020-rigid,Rigid Formats Controlled Text Generation,2020,ACL_2020_Full_Papers.bib
dhole-manning-2020-syn,Syn-{QG}: Syntactic and Shallow Semantic Rules for Question Generation,2020,ACL_2020_Full_Papers.bib
kumar-etal-2020-online,An Online Semantic-enhanced {D}irichlet Model for Short Text Stream Clustering,2020,ACL_2020_Full_Papers.bib
zheng-etal-2020-generative,Generative Semantic Hashing Enhanced via {B}oltzmann Machines,2020,ACL_2020_Full_Papers.bib
kohita-etal-2020-interactive,Interactive Construction of User-Centric Dictionary for Text Analytics,2020,ACL_2020_Full_Papers.bib
isonuma-etal-2020-tree,{T}ree-{S}tructured {N}eural {T}opic {M}odel,2020,ACL_2020_Full_Papers.bib
mass-etal-2020-unsupervised,Unsupervised {FAQ} Retrieval with Question Generation and {BERT},2020,ACL_2020_Full_Papers.bib
zhou-etal-2020-boating,``The Boating Store Had Its Best Sail Ever'': Pronunciation-attentive Contextualized Pun Recognition,2020,ACL_2020_Full_Papers.bib
shin-etal-2020-fast,Fast and Accurate Deep Bidirectional Language Representations for Unsupervised Learning,2020,ACL_2020_Full_Papers.bib
wang-etal-2020-fine,Fine-grained Interest Matching for Neural News Recommendation,2020,ACL_2020_Full_Papers.bib
zhou-etal-2020-interpretable,Interpretable Operational Risk Classification with Semi-Supervised Variational Autoencoder,2020,ACL_2020_Full_Papers.bib
zhong-etal-2020-interpreting,Interpreting {T}witter User Geolocation,2020,ACL_2020_Full_Papers.bib
lee-li-2020-modeling,Modeling Code-Switch Languages Using Bilingual Parallel Corpus,2020,ACL_2020_Full_Papers.bib
zhang-etal-2020-spelling,Spelling Error Correction with Soft-Masked {BERT},2020,ACL_2020_Full_Papers.bib
guo-etal-2020-frame,A Frame-based Sentence Representation for Machine Reading Comprehension,2020,ACL_2020_Full_Papers.bib
lee-etal-2020-contextualized,Contextualized Sparse Representations for Real-Time Open-Domain Question Answering,2020,ACL_2020_Full_Papers.bib
gottumukkala-etal-2020-dynamic,Dynamic Sampling Strategies for Multi-Task Reading Comprehension,2020,ACL_2020_Full_Papers.bib
yuan-etal-2020-enhancing,Enhancing Answer Boundary Detection for Multilingual Machine Reading Comprehension,2020,ACL_2020_Full_Papers.bib
gao-etal-2020-explicit,Explicit Memory Tracker with Coarse-to-Fine Reasoning for Conversational Machine Reading,2020,ACL_2020_Full_Papers.bib
geva-etal-2020-injecting,Injecting Numerical Reasoning Skills into Language Models,2020,ACL_2020_Full_Papers.bib
kundu-etal-2020-learning,Learning to Identify Follow-Up Questions in Conversational Question Answering,2020,ACL_2020_Full_Papers.bib
lan-jiang-2020-query,Query Graph Generation for Answering Multi-hop Complex Questions from Knowledge Bases,2020,ACL_2020_Full_Papers.bib
ri-tsuruoka-2020-revisiting,Revisiting the Context Window for Cross-lingual Word Embeddings,2020,ACL_2020_Full_Papers.bib
blevins-zettlemoyer-2020-moving,Moving Down the Long Tail of Word Sense Disambiguation with Gloss Informed Bi-encoders,2020,ACL_2020_Full_Papers.bib
bansal-etal-2020-code,"Code-Switching Patterns Can Be an Effective Route to Improve Performance of Downstream {NLP} Applications: A Case Study of Humour, Sarcasm and Hate Speech Detection",2020,ACL_2020_Full_Papers.bib
wu-etal-2020-dtca,{DTCA}: Decision Tree-based Co-Attention Networks for Explainable Claim Verification,2020,ACL_2020_Full_Papers.bib
liu-etal-2020-towards-conversational,Towards Conversational Recommendation over Multi-Type Dialogs,2020,ACL_2020_Full_Papers.bib
yan-etal-2020-unknown,Unknown Intent Detection Using {G}aussian Mixture Model with an Application to Zero-shot Intent Classification,2020,ACL_2020_Full_Papers.bib
wang-etal-2020-towards,Towards Faithful Neural Table-to-Text Generation with Content-Matching Constraints,2020,ACL_2020_Full_Papers.bib
geng-etal-2020-dynamic,Dynamic Memory Induction Networks for Few-Shot Text Classification,2020,ACL_2020_Full_Papers.bib
zhou-etal-2020-hierarchy,Hierarchy-Aware Global Model for Hierarchical Text Classification,2020,ACL_2020_Full_Papers.bib
boudin-etal-2020-keyphrase,Keyphrase Generation for Scientific Document Retrieval,2020,ACL_2020_Full_Papers.bib
hofmann-etal-2020-graph,A Graph Auto-encoder Model of Derivational Morphology,2020,ACL_2020_Full_Papers.bib
bevendorff-etal-2020-crawling,Crawling and Preprocessing Mailing Lists At Scale for Dialog Analysis,2020,ACL_2020_Full_Papers.bib
nikolaev-etal-2020-fine,Fine-Grained Analysis of Cross-Linguistic Syntactic Divergences,2020,ACL_2020_Full_Papers.bib
rybak-etal-2020-klej,{KLEJ}: Comprehensive Benchmark for {P}olish Language Understanding,2020,ACL_2020_Full_Papers.bib
buechel-etal-2020-learning-evaluating,Learning and Evaluating Emotion Lexicons for 91 Languages,2020,ACL_2020_Full_Papers.bib
fomicheva-etal-2020-multi,Multi-Hypothesis Machine Translation Evaluation,2020,ACL_2020_Full_Papers.bib
okabe-etal-2020-multimodal,Multimodal Quality Estimation for Machine Translation,2020,ACL_2020_Full_Papers.bib
sahin-etal-2020-puzzling,{P}uzz{L}ing {M}achines: {A} {C}hallenge on {L}earning {F}rom {S}mall {D}ata,2020,ACL_2020_Full_Papers.bib
castelli-etal-2020-techqa,The {T}ech{QA} Dataset,2020,ACL_2020_Full_Papers.bib
cai-lam-2020-amr,{AMR} Parsing via Graph-Sequence Iterative Inference,2020,ACL_2020_Full_Papers.bib
gholipour-ghalandari-etal-2020-large,A Large-Scale Multi-Document Summarization Dataset from the {W}ikipedia Current Events Portal,2020,ACL_2020_Full_Papers.bib
zhu-etal-2020-attend,"Attend, Translate and Summarize: An Efficient Method for Neural Cross-Lingual Summarization",2020,ACL_2020_Full_Papers.bib
gholipour-ghalandari-ifrim-2020-examining,Examining the State-of-the-Art in News Timeline Summarization,2020,ACL_2020_Full_Papers.bib
matsumaru-etal-2020-improving,Improving Truthfulness of Headline Generation,2020,ACL_2020_Full_Papers.bib
xu-etal-2020-self,Self-Attention Guided Copy Mechanism for Abstractive Summarization,2020,ACL_2020_Full_Papers.bib
liang-etal-2020-beyond,Beyond User Self-Reported {L}ikert Scale Ratings: A Comparison Model for Automatic Dialog Evaluation,2020,ACL_2020_Full_Papers.bib
hou-etal-2020-shot,Few-shot Slot Tagging with Collapsed Dependency Transfer and Label-enhanced Task-adaptive Projection Network,2020,ACL_2020_Full_Papers.bib
gordon-hall-etal-2020-learning,{L}earning {D}ialog {P}olicies from {W}eak {D}emonstrations,2020,ACL_2020_Full_Papers.bib
liu-etal-2020-impress,You Impress Me: Dialogue Generation via Mutual Persona Perception,2020,ACL_2020_Full_Papers.bib
hou-2020-bridging,Bridging Anaphora Resolution as Question Answering,2020,ACL_2020_Full_Papers.bib
mesgar-etal-2020-dialogue,Dialogue Coherence Assessment Without Explicit Dialogue Act Labels,2020,ACL_2020_Full_Papers.bib
yu-etal-2020-fast,Fast and Accurate Non-Projective Dependency Tree Linearization,2020,ACL_2020_Full_Papers.bib
pan-etal-2020-semantic,Semantic Graphs for Generating Deep Questions,2020,ACL_2020_Full_Papers.bib
wei-etal-2020-novel,A Novel Cascade Binary Tagging Framework for Relational Triple Extraction,2020,ACL_2020_Full_Papers.bib
kruiper-etal-2020-laymans,In Layman{'}s Terms: Semi-Open Relation Extraction from Scientific Texts,2020,ACL_2020_Full_Papers.bib
duan-etal-2020-bilingual,Bilingual Dictionary Based Neural Machine Translation without Using Parallel Sentences,2020,ACL_2020_Full_Papers.bib
xu-etal-2020-boosting,Boosting Neural Machine Translation with Similar Translations,2020,ACL_2020_Full_Papers.bib
bugliarello-okazaki-2020-enhancing,Enhancing Machine Translation with Dependency-Aware Self-Attention,2020,ACL_2020_Full_Papers.bib
zhang-etal-2020-improving,Improving Massively Multilingual Neural Machine Translation and Zero-Shot Translation,2020,ACL_2020_Full_Papers.bib
bugliarello-etal-2020-easier,It{'}s Easier to Translate out of {E}nglish than into it: {M}easuring Neural Translation Difficulty by Cross-Mutual Information,2020,ACL_2020_Full_Papers.bib
zhu-etal-2020-language,Language-aware Interlingua for Multilingual Neural Machine Translation,2020,ACL_2020_Full_Papers.bib
zhao-etal-2020-limitations,On the Limitations of Cross-lingual Encoders as Exposed by Reference-Free Machine Translation Evaluation,2020,ACL_2020_Full_Papers.bib
chen-etal-2020-parallel-sentence,Parallel Sentence Mining by Constrained Decoding,2020,ACL_2020_Full_Papers.bib
ding-etal-2020-self,Self-Attention with Cross-Lingual Position Representation,2020,ACL_2020_Full_Papers.bib
hovy-etal-2020-sound,``You Sound Just Like Your Father'' Commercial Machine Translation Systems Include Stylistic Biases,2020,ACL_2020_Full_Papers.bib
herbig-etal-2020-mmpe,{MMPE}: {A} {M}ulti-{M}odal {I}nterface for {P}ost-{E}diting {M}achine {T}ranslation,2020,ACL_2020_Full_Papers.bib
ortiz-suarez-etal-2020-monolingual,A Monolingual Approach to Contextualized Word Embeddings for Mid-Resource Languages,2020,ACL_2020_Full_Papers.bib
hu-etal-2020-systematic,A Systematic Assessment of Syntactic Generalization in Neural Language Models,2020,ACL_2020_Full_Papers.bib
mccurdy-etal-2020-inflecting,Inflecting When There{'}s No Majority: Limitations of Encoder-Decoder Neural Networks as Cognitive Models for {G}erman Plurals,2020,ACL_2020_Full_Papers.bib
kodner-gupta-2020-overestimation,Overestimation of Syntactic Representation in Neural Language Models,2020,ACL_2020_Full_Papers.bib
weller-etal-2020-dont,You Don{'}t Have Time to Read This: An Exploration of Document Reading Time Prediction,2020,ACL_2020_Full_Papers.bib
tseng-etal-2020-generative,A Generative Model for Joint Natural Language Understanding and Generation,2020,ACL_2020_Full_Papers.bib
jiang-etal-2020-multi-domain,Multi-Domain Neural Machine Translation with Word-Level Adaptive Layer-wise Domain Mixing,2020,ACL_2020_Full_Papers.bib
xu-etal-2020-conversational,Conversational Graph Grounded Policy Learning for Open-Domain Conversation Generation,2020,ACL_2020_Full_Papers.bib
panthaplackel-etal-2020-learning,Learning to Update Natural Language Comments Based on Code Changes,2020,ACL_2020_Full_Papers.bib
madaan-etal-2020-politeness,Politeness Transfer: A Tag and Generate Approach,2020,ACL_2020_Full_Papers.bib
zhou-keung-2020-improving,Improving Non-autoregressive Neural Machine Translation with Monolingual Data,2020,ACL_2020_Full_Papers.bib
sotudeh-gharebagh-etal-2020-attend,Attend to Medical Ontologies: Content Selection for Clinical Abstractive Summarization,2020,ACL_2020_Full_Papers.bib
cohen-pakhomov-2020-tale,A Tale of Two Perplexities: Sensitivity of Neural Language Models to Lexical Retrieval Deficits in Dementia of the {A}lzheimer{'}s Type,2020,ACL_2020_Full_Papers.bib
goodwin-etal-2020-probing,Probing Linguistic Systematicity,2020,ACL_2020_Full_Papers.bib
sap-etal-2020-recollection,Recollection versus Imagination: Exploring Human Memory and Cognition via Neural Language Models,2020,ACL_2020_Full_Papers.bib
meinhardt-etal-2020-speakers,Speakers enhance contextually confusable words,2020,ACL_2020_Full_Papers.bib
feng-etal-2020-none,``None of the Above'': Measure Uncertainty in Dialog Response Retrieval,2020,ACL_2020_Full_Papers.bib
zhang-etal-2020-grounded,Grounded Conversation Generation as Guided Traverses in Commonsense Knowledge Graphs,2020,ACL_2020_Full_Papers.bib
he-glass-2020-negative,Negative Training for Neural Dialogue Response Generation,2020,ACL_2020_Full_Papers.bib
gangadharaiah-narayanaswamy-2020-recursive,Recursive Template-based Frame Generation for Task Oriented Dialog,2020,ACL_2020_Full_Papers.bib
elgohary-etal-2020-speak,Speak to your Parser: Interactive Text-to-{SQL} with Natural Language Feedback,2020,ACL_2020_Full_Papers.bib
jagannatha-yu-2020-calibrating,Calibrating Structured Output Predictors for Natural Language Processing,2020,ACL_2020_Full_Papers.bib
chen-etal-2020-mixtext,{M}ix{T}ext: Linguistically-Informed Interpolation of Hidden Space for Semi-Supervised Text Classification,2020,ACL_2020_Full_Papers.bib
sun-etal-2020-mobilebert,{M}obile{BERT}: a Compact Task-Agnostic {BERT} for Resource-Limited Devices,2020,ACL_2020_Full_Papers.bib
logan-iv-etal-2020-importance,On Importance Sampling-Based Evaluation of Latent Language Models,2020,ACL_2020_Full_Papers.bib
jiang-etal-2020-smart,{SMART}: Robust and Efficient Fine-Tuning for Pre-trained Natural Language Models through Principled Regularized Optimization,2020,ACL_2020_Full_Papers.bib
demeter-etal-2020-stolen,Stolen Probability: A Structural Weakness of Neural Language Models,2020,ACL_2020_Full_Papers.bib
shang-etal-2020-taxonomy,Taxonomy Construction of Unseen Domains via Graph-based Cross-Domain Knowledge Transfer,2020,ACL_2020_Full_Papers.bib
wang-etal-2020-pretrain,To Pretrain or Not to Pretrain: Examining the Benefits of Pretrainng on Resource Rich Tasks,2020,ACL_2020_Full_Papers.bib
zhang-etal-2020-overfitting,Why Overfitting Isn{'}t Always Bad: Retrofitting Cross-Lingual Word Embeddings to Dictionaries,2020,ACL_2020_Full_Papers.bib
mahmood-etal-2020-girl,A Girl Has A Name: Detecting Authorship Obfuscation,2020,ACL_2020_Full_Papers.bib
xin-etal-2020-deebert,{D}ee{BERT}: Dynamic Early Exiting for Accelerating {BERT} Inference,2020,ACL_2020_Full_Papers.bib
rivas-rojas-etal-2020-efficient,Efficient Strategies for Hierarchical Text Classification: External Knowledge and Auxiliary Tasks,2020,ACL_2020_Full_Papers.bib
cohan-etal-2020-specter,{SPECTER}: Document-level Representation Learning using Citation-informed Transformers,2020,ACL_2020_Full_Papers.bib
broscheit-etal-2020-predict,Can We Predict New Facts with Open Knowledge Graph Embeddings? A Benchmark for Open Link Prediction,2020,ACL_2020_Full_Papers.bib
yuan-etal-2020-interactive-machine,Interactive Machine Comprehension with Information Seeking Agents,2020,ACL_2020_Full_Papers.bib
chung-glass-2020-improved,Improved Speech Representations with Multi-Target Autoregressive Predictive Coding,2020,ACL_2020_Full_Papers.bib
rahman-etal-2020-integrating,Integrating Multimodal Information in Large Pretrained Transformers,2020,ACL_2020_Full_Papers.bib
paraskevopoulos-etal-2020-multimodal,Multimodal and Multiresolution Speech Recognition with Transformers,2020,ACL_2020_Full_Papers.bib
salesky-black-2020-phone,Phone Features Improve Speech Translation,2020,ACL_2020_Full_Papers.bib
cho-may-2020-grounding,Grounding Conversations with Improvised Dialogues,2020,ACL_2020_Full_Papers.bib
shuster-etal-2020-image,Image-Chat: Engaging Grounded Conversations,2020,ACL_2020_Full_Papers.bib
shuster-etal-2020-dialogue,The Dialogue Dodecathlon: Open-Domain Knowledge and Image Grounded Conversational Agents,2020,ACL_2020_Full_Papers.bib
van-de-cruys-2020-automatic,Automatic Poetry Generation from Prosaic Text,2020,ACL_2020_Full_Papers.bib
zhao-etal-2020-bridging,Bridging the Structural Gap Between Encoding and Decoding for Data-To-Text Generation,2020,ACL_2020_Full_Papers.bib
donahue-etal-2020-enabling,Enabling Language Models to Fill in the Blanks,2020,ACL_2020_Full_Papers.bib
huang-etal-2020-inset,{INSET}: Sentence Infilling with {IN}ter-{SE}ntential Transformer,2020,ACL_2020_Full_Papers.bib
zhang-etal-2020-improving-adversarial,Improving Adversarial Text Generation by Modeling the Distant Future,2020,ACL_2020_Full_Papers.bib
hossain-etal-2020-simple,Simple and Effective Retrieve-Edit-Rerank Text Generation,2020,ACL_2020_Full_Papers.bib
zhu-etal-2020-babywalk,{B}aby{W}alk: Going Farther in Vision-and-Language Navigation by Taking Baby Steps,2020,ACL_2020_Full_Papers.bib
fried-etal-2020-learning,Learning to Segment Actions from Observation and Narration,2020,ACL_2020_Full_Papers.bib
lei-etal-2020-mart,{MART}: Memory-Augmented Recurrent Transformer for Coherent Video Paragraph Captioning,2020,ACL_2020_Full_Papers.bib
kojima-etal-2020-learned,What is Learned in Visually Grounded Neural Syntax Acquisition,2020,ACL_2020_Full_Papers.bib
zhu-etal-2020-batch,A Batch Normalized Inference Network Keeps the {KL} Vanishing Away,2020,ACL_2020_Full_Papers.bib
arora-etal-2020-contextual,Contextual Embeddings: When Are They Worth It?,2020,ACL_2020_Full_Papers.bib
yu-etal-2020-interactive,Interactive Classification by Asking Informative Questions,2020,ACL_2020_Full_Papers.bib
sachan-2020-knowledge,Knowledge Graph Embedding Compression,2020,ACL_2020_Full_Papers.bib
perl-etal-2020-low,Low Resource Sequence Tagging using Sentence Reconstruction,2020,ACL_2020_Full_Papers.bib
salazar-etal-2020-masked,Masked Language Model Scoring,2020,ACL_2020_Full_Papers.bib
tang-etal-2020-orthogonal,Orthogonal Relation Transforms with Graph Context Modeling for Knowledge Graph Embedding,2020,ACL_2020_Full_Papers.bib
jung-etal-2020-posterior,Posterior Calibrated Training on Sentence Classification Tasks,2020,ACL_2020_Full_Papers.bib
li-rush-2020-posterior,Posterior Control of Blackbox Generation,2020,ACL_2020_Full_Papers.bib
hendrycks-etal-2020-pretrained,Pretrained Transformers Improve Out-of-Distribution Robustness,2020,ACL_2020_Full_Papers.bib
jones-etal-2020-robust,Robust Encodings: A Framework for Combating Adversarial Typos,2020,ACL_2020_Full_Papers.bib
tang-etal-2020-showing,Showing Your Work Doesn{'}t Always Work,2020,ACL_2020_Full_Papers.bib
glass-etal-2020-span,Span Selection Pre-training for Question Answering,2020,ACL_2020_Full_Papers.bib
prabhumoye-etal-2020-topological,Topological Sort for Sentence Ordering,2020,ACL_2020_Full_Papers.bib
kurita-etal-2020-weight,Weight Poisoning Attacks on Pretrained Models,2020,ACL_2020_Full_Papers.bib
khetan-karnin-2020-schubert,schu{BERT}: Optimizing Elements of {BERT},2020,ACL_2020_Full_Papers.bib
tu-etal-2020-engine,{ENGINE}: Energy-Based Inference Networks for Non-Autoregressive Machine Translation,2020,ACL_2020_Full_Papers.bib
siddhant-etal-2020-leveraging,Leveraging Monolingual Data with Self-Supervision for Multilingual Neural Machine Translation,2020,ACL_2020_Full_Papers.bib
edunov-etal-2020-evaluation,On The Evaluation of Machine Translation Systems Trained With Back-Translation,2020,ACL_2020_Full_Papers.bib
zheng-etal-2020-simultaneous,Simultaneous Translation Policies: From Fixed to Adaptive,2020,ACL_2020_Full_Papers.bib
bevilacqua-navigli-2020-breaking,Breaking Through the 80{\%} Glass Ceiling: {R}aising the State of the Art in Word Sense Disambiguation by Incorporating Knowledge Graph Information,2020,ACL_2020_Full_Papers.bib
chen-etal-2020-glyph2vec,{G}lyph2{V}ec: Learning {C}hinese Out-of-Vocabulary Word Embedding from Glyphs,2020,ACL_2020_Full_Papers.bib
gerz-etal-2020-multidirectional,Multidirectional Associative Optimization of Function-Specific Word Representations,2020,ACL_2020_Full_Papers.bib
rohanian-etal-2020-verbal,Verbal Multiword Expressions for Identification of Metaphor,2020,ACL_2020_Full_Papers.bib
leins-etal-2020-give,"Give Me Convenience and Give Her Death: Who Should Decide What Uses of {NLP} are Appropriate, and on What Basis?",2020,ACL_2020_Full_Papers.bib
tan-etal-2020-morphin,It{'}s Morphin' Time! {C}ombating Linguistic Discrimination with Inflectional Perturbations,2020,ACL_2020_Full_Papers.bib
goyal-etal-2020-probabilistic,A Probabilistic Generative Model for Typographical Analysis of Early Modern Printing,2020,ACL_2020_Full_Papers.bib
wu-etal-2020-attentive,Attentive Pooling with Learnable Norms for Text Representation,2020,ACL_2020_Full_Papers.bib
press-etal-2020-improving,Improving Transformer Models by Reordering their Sublayers,2020,ACL_2020_Full_Papers.bib
ye-etal-2020-zero,Zero-shot Text Classification via Reinforced Self-training,2020,ACL_2020_Full_Papers.bib
yin-etal-2020-novel,A Novel Graph-based Multi-modal Fusion Encoder for Neural Machine Translation,2020,ACL_2020_Full_Papers.bib
zhao-etal-2020-relaxed,A Relaxed Matching Procedure for Unsupervised {BLI},2020,ACL_2020_Full_Papers.bib
he-etal-2020-dynamic,Dynamic Programming Encoding for Subword Segmentation in Neural Machine Translation,2020,ACL_2020_Full_Papers.bib
jawanpuria-etal-2020-geometry,Geometry-aware domain adaptation for unsupervised alignment of word embeddings,2020,ACL_2020_Full_Papers.bib
ran-etal-2020-learning,Learning to Recover from Multi-Modality Errors for Non-Autoregressive Neural Machine Translation,2020,ACL_2020_Full_Papers.bib
wang-etal-2020-inference,On the Inference Calibration of Neural Machine Translation,2020,ACL_2020_Full_Papers.bib
xu-etal-2020-distinguish,Distinguish Confusing Law Articles for Legal Judgment Prediction,2020,ACL_2020_Full_Papers.bib
liu-etal-2020-hiring,Hiring Now: A Skill-Aware Multi-Attention Model for Job Posting Generation,2020,ACL_2020_Full_Papers.bib
yu-etal-2020-mooccube,{MOOCC}ube: A Large-scale Data Repository for {NLP} Applications in {MOOC}s,2020,ACL_2020_Full_Papers.bib
ding-etal-2020-ecpe,"{ECPE}-2{D}: Emotion-Cause Pair Extraction based on Joint Two-Dimensional Representation, Interaction and Prediction",2020,ACL_2020_Full_Papers.bib
wei-etal-2020-effective,Effective Inter-Clause Modeling for End-to-End Emotion-Cause Pair Extraction,2020,ACL_2020_Full_Papers.bib
tulkens-van-cranenburgh-2020-embarrassingly,Embarrassingly Simple Unsupervised Aspect Extraction,2020,ACL_2020_Full_Papers.bib
ghosal-etal-2020-kingdom,{K}in{GDOM}: {K}nowledge-{G}uided {DOM}ain {A}daptation for {S}entiment {A}nalysis,2020,ACL_2020_Full_Papers.bib
phan-ogunbona-2020-modelling,Modelling Context and Syntactical Features for Aspect-based Sentiment Analysis,2020,ACL_2020_Full_Papers.bib
zhang-etal-2020-parallel,Parallel Data Augmentation for Formality Style Transfer,2020,ACL_2020_Full_Papers.bib
wang-etal-2020-relational,Relational Graph Attention Network for Aspect-based Sentiment Analysis,2020,ACL_2020_Full_Papers.bib
zhao-etal-2020-spanmlt,{S}pan{M}lt: A Span-based Multi-Task Learning Framework for Pair-wise Aspect and Opinion Terms Extraction,2020,ACL_2020_Full_Papers.bib
morio-etal-2020-towards,Towards Better Non-Tree Argument Mining: Proposition-Level Biaffine Parsing with Task-Specific Parameterization,2020,ACL_2020_Full_Papers.bib
wei-etal-2020-span,A Span-based Linearization for Constituent Trees,2020,ACL_2020_Full_Papers.bib
nguyen-etal-2020-efficient,Efficient Constituency Parsing by Pointing,2020,ACL_2020_Full_Papers.bib
lepori-etal-2020-representations,Representations of Syntax {[MASK]} Useful: {E}ffects of Constituency and Dependency Structure in Recursive {LSTM}s,2020,ACL_2020_Full_Papers.bib
zeng-etal-2020-dynamic,Dynamic Online Conversation Recommendation,2020,ACL_2020_Full_Papers.bib
du-tanaka-ishii-2020-stock,"Stock Embeddings Acquired from News Articles and Price History, and an Application to Portfolio Optimization",2020,ACL_2020_Full_Papers.bib
baly-etal-2020-written,What Was Written vs. Who Read It: News Media Profiling Using Text Analysis and Social Media Context,2020,ACL_2020_Full_Papers.bib
noji-takamura-2020-analysis,An Analysis of the Utility of Explicit Negative Examples to Improve the Syntactic Abilities of Neural Language Models,2020,ACL_2020_Full_Papers.bib
yin-etal-2020-robustness,On the Robustness of Language Encoders against Grammatical Errors,2020,ACL_2020_Full_Papers.bib
jo-myaeng-2020-roles,Roles and Utilization of Attention Heads in Transformer-based Neural Language Models,2020,ACL_2020_Full_Papers.bib
sun-lu-2020-understanding,Understanding Attention for Text Classification,2020,ACL_2020_Full_Papers.bib
nguyen-etal-2020-relational,A Relational Memory-based Embedding Model for Triple Classification and Search Personalization,2020,ACL_2020_Full_Papers.bib
miao-etal-2020-right,Do you have the right scissors? Tailoring Pre-trained Language Models via {M}onte-{C}arlo Methods,2020,ACL_2020_Full_Papers.bib
li-etal-2020-enhancing,Enhancing Pre-trained {C}hinese Character Representation with Word-aligned Attention,2020,ACL_2020_Full_Papers.bib
wu-etal-2020-encoder,On the Encoder-Decoder Incompatibility in Variational Text Modeling and Beyond,2020,ACL_2020_Full_Papers.bib
ye-etal-2020-safer,{SAFER}: A Structure-free Approach for Certified Robustness to Adversarial Word Substitutions,2020,ACL_2020_Full_Papers.bib
ren-etal-2020-graph,A Graph-based Coarse-to-fine Method for Unsupervised Bilingual Lexicon Induction,2020,ACL_2020_Full_Papers.bib
zou-etal-2020-reinforced,A Reinforced Generation of Adversarial Examples for Neural Machine Translation,2020,ACL_2020_Full_Papers.bib
ren-etal-2020-retrieve,A Retrieve-and-Rewrite Initialization Method for Unsupervised Machine Translation,2020,ACL_2020_Full_Papers.bib
ma-etal-2020-simple,A Simple and Effective Unified Encoder for Document-Level Machine Translation,2020,ACL_2020_Full_Papers.bib
li-etal-2020-multi-encoder,Does Multi-Encoder Help? A Case Study on Context-Aware Neural Machine Translation,2020,ACL_2020_Full_Papers.bib
xu-etal-2020-dynamically,Dynamically Adjusting Transformer Batch Size by Monitoring Gradient Direction Change,2020,ACL_2020_Full_Papers.bib
sun-etal-2020-knowledge-distillation,Knowledge Distillation for Multilingual Unsupervised Neural Machine Translation,2020,ACL_2020_Full_Papers.bib
susanto-etal-2020-lexically,Lexically Constrained Neural Machine Translation with {L}evenshtein Transformer,2020,ACL_2020_Full_Papers.bib
takahashi-etal-2020-automatic,Automatic Machine Translation Evaluation using Source Language Inputs and Cross-lingual Language Model,2020,ACL_2020_Full_Papers.bib
shao-nakashole-2020-chartdialogs,{C}hart{D}ialogs: {P}lotting from {N}atural {L}anguage {I}nstructions,2020,ACL_2020_Full_Papers.bib
khanuja-etal-2020-gluecos,{GLUEC}o{S}: An Evaluation Benchmark for Code-Switched {NLP},2020,ACL_2020_Full_Papers.bib
xu-etal-2020-matinf,"{MATINF}: A Jointly Labeled Large-Scale Dataset for Classification, Question Answering and Summarization",2020,ACL_2020_Full_Papers.bib
wu-etal-2020-mind,{MIND}: A Large-scale Dataset for News Recommendation,2020,ACL_2020_Full_Papers.bib
shaar-etal-2020-known,That is a Known Lie: Detecting Previously Fact-Checked Claims,2020,ACL_2020_Full_Papers.bib
wang-he-2020-birre,{B}i{RRE}: Learning Bidirectional Residual Relation Embeddings for Supervised Hypernymy Detection,2020,ACL_2020_Full_Papers.bib
sung-etal-2020-biomedical,Biomedical Entity Representations with Synonym Marginalization,2020,ACL_2020_Full_Papers.bib
yu-etal-2020-hypernymy,Hypernymy Detection for Low-Resource Languages via Meta Learning,2020,ACL_2020_Full_Papers.bib
sasano-korhonen-2020-investigating,Investigating Word-Class Distributions in Word Vector Spaces,2020,ACL_2020_Full_Papers.bib
chen-etal-2020-aspect,Aspect Sentiment Classification with Document-level Sentiment Preference Modeling,2020,ACL_2020_Full_Papers.bib
wei-etal-2020-dont,Don{'}t Eclipse Your Arts Due to Small Discrepancies: Boundary Repositioning with a Pointer Network for Aspect Extraction,2020,ACL_2020_Full_Papers.bib
fan-etal-2020-transition,Transition-based Directed Graph Construction for Emotion-Cause Pair Extraction,2020,ACL_2020_Full_Papers.bib
wang-etal-2020-curriculum,Curriculum Pre-training for End-to-End Speech Translation,2020,ACL_2020_Full_Papers.bib
prasad-jyothi-2020-accents,How Accents Confound: Probing for Accent Information in End-to-End Speech Recognition Systems,2020,ACL_2020_Full_Papers.bib
jamshid-lou-johnson-2020-improving,Improving Disfluency Detection by Self-Training a Self-Attentive Model,2020,ACL_2020_Full_Papers.bib
huang-chen-2020-learning,Learning Spoken Language Representations with Neural Lattice Language Modeling,2020,ACL_2020_Full_Papers.bib
winata-etal-2020-meta,Meta-Transfer Learning for Code-Switched Speech Recognition,2020,ACL_2020_Full_Papers.bib
xu-etal-2020-reasoning,Reasoning with Multimodal Sarcastic Tweets via Modeling Cross-Modality Contrast and Semantic Association,2020,ACL_2020_Full_Papers.bib
ren-etal-2020-simulspeech,{S}imul{S}peech: End-to-End Simultaneous Speech to Text Translation,2020,ACL_2020_Full_Papers.bib
singla-etal-2020-towards,Towards end-2-end learning for predicting behavior codes from spoken utterances in psychotherapy conversations,2020,ACL_2020_Full_Papers.bib
zhu-etal-2020-neural-temporal,Neural Temporal Opinion Modelling for Opinion Prediction on {T}witter,2020,ACL_2020_Full_Papers.bib
padhi-etal-2020-learning,Learning Implicit Text Generation via Feature Matching,2020,ACL_2020_Full_Papers.bib
shahidi-etal-2020-two,"Two Birds, One Stone: A Simple, Unified Model for Text Generation from Structured and Unstructured Data",2020,ACL_2020_Full_Papers.bib
barkan-etal-2020-bayesian,{B}ayesian Hierarchical Words Representation Learning,2020,ACL_2020_Full_Papers.bib
xu-etal-2020-seek,{SEEK}: Segmented Embedding of Knowledge Graphs,2020,ACL_2020_Full_Papers.bib
soto-etal-2020-selecting,Selecting Backtranslated Data from Multiple Sources for Improved Neural Machine Translation,2020,ACL_2020_Full_Papers.bib
brix-etal-2020-successfully,Successfully Applying the Stabilized Lottery Ticket Hypothesis to the Transformer Architecture,2020,ACL_2020_Full_Papers.bib
niu-etal-2020-self,A Self-Training Method for Machine Reading Comprehension with Soft Evidence Extraction,2020,ACL_2020_Full_Papers.bib
zhang-etal-2020-graph-tree,Graph-to-Tree Learning for Solving Math Word Problems,2020,ACL_2020_Full_Papers.bib
kim-etal-2020-adaptive,Adaptive Compression of Word Embeddings,2020,ACL_2020_Full_Papers.bib
giulianelli-etal-2020-analysing,Analysing Lexical Semantic Change with Contextualised Word Representations,2020,ACL_2020_Full_Papers.bib
chiu-etal-2020-autoencoding,Autoencoding Keyword Correlation Graph for Document Clustering,2020,ACL_2020_Full_Papers.bib
emerson-2020-autoencoding,Autoencoding Pixies: Amortised Variational Inference with Graph Convolutions for Functional Distributional Semantics,2020,ACL_2020_Full_Papers.bib
schick-schutze-2020-bertram,{BERTRAM}: Improved Word Embeddings Have Big Impact on Contextualized Model Performance,2020,ACL_2020_Full_Papers.bib
du-etal-2020-adversarial,Adversarial and Domain-Aware {BERT} for Cross-Domain Sentiment Analysis,2020,ACL_2020_Full_Papers.bib
bar-haim-etal-2020-arguments,From Arguments to Key Points: {T}owards Automatic Argument Summarization,2020,ACL_2020_Full_Papers.bib
tian-etal-2020-skep,{SKEP}: Sentiment Knowledge Enhanced Pre-training for Sentiment Analysis,2020,ACL_2020_Full_Papers.bib
fernandez-gonzalez-gomez-rodriguez-2020-enriched,Enriched In-Order Linearization for Faster Sequence-to-Sequence Constituent Parsing,2020,ACL_2020_Full_Papers.bib
ye-sun-2020-exact,"Exact yet Efficient Graph Parsing, Bi-directional Locality and the Constructivist Hypothesis",2020,ACL_2020_Full_Papers.bib
do-rehbein-2020-neural,Neural Reranking for Dependency Parsing: An Evaluation,2020,ACL_2020_Full_Papers.bib
chrupala-etal-2020-analyzing,Analyzing analytical methods: The case of phonology in neural models of spoken language,2020,ACL_2020_Full_Papers.bib
camburu-etal-2020-make,Make Up Your Mind! Adversarial Generation of Inconsistent Natural Language Explanations,2020,ACL_2020_Full_Papers.bib
wu-etal-2020-perturbed,Perturbed Masking: Parameter-free Probing for Analyzing and Interpreting {BERT},2020,ACL_2020_Full_Papers.bib
abnar-zuidema-2020-quantifying,Quantifying Attention Flow in Transformers,2020,ACL_2020_Full_Papers.bib
jacovi-goldberg-2020-towards,Towards Faithfully Interpretable {NLP} Systems: How Should We Define and Evaluate Faithfulness?,2020,ACL_2020_Full_Papers.bib
mao-etal-2020-tchebycheff,Tchebycheff Procedure for Multi-task Text Classification,2020,ACL_2020_Full_Papers.bib
weller-di-marco-fraser-2020-modeling,Modeling Word Formation in {E}nglish{--}{G}erman Neural Machine Translation,2020,ACL_2020_Full_Papers.bib
kaneko-etal-2020-encoder,Encoder-Decoder Models Can Benefit from Pre-trained Masked Language Models in Grammatical Error Correction,2020,ACL_2020_Full_Papers.bib
hu-etal-2020-graph,Graph Neural News Recommendation with Unsupervised Preference Disentanglement,2020,ACL_2020_Full_Papers.bib
hu-etal-2020-identifying,Identifying Principals and Accessories in a Complex Case based on the Comprehension of Fact Description,2020,ACL_2020_Full_Papers.bib
rajamanickam-etal-2020-joint,Joint Modelling of Emotion and Abusive Language Detection,2020,ACL_2020_Full_Papers.bib
weigelt-etal-2020-programming,{P}rogramming in {N}atural {L}anguage with fu{SE}: {S}ynthesizing {M}ethods from {S}poken {U}tterances {U}sing {D}eep {N}atural {L}anguage {U}nderstanding,2020,ACL_2020_Full_Papers.bib
yao-wan-2020-multimodal,Multimodal Transformer for Multimodal Machine Translation,2020,ACL_2020_Full_Papers.bib
saha-etal-2020-towards,Towards Emotion-aided Multi-modal Dialogue Act Classification,2020,ACL_2020_Full_Papers.bib
maronikolakis-etal-2020-analyzing,Analyzing Political Parody in Social Media,2020,ACL_2020_Full_Papers.bib
dayanik-pado-2020-masking,Masking Actor Information Leads to Fairer Political Claims Detection,2020,ACL_2020_Full_Papers.bib
joseph-morgan-2020-word,When do Word Embeddings Accurately Reflect Surveys on our Beliefs About People?,2020,ACL_2020_Full_Papers.bib
zhang-etal-2020-said,"``Who said it, and Why?'' Provenance for Natural Language Claims",2020,ACL_2020_Full_Papers.bib
cao-etal-2020-deformer,{D}e{F}ormer: Decomposing Pre-trained Transformers for Faster Question Answering,2020,ACL_2020_Full_Papers.bib
saxena-etal-2020-improving,Improving Multi-hop Question Answering over Knowledge Graphs using Knowledge Base Embeddings,2020,ACL_2020_Full_Papers.bib
fabbri-etal-2020-template,Template-Based Question Generation from Retrieved Sentences for Improved Unsupervised Question Answering,2020,ACL_2020_Full_Papers.bib
liu-etal-2020-dscorer,{D}scorer: A Fast Evaluation Metric for Discourse Representation Structure Parsing,2020,ACL_2020_Full_Papers.bib
banon-etal-2020-paracrawl,{P}ara{C}rawl: Web-Scale Acquisition of Parallel Corpora,2020,ACL_2020_Full_Papers.bib
sen-etal-2020-human,Human Attention Maps for Text Classification: Do Humans and Neural Networks Focus on the Same Words?,2020,ACL_2020_Full_Papers.bib
artetxe-etal-2020-cross,On the Cross-lingual Transferability of Monolingual Representations,2020,ACL_2020_Full_Papers.bib
gaonkar-etal-2020-modeling,Modeling Label Semantics for Predicting Emotional Reactions,2020,ACL_2020_Full_Papers.bib
srinet-etal-2020-craftassist,{C}raft{A}ssist Instruction Parsing: Semantic Parsing for a Voxel-World Assistant,2020,ACL_2020_Full_Papers.bib
li-etal-2020-dont,Don{'}t Say That! Making Inconsistent Dialogue Unlikely with Unlikelihood Training,2020,ACL_2020_Full_Papers.bib
zhao-bethard-2020-berts,How does {BERT}{'}s attention change when you fine-tune? An analysis methodology and a case study in negation scope,2020,ACL_2020_Full_Papers.bib
lu-etal-2020-influence,Influence Paths for Characterizing Subject-Verb Number Agreement in {LSTM} Language Models,2020,ACL_2020_Full_Papers.bib
bommasani-etal-2020-interpreting,{I}nterpreting {P}retrained {C}ontextualized {R}epresentations via {R}eductions to {S}tatic {E}mbeddings,2020,ACL_2020_Full_Papers.bib
geffen-lan-etal-2020-spontaneous,{O}n the {S}pontaneous {E}mergence of {D}iscrete and {C}ompositional {S}ignals,2020,ACL_2020_Full_Papers.bib
klafka-ettinger-2020-spying,Spying on Your Neighbors: Fine-grained Probing of Contextual Embeddings for Information about Surrounding Words,2020,ACL_2020_Full_Papers.bib
mu-etal-2020-shaping,Shaping Visual Representations with Language for Few-Shot Classification,2020,ACL_2020_Full_Papers.bib
jin-etal-2020-discrete,Discrete Latent Variable Representations for Low-Resource Text Classification,2020,ACL_2020_Full_Papers.bib
pan-etal-2020-learning,Learning Constraints for Structured Prediction Using Rectifier Networks,2020,ACL_2020_Full_Papers.bib
iter-etal-2020-pretraining,Pretraining with Contrastive Sentence Objectives Improves Discourse Performance of Language Models,2020,ACL_2020_Full_Papers.bib
ribeiro-etal-2020-beyond,Beyond Accuracy: Behavioral Testing of {NLP} Models with {C}heck{L}ist,2020,ACL_2020_Full_Papers.bib
mao-etal-2020-facet,Facet-Aware Evaluation for Extractive Summarization,2020,ACL_2020_Full_Papers.bib
stasaski-etal-2020-diverse,More Diverse Dialogue Datasets via Diversity-Informed Data Collection,2020,ACL_2020_Full_Papers.bib
ahmad-etal-2020-transformer,A Transformer-based Approach for Source Code Summarization,2020,ACL_2020_Full_Papers.bib
wang-etal-2020-asking,Asking and Answering Questions to Evaluate the Factual Consistency of Summaries,2020,ACL_2020_Full_Papers.bib
xu-etal-2020-discourse,Discourse-Aware Neural Extractive Text Summarization,2020,ACL_2020_Full_Papers.bib
schumann-etal-2020-discrete,Discrete Optimization for Unsupervised Sentence Summarization with Word-Level Extraction,2020,ACL_2020_Full_Papers.bib
ladhak-etal-2020-exploring,Exploring Content Selection in Summarization of Novel Chapters,2020,ACL_2020_Full_Papers.bib
jin-etal-2020-hooks,Hooks in the Headline: Learning to Generate Headlines with Controlled Styles,2020,ACL_2020_Full_Papers.bib
huang-etal-2020-knowledge,Knowledge Graph-Augmented Abstractive Summarization with Semantic-Driven Cloze Reward,2020,ACL_2020_Full_Papers.bib
zhang-etal-2020-optimizing,Optimizing the Factual Correctness of a Summary: A Study of Summarizing Radiology Reports,2020,ACL_2020_Full_Papers.bib
laban-etal-2020-summary,The Summary Loop: Learning to Write Abstractive Summaries Without Examples,2020,ACL_2020_Full_Papers.bib
trott-etal-2020-construing,({R}e)construing Meaning in {NLP},2020,ACL_2020_Full_Papers.bib
bender-koller-2020-climbing,"Climbing towards {NLU}: {On} Meaning, Form, and Understanding in the Age of Data",2020,ACL_2020_Full_Papers.bib
mohammad-2020-examining,Examining Citations of Natural Language Processing Literature,2020,ACL_2020_Full_Papers.bib
zhong-etal-2020-nlp,How Does {NLP} Benefit Legal System: A Summary of Legal Artificial Intelligence,2020,ACL_2020_Full_Papers.bib
pruksachatkun-etal-2020-intermediate,Intermediate-Task Transfer Learning with Pretrained Language Models: When and Why Does It Work?,2020,ACL_2020_Full_Papers.bib
li-etal-2020-bert-vision,What Does {BERT} with Vision Look At?,2020,ACL_2020_Full_Papers.bib
zhang-danescu-niculescu-mizil-2020-balancing,Balancing Objectives in Counseling Conversations: Advancing Forwards or Looking Backwards,2020,ACL_2020_Full_Papers.bib
desai-etal-2020-detecting,Detecting Perceived Emotions in Hurricane Disasters,2020,ACL_2020_Full_Papers.bib
lynn-etal-2020-hierarchical,Hierarchical Modeling for User Personality Prediction: The Role of Message-Level Attention,2020,ACL_2020_Full_Papers.bib
zong-etal-2020-measuring,Measuring Forecasting Skill from Text,2020,ACL_2020_Full_Papers.bib
keith-etal-2020-text,Text and Causal Inference: A Review of Using Text to Remove Confounding from Causal Estimates,2020,ACL_2020_Full_Papers.bib
vafa-etal-2020-text,Text-Based Ideal Points,2020,ACL_2020_Full_Papers.bib
schuster-etal-2020-harnessing,Harnessing the linguistic signal to predict scalar inferences,2020,ACL_2020_Full_Papers.bib
kim-etal-2020-implicit,Implicit Discourse Relation Classification: We Need to Talk about Evaluation,2020,ACL_2020_Full_Papers.bib
song-etal-2020-zpr2,{ZPR}2: Joint Zero Pronoun Recovery and Resolution using Multi-Task Learning and {BERT},2020,ACL_2020_Full_Papers.bib
blodgett-etal-2020-language,Language (Technology) is Power: A Critical Survey of ``Bias'' in {NLP},2020,ACL_2020_Full_Papers.bib
hutchinson-etal-2020-social,Social Biases in {NLP} Models as Barriers for Persons with Disabilities,2020,ACL_2020_Full_Papers.bib
liang-etal-2020-towards,Towards Debiasing Sentence Representations,2020,ACL_2020_Full_Papers.bib
sun-etal-2020-evaluation,A Re-evaluation of Knowledge Graph Completion Methods,2020,ACL_2020_Full_Papers.bib
mueller-etal-2020-cross,Cross-Linguistic Syntactic Evaluation of Word Prediction Models,2020,ACL_2020_Full_Papers.bib
han-etal-2020-explaining,Explaining Black Box Predictions and Unveiling Data Artifacts through Influence Functions,2020,ACL_2020_Full_Papers.bib
chi-etal-2020-finding,Finding Universal Grammatical Relations in Multilingual {BERT},2020,ACL_2020_Full_Papers.bib
chen-etal-2020-generating-hierarchical,Generating Hierarchical Explanations on Text Classification via Feature Interaction Detection,2020,ACL_2020_Full_Papers.bib
yu-etal-2020-crossing,Crossing Variational Autoencoders for Answer Retrieval,2020,ACL_2020_Full_Papers.bib
asai-hajishirzi-2020-logic,Logic-Guided Data Augmentation and Regularization for Consistent Question Answering,2020,ACL_2020_Full_Papers.bib
sultan-etal-2020-importance,On the Importance of Diversity in Question Generation for {QA},2020,ACL_2020_Full_Papers.bib
cheng-etal-2020-probabilistic,Probabilistic Assumptions Matter: Improved Models for Distantly-Supervised Document-Level Question Answering,2020,ACL_2020_Full_Papers.bib
kong-etal-2020-scde,{SCDE}: Sentence Cloze Dataset with High Quality Distractors From Examinations,2020,ACL_2020_Full_Papers.bib
kamath-etal-2020-selective,Selective Question Answering under Domain Shift,2020,ACL_2020_Full_Papers.bib
soldaini-moschitti-2020-cascade,The Cascade Transformer: an Application for Efficient Answer Sentence Selection,2020,ACL_2020_Full_Papers.bib
li-choi-2020-transformers,Transformers to Learn Hierarchical Contexts in Multiparty Dialogue for Span-based Question Answering,2020,ACL_2020_Full_Papers.bib
sadeqi-azer-etal-2020-claims,Not All Claims are Created Equal: Choosing the Right Statistical Approach to Assess Hypotheses,2020,ACL_2020_Full_Papers.bib
fei-li-2020-cross,Cross-Lingual Unsupervised Sentiment Classification with Multi-View Transfer Learning,2020,ACL_2020_Full_Papers.bib
ma-etal-2020-entity,Entity-Aware Dependency-Based Deep Graph Attention Network for Comparative Preference Classification,2020,ACL_2020_Full_Papers.bib
suhara-etal-2020-opiniondigest,{O}pinion{D}igest: A Simple Framework for Opinion Summarization,2020,ACL_2020_Full_Papers.bib
babanejad-etal-2020-comprehensive,A Comprehensive Analysis of Preprocessing for Word Representation Learning in Affective Tasks,2020,ACL_2020_Full_Papers.bib
wu-etal-2020-diverse,Diverse and Informative Dialogue Generation with Context-Specific Commonsense Knowledge Awareness,2020,ACL_2020_Full_Papers.bib
song-etal-2020-learning,Learning to Customize Model Structures for Few-shot Dialogue Generation Tasks,2020,ACL_2020_Full_Papers.bib
le-hoi-2020-video,Video-Grounded Dialogues with Pretrained Generation Language Models,2020,ACL_2020_Full_Papers.bib
dai-etal-2020-effective,An Effective Transition-based Model for Discontinuous {NER},2020,ACL_2020_Full_Papers.bib
kolluru-etal-2020-imojie,{IM}o{JIE}: Iterative Memory-Based Joint Open Information Extraction,2020,ACL_2020_Full_Papers.bib
jia-zhang-2020-multi,Multi-Cell Compositional {LSTM} for {NER} Domain Adaptation,2020,ACL_2020_Full_Papers.bib
wang-etal-2020-pyramid,{P}yramid: A Layered Model for Nested Named Entity Recognition,2020,ACL_2020_Full_Papers.bib
xie-etal-2020-reinceptione,{R}e{I}nception{E}: Relation-Aware Inception Network with Joint Local-Global Structural Information for Knowledge Graph Embedding,2020,ACL_2020_Full_Papers.bib
ma-etal-2020-simplify,Simplify the Usage of Lexicon in {C}hinese {NER},2020,ACL_2020_Full_Papers.bib
cheng-etal-2020-advaug,{A}dv{A}ug: Robust Adversarial Augmentation for Neural Machine Translation,2020,ACL_2020_Full_Papers.bib
wong-etal-2020-contextual,Contextual Neural Machine Translation Improves Translation of Cataphoric Pronouns,2020,ACL_2020_Full_Papers.bib
yang-etal-2020-improving-neural,Improving Neural Machine Translation with Soft Template Prediction,2020,ACL_2020_Full_Papers.bib
marie-etal-2020-tagged,Tagged Back-translation Revisited: Why Does It Really Work?,2020,ACL_2020_Full_Papers.bib
chuang-etal-2020-worse,"Worse {WER}, but Better {BLEU}? Leveraging Word Embedding as Intermediate in Multitask End-to-End Speech Translation",2020,ACL_2020_Full_Papers.bib
tan-etal-2020-neural,Neural-{DINF}: A Neural Network based Framework for Measuring Document Influence,2020,ACL_2020_Full_Papers.bib
kazemnejad-etal-2020-paraphrase,Paraphrase Generation by Learning How to Edit from Samples,2020,ACL_2020_Full_Papers.bib
conneau-etal-2020-emerging,Emerging Cross-lingual Structure in Pretrained Language Models,2020,ACL_2020_Full_Papers.bib
liu-etal-2020-fastbert,{F}ast{BERT}: a Self-distilling {BERT} with Adaptive Inference Time,2020,ACL_2020_Full_Papers.bib
xu-etal-2020-incorporating,Incorporating External Knowledge through Pre-training for Natural Language to Code Generation,2020,ACL_2020_Full_Papers.bib
zang-etal-2020-word,Word-level Textual Adversarial Attacking as Combinatorial Optimization,2020,ACL_2020_Full_Papers.bib
xu-etal-2020-curriculum,Curriculum Learning for Natural Language Understanding,2020,ACL_2020_Full_Papers.bib
yanaka-etal-2020-neural,Do Neural Models Learn Systematicity of Monotonicity Inference in Natural Language?,2020,ACL_2020_Full_Papers.bib
jia-etal-2020-ask,How to Ask Good Questions? Try to Leverage Paraphrases,2020,ACL_2020_Full_Papers.bib
guan-etal-2020-neuinfer,{N}eu{I}nfer: Knowledge Inference on {N}-ary Facts,2020,ACL_2020_Full_Papers.bib
chen-etal-2020-neural-graph,Neural Graph Matching Networks for {C}hinese Short Text Matching,2020,ACL_2020_Full_Papers.bib
wu-etal-2020-neural,Neural Mixed Counting Models for Dispersed Topic Discovery,2020,ACL_2020_Full_Papers.bib
xing-etal-2020-automatic,Automatic Generation of Citation Texts in Scholarly Papers: A Pilot Study,2020,ACL_2020_Full_Papers.bib
li-etal-2020-composing,Composing Elementary Discourse Units in Abstractive Summarization,2020,ACL_2020_Full_Papers.bib
zhong-etal-2020-extractive,Extractive Summarization as Text Matching,2020,ACL_2020_Full_Papers.bib
wang-etal-2020-heterogeneous,Heterogeneous Graph Neural Networks for Extractive Document Summarization,2020,ACL_2020_Full_Papers.bib
cao-etal-2020-jointly,Jointly Learning to Align and Summarize for Neural Cross-Lingual Summarization,2020,ACL_2020_Full_Papers.bib
li-etal-2020-leveraging-graph,Leveraging Graph to Improve Abstractive Multi-Document Summarization,2020,ACL_2020_Full_Papers.bib
jin-etal-2020-multi,Multi-Granularity Interaction Network for Extractive and Abstractive Multi-Document Summarization,2020,ACL_2020_Full_Papers.bib
joshi-etal-2020-state,The State and Fate of Linguistic Diversity and Inclusion in the {NLP} World,2020,ACL_2020_Full_Papers.bib
henderson-2020-unstoppable,The Unstoppable Rise of Computational Linguistics in Deep Learning,2020,ACL_2020_Full_Papers.bib
shan-etal-2020-contextual,A Contextual Hierarchical Attention Network with Adaptive Objective for Dialogue State Tracking,2020,ACL_2020_Full_Papers.bib
cai-etal-2020-data,Data Manipulation: Towards Effective Instance Learning for Neural Dialogue Generation via Learning to Augment and Reweight,2020,ACL_2020_Full_Papers.bib
qin-etal-2020-dynamic,Dynamic Fusion Network for Multi-Domain End-to-end Task-Oriented Dialog,2020,ACL_2020_Full_Papers.bib
hu-etal-2020-sas,{SAS}: Dialogue State Tracking via Slot Attention and Slot Information Sharing,2020,ACL_2020_Full_Papers.bib
zhang-etal-2020-top,A Top-down Neural Architecture towards Text-level Parsing of Discourse Rhetorical Structure,2020,ACL_2020_Full_Papers.bib
dutta-saha-2020-amalgamation,"Amalgamation of protein sequence, structure and textual information for improving protein-protein interaction identification",2020,ACL_2020_Full_Papers.bib
luo-zhao-2020-bipartite,Bipartite Flat-Graph Network for Nested Named Entity Recognition,2020,ACL_2020_Full_Papers.bib
zhao-etal-2020-connecting,Connecting Embeddings for Knowledge Graph Entity Typing,2020,ACL_2020_Full_Papers.bib
han-etal-2020-continual,Continual Relation Learning via Episodic Memory Activation and Reconsolidation,2020,ACL_2020_Full_Papers.bib
yu-etal-2020-named,Named Entity Recognition as Dependency Parsing,2020,ACL_2020_Full_Papers.bib
majumder-etal-2020-representation,Representation Learning for Information Extraction from Form-like Documents,2020,ACL_2020_Full_Papers.bib
wu-etal-2020-single,Single-/Multi-Source Cross-Lingual {NER} via Teacher-Student Learning on Unlabeled Data in Target Language,2020,ACL_2020_Full_Papers.bib
chen-etal-2020-synchronous,Synchronous Double-channel Recurrent Network for Aspect-Opinion Pair Extraction,2020,ACL_2020_Full_Papers.bib
schuz-zarriess-2020-knowledge,{K}nowledge Supports Visual Language Grounding: {A} Case Study on Colour Terms,2020,ACL_2020_Full_Papers.bib
zhang-etal-2020-span,Span-based Localizing Network for Natural Language Video Localization,2020,ACL_2020_Full_Papers.bib
peng-etal-2020-mixture,A Mixture of h - 1 Heads is Better than h Heads,2020,ACL_2020_Full_Papers.bib
tang-etal-2020-dependency,Dependency Graph Enhanced Dual-transformer Structure for Aspect-based Sentiment Classification,2020,ACL_2020_Full_Papers.bib
nguyen-etal-2020-differentiable,Differentiable Window for Dynamic Local Attention,2020,ACL_2020_Full_Papers.bib
zheng-etal-2020-evaluating,Evaluating and Enhancing the Robustness of Neural Network-based Dependency Parsing Models with Adversarial Examples,2020,ACL_2020_Full_Papers.bib
li-etal-2020-learning,Learning Architectures from an Extended Search Space for Language Modeling,2020,ACL_2020_Full_Papers.bib
schwartz-etal-2020-right,The Right Tool for the Job: Matching Model and Instance Complexities,2020,ACL_2020_Full_Papers.bib
xu-etal-2020-modeling,Modeling Morphological Typology for Unsupervised Learning of Language Morphology,2020,ACL_2020_Full_Papers.bib
williams-etal-2020-predicting,Predicting Declension Class from Form and Meaning,2020,ACL_2020_Full_Papers.bib
zheng-etal-2020-document,Document Modeling with Graph Attention Networks for Multi-grained Machine Reading Comprehension,2020,ACL_2020_Full_Papers.bib
yu-etal-2020-low,Low-Resource Generation of Multi-hop Reasoning Questions,2020,ACL_2020_Full_Papers.bib
liu-etal-2020-rikinet,{R}iki{N}et: Reading {W}ikipedia Pages for Natural Question Answering,2020,ACL_2020_Full_Papers.bib
chen-sun-2020-parsing,Parsing into Variable-in-situ Logico-Semantic Graphs,2020,ACL_2020_Full_Papers.bib
jia-etal-2020-semi,Semi-Supervised Semantic Dependency Parsing Using {CRF} Autoencoders,2020,ACL_2020_Full_Papers.bib
fu-etal-2020-drts,{DRTS} Parsing with Structure-Aware Encoding and Decoding,2020,ACL_2020_Full_Papers.bib
kushilevitz-etal-2020-two,A Two-Stage Masked {LM} Method for Term Set Expansion,2020,ACL_2020_Full_Papers.bib
li-etal-2020-flat,{FLAT}: {C}hinese {NER} Using Flat-Lattice Transformer,2020,ACL_2020_Full_Papers.bib
hou-etal-2020-improving,Improving Entity Linking through Semantic Reinforced Entity Embeddings,2020,ACL_2020_Full_Papers.bib
saleh-pecina-2020-document,Document Translation vs. Query Translation for Cross-Lingual Information Retrieval in the Medical Domain,2020,ACL_2020_Full_Papers.bib
meister-etal-2020-generalized,Generalized Entropy Regularization or: There{'}s Nothing Special about Label Smoothing,2020,ACL_2020_Full_Papers.bib
chai-etal-2020-highway,Highway Transformer: Self-Gating Enhanced Self-Attentive Networks,2020,ACL_2020_Full_Papers.bib
chami-etal-2020-low,Low-Dimensional Hyperbolic Knowledge Graph Embeddings,2020,ACL_2020_Full_Papers.bib
karan-etal-2020-classification,Classification-Based Self-Learning for Weakly Supervised Bilingual Lexicon Induction,2020,ACL_2020_Full_Papers.bib
zhou-etal-2020-uncertainty,Uncertainty-Aware Curriculum Learning for Neural Machine Translation,2020,ACL_2020_Full_Papers.bib
lange-etal-2020-closing,Closing the Gap: Joint De-Identification and Concept Extraction in the Clinical Domain,2020,ACL_2020_Full_Papers.bib
wu-etal-2020-corefqa,{C}oref{QA}: Coreference Resolution as Query-based Span Prediction,2020,ACL_2020_Full_Papers.bib
kochkina-liakata-2020-estimating,Estimating predictive uncertainty for rumour verification models,2020,ACL_2020_Full_Papers.bib
jin-etal-2020-language,Language to Network: Conditional Parameter Adaptation with Natural Language Descriptions,2020,ACL_2020_Full_Papers.bib
poerner-etal-2020-sentence,Sentence Meta-Embeddings for Unsupervised Semantic Textual Similarity,2020,ACL_2020_Full_Papers.bib
fernandez-gonzalez-gomez-rodriguez-2020-transition,Transition-based Semantic Dependency Parsing with Pointer Networks,2020,ACL_2020_Full_Papers.bib
peinelt-etal-2020-tbert,t{BERT}: Topic Models and {BERT} Joining Forces for Semantic Similarity Detection,2020,ACL_2020_Full_Papers.bib
al-khatib-etal-2020-exploiting,Exploiting Personal Characteristics of Debaters for Predicting Persuasiveness,2020,ACL_2020_Full_Papers.bib
su-etal-2020-diversifying,Diversifying Dialogue Generation with Non-Conversational Text,2020,ACL_2020_Full_Papers.bib
huang-etal-2020-meta,Meta-Reinforced Multi-Domain State Generator for Dialogue Systems,2020,ACL_2020_Full_Papers.bib
quan-xiong-2020-modeling,Modeling Long Context for Task-Oriented Dialogue State Generation,2020,ACL_2020_Full_Papers.bib
wang-etal-2020-multi-domain,Multi-Domain Dialogue Acts and Response Co-Generation,2020,ACL_2020_Full_Papers.bib
zhou-etal-2020-exploring,Exploring Contextual Word-level Style Relevance for Unsupervised Style Transfer,2020,ACL_2020_Full_Papers.bib
yao-etal-2020-heterogeneous,Heterogeneous Graph Transformer for Graph-to-Sequence Learning,2020,ACL_2020_Full_Papers.bib
khademi-2020-multimodal,Multimodal Neural Graph Memory Networks for Visual Question Answering,2020,ACL_2020_Full_Papers.bib
martin-etal-2020-camembert,{C}amem{BERT}: a Tasty {F}rench Language Model,2020,ACL_2020_Full_Papers.bib
pelsmaeker-aziz-2020-effective,Effective Estimation of Deep Generative Language Models,2020,ACL_2020_Full_Papers.bib
ravfogel-etal-2020-null,Null It Out: Guarding Protected Attributes by Iterative Nullspace Projection,2020,ACL_2020_Full_Papers.bib
a-augenstein-2020-2kenize,2kenize: Tying Subword Sequences for {C}hinese Script Conversion,2020,ACL_2020_Full_Papers.bib
hofmann-etal-2020-predicting,Predicting the Growth of Morphological Families from Social and Linguistic Factors,2020,ACL_2020_Full_Papers.bib
kumar-black-2020-clarq,{C}lar{Q}: A large-scale and diverse dataset for Clarification Question Generation,2020,ACL_2020_Full_Papers.bib
yan-etal-2020-multi-source,Multi-source Meta Transfer for Low Resource Multiple-Choice Question Answering,2020,ACL_2020_Full_Papers.bib
liu-etal-2020-fine,Fine-grained Fact Verification with Kernel Graph Attention Network,2020,ACL_2020_Full_Papers.bib
atanasova-etal-2020-generating-fact,Generating Fact Checking Explanations,2020,ACL_2020_Full_Papers.bib
ferreira-freitas-2020-premise,Premise Selection in Natural Language Mathematical Texts,2020,ACL_2020_Full_Papers.bib
artetxe-etal-2020-call,A Call for More Rigor in Unsupervised Cross-lingual Learning,2020,ACL_2020_Full_Papers.bib
hall-maudslay-etal-2020-tale,A Tale of a Probe and a Parser,2020,ACL_2020_Full_Papers.bib
tsarfaty-etal-2020-spmrl,From {SPMRL} to {NMRL}: What Did We Learn (and Unlearn) in a Decade of Parsing Morphologically-Rich Languages ({MRL}s)?,2020,ACL_2020_Full_Papers.bib
sperber-paulik-2020-speech,Speech Translation and the End-to-End Promise: Taking Stock of Where We Are,2020,ACL_2020_Full_Papers.bib
emerson-2020-goals,What are the Goals of Distributional Semantics?,2020,ACL_2020_Full_Papers.bib
ippolito-etal-2020-toward,Toward Better Storylines with Sentence-Level Language Models,2020,ACL_2020_Full_Papers.bib
honovich-etal-2020-machine,Machine Reading of Historical Events,2020,ACL_2020_Full_Papers.bib
klein-nabi-2020-contrastive,Contrastive Self-Supervised Learning for Commonsense Reasoning,2020,ACL_2020_Full_Papers.bib
rae-razavi-2020-transformers,Do Transformers Need Deep Long-Range Memory?,2020,ACL_2020_Full_Papers.bib
cheng-etal-2020-improving,Improving Disentangled Text Representation Learning with Information-Theoretic Guidance,2020,ACL_2020_Full_Papers.bib
glavas-vulic-2020-non,Non-Linear Instance-Based Cross-Lingual Mapping for Non-Isomorphic Embedding Spaces,2020,ACL_2020_Full_Papers.bib
abdou-etal-2020-sensitivity,The Sensitivity of Language Models and Humans to {W}inograd Schema Perturbations,2020,ACL_2020_Full_Papers.bib
naik-rose-2020-towards,Towards Open Domain Event Trigger Identification using Adversarial Domain Adaptation,2020,ACL_2020_Full_Papers.bib
suglia-etal-2020-compguesswhat,{C}omp{G}uess{W}hat?!: A Multi-task Evaluation Framework for Grounded Language Learning,2020,ACL_2020_Full_Papers.bib
zheng-etal-2020-cross,Cross-Modality Relevance for Reasoning on Language and Vision,2020,ACL_2020_Full_Papers.bib
lazaridou-etal-2020-multi,Multi-agent Communication meets Natural Language: Synergies between Functional and Structural Language Learning,2020,ACL_2020_Full_Papers.bib
wang-etal-2020-hat,{HAT}: Hardware-Aware Transformers for Efficient Natural Language Processing,2020,ACL_2020_Full_Papers.bib
you-etal-2020-hard,Hard-Coded {G}aussian Attention for Neural Machine Translation,2020,ACL_2020_Full_Papers.bib
aji-etal-2020-neural,"In Neural Machine Translation, What Does Transfer Learning Transfer?",2020,ACL_2020_Full_Papers.bib
wang-etal-2020-learning-multi,Learning a Multi-Domain Curriculum for Neural Machine Translation,2020,ACL_2020_Full_Papers.bib
aharoni-goldberg-2020-unsupervised,Unsupervised Domain Clusters in Pretrained Language Models,2020,ACL_2020_Full_Papers.bib
saunders-etal-2020-using,Using Context in Neural Machine Translation Training Objectives,2020,ACL_2020_Full_Papers.bib
setiawan-etal-2020-variational,Variational Neural Machine Translation with Normalizing Flows,2020,ACL_2020_Full_Papers.bib
arora-etal-2020-supervised,Supervised Grapheme-to-Phoneme Conversion of Orthographic Schwas in {H}indi and {P}unjabi,2020,ACL_2020_Full_Papers.bib
beigman-klebanov-madnani-2020-automated,Automated Evaluation of Writing {--} 50 Years and Counting,2020,ACL_2020_Full_Papers.bib
kassner-schutze-2020-negated,"Negated and Misprimed Probes for Pretrained Language Models: Birds Can Talk, But Cannot Fly",2020,ACL_2020_Full_Papers.bib
bollmann-elliott-2020-forgetting,On Forgetting to Cite Older Papers: An Analysis of the {ACL} {A}nthology,2020,ACL_2020_Full_Papers.bib
flek-2020-returning,Returning the {N} to {NLP}: {T}owards Contextually Personalized Classification Models,2020,ACL_2020_Full_Papers.bib
dunietz-etal-2020-test,"To Test Machine Comprehension, Start by Defining Comprehension",2020,ACL_2020_Full_Papers.bib
mohammad-2020-gender,Gender Gap in Natural Language Processing Research: Disparities in Authorship and Citations,2020,ACL_2020_Full_Papers.bib
lewis-etal-2020-bart,"{BART}: Denoising Sequence-to-Sequence Pre-training for Natural Language Generation, Translation, and Comprehension",2020,ACL_2020_Full_Papers.bib
chen-etal-2020-distilling,Distilling Knowledge Learned in {BERT} for Text Generation,2020,ACL_2020_Full_Papers.bib
kumar-etal-2020-iterative,Iterative Edit-Based Unsupervised Sentence Simplification,2020,ACL_2020_Full_Papers.bib
chen-etal-2020-logical,Logical Natural Language Generation from Open-Domain Tables,2020,ACL_2020_Full_Papers.bib
yuan-etal-2020-one,One Size Does Not Fit All: Generating and Evaluating Variable Number of Keyphrases,2020,ACL_2020_Full_Papers.bib
chakrabarty-etal-2020-r,"{R}{\textasciicircum}3: Reverse, Retrieve, and Rank for Sarcasm Generation with Commonsense Knowledge",2020,ACL_2020_Full_Papers.bib
song-etal-2020-structural,Structural Information Preserving for Graph-to-Text Generation,2020,ACL_2020_Full_Papers.bib
lin-etal-2020-joint,A Joint Neural Model for Information Extraction with Global Features,2020,ACL_2020_Full_Papers.bib
du-cardie-2020-document,Document-Level Event Role Filler Extraction using Multi-Granularity Contextualized Encoding,2020,ACL_2020_Full_Papers.bib
pouran-ben-veyseh-etal-2020-exploiting,Exploiting the Syntax-Model Consistency for Neural Relation Extraction,2020,ACL_2020_Full_Papers.bib
zhang-etal-2020-learning-interpretable,"Learning Interpretable Relationships between Entities, Relations and Concepts via {B}ayesian Structure Learning on Open Domain Facts",2020,ACL_2020_Full_Papers.bib
lockard-etal-2020-zeroshotceres,{Z}ero{S}hot{C}eres: Zero-Shot Relation Extraction from Semi-Structured Webpages,2020,ACL_2020_Full_Papers.bib
rijhwani-etal-2020-soft,Soft Gazetteers for Low-Resource Named Entity Recognition,2020,ACL_2020_Full_Papers.bib
viegas-etal-2020-cluhtm,{C}lu{HTM} - Semantic Hierarchical Topic Modeling based on {C}lu{W}ords,2020,ACL_2020_Full_Papers.bib
zhang-etal-2020-empower,Empower Entity Set Expansion via Language Model Probing,2020,ACL_2020_Full_Papers.bib
qin-etal-2020-feature,Feature Projection for Improved Text Classification,2020,ACL_2020_Full_Papers.bib
alqahtani-etal-2020-multitask,A Multitask Learning Approach for Diacritic Restoration,2020,ACL_2020_Full_Papers.bib
erdmann-etal-2020-frugal,Frugal Paradigm Completion,2020,ACL_2020_Full_Papers.bib
tian-etal-2020-improving-chinese,Improving {C}hinese Word Segmentation with Wordhood Memory Networks,2020,ACL_2020_Full_Papers.bib
zalmout-habash-2020-joint,"Joint Diacritization, Lemmatization, Normalization, and Fine-Grained Morphological Tagging",2020,ACL_2020_Full_Papers.bib
gururangan-etal-2020-dont,Don{'}t Stop Pretraining: Adapt Language Models to Domains and Tasks,2020,ACL_2020_Full_Papers.bib
zhelezniak-etal-2020-estimating,Estimating Mutual Information Between Dense Word Embeddings,2020,ACL_2020_Full_Papers.bib
suhr-etal-2020-exploring,Exploring Unexplored Generalization Challenges for Cross-Database Semantic Parsing,2020,ACL_2020_Full_Papers.bib
hossain-etal-2020-predicting,Predicting the Focus of Negation: Model and Error Analysis,2020,ACL_2020_Full_Papers.bib
yin-etal-2020-tabert,{T}a{BERT}: Pretraining for Joint Understanding of Textual and Tabular Data,2020,ACL_2020_Full_Papers.bib
conneau-etal-2020-unsupervised,Unsupervised Cross-lingual Representation Learning at Scale,2020,ACL_2020_Full_Papers.bib
chen-etal-2020-hierarchical,Hierarchical Entity Typing via Multi-level Learning to Rank,2020,ACL_2020_Full_Papers.bib
wang-etal-2020-multi-domain-named,Multi-Domain Named Entity Recognition with Genre-Aware and Agnostic Inference,2020,ACL_2020_Full_Papers.bib
karamanolakis-etal-2020-txtract,{TX}tract: Taxonomy-Aware Knowledge Extraction for Thousands of Product Categories,2020,ACL_2020_Full_Papers.bib
mccarthy-etal-2020-addressing,Addressing Posterior Collapse with Mutual Information for Improved Variational Neural Machine Translation,2020,ACL_2020_Full_Papers.bib
wang-etal-2020-balancing,Balancing Training for Multilingual Neural Machine Translation,2020,ACL_2020_Full_Papers.bib
niu-etal-2020-evaluating,Evaluating Robustness to Input Perturbations for Neural Machine Translation,2020,ACL_2020_Full_Papers.bib
zhang-etal-2020-parallel-corpus,Parallel Corpus Filtering via Pre-trained Language Models,2020,ACL_2020_Full_Papers.bib
zhang-litman-2020-automated,Automated Topical Component Extraction Using Neural Network Attention Scores from Source-based Essay Scoring,2020,ACL_2020_Full_Papers.bib
schumacher-etal-2020-clinical,Clinical Concept Linking with Contextualized Neural Representations,2020,ACL_2020_Full_Papers.bib
xia-etal-2020-predicting,Predicting Performance for Natural Language Processing Tasks,2020,ACL_2020_Full_Papers.bib
zhu-etal-2020-scriptwriter,{S}cript{W}riter: Narrative-Guided Script Generation,2020,ACL_2020_Full_Papers.bib
anastasopoulos-neubig-2020-cross,Should All Cross-Lingual Embeddings Speak {E}nglish?,2020,ACL_2020_Full_Papers.bib
mukherjee-etal-2020-smart,Smart To-Do: Automatic Generation of To-Do Items from Emails,2020,ACL_2020_Full_Papers.bib
jeretic-etal-2020-natural,Are Natural Language Inference Models {IMPPRESsive}? {L}earning {IMPlicature} and {PRESupposition},2020,ACL_2020_Full_Papers.bib
kumar-talukdar-2020-nile,{NILE} : Natural Language Inference with Faithful Natural Language Explanations,2020,ACL_2020_Full_Papers.bib
he-etal-2020-quase,{Q}u{ASE}: Question-Answer Driven Sentence Encoding,2020,ACL_2020_Full_Papers.bib
fonseca-martins-2020-revisiting,Revisiting Higher-Order Dependency Parsers,2020,ACL_2020_Full_Papers.bib
acl-2022-association-linguistics-1,Proceedings of the 60th Annual Meeting of the Association for Computational Linguistics (Volume 1: Long Papers),2022,ACL_2022_Full_Papers.bib
belz-etal-2022-quantified,Quantified Reproducibility Assessment of {NLP} Results,2022,ACL_2022_Full_Papers.bib
yu-etal-2022-rare,Rare Tokens Degenerate All Tokens: Improving Neural Text Generation via Adaptive Gradient Gating for Rare Token Embeddings,2022,ACL_2022_Full_Papers.bib
seker-etal-2022-alephbert,{A}leph{BERT}: Language Model Pre-training and Evaluation from Sub-Word to Sentence Level,2022,ACL_2022_Full_Papers.bib
li-etal-2022-learning,Learning to Imagine: Integrating Counterfactual Thinking in Neural Discrete Reasoning,2022,ACL_2022_Full_Papers.bib
zaharia-etal-2022-domain,Domain Adaptation in Multilingual and Multi-Domain Monolingual Settings for Complex Word Identification,2022,ACL_2022_Full_Papers.bib
liang-etal-2022-jointcl,{J}oint{CL}: A Joint Contrastive Learning Framework for Zero-Shot Stance Detection,2022,ACL_2022_Full_Papers.bib
feng-etal-2022-dynamic,Dynamic Schema Graph Fusion Network for Multi-Domain Dialogue State Tracking,2022,ACL_2022_Full_Papers.bib
chen-etal-2022-towards,Towards Making the Most of Cross-Lingual Transfer for Zero-Shot Neural Machine Translation,2022,ACL_2022_Full_Papers.bib
pan-etal-2022-topwords,{T}op{WORDS}-Seg: Simultaneous Text Segmentation and Word Discovery for Open-Domain {C}hinese Texts via {B}ayesian Inference,2022,ACL_2022_Full_Papers.bib
li-etal-2022-unsupervised-multiple,An Unsupervised Multiple-Task and Multiple-Teacher Model for Cross-lingual Named Entity Recognition,2022,ACL_2022_Full_Papers.bib
moro-etal-2022-discriminative,Discriminative Marginalized Probabilistic Neural Method for Multi-Document Summarization of Medical Literature,2022,ACL_2022_Full_Papers.bib
huang-etal-2022-sparse,Sparse Progressive Distillation: Resolving Overfitting under Pretrain-and-Finetune Paradigm,2022,ACL_2022_Full_Papers.bib
kambhatla-etal-2022-cipherdaug,{C}ipher{DA}ug: Ciphertext based Data Augmentation for Neural Machine Translation,2022,ACL_2022_Full_Papers.bib
patil-etal-2022-overlap,Overlap-based Vocabulary Generation Improves Cross-lingual Transfer Among Related Languages,2022,ACL_2022_Full_Papers.bib
zhuang-etal-2022-long,Long-range Sequence Modeling with Predictable Sparse Attention,2022,ACL_2022_Full_Papers.bib
geng-etal-2022-improving,Improving Personalized Explanation Generation through Visualization,2022,ACL_2022_Full_Papers.bib
davoodi-etal-2022-modeling,{M}odeling {U.S.} State-Level Policies by Extracting Winners and Losers from Legislative Texts,2022,ACL_2022_Full_Papers.bib
ma-etal-2022-structural,Structural Characterization for Dialogue Disentanglement,2022,ACL_2022_Full_Papers.bib
zhu-etal-2022-multi,Multi-Party Empathetic Dialogue Generation: A New Task for Dialog Systems,2022,ACL_2022_Full_Papers.bib
tu-etal-2022-misc,{MISC}: A Mixed Strategy-Aware Model integrating {COMET} for Emotional Support Conversation,2022,ACL_2022_Full_Papers.bib
du-etal-2022-glm,{GLM}: General Language Model Pretraining with Autoregressive Blank Infilling,2022,ACL_2022_Full_Papers.bib
qi-etal-2022-quoter,{Q}uote{R}: A Benchmark of Quote Recommendation for Writing,2022,ACL_2022_Full_Papers.bib
gao-etal-2022-towards,Towards Comprehensive Patent Approval Predictions:Beyond Traditional Document Classification,2022,ACL_2022_Full_Papers.bib
li-etal-2022-cross-utterance,Cross-Utterance Conditioned {VAE} for Non-Autoregressive Text-to-Speech,2022,ACL_2022_Full_Papers.bib
mireshghallah-etal-2022-mix,Mix and Match: Learning-free Controllable Text Generationusing Energy Language Models,2022,ACL_2022_Full_Papers.bib
li-xiong-2022-kafsp,{K}a{FSP}: Knowledge-Aware Fuzzy Semantic Parsing for Conversational Question Answering over a Large-Scale Knowledge Base,2022,ACL_2022_Full_Papers.bib
guo-etal-2022-modeling,Modeling Hierarchical Syntax Structure with Triplet Position for Source Code Summarization,2022,ACL_2022_Full_Papers.bib
zheng-etal-2022-fewnlu,{F}ew{NLU}: Benchmarking State-of-the-Art Methods for Few-Shot Natural Language Understanding,2022,ACL_2022_Full_Papers.bib
xu-etal-2022-perceiving,Perceiving the World: Question-guided Reinforcement Learning for Text-based Games,2022,ACL_2022_Full_Papers.bib
jia-etal-2022-neural,Neural Label Search for Zero-Shot Multi-Lingual Extractive Summarization,2022,ACL_2022_Full_Papers.bib
zhao-etal-2022-improving,Improving Meta-learning for Low-resource Text Classification and Generation via Memory Imitation,2022,ACL_2022_Full_Papers.bib
bandel-etal-2022-quality,Quality Controlled Paraphrase Generation,2022,ACL_2022_Full_Papers.bib
nagoudi-etal-2022-arat5,{A}ra{T}5: Text-to-Text Transformers for {A}rabic Language Generation,2022,ACL_2022_Full_Papers.bib
feng-etal-2022-legal,Legal Judgment Prediction via Event Extraction with Constraints,2022,ACL_2022_Full_Papers.bib
dong-etal-2022-learning,Learning When to Translate for Streaming Speech,2022,ACL_2022_Full_Papers.bib
yang-etal-2022-compact,Compact Token Representations with Contextual Quantization for Efficient Document Re-ranking,2022,ACL_2022_Full_Papers.bib
choi-etal-2022-early,Early Stopping Based on Unlabeled Samples in Text Classification,2022,ACL_2022_Full_Papers.bib
kobayashi-etal-2022-constrained,Constrained Multi-Task Learning for Bridging Resolution,2022,ACL_2022_Full_Papers.bib
ghazarian-etal-2022-deam,{DEAM}: Dialogue Coherence Evaluation using {AMR}-based Semantic Manipulations,2022,ACL_2022_Full_Papers.bib
wang-etal-2022-expanding,Expanding Pretrained Models to Thousands More Languages via Lexicon-based Adaptation,2022,ACL_2022_Full_Papers.bib
feng-etal-2022-language,Language-agnostic {BERT} Sentence Embedding,2022,ACL_2022_Full_Papers.bib
wan-etal-2022-nested,Nested Named Entity Recognition with Span-level Graphs,2022,ACL_2022_Full_Papers.bib
luo-etal-2022-cogtaskonomy,{C}og{T}askonomy: Cognitively Inspired Task Taxonomy Is Beneficial to Transfer Learning in {NLP},2022,ACL_2022_Full_Papers.bib
su-etal-2022-rocbert,{R}o{CB}ert: Robust {C}hinese Bert with Multimodal Contrastive Pretraining,2022,ACL_2022_Full_Papers.bib
shen-etal-2022-parallel,Parallel Instance Query Network for Named Entity Recognition,2022,ACL_2022_Full_Papers.bib
yavuz-etal-2022-modeling,Modeling Multi-hop Question Answering as Single Sequence Prediction,2022,ACL_2022_Full_Papers.bib
wu-etal-2022-learning,Learning Disentangled Semantic Representations for Zero-Shot Cross-Lingual Transfer in Multilingual Machine Reading Comprehension,2022,ACL_2022_Full_Papers.bib
liu-etal-2022-multi-granularity,Multi-Granularity Structural Knowledge Distillation for Language Model Compression,2022,ACL_2022_Full_Papers.bib
liu-etal-2022-go,Where to Go for the Holidays: Towards Mixed-Type Dialogs for Clarification of User Goals,2022,ACL_2022_Full_Papers.bib
li-etal-2022-semi,Semi-supervised Domain Adaptation for Dependency Parsing with Dynamic Matching Network,2022,ACL_2022_Full_Papers.bib
zhou-srikumar-2022-closer,A Closer Look at How Fine-tuning Changes {BERT},2022,ACL_2022_Full_Papers.bib
hong-etal-2022-sentence,Sentence-aware Contrastive Learning for Open-Domain Passage Retrieval,2022,ACL_2022_Full_Papers.bib
sanyal-etal-2022-fairr,{F}ai{RR}: Faithful and Robust Deductive Reasoning over Natural Language,2022,ACL_2022_Full_Papers.bib
zhu-etal-2022-continual,Continual Prompt Tuning for Dialog State Tracking,2022,ACL_2022_Full_Papers.bib
cheng-etal-2022-fortap,{FORTAP}: Using Formulas for Numerical-Reasoning-Aware Table Pretraining,2022,ACL_2022_Full_Papers.bib
shankar-2022-multimodal,Multimodal fusion via cortical network inspired losses,2022,ACL_2022_Full_Papers.bib
basu-roy-chowdhury-etal-2022-unsupervised,Unsupervised Extractive Opinion Summarization Using Sparse Coding,2022,ACL_2022_Full_Papers.bib
michalopoulos-etal-2022-lexsubcon,{L}ex{S}ub{C}on: Integrating Knowledge from Lexical Resources into Contextual Embeddings for Lexical Substitution,2022,ACL_2022_Full_Papers.bib
liu-etal-2022-flow,Flow-Adapter Architecture for Unsupervised Machine Translation,2022,ACL_2022_Full_Papers.bib
huang-etal-2022-tracing,Tracing Origins: Coreference-aware Machine Reading Comprehension,2022,ACL_2022_Full_Papers.bib
khan-etal-2022-watclaimcheck,{W}at{C}laim{C}heck: A new Dataset for Claim Entailment and Inference,2022,ACL_2022_Full_Papers.bib
kamal-eddine-etal-2022-frugalscore,"{F}rugal{S}core: Learning Cheaper, Lighter and Faster Evaluation Metrics for Automatic Text Generation",2022,ACL_2022_Full_Papers.bib
narayan-etal-2022-well,A Well-Composed Text is Half Done! Composition Sampling for Diverse Conditional Generation,2022,ACL_2022_Full_Papers.bib
mehta-etal-2022-tackling,Tackling Fake News Detection by Continually Improving Social Context Representations using Graph Neural Networks,2022,ACL_2022_Full_Papers.bib
du-etal-2022-understanding,Understanding Gender Bias in Knowledge Base Embeddings,2022,ACL_2022_Full_Papers.bib
arora-etal-2022-computational,Computational Historical Linguistics and Language Diversity in {S}outh {A}sia,2022,ACL_2022_Full_Papers.bib
ladhak-etal-2022-faithful,Faithful or Extractive? On Mitigating the Faithfulness-Abstractiveness Trade-off in Abstractive Summarization,2022,ACL_2022_Full_Papers.bib
keidar-etal-2022-slangvolution,Slangvolution: {A} Causal Analysis of Semantic Change and Frequency Dynamics in Slang,2022,ACL_2022_Full_Papers.bib
durmus-etal-2022-spurious,Spurious Correlations in Reference-Free Evaluation of Text Generation,2022,ACL_2022_Full_Papers.bib
behnke-etal-2022-bias,Bias Mitigation in Machine Translation Quality Estimation,2022,ACL_2022_Full_Papers.bib
tang-etal-2022-unified,Unified Speech-Text Pre-training for Speech Translation and Recognition,2022,ACL_2022_Full_Papers.bib
fujinuma-etal-2022-match,"Match the Script, Adapt if Multilingual: Analyzing the Effect of Multilingual Pretraining on Cross-lingual Transferability",2022,ACL_2022_Full_Papers.bib
xia-etal-2022-structured,Structured Pruning Learns Compact and Accurate Models,2022,ACL_2022_Full_Papers.bib
zhang-etal-2022-nlp,How can {NLP} Help Revitalize Endangered Languages? A Case Study and Roadmap for the {C}herokee Language,2022,ACL_2022_Full_Papers.bib
karn-etal-2022-differentiable,Differentiable Multi-Agent Actor-Critic for Multi-Step Radiology Report Summarization,2022,ACL_2022_Full_Papers.bib
zhou-etal-2022-online,Online Semantic Parsing for Latency Reduction in Task-Oriented Dialogue,2022,ACL_2022_Full_Papers.bib
harari-katz-2022-shot,Few-Shot Tabular Data Enrichment Using Fine-Tuned Transformer Architectures,2022,ACL_2022_Full_Papers.bib
zhang-etal-2022-summn,{S}umm$^N$: A Multi-Stage Summarization Framework for Long Input Dialogues and Documents,2022,ACL_2022_Full_Papers.bib
ma-etal-2022-open,Open Domain Question Answering with A Unified Knowledge Interface,2022,ACL_2022_Full_Papers.bib
ormazabal-etal-2022-principled,Principled Paraphrase Generation with Parallel Corpora,2022,ACL_2022_Full_Papers.bib
ding-etal-2022-globalwoz,{G}lobal{W}o{Z}: Globalizing {M}ulti{W}o{Z} to Develop Multilingual Task-Oriented Dialogue Systems,2022,ACL_2022_Full_Papers.bib
choi-etal-2022-domain,Domain Knowledge Transferring for Pre-trained Language Model via Calibrated Activation Boundary Distillation,2022,ACL_2022_Full_Papers.bib
paranjape-etal-2022-retrieval,Retrieval-guided Counterfactual Generation for {QA},2022,ACL_2022_Full_Papers.bib
mao-etal-2022-dyle,{DYLE}: Dynamic Latent Extraction for Abstractive Long-Input Summarization,2022,ACL_2022_Full_Papers.bib
shi-etal-2022-searching,Searching for fingerspelled content in {A}merican {S}ign {L}anguage,2022,ACL_2022_Full_Papers.bib
welch-etal-2022-leveraging,Leveraging Similar Users for Personalized Language Modeling with Limited Data,2022,ACL_2022_Full_Papers.bib
hu-etal-2022-deep,{DEEP}: {DE}noising Entity Pre-training for Neural Machine Translation,2022,ACL_2022_Full_Papers.bib
liang-etal-2022-multi,Multi-Modal Sarcasm Detection via Cross-Modal Graph Convolutional Network,2022,ACL_2022_Full_Papers.bib
shao-huang-2022-answering,Answering Open-Domain Multi-Answer Questions via a Recall-then-Verify Framework,2022,ACL_2022_Full_Papers.bib
immer-etal-2022-probing,Probing as Quantifying Inductive Bias,2022,ACL_2022_Full_Papers.bib
li-etal-2022-probing,"Probing Structured Pruning on Multilingual Pre-trained Models: Settings, Algorithms, and Efficiency",2022,ACL_2022_Full_Papers.bib
li-etal-2022-gpt,{GPT}-{D}: Inducing Dementia-related Linguistic Anomalies by Deliberate Degradation of Artificial Neural Language Models,2022,ACL_2022_Full_Papers.bib
meade-etal-2022-empirical,An Empirical Survey of the Effectiveness of Debiasing Techniques for Pre-trained Language Models,2022,ACL_2022_Full_Papers.bib
tan-etal-2022-exploring,Exploring and Adapting {C}hinese {GPT} to {P}inyin Input Method,2022,ACL_2022_Full_Papers.bib
baumler-ray-2022-hybrid,Hybrid Semantics for Goal-Directed Natural Language Generation,2022,ACL_2022_Full_Papers.bib
katsimpras-paliouras-2022-predicting,Predicting Intervention Approval in Clinical Trials through Multi-Document Summarization,2022,ACL_2022_Full_Papers.bib
xiao-etal-2022-bitiimt,{B}i{TIIMT}: A Bilingual Text-infilling Method for Interactive Machine Translation,2022,ACL_2022_Full_Papers.bib
broscheit-etal-2022-distributionally,Distributionally Robust Finetuning {BERT} for Covariate Drift in Spoken Language Understanding,2022,ACL_2022_Full_Papers.bib
li-etal-2022-enhancing,Enhancing {C}hinese Pre-trained Language Model via Heterogeneous Linguistics Graph,2022,ACL_2022_Full_Papers.bib
pi-etal-2022-towards,Towards Robustness of Text-to-{SQL} Models Against Natural and Realistic Adversarial Table Perturbation,2022,ACL_2022_Full_Papers.bib
shao-feng-2022-overcoming,Overcoming Catastrophic Forgetting beyond Continual Learning: Balanced Training for Neural Machine Translation,2022,ACL_2022_Full_Papers.bib
chen-etal-2022-discrete,Discrete Opinion Tree Induction for Aspect-based Sentiment Analysis,2022,ACL_2022_Full_Papers.bib
cui-etal-2022-investigating,Investigating Non-local Features for Neural Constituency Parsing,2022,ACL_2022_Full_Papers.bib
chen-etal-2022-learning-sibling,Learning from Sibling Mentions with Scalable Graph Inference in Fine-Grained Entity Typing,2022,ACL_2022_Full_Papers.bib
liang-etal-2022-variational,A Variational Hierarchical Model for Neural Cross-Lingual Summarization,2022,ACL_2022_Full_Papers.bib
selvaraj-etal-2022-openhands,{O}pen{H}ands: Making Sign Language Recognition Accessible with Pose-based Pretrained Models across Languages,2022,ACL_2022_Full_Papers.bib
chen-etal-2022-bert2bert,bert2{BERT}: Towards Reusable Pretrained Language Models,2022,ACL_2022_Full_Papers.bib
ling-etal-2022-vision,Vision-Language Pre-Training for Multimodal Aspect-Based Sentiment Analysis,2022,ACL_2022_Full_Papers.bib
raphalen-etal-2022-might,``{Y}ou might think about slightly revising the title'': Identifying Hedges in Peer-tutoring Interactions,2022,ACL_2022_Full_Papers.bib
wang-etal-2022-efficient,Efficient Cluster-Based $k$-Nearest-Neighbor Machine Translation,2022,ACL_2022_Full_Papers.bib
yang-tu-2022-headed,Headed-Span-Based Projective Dependency Parsing,2022,ACL_2022_Full_Papers.bib
murphy-etal-2022-decoding,Decoding Part-of-Speech from Human {EEG} Signals,2022,ACL_2022_Full_Papers.bib
zheng-etal-2022-robust,Robust Lottery Tickets for Pre-trained Language Models,2022,ACL_2022_Full_Papers.bib
han-etal-2022-cross,Cross-Lingual Contrastive Learning for Fine-Grained Entity Typing for Low-Resource Languages,2022,ACL_2022_Full_Papers.bib
dasgupta-etal-2022-word2box,{W}ord2{B}ox: Capturing Set-Theoretic Semantics of Words using Box Embeddings,2022,ACL_2022_Full_Papers.bib
hu-etal-2022-planet,{PLANET}: Dynamic Content Planning in Autoregressive Transformers for Long-form Text Generation,2022,ACL_2022_Full_Papers.bib
ke-etal-2022-ctrleval,{CTRLE}val: An Unsupervised Reference-Free Metric for Evaluating Controlled Text Generation,2022,ACL_2022_Full_Papers.bib
kavumba-etal-2022-prompt,Are Prompt-based Models Clueless?,2022,ACL_2022_Full_Papers.bib
lu-etal-2022-learning,Learning Confidence for Transformer-based Neural Machine Translation,2022,ACL_2022_Full_Papers.bib
liu-etal-2022-things,Things not Written in Text: Exploring Spatial Commonsense from Visual Signals,2022,ACL_2022_Full_Papers.bib
zhang-etal-2022-conditional,Conditional Bilingual Mutual Information Based Adaptive Training for Neural Machine Translation,2022,ACL_2022_Full_Papers.bib
wang-etal-2022-clusterformer,{C}luster{F}ormer: Neural Clustering Attention for Efficient and Effective Transformer,2022,ACL_2022_Full_Papers.bib
yang-tu-2022-bottom,Bottom-Up Constituency Parsing and Nested Named Entity Recognition with Pointer Networks,2022,ACL_2022_Full_Papers.bib
ding-etal-2022-redistributing,Redistributing Low-Frequency Words: Making the Most of Monolingual Data in Non-Autoregressive Translation,2022,ACL_2022_Full_Papers.bib
gan-etal-2022-dependency,Dependency Parsing as {MRC}-based Span-Span Prediction,2022,ACL_2022_Full_Papers.bib
wu-shi-2022-adversarial,Adversarial Soft Prompt Tuning for Cross-Domain Sentiment Analysis,2022,ACL_2022_Full_Papers.bib
zhang-feng-2022-modeling,Modeling Dual Read/Write Paths for Simultaneous Machine Translation,2022,ACL_2022_Full_Papers.bib
barba-etal-2022-extend,{E}xt{E}n{D}: Extractive Entity Disambiguation,2022,ACL_2022_Full_Papers.bib
hosking-etal-2022-hierarchical,Hierarchical Sketch Induction for Paraphrase Generation,2022,ACL_2022_Full_Papers.bib
wu-etal-2022-text-table,Text-to-Table: A New Way of Information Extraction,2022,ACL_2022_Full_Papers.bib
gu-etal-2022-accelerating,Accelerating Code Search with Deep Hashing and Code Classification,2022,ACL_2022_Full_Papers.bib
lin-etal-2022-roles,Other Roles Matter! Enhancing Role-Oriented Dialogue Summarization via Role Interactions,2022,ACL_2022_Full_Papers.bib
zhou-etal-2022-claret,{C}lar{ET}: Pre-training a Correlation-Aware Context-To-Event Transformer for Event-Centric Generation and Classification,2022,ACL_2022_Full_Papers.bib
wang-etal-2022-measuring,Measuring and Mitigating Name Biases in Neural Machine Translation,2022,ACL_2022_Full_Papers.bib
wang-etal-2022-understanding,Understanding and Improving Sequence-to-Sequence Pretraining for Neural Machine Translation,2022,ACL_2022_Full_Papers.bib
colombo-etal-2022-learning,Learning Disentangled Textual Representations via Statistical Measures of Similarity,2022,ACL_2022_Full_Papers.bib
yin-etal-2022-sensitivity,On the Sensitivity and Stability of Model Interpretations in {NLP},2022,ACL_2022_Full_Papers.bib
kulshreshtha-etal-2022-across,Down and Across: Introducing Crossword-Solving as a New {NLP} Benchmark,2022,ACL_2022_Full_Papers.bib
lee-etal-2022-good,Good Examples Make A Faster Learner: Simple Demonstration-based Learning for Low-resource {NER},2022,ACL_2022_Full_Papers.bib
fu-etal-2022-contextual,Contextual Representation Learning beyond Masked Language Modeling,2022,ACL_2022_Full_Papers.bib
zhang-etal-2022-efficient,Efficient Hyper-parameter Search for Knowledge Graph Embedding,2022,ACL_2022_Full_Papers.bib
jin-etal-2022-good,A Good Prompt Is Worth Millions of Parameters: Low-resource Prompt-based Learning for Vision-Language Models,2022,ACL_2022_Full_Papers.bib
qin-joty-2022-continual,Continual Few-shot Relation Learning via Embedding Space Regularization and Data Augmentation,2022,ACL_2022_Full_Papers.bib
saxena-etal-2022-sequence,Sequence-to-Sequence Knowledge Graph Completion and Question Answering,2022,ACL_2022_Full_Papers.bib
gao-callan-2022-unsupervised,Unsupervised Corpus Aware Language Model Pre-training for Dense Passage Retrieval,2022,ACL_2022_Full_Papers.bib
sun-etal-2022-multimodal,Multimodal Dialogue Response Generation,2022,ACL_2022_Full_Papers.bib
niu-etal-2022-cake,{CAKE}: A Scalable Commonsense-Aware Framework For Multi-View Knowledge Graph Completion,2022,ACL_2022_Full_Papers.bib
zhou-etal-2022-confidence,Confidence Based Bidirectional Global Context Aware Training Framework for Neural Machine Translation,2022,ACL_2022_Full_Papers.bib
liu-etal-2022-brio,{BRIO}: Bringing Order to Abstractive Summarization,2022,ACL_2022_Full_Papers.bib
ai-fang-2022-leveraging,Leveraging Relaxed Equilibrium by Lazy Transition for Sequence Modeling,2022,ACL_2022_Full_Papers.bib
chen-etal-2022-enhanced,Enhanced Multi-Channel Graph Convolutional Network for Aspect Sentiment Triplet Extraction,2022,ACL_2022_Full_Papers.bib
das-etal-2022-prototex,{P}roto{TE}x: Explaining Model Decisions with Prototype Tensors,2022,ACL_2022_Full_Papers.bib
zhou-etal-2022-show,Show Me More Details: Discovering Hierarchies of Procedures from Semi-structured Web Data,2022,ACL_2022_Full_Papers.bib
liu-etal-2022-cross,Cross-Modal Discrete Representation Learning,2022,ACL_2022_Full_Papers.bib
gao-etal-2022-improving,Improving Event Representation via Simultaneous Weakly Supervised Contrastive Learning and Clustering,2022,ACL_2022_Full_Papers.bib
wolfe-caliskan-2022-contrastive,Contrastive Visual Semantic Pretraining Magnifies the Semantics of Natural Language Representations,2022,ACL_2022_Full_Papers.bib
yin-etal-2022-contintin,{C}on{T}in{T}in: Continual Learning from Task Instructions,2022,ACL_2022_Full_Papers.bib
wallace-etal-2022-automated,Automated Crossword Solving,2022,ACL_2022_Full_Papers.bib
kitaev-etal-2022-learned,Learned Incremental Representations for Parsing,2022,ACL_2022_Full_Papers.bib
shen-etal-2022-knowledge,Knowledge Enhanced Reflection Generation for Counseling Dialogues,2022,ACL_2022_Full_Papers.bib
lin-etal-2022-continual,On Continual Model Refinement in Out-of-Distribution Data Streams,2022,ACL_2022_Full_Papers.bib
liu-etal-2022-generated,Generated Knowledge Prompting for Commonsense Reasoning,2022,ACL_2022_Full_Papers.bib
wang-etal-2022-training,Training Data is More Valuable than You Think: A Simple and Effective Method by Retrieving from Training Data,2022,ACL_2022_Full_Papers.bib
lialin-etal-2022-life,Life after {BERT}: What do Other Muppets Understand about Language?,2022,ACL_2022_Full_Papers.bib
lin-etal-2022-truthfulqa,{T}ruthful{QA}: Measuring How Models Mimic Human Falsehoods,2022,ACL_2022_Full_Papers.bib
lane-etal-2022-interactive,Interactive Word Completion for {P}lains {C}ree,2022,ACL_2022_Full_Papers.bib
lee-etal-2022-direct,Direct Speech-to-Speech Translation With Discrete Units,2022,ACL_2022_Full_Papers.bib
cao-etal-2022-hallucinated,Hallucinated but Factual! Inspecting the Factuality of Hallucinations in Abstractive Summarization,2022,ACL_2022_Full_Papers.bib
meehan-etal-2022-sentence,Sentence-level Privacy for Document Embeddings,2022,ACL_2022_Full_Papers.bib
faisal-etal-2022-dataset,Dataset Geography: Mapping Language Data to Language Users,2022,ACL_2022_Full_Papers.bib
varshney-etal-2022-ildae,{ILDAE}: Instance-Level Difficulty Analysis of Evaluation Data,2022,ACL_2022_Full_Papers.bib
krojer-etal-2022-image,Image Retrieval from Contextual Descriptions,2022,ACL_2022_Full_Papers.bib
guo-etal-2022-multilingual,Multilingual Molecular Representation Learning via Contrastive Pre-training,2022,ACL_2022_Full_Papers.bib
renduchintala-williams-2022-investigating,Investigating Failures of Automatic Translationin the Case of Unambiguous Gender,2022,ACL_2022_Full_Papers.bib
chen-etal-2022-imputing,Imputing Out-of-Vocabulary Embeddings with {LOVE} Makes {L}anguage{M}odels Robust with Little Cost,2022,ACL_2022_Full_Papers.bib
mishra-etal-2022-numglue,{N}um{GLUE}: A Suite of Fundamental yet Challenging Mathematical Reasoning Tasks,2022,ACL_2022_Full_Papers.bib
ontanon-etal-2022-making,Making Transformers Solve Compositional Tasks,2022,ACL_2022_Full_Papers.bib
sun-etal-2022-conditionalqa,{C}onditional{QA}: A Complex Reading Comprehension Dataset with Conditional Answers,2022,ACL_2022_Full_Papers.bib
karimi-mahabadi-etal-2022-prompt,Prompt-free and Efficient Few-shot Learning with Language Models,2022,ACL_2022_Full_Papers.bib
zhang-etal-2022-continual,Continual Sequence Generation with Adaptive Compositional Modules,2022,ACL_2022_Full_Papers.bib
lee-etal-2022-formnet,{F}orm{N}et: Structural Encoding beyond Sequential Modeling in Form Document Information Extraction,2022,ACL_2022_Full_Papers.bib
ziems-etal-2022-moral,The Moral Integrity Corpus: A Benchmark for Ethical Dialogue Systems,2022,ACL_2022_Full_Papers.bib
hou-etal-2022-token,Token Dropping for Efficient {BERT} Pretraining,2022,ACL_2022_Full_Papers.bib
grangier-iter-2022-trade,The Trade-offs of Domain Adaptation for Neural Language Models,2022,ACL_2022_Full_Papers.bib
adebara-abdul-mageed-2022-towards,Towards Afrocentric {NLP} for {A}frican Languages: Where We Are and Where We Can Go,2022,ACL_2022_Full_Papers.bib
ostapenko-etal-2022-speaker,Speaker Information Can Guide Models to Better Inductive Biases: A Case Study On Predicting Code-Switching,2022,ACL_2022_Full_Papers.bib
bibal-etal-2022-attention,Is Attention Explanation? An Introduction to the Debate,2022,ACL_2022_Full_Papers.bib
fu-etal-2022-thousand,There Are a Thousand Hamlets in a Thousand People{'}s Eyes: Enhancing Knowledge-grounded Dialogue with Personal Memory,2022,ACL_2022_Full_Papers.bib
liu-etal-2022-always,Not always about you: Prioritizing community needs when developing endangered language technology,2022,ACL_2022_Full_Papers.bib
das-etal-2022-automatic,Automatic Error Analysis for Document-level Information Extraction,2022,ACL_2022_Full_Papers.bib
liu-emerson-2022-learning,Learning Functional Distributional Semantics with Visual Data,2022,ACL_2022_Full_Papers.bib
kantharaj-etal-2022-chart,Chart-to-Text: A Large-Scale Benchmark for Chart Summarization,2022,ACL_2022_Full_Papers.bib
socolof-etal-2022-characterizing,Characterizing Idioms: Conventionality and Contingency,2022,ACL_2022_Full_Papers.bib
galke-scherp-2022-bag,Bag-of-Words vs. Graph vs. Sequence in Text Classification: Questioning the Necessity of Text-Graphs and the Surprising Strength of a Wide {MLP},2022,ACL_2022_Full_Papers.bib
weston-etal-2022-generative,Generative Pretraining for Paraphrase Evaluation,2022,ACL_2022_Full_Papers.bib
conforti-etal-2022-incorporating,Incorporating Stock Market Signals for {T}witter Stance Detection,2022,ACL_2022_Full_Papers.bib
dinan-etal-2022-safetykit,{S}afety{K}it: First Aid for Measuring Safety in Open-domain Conversational Systems,2022,ACL_2022_Full_Papers.bib
sherborne-lapata-2022-zero,Zero-Shot Cross-lingual Semantic Parsing,2022,ACL_2022_Full_Papers.bib
zhang-etal-2022-multilingual,Multilingual Document-Level Translation Enables Zero-Shot Transfer From Sentences to Documents,2022,ACL_2022_Full_Papers.bib
zheng-etal-2022-cross-lingual,Cross-Lingual Phrase Retrieval,2022,ACL_2022_Full_Papers.bib
mehta-etal-2022-improving,Improving Compositional Generalization with Self-Training for Data-to-Text Generation,2022,ACL_2022_Full_Papers.bib
zheng-lapata-2022-disentangled,Disentangled Sequence to Sequence Learning for Compositional Generalization,2022,ACL_2022_Full_Papers.bib
yu-etal-2022-rst,{RST} Discourse Parsing with Second-Stage {EDU}-Level Pre-training,2022,ACL_2022_Full_Papers.bib
wang-etal-2022-simkgc,{S}im{KGC}: Simple Contrastive Knowledge Graph Completion with Pre-trained Language Models,2022,ACL_2022_Full_Papers.bib
eberle-etal-2022-transformer,Do Transformer Models Show Similar Attention Patterns to Task-Specific Human Gaze?,2022,ACL_2022_Full_Papers.bib
campolungo-etal-2022-dibimt,{D}i{B}i{MT}: A Novel Benchmark for Measuring {W}ord {S}ense {D}isambiguation Biases in {M}achine {T}ranslation,2022,ACL_2022_Full_Papers.bib
li-etal-2022-improving,Improving Word Translation via Two-Stage Contrastive Learning,2022,ACL_2022_Full_Papers.bib
liang-etal-2022-scheduled,Scheduled Multi-task Learning for Neural Chat Translation,2022,ACL_2022_Full_Papers.bib
chalkidis-etal-2022-fairlex,{F}air{L}ex: A Multilingual Benchmark for Evaluating Fairness in Legal Text Processing,2022,ACL_2022_Full_Papers.bib
song-etal-2022-towards,Towards Abstractive Grounded Summarization of Podcast Transcripts,2022,ACL_2022_Full_Papers.bib
li-etal-2022-keywords,Keywords and Instances: A Hierarchical Contrastive Learning Framework Unifying Hybrid Granularities for Text Generation,2022,ACL_2022_Full_Papers.bib
kim-etal-2022-ept,{EPT}-{X}: An Expression-Pointer Transformer model that generates e{X}planations for numbers,2022,ACL_2022_Full_Papers.bib
pan-etal-2022-leveraging,Leveraging Unimodal Self-Supervised Learning for Multimodal Audio-Visual Speech Recognition,2022,ACL_2022_Full_Papers.bib
sheng-etal-2022-zoom,Zoom Out and Observe: News Environment Perception for Fake News Detection,2022,ACL_2022_Full_Papers.bib
lupo-etal-2022-divide,Divide and Rule: Effective Pre-Training for Context-Aware Multi-Encoder Translation Models,2022,ACL_2022_Full_Papers.bib
liu-etal-2022-saliency,Saliency as Evidence: Event Detection with Trigger Saliency Attribution,2022,ACL_2022_Full_Papers.bib
gubelmann-handschuh-2022-context,Context Matters: A Pragmatic Study of {PLM}s' Negation Understanding,2022,ACL_2022_Full_Papers.bib
huang-etal-2022-multilingual-generative,Multilingual Generative Language Models for Zero-Shot Cross-Lingual Event Argument Extraction,2022,ACL_2022_Full_Papers.bib
hu-etal-2022-graph,Graph Enhanced Contrastive Learning for Radiology Findings Summarization,2022,ACL_2022_Full_Papers.bib
liu-etal-2022-semi,Semi-Supervised Formality Style Transfer with Consistency Training,2022,ACL_2022_Full_Papers.bib
chai-etal-2022-cross,Cross-Lingual Ability of Multilingual Masked Language Models: A Study of Language Structure,2022,ACL_2022_Full_Papers.bib
su-etal-2022-rare,Rare and Zero-shot Word Sense Disambiguation using {Z}-Reweighting,2022,ACL_2022_Full_Papers.bib
maru-etal-2022-nibbling,{N}ibbling at the Hard Core of {W}ord {S}ense {D}isambiguation,2022,ACL_2022_Full_Papers.bib
eyal-etal-2022-large,Large Scale Substitution-based Word Sense Induction,2022,ACL_2022_Full_Papers.bib
briakou-carpuat-2022-synthetic,Can Synthetic Translations Improve Bitext Quality?,2022,ACL_2022_Full_Papers.bib
meng-etal-2022-rewire,Rewire-then-Probe: A Contrastive Recipe for Probing Biomedical Knowledge of Pre-trained Language Models,2022,ACL_2022_Full_Papers.bib
zhao-etal-2022-fine,Fine- and Coarse-Granularity Hybrid Self-Attention for Efficient {BERT},2022,ACL_2022_Full_Papers.bib
tao-etal-2022-compression,Compression of Generative Pre-trained Language Models via Quantization,2022,ACL_2022_Full_Papers.bib
chen-etal-2022-dialogved,{D}ialog{VED}: A Pre-trained Latent Variable Encoder-Decoder Model for Dialog Response Generation,2022,ACL_2022_Full_Papers.bib
chen-etal-2022-contextual,Contextual Fine-to-Coarse Distillation for Coarse-grained Response Selection in Open-Domain Conversations,2022,ACL_2022_Full_Papers.bib
wang-etal-2022-textomics,Textomics: A Dataset for Genomics Data Summary Generation,2022,ACL_2022_Full_Papers.bib
zhang-etal-2022-contrastive,A Contrastive Framework for Learning Sentence Representations from Pairwise and Triple-wise Perspective in Angular Space,2022,ACL_2022_Full_Papers.bib
ye-etal-2022-packed,Packed Levitated Marker for Entity and Relation Extraction,2022,ACL_2022_Full_Papers.bib
nie-etal-2022-impact,Impact of Evaluation Methodologies on Code Summarization,2022,ACL_2022_Full_Papers.bib
yu-etal-2022-kg,{KG}-{F}i{D}: Infusing Knowledge Graph in Fusion-in-Decoder for Open-Domain Question Answering,2022,ACL_2022_Full_Papers.bib
holur-etal-2022-side,Which side are you on? Insider-Outsider classification in conspiracy-theoretic social media,2022,ACL_2022_Full_Papers.bib
le-ferrand-etal-2022-learning,Learning From Failure: Data Capture in an {A}ustralian Aboriginal Community,2022,ACL_2022_Full_Papers.bib
wang-pan-2022-deep,Deep Inductive Logic Reasoning for Multi-Hop Reading Comprehension,2022,ACL_2022_Full_Papers.bib
ghosal-etal-2022-cicero,{CICERO}: A Dataset for Contextualized Commonsense Inference in Dialogues,2022,ACL_2022_Full_Papers.bib
chan-etal-2022-comparative,A Comparative Study of Faithfulness Metrics for Model Interpretability Methods,2022,ACL_2022_Full_Papers.bib
vu-etal-2022-spot,{SP}o{T}: Better Frozen Model Adaptation through Soft Prompt Transfer,2022,ACL_2022_Full_Papers.bib
zhu-etal-2022-pass,Pass off Fish Eyes for Pearls: Attacking Model Selection of Pre-trained Models,2022,ACL_2022_Full_Papers.bib
zhao-etal-2022-educational,Educational Question Generation of Children Storybooks via Question Type Distribution Learning and Event-centric Summarization,2022,ACL_2022_Full_Papers.bib
gu-etal-2022-hetermpc,{H}eter{MPC}: A Heterogeneous Graph Neural Network for Response Generation in Multi-Party Conversations,2022,ACL_2022_Full_Papers.bib
otmakhova-etal-2022-patient,The patient is more dead than alive: exploring the current state of the multi-document summarisation of the biomedical literature,2022,ACL_2022_Full_Papers.bib
zhou-etal-2022-knn,{KNN}-Contrastive Learning for Out-of-Domain Intent Classification,2022,ACL_2022_Full_Papers.bib
zhu-etal-2022-neural,A Neural Network Architecture for Program Understanding Inspired by Human Behaviors,2022,ACL_2022_Full_Papers.bib
xu-etal-2022-beyond,Beyond Goldfish Memory: Long-Term Open-Domain Conversation,2022,ACL_2022_Full_Papers.bib
liu-etal-2022-dynamic,Dynamic Prefix-Tuning for Generative Template-based Event Extraction,2022,ACL_2022_Full_Papers.bib
akbari-etal-2022-e,{E}-{LANG}: Energy-Based Joint Inferencing of Super and Swift Language Models,2022,ACL_2022_Full_Papers.bib
xiao-etal-2022-primera,{PRIMERA}: Pyramid-based Masked Sentence Pre-training for Multi-document Summarization,2022,ACL_2022_Full_Papers.bib
wiechmann-kerz-2022-measuring,Measuring the Impact of (Psycho-)Linguistic and Readability Features and Their Spill Over Effects on the Prediction of Eye Movement Patterns,2022,ACL_2022_Full_Papers.bib
sun-etal-2022-alternative,Alternative Input Signals Ease Transfer in Multilingual Machine Translation,2022,ACL_2022_Full_Papers.bib
leong-whitenack-2022-phone,Phone-ing it in: Towards Flexible Multi-Modal Language Model Training by Phonetic Representations of Data,2022,ACL_2022_Full_Papers.bib
min-etal-2022-noisy,Noisy Channel Language Model Prompting for Few-Shot Text Classification,2022,ACL_2022_Full_Papers.bib
downey-etal-2022-multilingual,Multilingual unsupervised sequence segmentation transfers to extremely low-resource languages,2022,ACL_2022_Full_Papers.bib
park-caragea-2022-calibration,On the Calibration of Pre-trained Language Models using Mixup Guided by Area Under the Margin and Saliency,2022,ACL_2022_Full_Papers.bib
stowe-etal-2022-impli,{IMPLI}: Investigating {NLI} Models' Performance on Figurative Language,2022,ACL_2022_Full_Papers.bib
wu-etal-2022-qaconv,{QAC}onv: Question Answering on Informative Conversations,2022,ACL_2022_Full_Papers.bib
zhou-etal-2022-prix,Prix-{LM}: Pretraining for Multilingual Knowledge Base Construction,2022,ACL_2022_Full_Papers.bib
cirik-etal-2022-holm,{HOLM}: Hallucinating Objects with Language Models for Referring Expression Recognition in Partially-Observed Scenes,2022,ACL_2022_Full_Papers.bib
ahuja-etal-2022-multi,Multi Task Learning For Zero Shot Performance Prediction of Multilingual Models,2022,ACL_2022_Full_Papers.bib
martins-etal-2022-former,$\infty$-former: Infinite Memory Transformer,2022,ACL_2022_Full_Papers.bib
blasi-etal-2022-systematic,Systematic Inequalities in Language Technology Performance across the World{'}s Languages,2022,ACL_2022_Full_Papers.bib
nejadgholi-etal-2022-improving,Improving Generalizability in Implicitly Abusive Language Detection with Concept Activation Vectors,2022,ACL_2022_Full_Papers.bib
same-etal-2022-non,Non-neural Models Matter: a Re-evaluation of Neural Referring Expression Generation Systems,2022,ACL_2022_Full_Papers.bib
dingemanse-liesenfeld-2022-text,From text to talk: {H}arnessing conversational corpora for humane and diversity-aware language technology,2022,ACL_2022_Full_Papers.bib
liu-etal-2022-flooding,Flooding-{X}: Improving {BERT}{'}s Resistance to Adversarial Attacks via Loss-Restricted Fine-Tuning,2022,ACL_2022_Full_Papers.bib
rony-etal-2022-rome,{R}o{M}e: A Robust Metric for Evaluating Natural Language Generation,2022,ACL_2022_Full_Papers.bib
milewski-etal-2022-finding,Finding Structural Knowledge in Multimodal-{BERT},2022,ACL_2022_Full_Papers.bib
chen-etal-2022-fully,Fully Hyperbolic Neural Networks,2022,ACL_2022_Full_Papers.bib
fang-feng-2022-neural,Neural Machine Translation with Phrase-Level Universal Visual Representations,2022,ACL_2022_Full_Papers.bib
chen-etal-2022-shot,Few-shot Named Entity Recognition with Self-describing Networks,2022,ACL_2022_Full_Papers.bib
ao-etal-2022-speecht5,{S}peech{T}5: Unified-Modal Encoder-Decoder Pre-Training for Spoken Language Processing,2022,ACL_2022_Full_Papers.bib
liu-etal-2022-pre,Pre-training to Match for Unified Low-shot Relation Extraction,2022,ACL_2022_Full_Papers.bib
cuesta-lazaro-etal-2022-sea,What does the sea say to the shore? A {BERT} based {DST} style approach for speaker to dialogue attribution in novels,2022,ACL_2022_Full_Papers.bib
chen-etal-2022-rotateqvs,{R}otate{QVS}: Representing Temporal Information as Rotations in Quaternion Vector Space for Temporal Knowledge Graph Completion,2022,ACL_2022_Full_Papers.bib
wang-etal-2022-feeding,Feeding What You Need by Understanding What You Learned,2022,ACL_2022_Full_Papers.bib
chen-etal-2022-entailment,Entailment Graph Learning with Textual Entailment and Soft Transitivity,2022,ACL_2022_Full_Papers.bib
ju-etal-2022-logic,Logic Traps in Evaluating Attribution Scores,2022,ACL_2022_Full_Papers.bib
gong-etal-2022-continual,Continual Pre-training of Language Models for Math Problem Understanding with Syntax-Aware Memory Network,2022,ACL_2022_Full_Papers.bib
kong-etal-2022-multitasking,Multitasking Framework for Unsupervised Simple Definition Generation,2022,ACL_2022_Full_Papers.bib
jie-etal-2022-learning,Learning to Reason Deductively: Math Word Problem Solving as Complex Relation Extraction,2022,ACL_2022_Full_Papers.bib
kumar-etal-2022-become,"When did you become so smart, oh wise one?! Sarcasm Explanation in Multi-modal Multi-party Dialogues",2022,ACL_2022_Full_Papers.bib
lee-etal-2022-toward,Toward Interpretable Semantic Textual Similarity via Optimal Transport-based Contrastive Sentence Learning,2022,ACL_2022_Full_Papers.bib
zhang-etal-2022-pre,Pre-training and Fine-tuning Neural Topic Model: A Simple yet Effective Approach to Incorporating External Knowledge,2022,ACL_2022_Full_Papers.bib
zhang-etal-2022-multi,Multi-View Document Representation Learning for Open-Domain Dense Retrieval,2022,ACL_2022_Full_Papers.bib
bai-etal-2022-graph,Graph Pre-training for {AMR} Parsing and Generation,2022,ACL_2022_Full_Papers.bib
ye-etal-2022-rng,{RNG}-{KBQA}: Generation Augmented Iterative Ranking for Knowledge Base Question Answering,2022,ACL_2022_Full_Papers.bib
jwalapuram-etal-2022-rethinking,Rethinking Self-Supervision Objectives for Generalizable Coherence Modeling,2022,ACL_2022_Full_Papers.bib
li-etal-2022-markuplm,{M}arkup{LM}: Pre-training of Text and Markup Language for Visually Rich Document Understanding,2022,ACL_2022_Full_Papers.bib
song-etal-2022-clip,{CLIP} Models are Few-Shot Learners: Empirical Studies on {VQA} and Visual Entailment,2022,ACL_2022_Full_Papers.bib
cao-etal-2022-kqa,{KQA} Pro: A Dataset with Explicit Compositional Programs for Complex Question Answering over Knowledge Base,2022,ACL_2022_Full_Papers.bib
zhou-etal-2022-debiased,Debiased Contrastive Learning of Unsupervised Sentence Representations,2022,ACL_2022_Full_Papers.bib
tan-etal-2022-msp,{MSP}: Multi-Stage Prompting for Making Pre-trained Language Models Better Translators,2022,ACL_2022_Full_Papers.bib
chi-etal-2022-xlm,{XLM}-{E}: Cross-lingual Language Model Pre-training via {ELECTRA},2022,ACL_2022_Full_Papers.bib
ye-durrett-2022-explanations,Can Explanations Be Useful for Calibrating Black Box Models?,2022,ACL_2022_Full_Papers.bib
lu-etal-2022-reacc,{R}e{ACC}: A Retrieval-Augmented Code Completion Framework,2022,ACL_2022_Full_Papers.bib
mao-etal-2022-unipelt,{U}ni{PELT}: A Unified Framework for Parameter-Efficient Language Model Tuning,2022,ACL_2022_Full_Papers.bib
zheng-jiang-2022-empirical,An Empirical Study of Memorization in {NLP},2022,ACL_2022_Full_Papers.bib
ebrahimi-etal-2022-americasnli,{A}mericas{NLI}: Evaluating Zero-shot Natural Language Understanding of Pretrained Multilingual Models in Truly Low-resource Languages,2022,ACL_2022_Full_Papers.bib
ding-etal-2022-towards,Towards Learning (Dis)-Similarity of Source Code from Program Contrasts,2022,ACL_2022_Full_Papers.bib
ang-lim-2022-guided,Guided Attention Multimodal Multitask Financial Forecasting with Inter-Company Relationships and Global and Local News,2022,ACL_2022_Full_Papers.bib
li-etal-2022-vision,On Vision Features in Multimodal Machine Translation,2022,ACL_2022_Full_Papers.bib
das-etal-2022-container,{CONT}ai{NER}: Few-Shot Named Entity Recognition via Contrastive Learning,2022,ACL_2022_Full_Papers.bib
teodorescu-etal-2022-cree,{C}ree Corpus: A Collection of n{\^e}hiyaw{\^e}win Resources,2022,ACL_2022_Full_Papers.bib
hsu-etal-2022-learning,Learning to Rank Visual Stories From Human Ranking Data,2022,ACL_2022_Full_Papers.bib
li-etal-2022-universal,Universal Conditional Masked Language Pre-training for Neural Machine Translation,2022,ACL_2022_Full_Papers.bib
jimenez-etal-2022-carets,{CARETS}: A Consistency And Robustness Evaluative Test Suite for {VQA},2022,ACL_2022_Full_Papers.bib
gu-etal-2022-phrase,Phrase-aware Unsupervised Constituency Parsing,2022,ACL_2022_Full_Papers.bib
panthaplackel-etal-2022-updated,Updated Headline Generation: Creating Updated Summaries for Evolving News Stories,2022,ACL_2022_Full_Papers.bib
gu-etal-2022-memsum,{M}em{S}um: Extractive Summarization of Long Documents Using Multi-Step Episodic {M}arkov Decision Processes,2022,ACL_2022_Full_Papers.bib
shi-etal-2022-substructure,Substructure Distribution Projection for Zero-Shot Cross-Lingual Dependency Parsing,2022,ACL_2022_Full_Papers.bib
bylinina-tikhonov-2022-transformers,Transformers in the loop: Polarity in neural models of language,2022,ACL_2022_Full_Papers.bib
he-etal-2022-bridging,Bridging the Data Gap between Training and Inference for Unsupervised Neural Machine Translation,2022,ACL_2022_Full_Papers.bib
cohen-etal-2022-sdr,{SDR}: Efficient Neural Re-ranking using Succinct Document Representation,2022,ACL_2022_Full_Papers.bib
valizadeh-parde-2022-ai,The {AI} Doctor Is In: A Survey of Task-Oriented Dialogue Systems for Healthcare Applications,2022,ACL_2022_Full_Papers.bib
le-etal-2022-shield,{SHIELD}: Defending Textual Neural Networks against Multiple Black-Box Adversarial Attacks with Stochastic Multi-Expert Patcher,2022,ACL_2022_Full_Papers.bib
chatterjee-etal-2022-accurate,Accurate Online Posterior Alignments for Principled Lexically-Constrained Decoding,2022,ACL_2022_Full_Papers.bib
chen-etal-2022-leveraging,Leveraging Task Transferability to Meta-learning for Clinical Section Classification with Limited Data,2022,ACL_2022_Full_Papers.bib
ma-etal-2022-prompt,{P}rompt for Extraction? {PAIE}: {P}rompting Argument Interaction for Event Argument Extraction,2022,ACL_2022_Full_Papers.bib
zhang-feng-2022-reducing,Reducing Position Bias in Simultaneous Machine Translation with Length-Aware Framework,2022,ACL_2022_Full_Papers.bib
logacheva-etal-2022-paradetox,{P}ara{D}etox: Detoxification with Parallel Data,2022,ACL_2022_Full_Papers.bib
boldsen-etal-2022-interpreting,"Interpreting Character Embeddings With Perceptual Representations: The Case of Shape, Sound, and Color",2022,ACL_2022_Full_Papers.bib
carlsson-etal-2022-fine,Fine-Grained Controllable Text Generation Using Non-Residual Prompting,2022,ACL_2022_Full_Papers.bib
lux-vu-2022-language,Language-Agnostic Meta-Learning for Low-Resource Text-to-Speech with Articulatory Features,2022,ACL_2022_Full_Papers.bib
cassidy-etal-2022-twittirish,{T}witt{I}rish: A {U}niversal {D}ependencies Treebank of Tweets in {M}odern {I}rish,2022,ACL_2022_Full_Papers.bib
liu-etal-2022-length,Length Control in Abstractive Summarization by Pretraining Information Selection,2022,ACL_2022_Full_Papers.bib
fei-etal-2022-cqg,{CQG}: A Simple and Effective Controlled Generation Framework for Multi-hop Question Generation,2022,ACL_2022_Full_Papers.bib
abdou-etal-2022-word,Word Order Does Matter and Shuffled Language Models Know It,2022,ACL_2022_Full_Papers.bib
chrysostomou-aletras-2022-empirical,An Empirical Study on Explanations in Out-of-Domain Settings,2022,ACL_2022_Full_Papers.bib
kotnis-etal-2022-milie,{MILIE}: Modular {\&} Iterative Multilingual Open Information Extraction,2022,ACL_2022_Full_Papers.bib
iranzo-sanchez-etal-2022-simultaneous,From Simultaneous to Streaming Machine Translation by Leveraging Streaming History,2022,ACL_2022_Full_Papers.bib
hershcovich-etal-2022-challenges,Challenges and Strategies in Cross-Cultural {NLP},2022,ACL_2022_Full_Papers.bib
cui-etal-2022-prototypical,Prototypical Verbalizer for Prompt-based Few-shot Tuning,2022,ACL_2022_Full_Papers.bib
hagen-etal-2022-clickbait,Clickbait Spoiling via Question Answering and Passage Retrieval,2022,ACL_2022_Full_Papers.bib
zhou-etal-2022-bert,{BERT} Learns to Teach: Knowledge Distillation with Meta Learning,2022,ACL_2022_Full_Papers.bib
fang-etal-2022-stemm,{STEMM}: Self-learning with Speech-text Manifold Mixup for Speech Translation,2022,ACL_2022_Full_Papers.bib
dai-etal-2022-stablemoe,{S}table{M}o{E}: Stable Routing Strategy for Mixture of Experts,2022,ACL_2022_Full_Papers.bib
wang-etal-2022-incorporating,Incorporating Hierarchy into Text Encoder: a Contrastive Learning Approach for Hierarchical Text Classification,2022,ACL_2022_Full_Papers.bib
chu-etal-2022-signal,Signal in Noise: Exploring Meaning Encoded in Random Character Sequences with Character-Aware Language Models,2022,ACL_2022_Full_Papers.bib
zhou-etal-2022-hyperlink,Hyperlink-induced Pre-training for Passage Retrieval in Open-domain Question Answering,2022,ACL_2022_Full_Papers.bib
li-etal-2022-adalogn,{A}da{L}o{GN}: Adaptive Logic Graph Network for Reasoning-Based Machine Reading Comprehension,2022,ACL_2022_Full_Papers.bib
liang-etal-2022-camero,{CAMERO}: Consistency Regularized Ensemble of Perturbed Language Models with Weight Sharing,2022,ACL_2022_Full_Papers.bib
kaneko-etal-2022-interpretability,Interpretability for Language Learners Using Example-Based Grammatical Error Correction,2022,ACL_2022_Full_Papers.bib
aji-etal-2022-one,"One Country, 700+ Languages: {NLP} Challenges for Underrepresented Languages and Dialects in {I}ndonesia",2022,ACL_2022_Full_Papers.bib
guan-etal-2022-transkimmer,Transkimmer: Transformer Learns to Layer-wise Skim,2022,ACL_2022_Full_Papers.bib
wang-etal-2022-skipbert,{S}kip{BERT}: Efficient Inference with Shallow Layer Skipping,2022,ACL_2022_Full_Papers.bib
ri-tsuruoka-2022-pretraining,Pretraining with Artificial Language: Studying Transferable Knowledge in Language Models,2022,ACL_2022_Full_Papers.bib
devaraj-etal-2022-evaluating,Evaluating Factuality in Text Simplification,2022,ACL_2022_Full_Papers.bib
pine-etal-2022-requirements,Requirements and Motivations of Low-Resource Speech Synthesis for Language Revitalization,2022,ACL_2022_Full_Papers.bib
bahri-etal-2022-sharpness,Sharpness-Aware Minimization Improves Language Model Generalization,2022,ACL_2022_Full_Papers.bib
zhai-etal-2022-adversarial,Adversarial Authorship Attribution for Deobfuscation,2022,ACL_2022_Full_Papers.bib
sadat-caragea-2022-scinli,{S}ci{NLI}: A Corpus for Natural Language Inference on Scientific Text,2022,ACL_2022_Full_Papers.bib
li-etal-2022-neural,Neural reality of argument structure constructions,2022,ACL_2022_Full_Papers.bib
rusert-etal-2022-robustness,On the Robustness of Offensive Language Classifiers,2022,ACL_2022_Full_Papers.bib
peng-etal-2022-abc,{ABC}: Attention with Bounded-memory Control,2022,ACL_2022_Full_Papers.bib
bowman-2022-dangers,The Dangers of Underclaiming: Reasons for Caution When Reporting How {NLP} Systems Fail,2022,ACL_2022_Full_Papers.bib
thai-etal-2022-relic,{REL}i{C}: Retrieving Evidence for Literary Claims,2022,ACL_2022_Full_Papers.bib
agrawal-carpuat-2022-imitation,An Imitation Learning Curriculum for Text Editing with Non-Autoregressive Models,2022,ACL_2022_Full_Papers.bib
gu-etal-2022-vision,"Vision-and-Language Navigation: A Survey of Tasks, Methods, and Future Directions",2022,ACL_2022_Full_Papers.bib
ou-liu-2022-learning,Learning to Generate Programs for Table Fact Verification via Structure-Aware Semantic Parsing,2022,ACL_2022_Full_Papers.bib
shnarch-etal-2022-cluster,Cluster {\&} Tune: {B}oost Cold Start Performance in Text Classification,2022,ACL_2022_Full_Papers.bib
chiang-cholak-2022-overcoming,Overcoming a Theoretical Limitation of Self-Attention,2022,ACL_2022_Full_Papers.bib
guo-etal-2022-prediction,Prediction Difference Regularization against Perturbation for Neural Machine Translation,2022,ACL_2022_Full_Papers.bib
de-vries-etal-2022-make,Make the Best of Cross-lingual Transfer: Evidence from {POS} Tagging with over 100 Languages,2022,ACL_2022_Full_Papers.bib
oprea-etal-2022-chatbot,Should a Chatbot be Sarcastic? Understanding User Preferences Towards Sarcasm Generation,2022,ACL_2022_Full_Papers.bib
muller-eberstein-etal-2022-probing,Probing for Labeled Dependency Trees,2022,ACL_2022_Full_Papers.bib
calderon-etal-2022-docogen,{D}o{C}o{G}en: {D}omain Counterfactual Generation for Low Resource Domain Adaptation,2022,ACL_2022_Full_Papers.bib
wang-etal-2022-lilt,{L}i{LT}: A Simple yet Effective Language-Independent Layout Transformer for Structured Document Understanding,2022,ACL_2022_Full_Papers.bib
jeon-strube-2022-entity,Entity-based Neural Local Coherence Modeling,2022,ACL_2022_Full_Papers.bib
mosca-etal-2022-suspicious,``That Is a Suspicious Reaction!'': Interpreting Logits Variation to Detect {NLP} Adversarial Attacks,2022,ACL_2022_Full_Papers.bib
bird-2022-local,"Local Languages, Third Spaces, and other High-Resource Scenarios",2022,ACL_2022_Full_Papers.bib
tang-su-2022-slepen,That Slepen Al the Nyght with Open Ye! Cross-era Sequence Segmentation with Switch-memory,2022,ACL_2022_Full_Papers.bib
holtermann-etal-2022-fair,Fair and Argumentative Language Modeling for Computational Argumentation,2022,ACL_2022_Full_Papers.bib
zhang-etal-2022-learning,Learning Adaptive Segmentation Policy for End-to-End Simultaneous Translation,2022,ACL_2022_Full_Papers.bib
he-etal-2022-pre,Can Pre-trained Language Models Interpret Similes as Smart as Human?,2022,ACL_2022_Full_Papers.bib
zhang-etal-2022-cblue,{CBLUE}: A {C}hinese Biomedical Language Understanding Evaluation Benchmark,2022,ACL_2022_Full_Papers.bib
liu-etal-2022-learning,Learning Non-Autoregressive Models from Search for Unsupervised Sentence Summarization,2022,ACL_2022_Full_Papers.bib
yasunaga-etal-2022-linkbert,{L}ink{BERT}: Pretraining Language Models with Document Links,2022,ACL_2022_Full_Papers.bib
shang-etal-2022-improving,Improving Time Sensitivity for Question Answering over Temporal Knowledge Graphs,2022,ACL_2022_Full_Papers.bib
wang-etal-2022-self,Self-supervised Semantic-driven Phoneme Discovery for Zero-resource Speech Recognition,2022,ACL_2022_Full_Papers.bib
chang-mccallum-2022-softmax,Softmax Bottleneck Makes Language Models Unable to Represent Multi-mode Word Distributions,2022,ACL_2022_Full_Papers.bib
ammanabrolu-etal-2022-situated,Situated Dialogue Learning through Procedural Environment Generation,2022,ACL_2022_Full_Papers.bib
wan-etal-2022-unite,{U}ni{TE}: Unified Translation Evaluation,2022,ACL_2022_Full_Papers.bib
xu-etal-2022-eag,{EAG}: Extract and Generate Multi-way Aligned Corpus for Complete Multi-lingual Neural Machine Translation,2022,ACL_2022_Full_Papers.bib
zheng-etal-2022-using,Using Context-to-Vector with Graph Retrofitting to Improve Word Embeddings,2022,ACL_2022_Full_Papers.bib
qian-levy-2022-flexible,Flexible Generation from Fragmentary Linguistic Input,2022,ACL_2022_Full_Papers.bib
ren-etal-2022-revisiting,Revisiting Over-Smoothness in Text to Speech,2022,ACL_2022_Full_Papers.bib
malkin-etal-2022-coherence,Coherence boosting: When your pretrained language model is not paying enough attention,2022,ACL_2022_Full_Papers.bib
vazhentsev-etal-2022-uncertainty,Uncertainty Estimation of Transformer Predictions for Misclassification Detection,2022,ACL_2022_Full_Papers.bib
parcalabescu-etal-2022-valse,{VALSE}: A Task-Independent Benchmark for Vision and Language Models Centered on Linguistic Phenomena,2022,ACL_2022_Full_Papers.bib
august-etal-2022-generating,Generating Scientific Definitions with Controllable Complexity,2022,ACL_2022_Full_Papers.bib
li-etal-2022-ode,{ODE} Transformer: An Ordinary Differential Equation-Inspired Model for Sequence Generation,2022,ACL_2022_Full_Papers.bib
su-etal-2022-comparison,A Comparison of Strategies for Source-Free Domain Adaptation,2022,ACL_2022_Full_Papers.bib
mohammad-2022-ethics,Ethics Sheets for {AI} Tasks,2022,ACL_2022_Full_Papers.bib
vasilakes-etal-2022-learning,Learning Disentangled Representations of Negation and Uncertainty,2022,ACL_2022_Full_Papers.bib
bao-etal-2022-textit,{latent-GLAT}: Glancing at Latent Variables for Parallel Text Generation,2022,ACL_2022_Full_Papers.bib
gu-etal-2022-ppt,{PPT}: Pre-trained Prompt Tuning for Few-shot Learning,2022,ACL_2022_Full_Papers.bib
lee-etal-2022-deduplicating,Deduplicating Training Data Makes Language Models Better,2022,ACL_2022_Full_Papers.bib
nguyen-etal-2022-improving,Improving the Generalizability of Depression Detection by Leveraging Clinical Questionnaires,2022,ACL_2022_Full_Papers.bib
komeili-etal-2022-internet,{I}nternet-Augmented Dialogue Generation,2022,ACL_2022_Full_Papers.bib
tsai-etal-2022-superb,{SUPERB}-{SG}: Enhanced Speech processing Universal {PER}formance Benchmark for Semantic and Generative Capabilities,2022,ACL_2022_Full_Papers.bib
dai-etal-2022-knowledge,Knowledge Neurons in Pretrained Transformers,2022,ACL_2022_Full_Papers.bib
langedijk-etal-2022-meta,Meta-Learning for Fast Cross-Lingual Adaptation in Dependency Parsing,2022,ACL_2022_Full_Papers.bib
muller-etal-2022-shot,Few-Shot Learning with {S}iamese Networks and Label Tuning,2022,ACL_2022_Full_Papers.bib
lin-etal-2022-inferring,Inferring Rewards from Language in Context,2022,ACL_2022_Full_Papers.bib
chen-etal-2022-summscreen,{S}umm{S}creen: A Dataset for Abstractive Screenplay Summarization,2022,ACL_2022_Full_Papers.bib
pietruszka-etal-2022-sparsifying,Sparsifying Transformer Models with Trainable Representation Pooling,2022,ACL_2022_Full_Papers.bib
stahlberg-etal-2022-uncertainty,Uncertainty Determines the Adequacy of the Mode and the Tractability of Decoding in Sequence-to-Sequence Models,2022,ACL_2022_Full_Papers.bib
zhou-etal-2022-flipda,{F}lip{DA}: Effective and Robust Data Augmentation for Few-Shot Learning,2022,ACL_2022_Full_Papers.bib
kharitonov-etal-2022-text,Text-Free Prosody-Aware Generative Spoken Language Modeling,2022,ACL_2022_Full_Papers.bib
zhao-etal-2022-lite,Lite Unified Modeling for Discriminative Reading Comprehension,2022,ACL_2022_Full_Papers.bib
kamezawa-etal-2022-rnsum,{RNS}um: A Large-Scale Dataset for Automatic Release Note Generation via Commit Logs Summarization,2022,ACL_2022_Full_Papers.bib
sun-etal-2022-improving,Improving Machine Reading Comprehension with Contextualized Commonsense Knowledge,2022,ACL_2022_Full_Papers.bib
alshomary-etal-2022-moral,The Moral Debater: A Study on the Computational Generation of Morally Framed Arguments,2022,ACL_2022_Full_Papers.bib
huang-etal-2022-pyramid,Pyramid-{BERT}: Reducing Complexity via Successive Core-set based Token Selection,2022,ACL_2022_Full_Papers.bib
lasri-etal-2022-probing,Probing for the Usage of Grammatical Number,2022,ACL_2022_Full_Papers.bib
acl-ws-2025-long,Proceedings of the 63rd Annual Meeting of the Association for Computational Linguistics (Volume 1: Long Papers),2025,ACL_2025_Full_Papers.bib
lum-etal-2025-bias,Bias in Language Models: Beyond Trick Tests and Towards {RUTE}d Evaluation,2025,ACL_2025_Full_Papers.bib
liu-etal-2025-sliding,Sliding Windows Are Not the End: Exploring Full Ranking with Long-Context Large Language Models,2025,ACL_2025_Full_Papers.bib
nicolson-etal-2025-impact,The Impact of Auxiliary Patient Data on Automated Chest {X}-Ray Report Generation and How to Incorporate It,2025,ACL_2025_Full_Papers.bib
ye-etal-2025-cleme2,{CLEME}2.0: Towards Interpretable Evaluation by Disentangling Edits for Grammatical Error Correction,2025,ACL_2025_Full_Papers.bib
liu-etal-2025-literature,Literature Meets Data: A Synergistic Approach to Hypothesis Generation,2025,ACL_2025_Full_Papers.bib
gu-etal-2025-gapo,{GAPO}: Learning Preferential Prompt through Generative Adversarial Policy Optimization,2025,ACL_2025_Full_Papers.bib
lee-etal-2025-rescore,{R}e{SCORE}: Label-free Iterative Retriever Training for Multi-hop Question Answering with Relevance-Consistency Supervision,2025,ACL_2025_Full_Papers.bib
koo-etal-2025-towards,Towards Robust and Efficient Federated Low-Rank Adaptation with Heterogeneous Clients,2025,ACL_2025_Full_Papers.bib
liu-etal-2025-llm,{LLM}-Powered Test Case Generation for Detecting Bugs in Plausible Programs,2025,ACL_2025_Full_Papers.bib
dai-etal-2025-capture,Capture the Key in Reasoning to Enhance {C}o{T} Distillation Generalization,2025,ACL_2025_Full_Papers.bib
huang-etal-2025-enable,"How to Enable Effective Cooperation Between Humans and {NLP} Models: A Survey of Principles, Formalizations, and Beyond",2025,ACL_2025_Full_Papers.bib
zheng-etal-2025-enhancing,Enhancing Hyperbole and Metaphor Detection with Their Bidirectional Dynamic Interaction and Emotion Knowledge,2025,ACL_2025_Full_Papers.bib
gao-etal-2025-uniicl,"{U}ni{ICL}: An Efficient {ICL} Framework Unifying Compression, Selection, and Generation",2025,ACL_2025_Full_Papers.bib
aparovich-etal-2025-belarusianglue,{B}elarusian{GLUE}: Towards a Natural Language Understanding Benchmark for {B}elarusian,2025,ACL_2025_Full_Papers.bib
zhang-etal-2025-survey-foundation,A Survey on Foundation Language Models for Single-cell Biology,2025,ACL_2025_Full_Papers.bib
zhou-etal-2025-rulearena,{R}ule{A}rena: A Benchmark for Rule-Guided Reasoning with {LLM}s in Real-World Scenarios,2025,ACL_2025_Full_Papers.bib
xu-etal-2025-extending,Extending {LLM} Context Window with Adaptive Grouped Positional Encoding: A Training-Free Method,2025,ACL_2025_Full_Papers.bib
lee-etal-2025-semantic,Semantic Exploration with Adaptive Gating for Efficient Problem Solving with Language Models,2025,ACL_2025_Full_Papers.bib
askari-etal-2025-hotelmatch,{H}otel{M}atch-{LLM}: Joint Multi-Task Training of Small and Large Language Models for Efficient Multimodal Hotel Retrieval,2025,ACL_2025_Full_Papers.bib
kardos-etal-2025-s3,$S^3$ - Semantic Signal Separation,2025,ACL_2025_Full_Papers.bib
hu-etal-2025-trimllm,{T}rim{LLM}: Progressive Layer Dropping for Domain-Specific {LLM}s,2025,ACL_2025_Full_Papers.bib
macko-etal-2025-multisocial,{M}ulti{S}ocial: Multilingual Benchmark of Machine-Generated Text Detection of Social-Media Texts,2025,ACL_2025_Full_Papers.bib
yan-etal-2025-efficient,Efficient and Accurate Prompt Optimization: the Benefit of Memory in Exemplar-Guided Reflection,2025,ACL_2025_Full_Papers.bib
zugecova-etal-2025-evaluation,Evaluation of {LLM} Vulnerabilities to Being Misused for Personalized Disinformation Generation,2025,ACL_2025_Full_Papers.bib
qian-etal-2025-escapebench,{E}scape{B}ench: Towards Advancing Creative Intelligence of Language Model Agents,2025,ACL_2025_Full_Papers.bib
lee-etal-2025-hybgrag,{H}yb{GRAG}: Hybrid Retrieval-Augmented Generation on Textual and Relational Knowledge Bases,2025,ACL_2025_Full_Papers.bib
tang-etal-2025-evowiki,{E}vo{W}iki: Evaluating {LLM}s on Evolving Knowledge,2025,ACL_2025_Full_Papers.bib
ouyang-etal-2025-punchbench,{P}unch{B}ench: Benchmarking {MLLM}s in Multimodal Punchline Comprehension,2025,ACL_2025_Full_Papers.bib
zou-2025-bipro,{BIP}ro: Zero-shot {C}hinese Poem Generation via Block Inverse Prompting Constrained Generation Framework,2025,ACL_2025_Full_Papers.bib
deng-etal-2025-longdocurl,"{L}ong{D}oc{URL}: a Comprehensive Multimodal Long Document Benchmark Integrating Understanding, Reasoning, and Locating",2025,ACL_2025_Full_Papers.bib
lin-etal-2025-obfuslm,{O}bfus{LM}: Privacy-preserving Language Model Service against Embedding Inversion Attacks,2025,ACL_2025_Full_Papers.bib
ruggeri-signorelli-2025-interlocking,Interlocking-free Selective Rationalization Through Genetic-based Learning,2025,ACL_2025_Full_Papers.bib
charpentier-lison-2025-identification,Re-identification of De-identified Documents with Autoregressive Infilling,2025,ACL_2025_Full_Papers.bib
tang-etal-2025-modeling,Modeling Uncertainty in Composed Image Retrieval via Probabilistic Embeddings,2025,ACL_2025_Full_Papers.bib
tian-etal-2025-untie,Untie the Knots: An Efficient Data Augmentation Strategy for Long-Context Pre-Training in Language Models,2025,ACL_2025_Full_Papers.bib
dong-etal-2025-appl,{APPL}: A Prompt Programming Language for Harmonious Integration of Programs and Large Language Model Prompts,2025,ACL_2025_Full_Papers.bib
ciaccio-etal-2025-evaluating,Evaluating Lexical Proficiency in Neural Language Models,2025,ACL_2025_Full_Papers.bib
meng-etal-2025-autoregressive,Autoregressive Speech Synthesis without Vector Quantization,2025,ACL_2025_Full_Papers.bib
singhal-etal-2025-fedex,{F}ed{E}x-{L}o{RA}: Exact Aggregation for Federated and Efficient Fine-Tuning of Large Language Models,2025,ACL_2025_Full_Papers.bib
ravichander-etal-2025-halogen,{HAL}o{GEN}: Fantastic {LLM} Hallucinations and Where to Find Them,2025,ACL_2025_Full_Papers.bib
liang-etal-2025-yes,"``Yes, My {L}o{RD}.'' Guiding Language Model Extraction with Locality Reinforced Distillation",2025,ACL_2025_Full_Papers.bib
ali-etal-2025-hidden,The Hidden Attention of Mamba Models,2025,ACL_2025_Full_Papers.bib
luohe-etal-2025-kv,{KV}-Latent: Dimensional-level {KV} Cache Reduction with Frequency-aware Rotary Positional Embedding,2025,ACL_2025_Full_Papers.bib
wang-etal-2025-leancode,{LEANCODE}: Understanding Models Better for Code Simplification of Pre-trained Large Language Models,2025,ACL_2025_Full_Papers.bib
wang-song-2025-mars,{MARS}: Benchmarking the Metaphysical Reasoning Abilities of Language Models with a Multi-task Evaluation Dataset,2025,ACL_2025_Full_Papers.bib
li-etal-2025-ask,Ask-Before-Detection: Identifying and Mitigating Conformity Bias in {LLM}-Powered Error Detector for Math Word Problem Solutions,2025,ACL_2025_Full_Papers.bib
chen-etal-2025-real,Real-time Factuality Assessment from Adversarial Feedback,2025,ACL_2025_Full_Papers.bib
an-etal-2025-mutual,On the Mutual Influence of Gender and Occupation in {LLM} Representations,2025,ACL_2025_Full_Papers.bib
jin-etal-2025-disentangling-memory,Disentangling Memory and Reasoning Ability in Large Language Models,2025,ACL_2025_Full_Papers.bib
edin-etal-2025-normalized,Normalized {AOPC}: Fixing Misleading Faithfulness Metrics for Feature Attributions Explainability,2025,ACL_2025_Full_Papers.bib
yuguang-etal-2025-takin,Takin-{VC}: Expressive Zero-Shot Voice Conversion via Adaptive Hybrid Content Encoding and Enhanced Timbre Modeling,2025,ACL_2025_Full_Papers.bib
liu-etal-2025-langsamp,{L}ang{SAMP}: Language-Script Aware Multilingual Pretraining,2025,ACL_2025_Full_Papers.bib
dong-etal-2025-relationalcoder,{R}elational{C}oder: Rethinking Complex Tables via Programmatic Relational Transformation,2025,ACL_2025_Full_Papers.bib
kong-etal-2025-tuna,{TUNA}: Comprehensive Fine-grained Temporal Understanding Evaluation on Dense Dynamic Videos,2025,ACL_2025_Full_Papers.bib
uddin-etal-2025-unseentimeqa,{U}n{S}een{T}ime{QA}: Time-Sensitive Question-Answering Beyond {LLM}s' Memorization,2025,ACL_2025_Full_Papers.bib
jeon-etal-2025-l4q,{L}4{Q}: Parameter Efficient Quantization-Aware Fine-Tuning on Large Language Models,2025,ACL_2025_Full_Papers.bib
zhu-etal-2025-second,Second Language ({A}rabic) Acquisition of {LLM}s via Progressive Vocabulary Expansion,2025,ACL_2025_Full_Papers.bib
kim-etal-2025-really,What Really Matters in Many-Shot Attacks? An Empirical Study of Long-Context Vulnerabilities in {LLM}s,2025,ACL_2025_Full_Papers.bib
zhang-tan-2025-ecerc,{ECERC}: Evidence-Cause Attention Network for Multi-Modal Emotion Recognition in Conversation,2025,ACL_2025_Full_Papers.bib
hu-etal-2025-compileagent,{C}ompile{A}gent: Automated Real-World Repo-Level Compilation with Tool-Integrated {LLM}-based Agent System,2025,ACL_2025_Full_Papers.bib
liao-etal-2025-exploring,Exploring Forgetting in Large Language Model Pre-Training,2025,ACL_2025_Full_Papers.bib
rennard-etal-2025-bias,Bias in the Mirror : Are {LLM}s opinions robust to their own adversarial attacks,2025,ACL_2025_Full_Papers.bib
xu-etal-2025-androidlab,{A}ndroid{L}ab: Training and Systematic Benchmarking of Android Autonomous Agents,2025,ACL_2025_Full_Papers.bib
huang-etal-2025-modular,Modular Sentence Encoders: Separating Language Specialization from Cross-Lingual Alignment,2025,ACL_2025_Full_Papers.bib
jin-etal-2025-multimodal,Multimodal Transformers are Hierarchical Modal-wise Heterogeneous Graphs,2025,ACL_2025_Full_Papers.bib
zhang-etal-2025-designed,Have We Designed Generalizable Structural Knowledge Promptings? Systematic Evaluation and Rethinking,2025,ACL_2025_Full_Papers.bib
pfister-etal-2025-llammlein,"{LL}{\""a}{M}mlein: Transparent, Compact and Competitive {G}erman-Only Language Models from Scratch",2025,ACL_2025_Full_Papers.bib
teglia-etal-2025-much,How Much Do Encoder Models Know About Word Senses?,2025,ACL_2025_Full_Papers.bib
ge-etal-2025-backdoors,When Backdoors Speak: Understanding {LLM} Backdoor Attacks Through Model-Generated Explanations,2025,ACL_2025_Full_Papers.bib
li-etal-2025-legalagentbench,{L}egal{A}gent{B}ench: Evaluating {LLM} Agents in Legal Domain,2025,ACL_2025_Full_Papers.bib
wang-etal-2025-inference,Inference Compute-Optimal Video Vision Language Models,2025,ACL_2025_Full_Papers.bib
sundar-etal-2025-steering,Steering into New Embedding Spaces: Analyzing Cross-Lingual Alignment Induced by Model Interventions in Multilingual Language Models,2025,ACL_2025_Full_Papers.bib
peters-martins-2025-translation,Did Translation Models Get More Robust Without Anyone {E}ven Noticing?,2025,ACL_2025_Full_Papers.bib
hanley-durumeric-2025-hierarchical,Hierarchical Level-Wise News Article Clustering via Multilingual Matryoshka Embeddings,2025,ACL_2025_Full_Papers.bib
klein-nabi-2025-contrastive,Contrastive Perplexity for Controlled Generation: An Application in Detoxifying Large Language Models,2025,ACL_2025_Full_Papers.bib
li-etal-2025-investorbench,{INVESTORBENCH}: A Benchmark for Financial Decision-Making Tasks with {LLM}-based Agent,2025,ACL_2025_Full_Papers.bib
warner-etal-2025-smarter,"Smarter, Better, Faster, Longer: A Modern Bidirectional Encoder for Fast, Memory Efficient, and Long Context Finetuning and Inference",2025,ACL_2025_Full_Papers.bib
shan-etal-2025-gender,Gender Inclusivity Fairness Index ({GIFI}): A Multilevel Framework for Evaluating Gender Diversity in Large Language Models,2025,ACL_2025_Full_Papers.bib
zhang-etal-2025-va,{D}.{V}a: Validate Your Demonstration First Before You Use It,2025,ACL_2025_Full_Papers.bib
chung-etal-2025-models,Are Any-to-Any Models More Consistent Across Modality Transfers Than Specialists?,2025,ACL_2025_Full_Papers.bib
chang-etal-2025-main,{MAIN}-{RAG}: Multi-Agent Filtering Retrieval-Augmented Generation,2025,ACL_2025_Full_Papers.bib
liu-etal-2025-unraveling,Unraveling the Mechanics of Learning-Based Demonstration Selection for In-Context Learning,2025,ACL_2025_Full_Papers.bib
wang-etal-2025-direct,Direct Prompt Optimization with Continuous Representations,2025,ACL_2025_Full_Papers.bib
nagar-etal-2025-umedsum,u{M}ed{S}um: A Unified Framework for Clinical Abstractive Summarization,2025,ACL_2025_Full_Papers.bib
lu-etal-2025-hyperfm,{H}yper{FM}: Fact-Centric Multimodal Fusion for Link Prediction over Hyper-Relational Knowledge Graphs,2025,ACL_2025_Full_Papers.bib
geigle-etal-2025-centurio,Centurio: On Drivers of Multilingual Ability of Large Vision-Language Model,2025,ACL_2025_Full_Papers.bib
niess-kern-2025-ensemble,Ensemble Watermarks for Large Language Models,2025,ACL_2025_Full_Papers.bib
guo-etal-2025-dior,{D}io{R}: Adaptive Cognitive Detection and Contextual Retrieval Optimization for Dynamic Retrieval-Augmented Generation,2025,ACL_2025_Full_Papers.bib
lyu-etal-2025-unveiling,Unveiling the Power of Source: Source-based Minimum {B}ayes Risk Decoding for Neural Machine Translation,2025,ACL_2025_Full_Papers.bib
ye-etal-2025-toolhop,{T}ool{H}op: A Query-Driven Benchmark for Evaluating Large Language Models in Multi-Hop Tool Use,2025,ACL_2025_Full_Papers.bib
xu-etal-2025-aristotle,Aristotle: Mastering Logical Reasoning with A Logic-Complete Decompose-Search-Resolve Framework,2025,ACL_2025_Full_Papers.bib
chen-etal-2025-ladm,{LADM}: Long-context Training Data Selection with Attention-based Dependency Measurement for {LLM}s,2025,ACL_2025_Full_Papers.bib
li-etal-2025-iron,Iron Sharpens Iron: Defending Against Attacks in Machine-Generated Text Detection with Adversarial Training,2025,ACL_2025_Full_Papers.bib
liu-etal-2025-cultural,Cultural Learning-Based Culture Adaptation of Language Models,2025,ACL_2025_Full_Papers.bib
zhou-yoshinaga-2025-tasc,A-{TASC}: {A}sian {TED}-Based Automatic Subtitling Corpus,2025,ACL_2025_Full_Papers.bib
fu-etal-2025-token,Token Prepending: A Training-Free Approach for Eliciting Better Sentence Embeddings from {LLM}s,2025,ACL_2025_Full_Papers.bib
srikanth-etal-2025-questions,"No Questions are Stupid, but some are Poorly Posed: Understanding Poorly-Posed Information-Seeking Questions",2025,ACL_2025_Full_Papers.bib
li-etal-2025-taming,Taming {LLM}s with Gradient Grouping,2025,ACL_2025_Full_Papers.bib
keleg-etal-2025-revisiting,Revisiting Common Assumptions about {A}rabic Dialects in {NLP},2025,ACL_2025_Full_Papers.bib
ali-etal-2025-detection,Detection of Human and Machine-Authored Fake News in {U}rdu,2025,ACL_2025_Full_Papers.bib
zhao-etal-2025-efficient,An Efficient Task-Oriented Dialogue Policy: Evolutionary Reinforcement Learning Injected by Elite Individuals,2025,ACL_2025_Full_Papers.bib
zhang-etal-2025-sr,{SR}-{LLM}: Rethinking the Structured Representation in Large Language Model,2025,ACL_2025_Full_Papers.bib
cheng-etal-2025-contrastive,Contrastive Prompting Enhances Sentence Embeddings in {LLM}s through Inference-Time Steering,2025,ACL_2025_Full_Papers.bib
jin-etal-2025-hierarchical,Hierarchical Document Refinement for Long-context Retrieval-augmented Generation,2025,ACL_2025_Full_Papers.bib
xiang-etal-2025-comparing,Comparing Moral Values in {W}estern {E}nglish-speaking societies and {LLM}s with Word Associations,2025,ACL_2025_Full_Papers.bib
dong-etal-2025-rag,{RAG}-Critic: Leveraging Automated Critic-Guided Agentic Workflow for Retrieval Augmented Generation,2025,ACL_2025_Full_Papers.bib
peng-etal-2025-pre,Pre-training Distillation for Large Language Models: A Design Space Exploration,2025,ACL_2025_Full_Papers.bib
jian-etal-2025-teaching,Teaching Vision-Language Models to Ask: Resolving Ambiguity in Visual Questions,2025,ACL_2025_Full_Papers.bib
bai-etal-2025-longbench,{L}ong{B}ench v2: Towards Deeper Understanding and Reasoning on Realistic Long-context Multitasks,2025,ACL_2025_Full_Papers.bib
huang-etal-2025-cross,Cross-model Transferability among Large Language Models on the Platonic Representations of Concepts,2025,ACL_2025_Full_Papers.bib
zhu-etal-2025-foldmoe,{F}old{M}o{E}: Efficient Long Sequence {M}o{E} Training via Attention-{M}o{E} Pipelining,2025,ACL_2025_Full_Papers.bib
zhang-etal-2025-longreward,{L}ong{R}eward: Improving Long-context Large Language Models with {AI} Feedback,2025,ACL_2025_Full_Papers.bib
yu-etal-2025-utboost,{UTB}oost: Rigorous Evaluation of Coding Agents on {SWE}-Bench,2025,ACL_2025_Full_Papers.bib
puerto-etal-2025-fine,Fine-Tuning on Diverse Reasoning Chains Drives Within-Inference {C}o{T} Refinement in {LLM}s,2025,ACL_2025_Full_Papers.bib
zhu-etal-2025-establishing,Establishing Trustworthy {LLM} Evaluation via Shortcut Neuron Analysis,2025,ACL_2025_Full_Papers.bib
guo-etal-2025-large,Do Large Language Models have an {E}nglish Accent? Evaluating and Improving the Naturalness of Multilingual {LLM}s,2025,ACL_2025_Full_Papers.bib
xu-etal-2025-enhancing-character,Enhancing Character-Level Understanding in {LLM}s through Token Internal Structure Learning,2025,ACL_2025_Full_Papers.bib
sun-etal-2025-interpret,Interpret and Improve In-Context Learning via the Lens of Input-Label Mappings,2025,ACL_2025_Full_Papers.bib
kinder-etal-2025-positional,Positional Overload: Positional Debiasing and Context Window Extension for Large Language Models using Set Encoding,2025,ACL_2025_Full_Papers.bib
zhao-etal-2025-fr,{FR}-Spec: Accelerating Large-Vocabulary Language Models via Frequency-Ranked Speculative Sampling,2025,ACL_2025_Full_Papers.bib
zhang-etal-2025-vrest,{VR}e{ST}: Enhancing Reasoning in Large Vision-Language Models through Tree Search and Self-Reward Mechanism,2025,ACL_2025_Full_Papers.bib
li-etal-2025-past,Past Meets Present: Creating Historical Analogy with Large Language Models,2025,ACL_2025_Full_Papers.bib
wang-etal-2025-meta,Meta-Reflection: A Feedback-Free Reflection Learning Framework,2025,ACL_2025_Full_Papers.bib
zhang-etal-2025-read,Read it in Two Steps: Translating Extremely Low-Resource Languages with Code-Augmented Grammar Books,2025,ACL_2025_Full_Papers.bib
yang-etal-2025-confidence,Confidence v.s. Critique: A Decomposition of Self-Correction Capability for {LLM}s,2025,ACL_2025_Full_Papers.bib
li-etal-2025-visual,Visual Evidence Prompting Mitigates Hallucinations in Large Vision-Language Models,2025,ACL_2025_Full_Papers.bib
li-etal-2025-tokalign,{T}ok{A}lign: Efficient Vocabulary Adaptation via Token Alignment,2025,ACL_2025_Full_Papers.bib
li-chu-2025-adaedit,{A}da{E}dit: Advancing Continuous Knowledge Editing For Large Language Models,2025,ACL_2025_Full_Papers.bib
oh-schuler-2025-impact,The Impact of Token Granularity on the Predictive Power of Language Model Surprisal,2025,ACL_2025_Full_Papers.bib
zhu-etal-2025-segment,Segment-Level Diffusion: A Framework for Controllable Long-Form Generation with Diffusion Language Models,2025,ACL_2025_Full_Papers.bib
zhang-etal-2025-belle,{BELLE}: A Bi-Level Multi-Agent Reasoning Framework for Multi-Hop Question Answering,2025,ACL_2025_Full_Papers.bib
yin-etal-2025-dynamic,Dynamic and Generalizable Process Reward Modeling,2025,ACL_2025_Full_Papers.bib
zhang-etal-2025-towards,Towards Text-Image Interleaved Retrieval,2025,ACL_2025_Full_Papers.bib
hong-etal-2025-game,Game Development as Human-{LLM} Interaction,2025,ACL_2025_Full_Papers.bib
li-etal-2025-deepsolution,{D}eep{S}olution: Boosting Complex Engineering Solution Design via Tree-based Exploration and Bi-point Thinking,2025,ACL_2025_Full_Papers.bib
zhang-etal-2025-sharper,Sharper and Faster mean Better: Towards More Efficient Vision-Language Model for Hour-scale Long Video Understanding,2025,ACL_2025_Full_Papers.bib
zhao-etal-2025-ptq1,{PTQ}1.61: Push the Real Limit of Extremely Low-Bit Post-Training Quantization Methods for Large Language Models,2025,ACL_2025_Full_Papers.bib
xin-etal-2025-sparse,Sparse Latents Steer Retrieval-Augmented Generation,2025,ACL_2025_Full_Papers.bib
deng-etal-2025-unveiling,Unveiling Language-Specific Features in Large Language Models via Sparse Autoencoders,2025,ACL_2025_Full_Papers.bib
tang-etal-2025-anre,{A}n{R}e: Analogical Replay for Temporal Knowledge Graph Forecasting,2025,ACL_2025_Full_Papers.bib
zeng-etal-2025-revisiting,Revisiting the Test-Time Scaling of o1-like Models: Do they Truly Possess Test-Time Scaling Capabilities?,2025,ACL_2025_Full_Papers.bib
qiu-etal-2025-text,Text is All You Need: {LLM}-enhanced Incremental Social Event Detection,2025,ACL_2025_Full_Papers.bib
liu-etal-2025-multimodal-pragmatic,Multimodal Pragmatic Jailbreak on Text-to-image Models,2025,ACL_2025_Full_Papers.bib
xu-etal-2025-principled,Principled Understanding of Generalization for Generative Transformer Models in Arithmetic Reasoning Tasks,2025,ACL_2025_Full_Papers.bib
liu-strube-2025-discourse,Discourse Relation-Enhanced Neural Coherence Modeling,2025,ACL_2025_Full_Papers.bib
yan-etal-2025-benign,from Benign import Toxic: Jailbreaking the Language Model via Adversarial Metaphors,2025,ACL_2025_Full_Papers.bib
zhang-etal-2025-shifcon,{S}hif{C}on: Enhancing Non-Dominant Language Capabilities with a Shift-based Multilingual Contrastive Framework,2025,ACL_2025_Full_Papers.bib
wang-etal-2025-morphmark,{M}orph{M}ark: Flexible Adaptive Watermarking for Large Language Models,2025,ACL_2025_Full_Papers.bib
deng-etal-2025-silver,A Silver Bullet or a Compromise for Full Attention? A Comprehensive Study of Gist Token-based Context Compression,2025,ACL_2025_Full_Papers.bib
huang-zhang-2025-limit,On the Limit of Language Models as Planning Formalizers,2025,ACL_2025_Full_Papers.bib
lu-etal-2025-learning,Learning to Generate Structured Output with Schema Reinforcement Learning,2025,ACL_2025_Full_Papers.bib
lai-etal-2025-enhancing,Enhancing Unsupervised Sentence Embeddings via Knowledge-Driven Data Augmentation and {G}aussian-Decayed Contrastive Learning,2025,ACL_2025_Full_Papers.bib
gu-etal-2025-improve,Improve Safety Training of Large Language Models with Safety-Critical Singular Vectors Localization,2025,ACL_2025_Full_Papers.bib
lee-etal-2025-quantification,Quantification of Large Language Model Distillation,2025,ACL_2025_Full_Papers.bib
qiu-etal-2025-demons,Demons in the Detail: On Implementing Load Balancing Loss for Training Specialized Mixture-of-Expert Models,2025,ACL_2025_Full_Papers.bib
wu-etal-2025-pandoras,Pandora{'}s Box or Aladdin{'}s Lamp: A Comprehensive Analysis Revealing the Role of {RAG} Noise in Large Language Models,2025,ACL_2025_Full_Papers.bib
peng-etal-2025-stepwise,Stepwise Reasoning Disruption Attack of {LLM}s,2025,ACL_2025_Full_Papers.bib
wang-etal-2025-lost-multilinguality,Lost in Multilinguality: Dissecting Cross-lingual Factual Inconsistency in Transformer Language Models,2025,ACL_2025_Full_Papers.bib
yao-etal-2025-gradot,{G}rad{OT}: Training-free Gradient-preserving Offsite-tuning for Large Language Models,2025,ACL_2025_Full_Papers.bib
li-etal-2025-knowledge-boundary,Knowledge Boundary of Large Language Models: A Survey,2025,ACL_2025_Full_Papers.bib
sun-etal-2025-mitigating-visual,Mitigating Visual Forgetting via Take-along Visual Conditioning for Multi-modal Long {C}o{T} Reasoning,2025,ACL_2025_Full_Papers.bib
zhao-etal-2025-moc,{M}o{C}: Mixtures of Text Chunking Learners for Retrieval-Augmented Generation System,2025,ACL_2025_Full_Papers.bib
li-etal-2025-learning-reason,Learning to Reason from Feedback at Test-Time,2025,ACL_2025_Full_Papers.bib
tang-etal-2025-l,$\textit{L-CiteEval}$: A Suite for Evaluating Fidelity of Long-context Models,2025,ACL_2025_Full_Papers.bib
das-etal-2025-secret,$SECRET$: Semi-supervised Clinical Trial Document Similarity Search,2025,ACL_2025_Full_Papers.bib
griot-etal-2025-pattern,Pattern Recognition or Medical Knowledge? The Problem with Multiple-Choice Questions in Medicine,2025,ACL_2025_Full_Papers.bib
yiwen-etal-2025-yulan,{Y}u{L}an-Mini: Pushing the Limits of Open Data-efficient Language Model,2025,ACL_2025_Full_Papers.bib
wang-etal-2025-bridging,Bridging the Language Gaps in Large Language Models with Inference-Time Cross-Lingual Intervention,2025,ACL_2025_Full_Papers.bib
kim-etal-2025-plug,Plug-in and Fine-tuning: Bridging the Gap between Small Language Models and Large Language Models,2025,ACL_2025_Full_Papers.bib
zheng-etal-2025-enhancing-transformers,Enhancing Transformers for Generalizable First-Order Logical Entailment,2025,ACL_2025_Full_Papers.bib
mohammadzadeh-etal-2025-hallucination,Hallucination Detox: Sensitivity Dropout ({S}en{D}) for Large Language Model Training,2025,ACL_2025_Full_Papers.bib
wu-bruch-2025-uncovering,Uncovering Visual-Semantic Psycholinguistic Properties from the Distributional Structure of Text Embedding Space,2025,ACL_2025_Full_Papers.bib
xie-etal-2025-gui,{GUI}-explorer: Autonomous Exploration and Mining of Transition-aware Knowledge for {GUI} Agent,2025,ACL_2025_Full_Papers.bib
chen-etal-2025-p2,P$^2$ Law: Scaling Law for Post-Training After Model Pruning,2025,ACL_2025_Full_Papers.bib
lee-etal-2025-entailment,Entailment-Preserving First-order Logic Representations in Natural Language Entailment,2025,ACL_2025_Full_Papers.bib
gur-arieh-etal-2025-enhancing,Enhancing Automated Interpretability with Output-Centric Feature Descriptions,2025,ACL_2025_Full_Papers.bib
chen-etal-2025-towards-effective,Towards Effective and Efficient Continual Pre-training of Large Language Models,2025,ACL_2025_Full_Papers.bib
huang-etal-2025-efficient,Efficient Universal Goal Hijacking with Semantics-guided Prompt Organization,2025,ACL_2025_Full_Papers.bib
hu-etal-2025-mplug,m{PLUG}-{D}oc{O}wl2: High-resolution Compressing for {OCR}-free Multi-page Document Understanding,2025,ACL_2025_Full_Papers.bib
liu-etal-2025-modality,Modality-Aware Neuron Pruning for Unlearning in Multimodal Large Language Models,2025,ACL_2025_Full_Papers.bib
zhang-etal-2025-ngqa,{NGQA}: A Nutritional Graph Question Answering Benchmark for Personalized Health-aware Nutritional Reasoning,2025,ACL_2025_Full_Papers.bib
xu-etal-2025-relearn,{R}e{L}earn: Unlearning via Learning for Large Language Models,2025,ACL_2025_Full_Papers.bib
ma-etal-2025-cot,{C}o{T}-Valve: Length-Compressible Chain-of-Thought Tuning,2025,ACL_2025_Full_Papers.bib
ouyang-etal-2025-hoh,{H}o{H}: A Dynamic Benchmark for Evaluating the Impact of Outdated Information on Retrieval-Augmented Generation,2025,ACL_2025_Full_Papers.bib
zhao-etal-2025-uncertainty,Uncertainty Propagation on {LLM} Agent,2025,ACL_2025_Full_Papers.bib
ruscio-etal-2025-beyond,Beyond Position: the emergence of wavelet-like properties in Transformers,2025,ACL_2025_Full_Papers.bib
palma-etal-2025-llamas,{LL}a{MA}s Have Feelings Too: Unveiling Sentiment and Emotion Representations in {LL}a{MA} Models Through Probing,2025,ACL_2025_Full_Papers.bib
cao-etal-2025-cxggec,{C}x{GGEC}: Construction-Guided Grammatical Error Correction,2025,ACL_2025_Full_Papers.bib
zhang-etal-2025-beyond,Beyond Sequences: Two-dimensional Representation and Dependency Encoding for Code Generation,2025,ACL_2025_Full_Papers.bib
li-etal-2025-hd,{HD}-{NDE}s: Neural Differential Equations for Hallucination Detection in {LLM}s,2025,ACL_2025_Full_Papers.bib
liu-etal-2025-talk,What Is That Talk About? A Video-to-Text Summarization Dataset for Scientific Presentations,2025,ACL_2025_Full_Papers.bib
zhang-etal-2025-cot,{C}o{T}-based Synthesizer: Enhancing {LLM} Performance through Answer Synthesis,2025,ACL_2025_Full_Papers.bib
zhao-etal-2025-efficiently,Efficiently Identifying Watermarked Segments in Mixed-Source Texts,2025,ACL_2025_Full_Papers.bib
wang-etal-2025-towards-generalized,Towards a More Generalized Approach in Open Relation Extraction,2025,ACL_2025_Full_Papers.bib
moskvoretskii-etal-2025-adaptive,Adaptive Retrieval Without Self-Knowledge? Bringing Uncertainty Back Home,2025,ACL_2025_Full_Papers.bib
ge-etal-2025-graph,Can Graph Descriptive Order Affect Solving Graph Problems with {LLM}s?,2025,ACL_2025_Full_Papers.bib
hao-etal-2025-learning,Learning to Rewrite: Generalized {LLM}-Generated Text Detection,2025,ACL_2025_Full_Papers.bib
yu-etal-2025-evaluating,Evaluating Multimodal Large Language Models on Video Captioning via {M}onte {C}arlo Tree Search,2025,ACL_2025_Full_Papers.bib
zhelnin-etal-2025-gift,{GIFT}-{SW}: {G}aussian noise Injected Fine-Tuning of Salient Weights for {LLM}s,2025,ACL_2025_Full_Papers.bib
huang-wu-2025-quaff,Quaff: Quantized Parameter-Efficient Fine-Tuning under Outlier Spatial Stability Hypothesis,2025,ACL_2025_Full_Papers.bib
miyai-etal-2025-unsolvable,Unsolvable Problem Detection: Robust Understanding Evaluation for Large Multimodal Models,2025,ACL_2025_Full_Papers.bib
wu-etal-2025-alignmmbench,{A}lign{MMB}ench: Evaluating {C}hinese Multimodal Alignment in Large Vision-Language Models,2025,ACL_2025_Full_Papers.bib
t-y-s-s-vuong-2025-lextempus,{L}ex{T}empus: Enhancing Temporal Generalizability of Legal Language Models Through Dynamic Mixture of Experts,2025,ACL_2025_Full_Papers.bib
ku-etal-2025-theoremexplainagent,{T}heorem{E}xplain{A}gent: Towards Video-based Multimodal Explanations for {LLM} Theorem Understanding,2025,ACL_2025_Full_Papers.bib
chen-etal-2025-finereason,{F}ine{R}eason: Evaluating and Improving {LLM}s' Deliberate Reasoning through Reflective Puzzle Solving,2025,ACL_2025_Full_Papers.bib
berezin-etal-2025-tip,The {TIP} of the Iceberg: Revealing a Hidden Class of Task-in-Prompt Adversarial Attacks on {LLM}s,2025,ACL_2025_Full_Papers.bib
morozov-etal-2025-bert,{BERT}-like Models for {S}lavic Morpheme Segmentation,2025,ACL_2025_Full_Papers.bib
luo-etal-2025-turning,Turning Trash into Treasure: Accelerating Inference of Large Language Models with Token Recycling,2025,ACL_2025_Full_Papers.bib
tang-etal-2025-unlocking,Unlocking General Long Chain-of-Thought Reasoning Capabilities of Large Language Models via Representation Engineering,2025,ACL_2025_Full_Papers.bib
li-etal-2025-drift,Drift: Enhancing {LLM} Faithfulness in Rationale Generation via Dual-Reward Probabilistic Inference,2025,ACL_2025_Full_Papers.bib
wang-etal-2025-fairness,Fairness through Difference Awareness: Measuring $\textit{Desired}$ Group Discrimination in {LLM}s,2025,ACL_2025_Full_Papers.bib
yamabe-etal-2025-mergeprint,{M}erge{P}rint: Merge-Resistant Fingerprints for Robust Black-box Ownership Verification of Large Language Models,2025,ACL_2025_Full_Papers.bib
mo-etal-2025-uniconv,{U}ni{C}onv: Unifying Retrieval and Response Generation for Large Language Models in Conversations,2025,ACL_2025_Full_Papers.bib
ji-etal-2025-controlspeech,{C}ontrol{S}peech: Towards Simultaneous and Independent Zero-shot Speaker Cloning and Zero-shot Language Style Control,2025,ACL_2025_Full_Papers.bib
que-rong-2025-pic,{PIC}: Unlocking Long-Form Text Generation Capabilities of Large Language Models via Position {ID} Compression,2025,ACL_2025_Full_Papers.bib
metropolitansky-larson-2025-towards,Towards Effective Extraction and Evaluation of Factual Claims,2025,ACL_2025_Full_Papers.bib
hao-etal-2025-beyond,Beyond Facts: Evaluating Intent Hallucination in Large Language Models,2025,ACL_2025_Full_Papers.bib
zhao-etal-2025-systematic,A Systematic Study of Compositional Syntactic Transformer Language Models,2025,ACL_2025_Full_Papers.bib
zhang-etal-2025-personalized,Personalized Text Generation with Contrastive Activation Steering,2025,ACL_2025_Full_Papers.bib
chen-etal-2025-drag,{DRAG}: Distilling {RAG} for {SLM}s from {LLM}s to Transfer Knowledge and Mitigate Hallucination via Evidence and Graph-based Distillation,2025,ACL_2025_Full_Papers.bib
wang-etal-2025-g,{G}-Safeguard: A Topology-Guided Security Lens and Treatment on {LLM}-based Multi-agent Systems,2025,ACL_2025_Full_Papers.bib
mi-etal-2025-rolling,Rolling the {DICE} on Idiomaticity: How {LLM}s Fail to Grasp Context,2025,ACL_2025_Full_Papers.bib
zhao-etal-2025-chartcoder,{C}hart{C}oder: Advancing Multimodal Large Language Model for Chart-to-Code Generation,2025,ACL_2025_Full_Papers.bib
pei-etal-2025-mathfusion,{M}ath{F}usion: Enhancing Mathematical Problem-solving of {LLM} through Instruction Fusion,2025,ACL_2025_Full_Papers.bib
hu-etal-2025-os,"{OS} Agents: A Survey on {MLLM}-based Agents for Computer, Phone and Browser Use",2025,ACL_2025_Full_Papers.bib
lau-etal-2025-data,Data Quality Issues in Multilingual Speech Datasets: The Need for Sociolinguistic Awareness and Proactive Language Planning,2025,ACL_2025_Full_Papers.bib
mohamed-etal-2025-llm,{LLM} as a Broken Telephone: Iterative Generation Distorts Information,2025,ACL_2025_Full_Papers.bib
zhang-etal-2025-vlm2,{VLM}2-Bench: A Closer Look at How Well {VLM}s Implicitly Link Explicit Matching Visual Cues,2025,ACL_2025_Full_Papers.bib
zhang-etal-2025-evaluation,Evaluation Agent: Efficient and Promptable Evaluation Framework for Visual Generative Models,2025,ACL_2025_Full_Papers.bib
li-etal-2025-large-language,Large Language Models Struggle to Describe the Haystack without Human Help: A Social Science-Inspired Evaluation of Topic Models,2025,ACL_2025_Full_Papers.bib
wang-etal-2025-actiview,{A}cti{V}iew: Evaluating Active Perception Ability for Multimodal Large Language Models,2025,ACL_2025_Full_Papers.bib
nie-etal-2025-text,A Text is Worth Several Tokens: Text Embedding from {LLM}s Secretly Aligns Well with The Key Tokens,2025,ACL_2025_Full_Papers.bib
lu-etal-2025-axis,{AXIS}: Efficient Human-Agent-Computer Interaction with {API}-First {LLM}-Based Agents,2025,ACL_2025_Full_Papers.bib
cui-etal-2025-conditional,Conditional Dichotomy Quantification via Geometric Embedding,2025,ACL_2025_Full_Papers.bib
chen-etal-2025-vqaguider,{VQAG}uider: Guiding Multimodal Large Language Models to Answer Complex Video Questions,2025,ACL_2025_Full_Papers.bib
wu-etal-2025-large,Large Language Models are Good Relational Learners,2025,ACL_2025_Full_Papers.bib
xu-zhong-2025-comet,{C}o{M}et: Metaphor-Driven Covert Communication for Multi-Agent Language Games,2025,ACL_2025_Full_Papers.bib
shen-huang-2025-llm,{LLM} Braces: Straightening Out {LLM} Predictions with Relevant Sub-Updates,2025,ACL_2025_Full_Papers.bib
sicilia-alikhani-2025-evaluating,Evaluating Theory of (an uncertain) Mind: Predicting the Uncertain Beliefs of Others from Conversational Cues,2025,ACL_2025_Full_Papers.bib
cui-etal-2025-uncertainty,Uncertainty in Causality: A New Frontier,2025,ACL_2025_Full_Papers.bib
mendelsohn-budak-2025-people,When People are Floods: Analyzing Dehumanizing Metaphors in Immigration Discourse with Large Language Models,2025,ACL_2025_Full_Papers.bib
luo-etal-2025-agrail,{AG}rail: A Lifelong Agent Guardrail with Effective and Adaptive Safety Detection,2025,ACL_2025_Full_Papers.bib
xie-etal-2025-improving,Improving Model Factuality with Fine-grained Critique-based Evaluator,2025,ACL_2025_Full_Papers.bib
ranaldi-etal-2025-r2,{R}2-{M}ulti{O}mnia: Leading Multilingual Multimodal Reasoning via Self-Training,2025,ACL_2025_Full_Papers.bib
amouyal-etal-2025-lm,When the {LM} misunderstood the human chuckled: Analyzing garden path effects in humans and language models,2025,ACL_2025_Full_Papers.bib
hu-etal-2025-vlsbench,{VLSB}ench: Unveiling Visual Leakage in Multimodal Safety,2025,ACL_2025_Full_Papers.bib
ch-wang-etal-2025-browsing,Browsing Lost Unformed Recollections: A Benchmark for Tip-of-the-Tongue Search and Reasoning,2025,ACL_2025_Full_Papers.bib
mansurov-etal-2025-data,Data Laundering: Artificially Boosting Benchmark Results through Knowledge Distillation,2025,ACL_2025_Full_Papers.bib
corso-etal-2025-conspiracy,Conspiracy Theories and Where to Find Them on {T}ik{T}ok,2025,ACL_2025_Full_Papers.bib
zhou-etal-2025-exploiting,Exploiting the Shadows: Unveiling Privacy Leaks through Lower-Ranked Tokens in Large Language Models,2025,ACL_2025_Full_Papers.bib
zhang-etal-2025-attacking,Attacking Vision-Language Computer Agents via Pop-ups,2025,ACL_2025_Full_Papers.bib
tan-etal-2025-prospect,In Prospect and Retrospect: Reflective Memory Management for Long-term Personalized Dialogue Agents,2025,ACL_2025_Full_Papers.bib
peng-etal-2025-unanswerability,Unanswerability Evaluation for Retrieval Augmented Generation,2025,ACL_2025_Full_Papers.bib
yu-etal-2025-self-error,Self-Error-Instruct: Generalizing from Errors for {LLM}s Mathematical Reasoning,2025,ACL_2025_Full_Papers.bib
zhu-etal-2025-rageval,{RAGE}val: Scenario Specific {RAG} Evaluation Dataset Generation Framework,2025,ACL_2025_Full_Papers.bib
shomee-etal-2025-survey,A Survey on Patent Analysis: From {NLP} to Multimodal {AI},2025,ACL_2025_Full_Papers.bib
ranasinghe-etal-2025-sinhala,{S}inhala Encoder-only Language Models and Evaluation,2025,ACL_2025_Full_Papers.bib
wang-etal-2025-llms-perform,{LLM}s can Perform Multi-Dimensional Analytic Writing Assessments: A Case Study of {L}2 Graduate-Level Academic {E}nglish Writing,2025,ACL_2025_Full_Papers.bib
zhuang-etal-2025-seuf,{SEUF}: Is Unlearning One Expert Enough for Mixture-of-Experts {LLM}s?,2025,ACL_2025_Full_Papers.bib
ma-etal-2025-pragmatics,"Pragmatics in the Era of Large Language Models: A Survey on Datasets, Evaluation, Opportunities and Challenges",2025,ACL_2025_Full_Papers.bib
kumar-etal-2025-cosmmic,{COSMMIC}: Comment-Sensitive Multimodal Multilingual {I}ndian Corpus for Summarization and Headline Generation,2025,ACL_2025_Full_Papers.bib
li-etal-2025-mind,Mind the Gap: Static and Interactive Evaluations of Large Audio Models,2025,ACL_2025_Full_Papers.bib
pei-etal-2025-understanding,Understanding In-Context Machine Translation for Low-Resource Languages: A Case Study on {M}anchu,2025,ACL_2025_Full_Papers.bib
fang-etal-2025-cknowedit,"{CK}now{E}dit: A New {C}hinese Knowledge Editing Dataset for Linguistics, Facts, and Logic Error Correction in {LLM}s",2025,ACL_2025_Full_Papers.bib
zhu-etal-2025-meaning,Meaning Beyond Truth Conditions: Evaluating Discourse Level Understanding via Anaphora Accessibility,2025,ACL_2025_Full_Papers.bib
khalid-etal-2025-large,Large Language and Reasoning Models are Shallow Disjunctive Reasoners,2025,ACL_2025_Full_Papers.bib
tian-etal-2025-skillverse,{S}kill{V}erse : Assessing and Enhancing {LLM}s with Tree Evaluation,2025,ACL_2025_Full_Papers.bib
feng-etal-2025-cypherbench,{C}ypher{B}ench: Towards Precise Retrieval over Full-scale Modern Knowledge Graphs in the {LLM} Era,2025,ACL_2025_Full_Papers.bib
ravenda-etal-2025-llms,Are {LLM}s effective psychological assessors? Leveraging adaptive {RAG} for interpretable mental health screening through psychometric practice,2025,ACL_2025_Full_Papers.bib
kendapadi-etal-2025-interact,"{INTERACT}: Enabling Interactive, Question-Driven Learning in Large Language Models",2025,ACL_2025_Full_Papers.bib
zamaraeva-etal-2025-comparing,Comparing {LLM}-generated and human-authored news text using formal syntactic theory,2025,ACL_2025_Full_Papers.bib
liu-etal-2025-selfelicit,{S}elf{E}licit: Your Language Model Secretly Knows Where is the Relevant Evidence,2025,ACL_2025_Full_Papers.bib
wan-chang-2025-male,The Male {CEO} and the Female Assistant: Evaluation and Mitigation of Gender Biases in Text-To-Image Generation of Dual Subjects,2025,ACL_2025_Full_Papers.bib
korakakis-etal-2025-mitigating,Mitigating Shortcut Learning with {I}nterpo{L}ated Learning,2025,ACL_2025_Full_Papers.bib
wang-etal-2025-toward,Toward Automatic Discovery of a Canine Phonetic Alphabet,2025,ACL_2025_Full_Papers.bib
pagnoni-etal-2025-byte,Byte Latent Transformer: Patches Scale Better Than Tokens,2025,ACL_2025_Full_Papers.bib
li-etal-2025-diffusedef,{D}iffuse{D}ef: Improved Robustness to Adversarial Attacks via Iterative Denoising,2025,ACL_2025_Full_Papers.bib
bokaei-etal-2025-culture,Culture Matters in Toxic Language Detection in {P}ersian,2025,ACL_2025_Full_Papers.bib
kim-lee-2025-forward,Forward Knows Efficient Backward Path: Saliency-Guided Memory-Efficient Fine-tuning of Large Language Models,2025,ACL_2025_Full_Papers.bib
liu-etal-2025-llms,{LLM}s + Persona-Plug = Personalized {LLM}s,2025,ACL_2025_Full_Papers.bib
mita-etal-2025-developmentally,Developmentally-plausible Working Memory Shapes a Critical Period for Language Acquisition,2025,ACL_2025_Full_Papers.bib
feng-etal-2025-iris,{IRIS}: An Iterative and Integrated Framework for Verifiable Causal Discovery in the Absence of Tabular Data,2025,ACL_2025_Full_Papers.bib
yu-etal-2025-injongo,{INJONGO}: A Multicultural Intent Detection and Slot-filling Dataset for 16 {A}frican Languages,2025,ACL_2025_Full_Papers.bib
qian-etal-2025-boosting,Boosting Long-Context Information Seeking via Query-Guided Activation Refilling,2025,ACL_2025_Full_Papers.bib
liu-etal-2025-adadhp,{A}da{DHP}: Fine-Grained Fine-Tuning via Dual {H}adamard Product and Adaptive Parameter Selection,2025,ACL_2025_Full_Papers.bib
jiang-etal-2025-kg,{KG}-Agent: An Efficient Autonomous Agent Framework for Complex Reasoning over Knowledge Graph,2025,ACL_2025_Full_Papers.bib
feng-etal-2025-reliability,On the Reliability of Large Language Models for Causal Discovery,2025,ACL_2025_Full_Papers.bib
liu-wang-2025-terdy,{T}e{RD}y: Temporal Relation Dynamics through Frequency Decomposition for Temporal Knowledge Graph Completion,2025,ACL_2025_Full_Papers.bib
oh-etal-2025-incorporating,Incorporating Domain Knowledge into Materials Tokenization,2025,ACL_2025_Full_Papers.bib
shahroz-etal-2025-agents,Agents Under Siege: Breaking Pragmatic Multi-Agent {LLM} Systems with Optimized Prompt Attacks,2025,ACL_2025_Full_Papers.bib
hu-etal-2025-circuits,Between Circuits and {C}homsky: Pre-pretraining on Formal Languages Imparts Linguistic Biases,2025,ACL_2025_Full_Papers.bib
kim-etal-2025-speak,"When to Speak, When to Abstain: Contrastive Decoding with Abstention",2025,ACL_2025_Full_Papers.bib
wan-etal-2025-risk,On the Risk of Evidence Pollution for Malicious Social Text Detection in the Era of {LLM}s,2025,ACL_2025_Full_Papers.bib
liu-etal-2025-drop,A Drop-In Solution for On-the-Fly Adaptation of Speculative Decoding in Large Language Models,2025,ACL_2025_Full_Papers.bib
yoshida-etal-2025-attention,"If Attention Serves as a Cognitive Model of Human Memory Retrieval, What is the Plausible Memory Representation?",2025,ACL_2025_Full_Papers.bib
zhang-etal-2025-attention,Attention Entropy is a Key Factor: An Analysis of Parallel Context Encoding with Full-attention-based Pre-trained Language Models,2025,ACL_2025_Full_Papers.bib
zheng-wang-2025-faster,Faster Speculative Decoding via Effective Draft Decoder with Pruned Candidate Tree,2025,ACL_2025_Full_Papers.bib
chen-etal-2025-cadreview,{CADR}eview: Automatically Reviewing {CAD} Programs with Error Detection and Correction,2025,ACL_2025_Full_Papers.bib
li-ng-2025-think,Think{\&}Cite: Improving Attributed Text Generation with Self-Guided Tree Search and Progress Reward Modeling,2025,ACL_2025_Full_Papers.bib
alsagheer-etal-2025-lawyer,The Lawyer That Never Thinks: Consistency and Fairness as Keys to Reliable {AI},2025,ACL_2025_Full_Papers.bib
kim-etal-2025-polishing,Polishing Every Facet of the {GEM}: Testing Linguistic Competence of {LLM}s and Humans in {K}orean,2025,ACL_2025_Full_Papers.bib
huang-etal-2025-speechfake,{S}peech{F}ake: A Large-Scale Multilingual Speech Deepfake Dataset Incorporating Cutting-Edge Generation Methods,2025,ACL_2025_Full_Papers.bib
ren-etal-2025-reflectioncoder,{R}eflection{C}oder: Learning from Reflection Sequence for Enhanced One-off Code Generation,2025,ACL_2025_Full_Papers.bib
reheman-etal-2025-enhancing,Enhancing Neural Machine Translation Through Target Language Data: A $k${NN}-{LM} Approach for Domain Adaptation,2025,ACL_2025_Full_Papers.bib
chen-etal-2025-efficientqat,{E}fficient{QAT}: Efficient Quantization-Aware Training for Large Language Models,2025,ACL_2025_Full_Papers.bib
kim-kim-2025-nexussum,{N}exus{S}um: Hierarchical {LLM} Agents for Long-Form Narrative Summarization,2025,ACL_2025_Full_Papers.bib
jia-etal-2025-uni,Uni-Retrieval: A Multi-Style Retrieval Framework for {STEM}{'}s Education,2025,ACL_2025_Full_Papers.bib
mu-etal-2025-denselora,{D}ense{L}o{RA}: Dense Low-Rank Adaptation of Large Language Models,2025,ACL_2025_Full_Papers.bib
mok-etal-2025-exploring,"Exploring the Potential of {LLM}s as Personalized Assistants: Dataset, Evaluation, and Analysis",2025,ACL_2025_Full_Papers.bib
chen-etal-2025-cracking,Cracking Factual Knowledge: A Comprehensive Analysis of Degenerate Knowledge Neurons in Large Language Models,2025,ACL_2025_Full_Papers.bib
zeng-etal-2025-towards-context,Towards Context-Robust {LLM}s: A Gated Representation Fine-tuning Approach,2025,ACL_2025_Full_Papers.bib
li-etal-2025-support,On Support Samples of Next Word Prediction,2025,ACL_2025_Full_Papers.bib
wu-etal-2025-webwalker,{W}eb{W}alker: Benchmarking {LLM}s in Web Traversal,2025,ACL_2025_Full_Papers.bib
wang-etal-2025-trade,From Trade-off to Synergy: A Versatile Symbiotic Watermarking Framework for Large Language Models,2025,ACL_2025_Full_Papers.bib
sun-etal-2025-introducing,Introducing Graph Context into Language Models through Parameter-Efficient Fine-Tuning for Lexical Relation Mining,2025,ACL_2025_Full_Papers.bib
zeng-etal-2025-rag,{S}-{RAG}: A Novel Audit Framework for Detecting Unauthorized Use of Personal Data in {RAG} Systems,2025,ACL_2025_Full_Papers.bib
sheng-etal-2025-mitigating,Mitigating Confounding in Speech-Based Dementia Detection through Weight Masking,2025,ACL_2025_Full_Papers.bib
liu-etal-2025-mcs,{MCS}-Bench: A Comprehensive Benchmark for Evaluating Multimodal Large Language Models in {C}hinese Classical Studies,2025,ACL_2025_Full_Papers.bib
chen-etal-2025-knowledge,The Knowledge Microscope: Features as Better Analytical Lenses than Neurons,2025,ACL_2025_Full_Papers.bib
wu-etal-2025-unveiling,Unveiling Environmental Impacts of Large Language Model Serving: A Functional Unit View,2025,ACL_2025_Full_Papers.bib
liu-etal-2025-cool,Cool-Fusion: Fuse Large Language Models without Training,2025,ACL_2025_Full_Papers.bib
zheng-etal-2025-dape,{DAPE} V2: Process Attention Score as Feature Map for Length Extrapolation,2025,ACL_2025_Full_Papers.bib
dong-etal-2025-longred,{L}ong{R}e{D}: Mitigating Short-Text Degradation of Long-Context Large Language Models via Restoration Distillation,2025,ACL_2025_Full_Papers.bib
huang-etal-2025-apb,{APB}: Accelerating Distributed Long-Context Inference by Passing Compressed Context Blocks across {GPU}s,2025,ACL_2025_Full_Papers.bib
tang-etal-2025-top,Top-$n\sigma$: Eliminating Noise in Logit Space for Robust Token Sampling of {LLM},2025,ACL_2025_Full_Papers.bib
wu-etal-2025-scope,{SCOPE}: Optimizing Key-Value Cache Compression in Long-context Generation,2025,ACL_2025_Full_Papers.bib
tao-etal-2025-moqae,{M}o{QAE}: Mixed-Precision Quantization for Long-Context {LLM} Inference via Mixture of Quantization-Aware Experts,2025,ACL_2025_Full_Papers.bib
zeng-etal-2025-privacyrestore,{P}rivacy{R}estore: Privacy-Preserving Inference in Large Language Models via Privacy Removal and Restoration,2025,ACL_2025_Full_Papers.bib
yu-etal-2025-guessarena,{G}uess{A}rena: Guess Who {I} Am? A Self-Adaptive Framework for Evaluating {LLM}s in Domain-Specific Knowledge and Reasoning,2025,ACL_2025_Full_Papers.bib
feng-etal-2025-sample,Sample-Efficient Human Evaluation of Large Language Models via Maximum Discrepancy Competition,2025,ACL_2025_Full_Papers.bib
luo-etal-2025-dtcrs,{DTCRS}: Dynamic Tree Construction for Recursive Summarization,2025,ACL_2025_Full_Papers.bib
zhang-etal-2025-generative,A Generative Adaptive Replay Continual Learning Model for Temporal Knowledge Graph Reasoning,2025,ACL_2025_Full_Papers.bib
zhang-etal-2025-arise,{AR}ise: Towards Knowledge-Augmented Reasoning via Risk-Adaptive Search,2025,ACL_2025_Full_Papers.bib
wang-etal-2025-pkag,{PKAG}-{DDI}: Pairwise Knowledge-Augmented Language Model for Drug-Drug Interaction Event Text Generation,2025,ACL_2025_Full_Papers.bib
li-etal-2025-twist,{TWIST}: Text-encoder Weight-editing for Inserting Secret Trojans in Text-to-Image Models,2025,ACL_2025_Full_Papers.bib
park-etal-2025-powerformer,Powerformer: Efficient and High-Accuracy Privacy-Preserving Language Model with Homomorphic Encryption,2025,ACL_2025_Full_Papers.bib
zhao-etal-2025-beware,Beware of Your Po! Measuring and Mitigating {AI} Safety Risks in Role-Play Fine-Tuning of {LLM}s,2025,ACL_2025_Full_Papers.bib
li-etal-2025-graph-neural,Can Graph Neural Networks Learn Language with Extremely Weak Text Supervision?,2025,ACL_2025_Full_Papers.bib
wu-etal-2025-towards-enhanced,Towards Enhanced Immersion and Agency for {LLM}-based Interactive Drama,2025,ACL_2025_Full_Papers.bib
inadumi-etal-2025-disambiguating,Disambiguating Reference in Visually Grounded Dialogues through Joint Modeling of Textual and Multimodal Semantic Structures,2025,ACL_2025_Full_Papers.bib
chen-etal-2025-improving,Improving Factuality with Explicit Working Memory,2025,ACL_2025_Full_Papers.bib
chen-etal-2025-pre3,Pre$^3$: Enabling Deterministic Pushdown Automata for Faster Structured {LLM} Generation,2025,ACL_2025_Full_Papers.bib
qu-etal-2025-share,{SHARE}: An {SLM}-based Hierarchical Action {C}or{RE}ction Assistant for Text-to-{SQL},2025,ACL_2025_Full_Papers.bib
zhou-etal-2025-large,Large Language and Protein Assistant for Protein-Protein Interactions Prediction,2025,ACL_2025_Full_Papers.bib
wu-etal-2025-locate,Locate-and-Focus: Enhancing Terminology Translation in Speech Language Models,2025,ACL_2025_Full_Papers.bib
jiang-etal-2025-tc,{TC}{--}{RAG}: {T}uring{--}Complete {RAG}{'}s Case study on Medical {LLM} Systems,2025,ACL_2025_Full_Papers.bib
ma-etal-2025-sorft,{S}o{RFT}: Issue Resolving with Subtask-oriented Reinforced Fine-Tuning,2025,ACL_2025_Full_Papers.bib
huang-etal-2025-minilongbench,{M}ini{L}ong{B}ench: The Low-cost Long Context Understanding Benchmark for Large Language Models,2025,ACL_2025_Full_Papers.bib
peng-etal-2025-pwngpt,{P}wn{GPT}: Automatic Exploit Generation Based on Large Language Models,2025,ACL_2025_Full_Papers.bib
bui-etal-2025-vmlu,{VMLU} Benchmarks: A comprehensive benchmark toolkit for {V}ietnamese {LLM}s,2025,ACL_2025_Full_Papers.bib
liu-etal-2025-scaling,Scaling up the State Size of {RNN} {LLM}s for Long-Context Scenarios,2025,ACL_2025_Full_Papers.bib
li-etal-2025-unifying,Unifying Continuous and Discrete Text Diffusion with Non-simultaneous Diffusion Processes,2025,ACL_2025_Full_Papers.bib
miao-fang-2025-user,User-side Model Consistency Monitoring for Open Source Large Language Models Inference Services,2025,ACL_2025_Full_Papers.bib
zheng-etal-2025-jailbreaking,Jailbreaking? One Step Is Enough!,2025,ACL_2025_Full_Papers.bib
xu-etal-2025-parenting,Parenting: Optimizing Knowledge Selection of Retrieval-Augmented Language Models with Parameter Decoupling and Tailored Tuning,2025,ACL_2025_Full_Papers.bib
sancheti-etal-2025-less,Less Mature is More Adaptable for Sentence-level Language Modeling,2025,ACL_2025_Full_Papers.bib
chaudhury-etal-2025-epman,{E}p{MAN}: Episodic Memory {A}ttentio{N} for Generalizing to Longer Contexts,2025,ACL_2025_Full_Papers.bib
zhang-etal-2025-uora,{UORA}: Uniform Orthogonal Reinitialization Adaptation in Parameter Efficient Fine-Tuning of Large Models,2025,ACL_2025_Full_Papers.bib
wang-etal-2025-agri,"Agri-{CM}$^3$: A {C}hinese Massive Multi-modal, Multi-level Benchmark for Agricultural Understanding and Reasoning",2025,ACL_2025_Full_Papers.bib
arora-etal-2025-calmqa,{C}a{LMQA}: Exploring culturally specific long-form question answering across 23 languages,2025,ACL_2025_Full_Papers.bib
zhu-etal-2025-croppable,Croppable Knowledge Graph Embedding,2025,ACL_2025_Full_Papers.bib
jiang-etal-2025-hykge,{H}y{KGE}: A Hypothesis Knowledge Graph Enhanced {RAG} Framework for Accurate and Reliable Medical {LLM}s Responses,2025,ACL_2025_Full_Papers.bib
hu-etal-2025-longrecipe,{L}ong{R}ecipe: Recipe for Efficient Long Context Generalization in Large Language Models,2025,ACL_2025_Full_Papers.bib
gu-etal-2025-beamlora,{B}eam{L}o{RA}: Beam-Constraint Low-Rank Adaptation,2025,ACL_2025_Full_Papers.bib
lei-etal-2025-godbench,{GODB}ench: A Benchmark for Multimodal Large Language Models in Video Comment Art,2025,ACL_2025_Full_Papers.bib
li-etal-2025-unilr,{U}ni{LR}: Unleashing the Power of {LLM}s on Multiple Legal Tasks with a Unified Legal Retriever,2025,ACL_2025_Full_Papers.bib
yu-etal-2025-beyond,Beyond Dialogue: A Profile-Dialogue Alignment Framework Towards General Role-Playing Language Model,2025,ACL_2025_Full_Papers.bib
chen-etal-2025-quantifying-semantic,Quantifying Semantic Emergence in Language Models,2025,ACL_2025_Full_Papers.bib
cao-etal-2025-graphinsight,{G}raph{I}nsight: Unlocking Insights in Large Language Models for Graph Structure Understanding,2025,ACL_2025_Full_Papers.bib
hu-etal-2025-sam,{SAM} Decoding: Speculative Decoding via Suffix Automaton,2025,ACL_2025_Full_Papers.bib
hu-etal-2025-psyadvisor,{P}sy{A}dvisor: A Plug-and-Play Strategy Advice Planner with Proactive Questioning in Psychological Conversations,2025,ACL_2025_Full_Papers.bib
li-etal-2025-homebench,$HomeBench$: Evaluating {LLM}s in Smart Homes with Valid and Invalid Instructions Across Single and Multiple Devices,2025,ACL_2025_Full_Papers.bib
jiang-etal-2025-enhancing,Enhancing Interpretable Image Classification Through {LLM} Agents and Conditional Concept Bottleneck Models,2025,ACL_2025_Full_Papers.bib
zhu-etal-2025-reliably,Reliably Bounding False Positives: A Zero-Shot Machine-Generated Text Detection Framework via Multiscaled Conformal Prediction,2025,ACL_2025_Full_Papers.bib
hou-etal-2025-treerl,{T}ree{RL}: {LLM} Reinforcement Learning with On-Policy Tree Search,2025,ACL_2025_Full_Papers.bib
acikgoz-etal-2025-single,Can a Single Model Master Both Multi-turn Conversations and Tool Use? {C}o{ALM}: A Unified Conversational Agentic Language Model,2025,ACL_2025_Full_Papers.bib
yan-etal-2025-surveyforge,"{SURVEYFORGE} : On the Outline Heuristics, Memory-Driven Generation, and Multi-dimensional Evaluation for Automated Survey Writing",2025,ACL_2025_Full_Papers.bib
du-etal-2025-making,Making {LLM}s Better Many-to-Many Speech-to-Text Translators with Curriculum Learning,2025,ACL_2025_Full_Papers.bib
zhang-etal-2025-redundancy-principles,Redundancy Principles for {MLLM}s Benchmarks,2025,ACL_2025_Full_Papers.bib
chen-etal-2025-wavrag,{W}av{RAG}: Audio-Integrated Retrieval Augmented Generation for Spoken Dialogue Models,2025,ACL_2025_Full_Papers.bib
zhou-etal-2025-childmandarin,{C}hild{M}andarin: A Comprehensive {M}andarin Speech Dataset for Young Children Aged 3-5,2025,ACL_2025_Full_Papers.bib
zhang-etal-2025-sincon,{SINC}on: Mitigate {LLM}-Generated Malicious Message Injection Attack for Rumor Detection,2025,ACL_2025_Full_Papers.bib
park-etal-2025-outlier,Outlier-Safe Pre-Training for Robust 4-Bit Quantization of Large Language Models,2025,ACL_2025_Full_Papers.bib
qiao-etal-2025-agentic,Agentic Knowledgeable Self-awareness,2025,ACL_2025_Full_Papers.bib
lei-etal-2025-planning,Planning-Driven Programming: A Large Language Model Programming Workflow,2025,ACL_2025_Full_Papers.bib
sui-etal-2025-knowledge,Can Knowledge Graphs Make Large Language Models More Trustworthy? An Empirical Study Over Open-ended Question Answering,2025,ACL_2025_Full_Papers.bib
wang-etal-2025-unveiling,Unveiling Attractor Cycles in Large Language Models: A Dynamical Systems View of Successive Paraphrasing,2025,ACL_2025_Full_Papers.bib
li-etal-2025-scar,{SCAR}: Data Selection via Style Consistency-Aware Response Ranking for Efficient Instruction-Tuning of Large Language Models,2025,ACL_2025_Full_Papers.bib
lian-etal-2025-beyond,Beyond Surface Simplicity: Revealing Hidden Reasoning Attributes for Precise Commonsense Diagnosis,2025,ACL_2025_Full_Papers.bib
wu-etal-2025-rankcot,{R}ank{C}o{T}: Refining Knowledge for Retrieval-Augmented Generation through Ranking Chain-of-Thoughts,2025,ACL_2025_Full_Papers.bib
su-etal-2025-accurate,Accurate {KV} Cache Quantization with Outlier Tokens Tracing,2025,ACL_2025_Full_Papers.bib
chen-etal-2025-eac,{EAC}-{M}o{E}: Expert-Selection Aware Compressor for Mixture-of-Experts Large Language Models,2025,ACL_2025_Full_Papers.bib
su-etal-2025-activation,Activation Steering Decoding: Mitigating Hallucination in Large Vision-Language Models through Bidirectional Hidden State Intervention,2025,ACL_2025_Full_Papers.bib
cai-etal-2025-exploring,Exploring Compositional Generalization of Multimodal {LLM}s for Medical Imaging,2025,ACL_2025_Full_Papers.bib
ye-etal-2025-claim,{CLAIM}: Mitigating Multilingual Object Hallucination in Large Vision-Language Models with Cross-Lingual Attention Intervention,2025,ACL_2025_Full_Papers.bib
lu-etal-2025-cultivating,Cultivating Gaming Sense for Yourself: Making {VLM}s Gaming Experts,2025,ACL_2025_Full_Papers.bib
fei-etal-2025-extending,Extending Complex Logical Queries on Uncertain Knowledge Graphs,2025,ACL_2025_Full_Papers.bib
xu-etal-2025-knowledge,Knowledge Decoupling via Orthogonal Projection for Lifelong Editing of Large Language Models,2025,ACL_2025_Full_Papers.bib
xu-etal-2025-ph,$\phi$-Decoding: Adaptive Foresight Sampling for Balanced Inference-Time Exploration and Exploitation,2025,ACL_2025_Full_Papers.bib
pan-etal-2025-llm,Can {LLM} Watermarks Robustly Prevent Unauthorized Knowledge Distillation?,2025,ACL_2025_Full_Papers.bib
de-kock-2025-inducing,Inducing lexicons of in-group language with socio-temporal context,2025,ACL_2025_Full_Papers.bib
kang-etal-2025-llase,{LL}a{SE}-G1: Incentivizing Generalization Capability for {LL}a{MA}-based Speech Enhancement,2025,ACL_2025_Full_Papers.bib
li-etal-2025-madakv,{M}ada{KV}: Adaptive Modality-Perception {KV} Cache Eviction for Efficient Multimodal Long-Context Inference,2025,ACL_2025_Full_Papers.bib
wu-etal-2025-efficient-opamp,Efficient {O}p{A}mp Adaptation for Zoom Attention to Golden Contexts,2025,ACL_2025_Full_Papers.bib
ji-etal-2025-language,Language-Codec: Bridging Discrete Codec Representations and Speech Language Models,2025,ACL_2025_Full_Papers.bib
li-etal-2025-adaptive,Adaptive Tool Use in Large Language Models with Meta-Cognition Trigger,2025,ACL_2025_Full_Papers.bib
zhao-etal-2025-mmlu,{MMLU}-{CF}: A Contamination-free Multi-task Language Understanding Benchmark,2025,ACL_2025_Full_Papers.bib
yoo-etal-2025-code,Code-Switching Red-Teaming: {LLM} Evaluation for Safety and Multilingual Understanding,2025,ACL_2025_Full_Papers.bib
yoo-etal-2025-dress,{DRE}s{S}: Dataset for Rubric-based Essay Scoring on {EFL} Writing,2025,ACL_2025_Full_Papers.bib
kang-etal-2025-pqr,{PQR}: Improving Dense Retrieval via Potential Query Modeling,2025,ACL_2025_Full_Papers.bib
riemenschneider-frank-2025-cross,Cross-Lingual Generalization and Compression: From Language-Specific to Shared Neurons,2025,ACL_2025_Full_Papers.bib
guo-etal-2025-sdbench,{SDB}ench: A Survey-based Domain-specific {LLM} Benchmarking and Optimization Framework,2025,ACL_2025_Full_Papers.bib
liao-etal-2025-reflectool,{R}eflec{T}ool: Towards Reflection-Aware Tool-Augmented Clinical Agents,2025,ACL_2025_Full_Papers.bib
beyer-reed-2025-lexical,Lexical Recall or Logical Reasoning: Probing the Limits of Reasoning Abilities in Large Language Models,2025,ACL_2025_Full_Papers.bib
dong-etal-2025-chainedit,{C}hain{E}dit: Propagating Ripple Effects in {LLM} Knowledge Editing through Logical Rule-Guided Chains,2025,ACL_2025_Full_Papers.bib
lin-etal-2025-self-supervised,Self-supervised Quantized Representation for Seamlessly Integrating Knowledge Graphs with Large Language Models,2025,ACL_2025_Full_Papers.bib
zhang-etal-2025-finite,Finite State Automata Inside Transformers with Chain-of-Thought: A Mechanistic Study on State Tracking,2025,ACL_2025_Full_Papers.bib
lin-etal-2025-teamlora,{T}eam{L}o{RA}: Boosting Low-Rank Adaptation with Expert Collaboration and Competition,2025,ACL_2025_Full_Papers.bib
lee-etal-2025-stun,{STUN}: Structured-Then-Unstructured Pruning for Scalable {M}o{E} Pruning,2025,ACL_2025_Full_Papers.bib
jiang-etal-2025-mimicking,Mimicking the Familiar: Dynamic Command Generation for Information Theft Attacks in {LLM} Tool-Learning System,2025,ACL_2025_Full_Papers.bib
liu-etal-2025-flashaudio,{F}lash{A}udio: Rectified Flow for Fast and High-Fidelity Text-to-Audio Generation,2025,ACL_2025_Full_Papers.bib
peng-etal-2025-misinformation,How does Misinformation Affect Large Language Model Behaviors and Preferences?,2025,ACL_2025_Full_Papers.bib
pandey-etal-2025-sift,{SIFT}-50{M}: A Large-Scale Multilingual Dataset for Speech Instruction Fine-Tuning,2025,ACL_2025_Full_Papers.bib
cui-etal-2025-recent,Recent Advances in Speech Language Models: A Survey,2025,ACL_2025_Full_Papers.bib
upadhya-t-y-s-s-2025-lexclipr,{L}ex{CL}i{PR}: Cross-Lingual Paragraph Retrieval from Legal Judgments,2025,ACL_2025_Full_Papers.bib
wang-etal-2025-multi,Multi-task Adversarial Attacks against Black-box Model with Few-shot Queries,2025,ACL_2025_Full_Papers.bib
le-etal-2025-spectra,{SPECTRA}: Faster Large Language Model Inference with Optimized Internal and External Speculation,2025,ACL_2025_Full_Papers.bib
tong-etal-2025-multi,Multi-level Association Refinement Network for Dialogue Aspect-based Sentiment Quadruple Analysis,2025,ACL_2025_Full_Papers.bib
qu-etal-2025-cooperative,Cooperative or Competitive? Understanding the Interaction between Attention Heads From A Game Theory Perspective,2025,ACL_2025_Full_Papers.bib
sun-etal-2025-mm,{MM}-Verify: Enhancing Multimodal Reasoning with Chain-of-Thought Verification,2025,ACL_2025_Full_Papers.bib
yamamoto-etal-2025-graph,Graph-Structured Trajectory Extraction from Travelogues,2025,ACL_2025_Full_Papers.bib
sun-etal-2025-learning,Learning First-Order Logic Rules for Argumentation Mining,2025,ACL_2025_Full_Papers.bib
li-etal-2025-unirag,{U}ni{RAG}: Unified Query Understanding Method for Retrieval Augmented Generation,2025,ACL_2025_Full_Papers.bib
liu-etal-2025-contextual,Contextual Experience Replay for Self-Improvement of Language Agents,2025,ACL_2025_Full_Papers.bib
luo-etal-2025-browsing,Browsing Like Human: A Multimodal Web Agent with Experiential Fast-and-Slow Thinking,2025,ACL_2025_Full_Papers.bib
liu-etal-2025-maxife,{M}a{XIFE}: Multilingual and Cross-lingual Instruction Following Evaluation,2025,ACL_2025_Full_Papers.bib
son-etal-2025-linguistic,Linguistic Generalizability of Test-Time Scaling in Mathematical Reasoning,2025,ACL_2025_Full_Papers.bib
zhang-etal-2025-mllms,Can {MLLM}s Understand the Deep Implication Behind {C}hinese Images?,2025,ACL_2025_Full_Papers.bib
togmanov-etal-2025-kazmmlu,"{K}az{MMLU}: Evaluating Language Models on {K}azakh, {R}ussian, and Regional Knowledge of {K}azakhstan",2025,ACL_2025_Full_Papers.bib
zhang-etal-2025-clusterattn,{C}luster{A}ttn: {KV} Cache Compression under Intrinsic Attention Clustering,2025,ACL_2025_Full_Papers.bib
kim-etal-2025-share,{SHARE}: Shared Memory-Aware Open-Domain Long-Term Dialogue Dataset Constructed from Movie Script,2025,ACL_2025_Full_Papers.bib
zhang-etal-2025-incongruity,Incongruity-aware Tension Field Network for Multi-modal Sarcasm Detection,2025,ACL_2025_Full_Papers.bib
dai-etal-2025-stealing,Stealing Training Data from Large Language Models in Decentralized Training through Activation Inversion Attack,2025,ACL_2025_Full_Papers.bib
kim-etal-2025-domix,{D}o{MIX}: An Efficient Framework for Exploiting Domain Knowledge in Fine-Tuning,2025,ACL_2025_Full_Papers.bib
kothapalli-etal-2025-cot,{C}o{T}-{ICL} Lab: A Synthetic Framework for Studying Chain-of-Thought Learning from In-Context Demonstrations,2025,ACL_2025_Full_Papers.bib
wei-etal-2025-flexora,Flexora: Flexible Low-Rank Adaptation for Large Language Models,2025,ACL_2025_Full_Papers.bib
lu-etal-2025-rsvp,{RSVP}: Reasoning Segmentation via Visual Prompting and Multi-modal Chain-of-Thought,2025,ACL_2025_Full_Papers.bib
yue-etal-2025-qaeval,{QAE}val: Mixture of Evaluators for Question-Answering Task Evaluation,2025,ACL_2025_Full_Papers.bib
lu-etal-2025-demystifying,Demystifying Small Language Models for Edge Deployment,2025,ACL_2025_Full_Papers.bib
gu-etal-2025-adapt,"Adapt Once, Thrive with Updates: Transferable Parameter-Efficient Fine-Tuning on Evolving Base Models",2025,ACL_2025_Full_Papers.bib
nath-etal-2025-vision,Can Vision-Language Models Evaluate Handwritten Math?,2025,ACL_2025_Full_Papers.bib
wang-etal-2025-continual,Continual Gradient Low-Rank Projection Fine-Tuning for {LLM}s,2025,ACL_2025_Full_Papers.bib
wang-etal-2025-towards-objective,Towards Objective Fine-tuning: How {LLM}s' Prior Knowledge Causes Potential Poor Calibration?,2025,ACL_2025_Full_Papers.bib
ong-etal-2025-towards-robust,Towards Robust {ESG} Analysis Against Greenwashing Risks: Aspect-Action Analysis with Cross-Category Generalization,2025,ACL_2025_Full_Papers.bib
jiang-etal-2025-hiddendetect,{H}idden{D}etect: Detecting Jailbreak Attacks against Multimodal Large Language Models via Monitoring Hidden States,2025,ACL_2025_Full_Papers.bib
niklaus-etal-2025-swiltra,{S}wi{LT}ra-Bench: The {S}wiss Legal Translation Benchmark,2025,ACL_2025_Full_Papers.bib
dong-etal-2025-two,Two Intermediate Translations Are Better Than One: Fine-tuning {LLM}s for Document-level Translation Refinement,2025,ACL_2025_Full_Papers.bib
mondorf-etal-2025-circuit,Circuit Compositions: Exploring Modular Structures in Transformer-Based Language Models,2025,ACL_2025_Full_Papers.bib
chen-etal-2025-graphcheck,{G}raph{C}heck: Breaking Long-Term Text Barriers with Extracted Knowledge Graph-Powered Fact-Checking,2025,ACL_2025_Full_Papers.bib
kumar-etal-2025-sculpt,{SCULPT}: Systematic Tuning of Long Prompts,2025,ACL_2025_Full_Papers.bib
tan-etal-2025-chinese,{C}hinese {S}afety{QA}: A Safety Short-form Factuality Benchmark for Large Language Models,2025,ACL_2025_Full_Papers.bib
lee-etal-2025-cross,Cross-Lingual Optimization for Language Transfer in Large Language Models,2025,ACL_2025_Full_Papers.bib
fang-etal-2025-cart,{CART}: A Generative Cross-Modal Retrieval Framework With Coarse-To-Fine Semantic Modeling,2025,ACL_2025_Full_Papers.bib
yue-etal-2025-mmmu,{MMMU}-Pro: A More Robust Multi-discipline Multimodal Understanding Benchmark,2025,ACL_2025_Full_Papers.bib
liu-etal-2025-ontology,Ontology-Guided Reverse Thinking Makes Large Language Models Stronger on Knowledge Graph Question Answering,2025,ACL_2025_Full_Papers.bib
chen-etal-2025-towards-omni,Towards Omni-{RAG}: Comprehensive Retrieval-Augmented Generation for Large Language Models in Medical Applications,2025,ACL_2025_Full_Papers.bib
nagata-tanaka-ishii-2025-new,A New Formulation of {Z}ipf{'}s Meaning-Frequency Law through Contextual Diversity,2025,ACL_2025_Full_Papers.bib
hirsch-etal-2025-laquer,{LAQ}uer: Localized Attribution Queries in Content-grounded Generation,2025,ACL_2025_Full_Papers.bib
liu-etal-2025-epo,{EPO}: Explicit Policy Optimization for Strategic Reasoning in {LLM}s via Reinforcement Learning,2025,ACL_2025_Full_Papers.bib
lee-etal-2025-dcg,{DCG}-{SQL}: Enhancing In-Context Learning for Text-to-{SQL} with Deep Contextual Schema Link Graph,2025,ACL_2025_Full_Papers.bib
wan-etal-2025-digest,Digest the Knowledge: Large Language Models empowered Message Passing for Knowledge Graph Question Answering,2025,ACL_2025_Full_Papers.bib
xu-etal-2025-ds2,{DS}$^2$-{ABSA}: Dual-Stream Data Synthesis with Label Refinement for Few-Shot Aspect-Based Sentiment Analysis,2025,ACL_2025_Full_Papers.bib
hangchen-etal-2025-misp,{MISP}-Meeting: A Real-World Dataset with Multimodal Cues for Long-form Meeting Transcription and Summarization,2025,ACL_2025_Full_Papers.bib
yuan-etal-2025-beyond-one,Beyond One-Size-Fits-All: Tailored Benchmarks for Efficient Evaluation,2025,ACL_2025_Full_Papers.bib
wang-yu-2025-iquest,i{QUEST}: An Iterative Question-Guided Framework for Knowledge Base Question Answering,2025,ACL_2025_Full_Papers.bib
song-etal-2025-irt,{IRT}-Router: Effective and Interpretable Multi-{LLM} Routing via Item Response Theory,2025,ACL_2025_Full_Papers.bib
dong-etal-2025-mlas,{MLAS}-{L}o{RA}: Language-Aware Parameters Detection and {L}o{RA}-Based Knowledge Transfer for Multilingual Machine Translation,2025,ACL_2025_Full_Papers.bib
rucker-akbik-2025-evaluating,Evaluating Design Decisions for Dual Encoder-based Entity Disambiguation,2025,ACL_2025_Full_Papers.bib
wang-etal-2025-controllable,Controllable Style Arithmetic with Language Models,2025,ACL_2025_Full_Papers.bib
liu-etal-2025-masks,Masks Can be Learned as an Alternative to Experts,2025,ACL_2025_Full_Papers.bib
wen-etal-2025-program,Program Synthesis Benchmark for Visual Programming in {XL}ogo{O}nline Environment,2025,ACL_2025_Full_Papers.bib
ran-etal-2025-bookworld,{BOOKWORLD}: From Novels to Interactive Agent Societies for Story Creation,2025,ACL_2025_Full_Papers.bib
kishino-etal-2025-quantifying,Quantifying Lexical Semantic Shift via Unbalanced Optimal Transport,2025,ACL_2025_Full_Papers.bib
peng-etal-2025-agentic,Agentic Reward Modeling: Integrating Human Preferences with Verifiable Correctness Signals for Reliable Reward Systems,2025,ACL_2025_Full_Papers.bib
shi-etal-2025-adaptive,Adaptive and Robust Translation from Natural Language to Multi-model Query Languages,2025,ACL_2025_Full_Papers.bib
scialanga-etal-2025-sake,{SAKE}: Steering Activations for Knowledge Editing,2025,ACL_2025_Full_Papers.bib
liu-niehues-2025-middle,Middle-Layer Representation Alignment for Cross-Lingual Transfer in Fine-Tuned {LLM}s,2025,ACL_2025_Full_Papers.bib
ma-etal-2025-one,One for All: Update Parameterized Knowledge Across Multiple Models with Once Edit,2025,ACL_2025_Full_Papers.bib
wang-etal-2025-vlminferslow,{VLMI}nfer{S}low: Evaluating the Efficiency Robustness of Large Vision-Language Models as a Service,2025,ACL_2025_Full_Papers.bib
xiong-etal-2025-com2,Com$^2$ : A Causal-Guided Benchmark for Exploring Complex Commonsense Reasoning in Large Language Models,2025,ACL_2025_Full_Papers.bib
hu-etal-2025-enabling,Enabling {LLM} Knowledge Analysis via Extensive Materialization,2025,ACL_2025_Full_Papers.bib
zuo-etal-2025-rhythm,Rhythm Controllable and Efficient Zero-Shot Voice Conversion via Shortcut Flow Matching,2025,ACL_2025_Full_Papers.bib
niu-etal-2025-llama,"Llama See, Llama Do: A Mechanistic Perspective on Contextual Entrainment and Distraction in {LLM}s",2025,ACL_2025_Full_Papers.bib
ichihara-etal-2025-theoretical,Theoretical Guarantees for Minimum {B}ayes Risk Decoding,2025,ACL_2025_Full_Papers.bib
zhuang-etal-2025-enhancing,Enhancing Cross-Lingual Transfer through Reversible Transliteration: A {H}uffman-Based Approach for Low-Resource Languages,2025,ACL_2025_Full_Papers.bib
zhao-etal-2025-unmasking,Unmasking Style Sensitivity: A Causal Analysis of Bias Evaluation Instability in Large Language Models,2025,ACL_2025_Full_Papers.bib
zhang-etal-2025-proper,{PROPER}: A Progressive Learning Framework for Personalized Large Language Models with Group-Level Adaptation,2025,ACL_2025_Full_Papers.bib
zhang-etal-2025-enhancing-event,Enhancing Event-centric News Cluster Summarization via Data Sharpening and Localization Insights,2025,ACL_2025_Full_Papers.bib
he-etal-2025-mmboundary,{MMB}oundary: Advancing {MLLM} Knowledge Boundary Awareness through Reasoning Step Confidence Calibration,2025,ACL_2025_Full_Papers.bib
wu-etal-2025-lifbench,{LIFB}ench: Evaluating the Instruction Following Performance and Stability of Large Language Models in Long-Context Scenarios,2025,ACL_2025_Full_Papers.bib
ha-etal-2025-one,{M2S}: Multi-turn to Single-turn jailbreak in Red Teaming for {LLM}s,2025,ACL_2025_Full_Papers.bib
liu-etal-2025-raemollm,{RAE}mo{LLM}: Retrieval Augmented {LLM}s for Cross-Domain Misinformation Detection Using In-Context Learning Based on Emotional Information,2025,ACL_2025_Full_Papers.bib
ruzzetti-etal-2025-private,Private Memorization Editing: Turning Memorization into a Defense to Strengthen Data Privacy in Large Language Models,2025,ACL_2025_Full_Papers.bib
zhang-etal-2025-physreason,{P}hys{R}eason: A Comprehensive Benchmark towards Physics-Based Reasoning,2025,ACL_2025_Full_Papers.bib
park-etal-2025-time,Does Time Have Its Place? Temporal Heads: Where Language Models Recall Time-specific Information,2025,ACL_2025_Full_Papers.bib
luo-etal-2025-velocitune,Velocitune: A Velocity-based Dynamic Domain Reweighting Method for Continual Pre-training,2025,ACL_2025_Full_Papers.bib
zeng-etal-2025-sheeps,"Sheep{'}s Skin, Wolf{'}s Deeds: Are {LLM}s Ready for Metaphorical Implicit Hate Speech?",2025,ACL_2025_Full_Papers.bib
jiang-etal-2025-neuron,Neuron-Level Sequential Editing for Large Language Models,2025,ACL_2025_Full_Papers.bib
chen-etal-2025-automatic,Automatic Expert Discovery in {LLM} Upcycling via Sparse Interpolated Mixture-of-Experts,2025,ACL_2025_Full_Papers.bib
deng-etal-2025-simuls2s,{S}imul{S}2{S}-{LLM}: Unlocking Simultaneous Inference of Speech {LLM}s for Speech-to-Speech Translation,2025,ACL_2025_Full_Papers.bib
cui-etal-2025-voxeval,{V}ox{E}val: Benchmarking the Knowledge Understanding Capabilities of End-to-End Spoken Language Models,2025,ACL_2025_Full_Papers.bib
li-etal-2025-retrollm,{R}etro{LLM}: Empowering Large Language Models to Retrieve Fine-grained Evidence within Generation,2025,ACL_2025_Full_Papers.bib
cai-etal-2025-role,The Role of Deductive and Inductive Reasoning in Large Language Models,2025,ACL_2025_Full_Papers.bib
du-etal-2025-disentangling,Disentangling the Roles of Representation and Selection in Data Pruning,2025,ACL_2025_Full_Papers.bib
nakatsuji-etal-2025-act,{ACT}: Knowledgeable Agents to Design and Perform Complex Tasks,2025,ACL_2025_Full_Papers.bib
wang-shi-2025-logical,Logical forms complement probability in understanding language model (and human) performance,2025,ACL_2025_Full_Papers.bib
gu-etal-2025-length,Length Controlled Generation for Black-box {LLM}s,2025,ACL_2025_Full_Papers.bib
jiang-etal-2025-tst,{TST}: A Schema-Based Top-Down and Dynamic-Aware Agent of Text-to-Table Tasks,2025,ACL_2025_Full_Papers.bib
yang-etal-2025-eventrag,{E}vent{RAG}: Enhancing {LLM} Generation with Event Knowledge Graphs,2025,ACL_2025_Full_Papers.bib
zhao-etal-2025-analyzing,Analyzing the Rapid Generalization of {SFT} via the Perspective of Attention Head Activation Patterns,2025,ACL_2025_Full_Papers.bib
wang-etal-2025-cant,Can{'}t See the Forest for the Trees: Benchmarking Multimodal Safety Awareness for Multimodal {LLM}s,2025,ACL_2025_Full_Papers.bib
zeng-etal-2025-mis,Mis-prompt: Benchmarking Large Language Models for Proactive Error Handling,2025,ACL_2025_Full_Papers.bib
liu-etal-2025-dualguard,{D}ual{G}uard: A Parameter Space Transformation Approach for Bidirectional Defense in Split-Based {LLM} Fine-Tuning,2025,ACL_2025_Full_Papers.bib
yue-etal-2025-movie101v2,Movie101v2: Improved Movie Narration Benchmark,2025,ACL_2025_Full_Papers.bib
li-etal-2025-fea,{FEA}-Bench: A Benchmark for Evaluating Repository-Level Code Generation for Feature Implementation,2025,ACL_2025_Full_Papers.bib
bi-etal-2025-decoding,Decoding by Contrasting Knowledge: Enhancing Large Language Model Confidence on Edited Facts,2025,ACL_2025_Full_Papers.bib
rehman-etal-2025-implihatevid,{I}mpli{H}ate{V}id: A Benchmark Dataset and Two-stage Contrastive Learning Framework for Implicit Hate Speech Detection in Videos,2025,ACL_2025_Full_Papers.bib
ranaldi-etal-2025-improving,Improving Chain-of-Thought Reasoning via Quasi-Symbolic Abstractions,2025,ACL_2025_Full_Papers.bib
bhattacharyya-etal-2025-information,Information Extraction from Visually Rich Documents using {LLM}-based Organization of Documents into Independent Textual Segments,2025,ACL_2025_Full_Papers.bib
mou-etal-2025-really,Can You Really Trust Code Copilot? Evaluating Large Language Models from a Code Security Perspective,2025,ACL_2025_Full_Papers.bib
yuan-etal-2025-sub,From Sub-Ability Diagnosis to Human-Aligned Generation: Bridging the Gap for Text Length Control via {M}arker{G}en,2025,ACL_2025_Full_Papers.bib
xiao-etal-2025-scop,{SCOP}: Evaluating the Comprehension Process of Large Language Models from a Cognitive View,2025,ACL_2025_Full_Papers.bib
burchell-etal-2025-expanded,An Expanded Massive Multilingual Dataset for High-Performance Language Technologies ({HPLT}),2025,ACL_2025_Full_Papers.bib
chen-etal-2025-hierarchical,Hierarchical Attention Generates Better Proofs,2025,ACL_2025_Full_Papers.bib
men-etal-2025-agent,"Agent-{R}eward{B}ench: Towards a Unified Benchmark for Reward Modeling across Perception, Planning, and Safety in Real-World Multimodal Agents",2025,ACL_2025_Full_Papers.bib
zeng-etal-2025-bragging,It{'}s Not Bragging If You Can Back It Up: Can {LLM}s Understand Braggings?,2025,ACL_2025_Full_Papers.bib
men-etal-2025-troublemaker,A Troublemaker with Contagious Jailbreak Makes Chaos in Honest Towns,2025,ACL_2025_Full_Papers.bib
lee-etal-2025-shifting,Shifting from Ranking to Set Selection for Retrieval Augmented Generation,2025,ACL_2025_Full_Papers.bib
cai-etal-2025-pixel,Pixel-Level Reasoning Segmentation via Multi-turn Conversations,2025,ACL_2025_Full_Papers.bib
quan-etal-2025-faithful,Faithful and Robust {LLM}-Driven Theorem Proving for {NLI} Explanations,2025,ACL_2025_Full_Papers.bib
xie-etal-2025-revealing-deceptiveness,Revealing the Deceptiveness of Knowledge Editing: A Mechanistic Analysis of Superficial Editing,2025,ACL_2025_Full_Papers.bib
huang-etal-2025-masking,Masking in Multi-hop {QA}: An Analysis of How Language Models Perform with Context Permutation,2025,ACL_2025_Full_Papers.bib
ye-etal-2025-optimizing,Optimizing Question Semantic Space for Dynamic Retrieval-Augmented Multi-hop Question Answering,2025,ACL_2025_Full_Papers.bib
ding-etal-2025-toolcoder,{T}ool{C}oder: A Systematic Code-Empowered Tool Learning Framework for Large Language Models,2025,ACL_2025_Full_Papers.bib
alhafni-habash-2025-enhancing,Enhancing Text Editing for Grammatical Error Correction: {A}rabic as a Case Study,2025,ACL_2025_Full_Papers.bib
blum-etal-2025-isolates,From Isolates to Families: Using Neural Networks for Automated Language Affiliation,2025,ACL_2025_Full_Papers.bib
zhang-etal-2025-less,"Less, but Better: Efficient Multilingual Expansion for {LLM}s via Layer-wise Mixture-of-Experts",2025,ACL_2025_Full_Papers.bib
zhang-etal-2025-icr,{ICR} Probe: Tracking Hidden State Dynamics for Reliable Hallucination Detection in {LLM}s,2025,ACL_2025_Full_Papers.bib
chen-etal-2025-revisit,Revisit Self-Debugging with Self-Generated Tests for Code Generation,2025,ACL_2025_Full_Papers.bib
anshumann-etal-2025-sparse,Sparse Logit Sampling: Accelerating Knowledge Distillation in {LLM}s,2025,ACL_2025_Full_Papers.bib
wang-etal-2025-exploracoder,{E}xplora{C}oder: Advancing Code Generation for Multiple Unseen {API}s via Planning and Chained Exploration,2025,ACL_2025_Full_Papers.bib
zhang-etal-2025-segment,Segment First or Comprehend First? Explore the Limit of Unsupervised Word Segmentation with Large Language Models,2025,ACL_2025_Full_Papers.bib
zhao-li-2025-ruby,{RUBY}: An Effective Framework for Multi-Constraint Multi-Hop Question Generation,2025,ACL_2025_Full_Papers.bib
chen-etal-2025-indirect,Can Indirect Prompt Injection Attacks Be Detected and Removed?,2025,ACL_2025_Full_Papers.bib
goot-2025-identifying,Identifying Open Challenges in Language Identification,2025,ACL_2025_Full_Papers.bib
amiraz-etal-2025-distracting,The Distracting Effect: Understanding Irrelevant Passages in {RAG},2025,ACL_2025_Full_Papers.bib
su-etal-2025-multilingual,Multilingual Encoder Knows more than You Realize: Shared Weights Pretraining for Extremely Low-Resource Languages,2025,ACL_2025_Full_Papers.bib
nouri-etal-2025-graphically,Graphically Speaking: Unmasking Abuse in Social Media with Conversation Insights,2025,ACL_2025_Full_Papers.bib
yifeilu-etal-2025-codetool,{C}ode{T}ool: Enhancing Programmatic Tool Invocation of {LLM}s via Process Supervision,2025,ACL_2025_Full_Papers.bib
tran-etal-2025-rare,{RARE}: Retrieval-Augmented Reasoning Enhancement for Large Language Models,2025,ACL_2025_Full_Papers.bib
chen-etal-2025-defense,Defense Against Prompt Injection Attack by Leveraging Attack Techniques,2025,ACL_2025_Full_Papers.bib
zheng-etal-2025-dncasr,{DNCASR}: End-to-End Training for Speaker-Attributed {ASR},2025,ACL_2025_Full_Papers.bib
jun-lee-2025-exploring,Exploring Persona Sentiment Sensitivity in Personalized Dialogue Generation,2025,ACL_2025_Full_Papers.bib
zuchen-etal-2025-oasis,{OASIS}: Order-Augmented Strategy for Improved Code Search,2025,ACL_2025_Full_Papers.bib
huo-etal-2025-micro,Micro-Act: Mitigate Knowledge Conflict in Question Answering via Actionable Self-Reasoning,2025,ACL_2025_Full_Papers.bib
sterner-teufel-2025-minimal,Minimal Pair-Based Evaluation of Code-Switching,2025,ACL_2025_Full_Papers.bib
fang-etal-2025-llama,{LL}a{MA}-Omni 2: {LLM}-based Real-time Spoken Chatbot with Autoregressive Streaming Speech Synthesis,2025,ACL_2025_Full_Papers.bib
wang-etal-2025-error,Error Comparison Optimization for Large Language Models on Aspect-Based Sentiment Analysis,2025,ACL_2025_Full_Papers.bib
eichin-etal-2025-probing,Probing {LLM}s for Multilingual Discourse Generalization Through a Unified Label Set,2025,ACL_2025_Full_Papers.bib
yoon-etal-2025-rotor,{R}o{T}o{R}: Towards More Reliable Responses for Order-Invariant Inputs,2025,ACL_2025_Full_Papers.bib
yang-etal-2025-impart,{I}m{P}art: Importance-Aware Delta-Sparsification for Improved Model Compression and Merging in {LLM}s,2025,ACL_2025_Full_Papers.bib
mohammad-2025-words,Words of Warmth: Trust and Sociability Norms for over 26k {E}nglish Words,2025,ACL_2025_Full_Papers.bib
tjuatja-neubig-2025-behaviorbox,{B}ehavior{B}ox: Automated Discovery of Fine-Grained Performance Differences Between Language Models,2025,ACL_2025_Full_Papers.bib
nguyen-etal-2025-memeqa,{M}eme{QA}: Holistic Evaluation for Meme Understanding,2025,ACL_2025_Full_Papers.bib
fang-etal-2025-kirag,{K}i{RAG}: Knowledge-Driven Iterative Retriever for Enhancing Retrieval-Augmented Generation,2025,ACL_2025_Full_Papers.bib
lei-etal-2025-enhancing,Enhancing Lexicon-Based Text Embeddings with Large Language Models,2025,ACL_2025_Full_Papers.bib
t-y-s-s-etal-2025-cocolex,{C}o{C}o{L}ex: Confidence-guided Copy-based Decoding for Grounded Legal Text Generation,2025,ACL_2025_Full_Papers.bib
mondshine-etal-2025-beyond-n,Beyond N-Grams: Rethinking Evaluation Metrics and Strategies for Multilingual Abstractive Summarization,2025,ACL_2025_Full_Papers.bib
ye-etal-2025-cc,{CC}-Tuning: A Cross-Lingual Connection Mechanism for Improving Joint Multilingual Supervised Fine-Tuning,2025,ACL_2025_Full_Papers.bib
wang-etal-2025-sconu,{SC}on{U}: Selective Conformal Uncertainty in Large Language Models,2025,ACL_2025_Full_Papers.bib
shen-etal-2025-gpt,When {GPT} Spills the Tea: Comprehensive Assessment of Knowledge File Leakage in {GPT}s,2025,ACL_2025_Full_Papers.bib
jiang-etal-2025-unicodec,{U}ni{C}odec: Unified Audio Codec with Single Domain-Adaptive Codebook,2025,ACL_2025_Full_Papers.bib
mohbat-zaki-2025-kerl,{KERL}: Knowledge-Enhanced Personalized Recipe Recommendation using Large Language Models,2025,ACL_2025_Full_Papers.bib
lu-etal-2025-controlled,Controlled Low-Rank Adaptation with Subspace Regularization for Continued Training on Large Language Models,2025,ACL_2025_Full_Papers.bib
he-etal-2025-chinese,{C}hinese {S}imple{QA}: A {C}hinese Factuality Evaluation for Large Language Models,2025,ACL_2025_Full_Papers.bib
wang-etal-2025-tunable,Tunable {LLM}-based Proactive Recommendation Agent,2025,ACL_2025_Full_Papers.bib
katz-etal-2025-segment,Segment-Based Attention Masking for {GPT}s,2025,ACL_2025_Full_Papers.bib
kuratov-etal-2025-cramming,Cramming 1568 Tokens into a Single Vector and Back Again: Exploring the Limits of Embedding Space Capacity,2025,ACL_2025_Full_Papers.bib
feng-etal-2025-dive,{DIVE} into {M}o{E}: Diversity-Enhanced Reconstruction of Large Language Models from Dense into Mixture-of-Experts,2025,ACL_2025_Full_Papers.bib
zhao-etal-2025-dac,{DAC}: A Dynamic Attention-aware Approach for Task-Agnostic Prompt Compression,2025,ACL_2025_Full_Papers.bib
han-ji-2025-computation,Computation Mechanism Behind {LLM} Position Generalization,2025,ACL_2025_Full_Papers.bib
meiri-etal-2025-deja,D{\'e}j{\`a} Vu? Decoding Repeated Reading from Eye Movements,2025,ACL_2025_Full_Papers.bib
wei-etal-2025-plangenllms,{P}lan{G}en{LLM}s: A Modern Survey of {LLM} Planning Capabilities,2025,ACL_2025_Full_Papers.bib
zhao-etal-2025-iam,{IAM}: Efficient Inference through Attention Mapping between Different-scale {LLM}s,2025,ACL_2025_Full_Papers.bib
zhu-etal-2025-zipa,{ZIPA}: A family of efficient models for multilingual phone recognition,2025,ACL_2025_Full_Papers.bib
sung-etal-2025-grace,{GRACE}: A Granular Benchmark for Evaluating Model Calibration against Human Calibration,2025,ACL_2025_Full_Papers.bib
yang-etal-2025-guiding,Guiding not Forcing: Enhancing the Transferability of Jailbreaking Attacks on {LLM}s via Removing Superfluous Constraints,2025,ACL_2025_Full_Papers.bib
friedrich-etal-2025-multilingual,Multilingual Text-to-Image Generation Magnifies Gender Stereotypes,2025,ACL_2025_Full_Papers.bib
gemechu-reed-2025-cu,{CU}-{MAM}: Coherence-Driven Unified Macro-Structures for Argument Mining,2025,ACL_2025_Full_Papers.bib
donggexue-etal-2025-text,Text-to-{ES} Bench: A Comprehensive Benchmark for Converting Natural Language to {E}lasticsearch Query,2025,ACL_2025_Full_Papers.bib
aggarwal-etal-2025-dars,{DARS}: Dynamic Action Re-Sampling to Enhance Coding Agent Performance by Adaptive Tree Traversal,2025,ACL_2025_Full_Papers.bib
silva-etal-2025-steering,Steering off Course: Reliability Challenges in Steering Language Models,2025,ACL_2025_Full_Papers.bib
hu-etal-2025-impartial,Impartial Multi-task Representation Learning via Variance-invariant Probabilistic Decoding,2025,ACL_2025_Full_Papers.bib
de-wynter-2025-eleanor,If Eleanor Rigby Had Met {C}hat{GPT}: A Study on Loneliness in a Post-{LLM} World,2025,ACL_2025_Full_Papers.bib
cheng-etal-2025-integrating,"Integrating Audio, Visual, and Semantic Information for Enhanced Multimodal Speaker Diarization on Multi-party Conversation",2025,ACL_2025_Full_Papers.bib
li-etal-2025-vulnerability,Vulnerability of {LLM}s to Vertically Aligned Text Manipulations,2025,ACL_2025_Full_Papers.bib
chang-etal-2025-automixer,{A}uto{M}ixer: Checkpoint Artifacts as Automatic Data Mixers,2025,ACL_2025_Full_Papers.bib
azarkhalili-libbrecht-2025-generalized,Generalized Attention Flow: Feature Attribution for Transformer Models via Maximum Flow,2025,ACL_2025_Full_Papers.bib
hu-etal-2025-beyond,Beyond Prompting: An Efficient Embedding Framework for Open-Domain Question Answering,2025,ACL_2025_Full_Papers.bib
chen-etal-2025-air,{AIR}-Bench: Automated Heterogeneous Information Retrieval Benchmark,2025,ACL_2025_Full_Papers.bib
qiao-etal-2025-math,We-Math: Does Your Large Multimodal Model Achieve Human-like Mathematical Reasoning?,2025,ACL_2025_Full_Papers.bib
yari-koto-2025-unveiling,Unveiling Cultural Blind Spots: Analyzing the Limitations of m{LLM}s in Procedural Text Comprehension,2025,ACL_2025_Full_Papers.bib
tsiamas-etal-2025-improving,Improving Language and Modality Transfer in Translation by Character-level Modeling,2025,ACL_2025_Full_Papers.bib
es-sebbani-etal-2025-modeling,Modeling Complex Semantics Relation with Contrastively Fine-Tuned Relational Encoders,2025,ACL_2025_Full_Papers.bib
yao-etal-2025-error,Error-driven Data-efficient Large Multimodal Model Tuning,2025,ACL_2025_Full_Papers.bib
du-etal-2025-planning,Planning with Diffusion Models for Target-Oriented Dialogue Systems,2025,ACL_2025_Full_Papers.bib
liu-etal-2025-interactive-expressive,Interactive and Expressive Code-Augmented Planning with Large Language Models,2025,ACL_2025_Full_Papers.bib
jiao-etal-2025-synergistic,Synergistic Weak-Strong Collaboration by Aligning Preferences,2025,ACL_2025_Full_Papers.bib
ma-etal-2025-understanding,Understanding Silent Data Corruption in {LLM} Training,2025,ACL_2025_Full_Papers.bib
park-etal-2025-llms,"Can {LLM}s Help Uncover Insights about {LLM}s? A Large-Scale, Evolving Literature Analysis of Frontier {LLM}s",2025,ACL_2025_Full_Papers.bib
loginova-loguinova-2025-deep,Deep Temporal Reasoning in Video Language Models: A Cross-Linguistic Evaluation of Action Duration and Completion through Perfect Times,2025,ACL_2025_Full_Papers.bib
ungless-etal-2025-amplifying,Amplifying Trans and Nonbinary Voices: A Community-Centred Harm Taxonomy for {LLM}s,2025,ACL_2025_Full_Papers.bib
rubehn-list-2025-partial,Partial Colexifications Improve Concept Embeddings,2025,ACL_2025_Full_Papers.bib
shen-etal-2025-macp,{M}a{CP}: Minimal yet Mighty Adaptation via Hierarchical Cosine Projection,2025,ACL_2025_Full_Papers.bib
nguyen-etal-2025-multi,Multi-Attribute Steering of Language Models via Targeted Intervention,2025,ACL_2025_Full_Papers.bib
verma-etal-2025-adaptagent,{A}dapt{A}gent: Adapting Multimodal Web Agents with Few-Shot Learning from Human Demonstrations,2025,ACL_2025_Full_Papers.bib
singhvi-etal-2025-using,Using Shapley interactions to understand how models use structure,2025,ACL_2025_Full_Papers.bib
caplan-goldwasser-2025-conceptcarve,{C}oncept{C}arve: Dynamic Realization of Evidence,2025,ACL_2025_Full_Papers.bib
tang-etal-2025-qqsum,{QQSUM}: A Novel Task and Model of Quantitative Query-Focused Summarization for Review-based Product Question Answering,2025,ACL_2025_Full_Papers.bib
liu-etal-2025-open-world,Open-World Planning via Lifted Regression with {LLM}-Inferred Affordances for Embodied Agents,2025,ACL_2025_Full_Papers.bib
spinoso-di-piano-etal-2025-rsa,({RSA}){\texttwosuperior}: A Rhetorical-Strategy-Aware Rational Speech Act Framework for Figurative Language Understanding,2025,ACL_2025_Full_Papers.bib
jang-etal-2025-structural,Structural Reasoning Improves Molecular Understanding of {LLM},2025,ACL_2025_Full_Papers.bib
yang-etal-2025-cami,{CAMI}: A Counselor Agent Supporting Motivational Interviewing through State Inference and Topic Exploration,2025,ACL_2025_Full_Papers.bib
suh-etal-2025-language,Language Model Fine-Tuning on Scaled Survey Data for Predicting Distributions of Public Opinions,2025,ACL_2025_Full_Papers.bib
park-etal-2025-katfishnet,{K}at{F}ish{N}et: Detecting {LLM}-Generated {K}orean Text through Linguistic Feature Analysis,2025,ACL_2025_Full_Papers.bib
bui-etal-2025-generalization,On Generalization across Measurement Systems: {LLM}s Entail More Test-Time Compute for Underrepresented Cultures,2025,ACL_2025_Full_Papers.bib
anantha-ramakrishnan-etal-2025-cordial,{CORDIAL}: Can Multimodal Large Language Models Effectively Understand Coherence Relationships?,2025,ACL_2025_Full_Papers.bib
yang-etal-2025-llm-meets,{LLM} Meets Scene Graph: Can Large Language Models Understand and Generate Scene Graphs? A Benchmark and Empirical Study,2025,ACL_2025_Full_Papers.bib
wang-etal-2025-beyond,Beyond Frameworks: Unpacking Collaboration Strategies in Multi-Agent Systems,2025,ACL_2025_Full_Papers.bib
liang-etal-2025-thor,{THOR}-{M}o{E}: Hierarchical Task-Guided and Context-Responsive Routing for Neural Machine Translation,2025,ACL_2025_Full_Papers.bib
zhao-etal-2025-neuron,Neuron Empirical Gradient: Discovering and Quantifying Neurons' Global Linear Controllability,2025,ACL_2025_Full_Papers.bib
hieu-etal-2025-ozspeech,{OZS}peech: One-step Zero-shot Speech Synthesis with Learned-Prior-Conditioned Flow Matching,2025,ACL_2025_Full_Papers.bib
chu-etal-2025-jailbreakradar,{J}ailbreak{R}adar: Comprehensive Assessment of Jailbreak Attacks Against {LLM}s,2025,ACL_2025_Full_Papers.bib
tan-etal-2025-neural,Neural Incompatibility: The Unbridgeable Gap of Cross-Scale Parametric Knowledge Transfer in Large Language Models,2025,ACL_2025_Full_Papers.bib
wu-etal-2025-enhancing,Enhancing Mathematical Reasoning in {LLM}s by Stepwise Correction,2025,ACL_2025_Full_Papers.bib
zhang-etal-2025-enhancing-goal,Enhancing Goal-oriented Proactive Dialogue Systems via Consistency Reflection and Correction,2025,ACL_2025_Full_Papers.bib
fu-etal-2025-exclusion,Exclusion of Thought: Mitigating Cognitive Load in Large Language Models for Enhanced Reasoning in Multiple-Choice Tasks,2025,ACL_2025_Full_Papers.bib
qu-etal-2025-registering,Registering Source Tokens to Target Language Spaces in Multilingual Neural Machine Translation,2025,ACL_2025_Full_Papers.bib
wang-etal-2025-visuothink,{V}isuo{T}hink: Empowering {LVLM} Reasoning with Multimodal Tree Search,2025,ACL_2025_Full_Papers.bib
ma-etal-2025-led,{LED}-Merging: Mitigating Safety-Utility Conflicts in Model Merging with Location-Election-Disjoint,2025,ACL_2025_Full_Papers.bib
yuan-etal-2025-dolphin,"Dolphin: Moving Towards Closed-loop Auto-research through Thinking, Practice, and Feedback",2025,ACL_2025_Full_Papers.bib
luo-etal-2025-persphere,{P}er{S}phere: A Comprehensive Framework for Multi-Faceted Perspective Retrieval and Summarization,2025,ACL_2025_Full_Papers.bib
zhang-etal-2025-prompt,Prompt-Guided Internal States for Hallucination Detection of Large Language Models,2025,ACL_2025_Full_Papers.bib
nakashole-2025-typology,Typology-Guided Adaptation in Multilingual Models,2025,ACL_2025_Full_Papers.bib
zhang-etal-2025-faithfulrag,{F}aithful{RAG}: Fact-Level Conflict Modeling for Context-Faithful Retrieval-Augmented Generation,2025,ACL_2025_Full_Papers.bib
ye-etal-2025-knowledge,Knowledge Image Matters: Improving Knowledge-Based Visual Reasoning with Multi-Image Large Language Models,2025,ACL_2025_Full_Papers.bib
chen-etal-2025-guicourse,{GUIC}ourse: From General Vision Language Model to Versatile {GUI} Agent,2025,ACL_2025_Full_Papers.bib
fan-etal-2025-maximizing,Maximizing the Effectiveness of Larger {BERT} Models for Compression,2025,ACL_2025_Full_Papers.bib
le-cong-etal-2025-llms,Can {LLM}s Reason About Program Semantics? A Comprehensive Evaluation of {LLM}s on Formal Specification Inference,2025,ACL_2025_Full_Papers.bib
su-etal-2025-haco,{HAC}o-Det: A Study Towards Fine-Grained Machine-Generated Text Detection under Human-{AI} Coauthoring,2025,ACL_2025_Full_Papers.bib
li-etal-2025-reinforced,Reinforced {IR}: A Self-Boosting Framework For Domain-Adapted Information Retrieval,2025,ACL_2025_Full_Papers.bib
li-etal-2025-coir,{C}o{IR}: A Comprehensive Benchmark for Code Information Retrieval Models,2025,ACL_2025_Full_Papers.bib
zeng-etal-2025-enhancing,Enhancing Multimodal Retrieval via Complementary Information Extraction and Alignment,2025,ACL_2025_Full_Papers.bib
zhu-etal-2025-proxy,Proxy-Driven Robust Multimodal Sentiment Analysis with Incomplete Data,2025,ACL_2025_Full_Papers.bib
chen-etal-2025-terms,Not All Terms Matter: Recall-Oriented Adaptive Learning for {PLM}-aided Query Expansion in Open-Domain Question Answering,2025,ACL_2025_Full_Papers.bib
li-etal-2025-mutual,A Mutual Information Perspective on Knowledge Graph Embedding,2025,ACL_2025_Full_Papers.bib
t-y-s-s-elganayni-2025-promalex,{P}ro{MAL}ex: Progressive Modular Adapters for Multi-Jurisdictional Legal Language Modeling,2025,ACL_2025_Full_Papers.bib
li-etal-2025-flipping,Flipping Knowledge Distillation: Leveraging Small Models' Expertise to Enhance {LLM}s in Text Matching,2025,ACL_2025_Full_Papers.bib
ying-etal-2025-disentangling,Disentangling Language and Culture for Evaluating Multilingual Large Language Models,2025,ACL_2025_Full_Papers.bib
raszewski-de-kock-2025-detecting,Detecting Sockpuppetry on {W}ikipedia Using Meta-Learning,2025,ACL_2025_Full_Papers.bib
wang-etal-2025-diversity,Diversity-oriented Data Augmentation with Large Language Models,2025,ACL_2025_Full_Papers.bib
zhao-etal-2025-coreeval,{C}ore{E}val: Automatically Building Contamination-Resilient Datasets with Real-World Knowledge toward Reliable {LLM} Evaluation,2025,ACL_2025_Full_Papers.bib
zhou-etal-2025-riot,{R}i{OT}: Efficient Prompt Refinement with Residual Optimization Tree,2025,ACL_2025_Full_Papers.bib
zhu-etal-2025-mitigating,Mitigating Lost-in-Retrieval Problems in Retrieval Augmented Multi-Hop Question Answering,2025,ACL_2025_Full_Papers.bib
he-etal-2025-tablelora,{T}able{L}o{RA}: Low-rank Adaptation on Table Structure Understanding for Large Language Models,2025,ACL_2025_Full_Papers.bib
li-etal-2025-decoding,Decoding Knowledge Attribution in Mixture-of-Experts: A Framework of Basic-Refinement Collaboration and Efficiency Analysis,2025,ACL_2025_Full_Papers.bib
yang-etal-2025-lesa,{LESA}: Learnable {LLM} Layer Scaling-Up,2025,ACL_2025_Full_Papers.bib
xue-etal-2025-mmrc,{MMRC}: A Large-Scale Benchmark for Understanding Multimodal Large Language Model in Real-World Conversation,2025,ACL_2025_Full_Papers.bib
zhang-etal-2025-towards-law,Towards the Law of Capacity Gap in Distilling Language Models,2025,ACL_2025_Full_Papers.bib
rao-etal-2025-whispa,{W}hi{SPA}: Semantically and Psychologically Aligned Whisper with Self-Supervised Contrastive and Student-Teacher Learning,2025,ACL_2025_Full_Papers.bib
yan-etal-2025-keys,Keys to Robust Edits: From Theoretical Insights to Practical Advances,2025,ACL_2025_Full_Papers.bib
zhuang-etal-2025-boosting,Boosting {LLM}{'}s Molecular Structure Elucidation with Knowledge Enhanced Tree Search Reasoning,2025,ACL_2025_Full_Papers.bib
liu-etal-2025-role,The Role of Visual Modality in Multimodal Mathematical Reasoning: Challenges and Insights,2025,ACL_2025_Full_Papers.bib
zhou-etal-2025-essence,The Essence of Contextual Understanding in Theory of Mind: A Study on Question Answering with Story Characters,2025,ACL_2025_Full_Papers.bib
ma-etal-2025-s2r,{S}$^2${R}: Teaching {LLM}s to Self-verify and Self-correct via Reinforcement Learning,2025,ACL_2025_Full_Papers.bib
go-etal-2025-xdac,{XDAC}: {XAI}-Driven Detection and Attribution of {LLM}-Generated News Comments in {K}orean,2025,ACL_2025_Full_Papers.bib
luo-etal-2025-centaur,"{CENTAUR}: Bridging the Impossible Trinity of Privacy, Efficiency, and Performance in Privacy-Preserving Transformer Inference",2025,ACL_2025_Full_Papers.bib
shukla-etal-2025-silencing,"Silencing Empowerment, Allowing Bigotry: Auditing the Moderation of Hate Speech on Twitch",2025,ACL_2025_Full_Papers.bib
lee-etal-2025-editext,{E}di{T}ext: Controllable Coarse-to-Fine Text Editing with Diffusion Language Models,2025,ACL_2025_Full_Papers.bib
isbarov-etal-2025-tumlu,{TUMLU}: A Unified and Native Language Understanding Benchmark for {T}urkic Languages,2025,ACL_2025_Full_Papers.bib
lin-etal-2025-look,Look Both Ways and No Sink: Converting {LLM}s into Text Encoders without Training,2025,ACL_2025_Full_Papers.bib
chen-etal-2025-statistical,A Statistical and Multi-Perspective Revisiting of the Membership Inference Attack in Large Language Models,2025,ACL_2025_Full_Papers.bib
holtermann-etal-2025-around,Around the World in 24 Hours: Probing {LLM} Knowledge of Time and Place,2025,ACL_2025_Full_Papers.bib
cocchieri-etal-2025-call,``What do you call a dog that is incontrovertibly true? Dogma'': Testing {LLM} Generalization through Humor,2025,ACL_2025_Full_Papers.bib
li-etal-2025-towards,Towards Harmonized Uncertainty Estimation for Large Language Models,2025,ACL_2025_Full_Papers.bib
sun-etal-2025-ai,Are We in the {AI}-Generated Text World Already? Quantifying and Monitoring {AIGT} on Social Media,2025,ACL_2025_Full_Papers.bib
shetty-etal-2025-wet,{WET}: Overcoming Paraphrasing Vulnerabilities in Embeddings-as-a-Service with Linear Transformation Watermarks,2025,ACL_2025_Full_Papers.bib
chen-etal-2025-hope,{H}o{PE}: A Novel Positional Encoding Without Long-Term Decay for Enhanced Context Awareness and Extrapolation,2025,ACL_2025_Full_Papers.bib
yi-etal-2025-one,One {Q}uant{LLM} for {ALL}: Fine-tuning Quantized {LLM}s Once for Efficient Deployments,2025,ACL_2025_Full_Papers.bib
gong-etal-2025-beyond,Beyond Logits: Aligning Feature Dynamics for Effective Knowledge Distillation,2025,ACL_2025_Full_Papers.bib
yuan-etal-2025-native,Native Sparse Attention: Hardware-Aligned and Natively Trainable Sparse Attention,2025,ACL_2025_Full_Papers.bib
long-etal-2025-drae,{DRAE}: Dynamic Retrieval-Augmented Expert Networks for Lifelong Learning and Task Adaptation in Robotics,2025,ACL_2025_Full_Papers.bib
huang-etal-2025-enhancing,Enhancing Chain-of-Thought Reasoning with Critical Representation Fine-tuning,2025,ACL_2025_Full_Papers.bib
lee-etal-2025-emotional,Does the Emotional Understanding of {LVLM}s Vary Under High-Stress Environments and Across Different Demographic Attributes?,2025,ACL_2025_Full_Papers.bib
adhya-sanyal-2025-s2wtm,{S}2{WTM}: Spherical Sliced-{W}asserstein Autoencoder for Topic Modeling,2025,ACL_2025_Full_Papers.bib
feng-etal-2025-learning,Learning to Look at the Other Side: A Semantic Probing Study of Word Embeddings in {LLM}s with Enabled Bidirectional Attention,2025,ACL_2025_Full_Papers.bib
wang-etal-2025-tracing,Tracing and Dissecting How {LLM}s Recall Factual Knowledge for Real World Questions,2025,ACL_2025_Full_Papers.bib
chen-etal-2025-employing,Employing Discourse Coherence Enhancement to Improve Cross-Document Event and Entity Coreference Resolution,2025,ACL_2025_Full_Papers.bib
xu-etal-2025-softcot,{S}oft{C}o{T}: Soft Chain-of-Thought for Efficient Reasoning with {LLM}s,2025,ACL_2025_Full_Papers.bib
kim-etal-2025-fcmr,{FCMR}: Robust Evaluation of Financial Cross-Modal Multi-Hop Reasoning,2025,ACL_2025_Full_Papers.bib
wang-etal-2025-beyond-prompt,Beyond Prompt Engineering: Robust Behavior Control in {LLM}s via Steering Target Atoms,2025,ACL_2025_Full_Papers.bib
li-etal-2025-mobilora,{M}obi{L}o{RA}: Accelerating {L}o{RA}-based {LLM} Inference on Mobile Devices via Context-aware {KV} Cache Optimization,2025,ACL_2025_Full_Papers.bib
ji-etal-2025-language-models,Language Models Resist Alignment: Evidence From Data Compression,2025,ACL_2025_Full_Papers.bib
liu-etal-2025-beyond,Beyond the Answer: Advancing Multi-Hop {QA} with Fine-Grained Graph Reasoning and Evaluation,2025,ACL_2025_Full_Papers.bib
endy-etal-2025-mamba,Mamba Knockout for Unraveling Factual Information Flow,2025,ACL_2025_Full_Papers.bib
wang-etal-2025-t2a,{T}2{A}-Feedback: Improving Basic Capabilities of Text-to-Audio Generation via Fine-grained {AI} Feedback,2025,ACL_2025_Full_Papers.bib
shen-etal-2025-coe,{C}o{E}: A Clue of Emotion Framework for Emotion Recognition in Conversations,2025,ACL_2025_Full_Papers.bib
yavas-etal-2025-relation,"On the Relation Between Fine-Tuning, Topological Properties, and Task Performance in Sense-Enhanced Embeddings",2025,ACL_2025_Full_Papers.bib
thakkar-etal-2025-finding,Finding Needles in Images: Can Multi-modal {LLM}s Locate Fine Details?,2025,ACL_2025_Full_Papers.bib
honda-oka-2025-exploring,Exploring Explanations Improves the Robustness of In-Context Learning,2025,ACL_2025_Full_Papers.bib
nielsen-etal-2025-prediction,Prediction Hubs are Context-Informed Frequent Tokens in {LLM}s,2025,ACL_2025_Full_Papers.bib
ge-etal-2025-capability,Capability Salience Vector: Fine-grained Alignment of Loss and Capabilities for Downstream Task Scaling Law,2025,ACL_2025_Full_Papers.bib
wu-etal-2025-ref,Ref-Long: Benchmarking the Long-context Referencing Capability of Long-context Language Models,2025,ACL_2025_Full_Papers.bib
chen-etal-2025-revisiting,Revisiting Scaling Laws for Language Models: The Role of Data Quality and Training Strategies,2025,ACL_2025_Full_Papers.bib
sun-etal-2025-unveil,Unveil: Unified Visual-Textual Integration and Distillation for Multi-modal Document Retrieval,2025,ACL_2025_Full_Papers.bib
wang-etal-2025-dont,Don{'}t Get Lost in the Trees: Streamlining {LLM} Reasoning by Overcoming Tree Search Exploration Pitfalls,2025,ACL_2025_Full_Papers.bib
janeiro-etal-2025-mexma,{MEXMA}: Token-level objectives improve sentence representations,2025,ACL_2025_Full_Papers.bib
wang-etal-2025-agentdropout,{A}gent{D}ropout: Dynamic Agent Elimination for Token-Efficient and High-Performance {LLM}-Based Multi-Agent Collaboration,2025,ACL_2025_Full_Papers.bib
xiao-etal-2025-towards,Towards Dynamic Theory of Mind: Evaluating {LLM} Adaptation to Temporal Evolution of Human States,2025,ACL_2025_Full_Papers.bib
zeng-etal-2025-marco,Marco-Bench-{MIF}: On Multilingual Instruction-Following Capability of Large Language,2025,ACL_2025_Full_Papers.bib
sun-etal-2025-enhancing-retrieval,Enhancing Retrieval-Augmented Generation via Evidence Tree Search,2025,ACL_2025_Full_Papers.bib
bang-etal-2025-hallulens,{H}allu{L}ens: {LLM} Hallucination Benchmark,2025,ACL_2025_Full_Papers.bib
chen-etal-2025-deeper,{DEEPER} Insight into Your User: Directed Persona Refinement for Dynamic Persona Modeling,2025,ACL_2025_Full_Papers.bib
liu-etal-2025-asclepius,Asclepius: A Spectrum Evaluation Benchmark for Medical Multi-Modal Large Language Models,2025,ACL_2025_Full_Papers.bib
bauwens-etal-2025-grampa,{GR}a{MP}a: Subword Regularisation by Skewing Uniform Segmentation Distributions with an Efficient Path-counting {M}arkov Model,2025,ACL_2025_Full_Papers.bib
ni-etal-2025-towards,Towards Fully Exploiting {LLM} Internal States to Enhance Knowledge Boundary Perception,2025,ACL_2025_Full_Papers.bib
chen-etal-2025-algen,{ALGEN}: Few-shot Inversion Attacks on Textual Embeddings via Cross-Model Alignment and Generation,2025,ACL_2025_Full_Papers.bib
li-etal-2025-decoding-graphs,Decoding on Graphs: Faithful and Sound Reasoning on Knowledge Graphs through Generation of Well-Formed Chains,2025,ACL_2025_Full_Papers.bib
he-etal-2025-star,{ST}a{R}-{SQL}: Self-Taught Reasoner for Text-to-{SQL},2025,ACL_2025_Full_Papers.bib
t-y-s-s-chowdhury-2025-fairness,Fairness Beyond Performance: Revealing Reliability Disparities Across Groups in Legal {NLP},2025,ACL_2025_Full_Papers.bib
li-etal-2025-dialogue,Dialogue-{RAG}: Enhancing Retrieval for {LLM}s via Node-Linking Utterance Rewriting,2025,ACL_2025_Full_Papers.bib
wilcox-etal-2025-using,"Using Information Theory to Characterize Prosodic Typology: The Case of Tone, Pitch-Accent and Stress-Accent",2025,ACL_2025_Full_Papers.bib
scalercio-etal-2025-evaluating,Evaluating {LLM}s for {P}ortuguese Sentence Simplification with Linguistic Insights,2025,ACL_2025_Full_Papers.bib
pitorro-treviso-2025-latim,{L}a{TIM}: Measuring Latent Token-to-Token Interactions in Mamba Models,2025,ACL_2025_Full_Papers.bib
wiemerslage-wense-2025-improving,Improving Low-Resource Morphological Inflection via Self-Supervised Objectives,2025,ACL_2025_Full_Papers.bib
yang-etal-2025-omgm,{OMGM}: Orchestrate Multiple Granularities and Modalities for Efficient Multimodal Retrieval,2025,ACL_2025_Full_Papers.bib
gao-etal-2025-graph,Graph Counselor: Adaptive Graph Exploration via Multi-Agent Synergy to Enhance {LLM} Reasoning,2025,ACL_2025_Full_Papers.bib
zhang-etal-2025-sotopia,{SOTOPIA}-{\ensuremath{\Omega}}: Dynamic Strategy Injection Learning and Social Instruction Following Evaluation for Social Agents,2025,ACL_2025_Full_Papers.bib
ren-etal-2025-llms,{LLM}s know their vulnerabilities: Uncover Safety Gaps through Natural Distribution Shifts,2025,ACL_2025_Full_Papers.bib
liang-etal-2025-waffle,{WAFFLE}: Fine-tuning Multi-Modal Model for Automated Front-End Development,2025,ACL_2025_Full_Papers.bib
christ-etal-2025-math,Math Neurosurgery: Isolating Language Models' Math Reasoning Abilities Using Only Forward Passes,2025,ACL_2025_Full_Papers.bib
ki-etal-2025-multiple,Multiple {LLM} Agents Debate for Equitable Cultural Alignment,2025,ACL_2025_Full_Papers.bib
yu-etal-2025-chain,Chain-of-Reasoning: Towards Unified Mathematical Reasoning in Large Language Models via a Multi-Paradigm Perspective,2025,ACL_2025_Full_Papers.bib
modzelewski-etal-2025-pcot,{PC}o{T}: Persuasion-Augmented Chain of Thought for Detecting Fake News and Social Media Disinformation,2025,ACL_2025_Full_Papers.bib
litterer-etal-2025-coordinating,Coordinating Chaos: A Structured Review of Linguistic Coordination Methodologies,2025,ACL_2025_Full_Papers.bib
li-etal-2025-500xcompressor,500x{C}ompressor: Generalized Prompt Compression for Large Language Models,2025,ACL_2025_Full_Papers.bib
flemings-etal-2025-estimating,Estimating Privacy Leakage of Augmented Contextual Knowledge in Language Models,2025,ACL_2025_Full_Papers.bib
gatto-etal-2025-document,Document-Level Event-Argument Data Augmentation for Challenging Role Types,2025,ACL_2025_Full_Papers.bib
litterer-etal-2025-mapping,Mapping the Podcast Ecosystem with the Structured Podcast Research Corpus,2025,ACL_2025_Full_Papers.bib
madusanka-etal-2025-unravelling,Unravelling the Logic: Investigating the Generalisation of Transformers in Numerical Satisfiability Problems,2025,ACL_2025_Full_Papers.bib
dey-etal-2025-mathtt,{GeLLM{\textthreesuperior}O}: Generalizing Large Language Models for Multi-property Molecule Optimization,2025,ACL_2025_Full_Papers.bib
wang-etal-2025-unveiling-privacy,Unveiling Privacy Risks in {LLM} Agent Memory,2025,ACL_2025_Full_Papers.bib
liu-etal-2025-language,Language Constrained Multimodal Hyper Adapter For Many-to-Many Multimodal Summarization,2025,ACL_2025_Full_Papers.bib
song-etal-2025-prmbench,{PRMB}ench: A Fine-grained and Challenging Benchmark for Process-Level Reward Models,2025,ACL_2025_Full_Papers.bib
li-etal-2025-efficient-ensemble,Efficient Ensemble for Fine-tuning Language Models on Multiple Datasets,2025,ACL_2025_Full_Papers.bib
nwadike-etal-2025-library,Library-Like Behavior In Language Models is Enhanced by Self-Referencing Causal Cycles,2025,ACL_2025_Full_Papers.bib
liu-etal-2025-sara,{SARA}: Salience-Aware Reinforced Adaptive Decoding for Large Language Models in Abstractive Summarization,2025,ACL_2025_Full_Papers.bib
yoon-arik-2025-embedding,Embedding-Converter: A Unified Framework for Cross-Model Embedding Transformation,2025,ACL_2025_Full_Papers.bib
li-etal-2025-answering,Answering Complex Geographic Questions by Adaptive Reasoning with Visual Context and External Commonsense Knowledge,2025,ACL_2025_Full_Papers.bib
shi-etal-2025-safety,Safety Alignment via Constrained Knowledge Unlearning,2025,ACL_2025_Full_Papers.bib
chandhok-etal-2025-response,Response Wide Shut? Surprising Observations in Basic Vision Language Model Capabilities,2025,ACL_2025_Full_Papers.bib
wang-etal-2025-effivlm,{E}ffi{VLM}-{BENCH}: A Comprehensive Benchmark for Evaluating Training-Free Acceleration in Large Vision-Language Models,2025,ACL_2025_Full_Papers.bib
aynetdinov-akbik-2025-pre,Pre-Training Curriculum for Multi-Token Prediction in Language Models,2025,ACL_2025_Full_Papers.bib
li-etal-2025-elicit,Can We Further Elicit Reasoning in {LLM}s? Critic-Guided Planning with Retrieval-Augmentation for Solving Challenging Tasks,2025,ACL_2025_Full_Papers.bib
zou-etal-2025-many,On Many-Shot In-Context Learning for Long-Context Evaluation,2025,ACL_2025_Full_Papers.bib
gupta-pruthi-2025-glitters,All That Glitters is Not Novel: Plagiarism in {AI} Generated Research,2025,ACL_2025_Full_Papers.bib
liu-chang-2025-writing,Writing Like the Best: Exemplar-Based Expository Text Generation,2025,ACL_2025_Full_Papers.bib
finch-etal-2025-finding,Finding A Voice: Exploring the Potential of {A}frican {A}merican Dialect and Voice Generation for Chatbots,2025,ACL_2025_Full_Papers.bib
li-etal-2025-delta,Delta-{KNN}: Improving Demonstration Selection in In-Context Learning for {A}lzheimer{'}s Disease Detection,2025,ACL_2025_Full_Papers.bib
rashkin-etal-2025-help,Help Me Write a Story: Evaluating {LLM}s' Ability to Generate Writing Feedback,2025,ACL_2025_Full_Papers.bib
borchert-etal-2025-language,Language Fusion for Parameter-Efficient Cross-lingual Transfer,2025,ACL_2025_Full_Papers.bib
sogaard-2025-language,Do Language Models Have Semantics? On the Five Standard Positions,2025,ACL_2025_Full_Papers.bib
karamolegkou-etal-2025-evaluating,Evaluating Multimodal Language Models as Visual Assistants for Visually Impaired Users,2025,ACL_2025_Full_Papers.bib
cheng-etal-2025-humt,{H}um{T} {D}um{T}: Measuring and controlling human-like language in {LLM}s,2025,ACL_2025_Full_Papers.bib
daynauth-etal-2025-ranking,Ranking Unraveled: Recipes for {LLM} Rankings in Head-to-Head {AI} Combat,2025,ACL_2025_Full_Papers.bib
wolflein-etal-2025-llm,{LLM} Agents Making Agent Tools,2025,ACL_2025_Full_Papers.bib
volovikova-etal-2025-craftext,{C}raf{T}ext Benchmark: Advancing Instruction Following in Complex Multimodal Open-Ended World,2025,ACL_2025_Full_Papers.bib
koupaee-etal-2025-causal,Causal Graph based Event Reasoning using Semantic Relation Experts,2025,ACL_2025_Full_Papers.bib
jiang-etal-2025-logicpro,{L}ogic{P}ro: Improving Complex Logical Reasoning via Program-Guided Learning,2025,ACL_2025_Full_Papers.bib
qamar-etal-2025-llms,Do {LLM}s Understand Dialogues? A Case Study on Dialogue Acts,2025,ACL_2025_Full_Papers.bib
bhatt-etal-2025-research,Research Borderlands: Analysing Writing Across Research Cultures,2025,ACL_2025_Full_Papers.bib
hong-etal-2025-mixtures,Mixtures of In-Context Learners,2025,ACL_2025_Full_Papers.bib
zhou-etal-2025-balancing,Balancing Diversity and Risk in {LLM} Sampling: How to Select Your Method and Parameter for Open-Ended Text Generation,2025,ACL_2025_Full_Papers.bib
hou-etal-2025-radar,{RADAR}: Enhancing Radiology Report Generation with Supplementary Knowledge Injection,2025,ACL_2025_Full_Papers.bib
zhou-etal-2025-efficiency,The Efficiency vs. Accuracy Trade-off: Optimizing {RAG}-Enhanced {LLM} Recommender Systems Using Multi-Head Early Exit,2025,ACL_2025_Full_Papers.bib
zhang-zhou-2025-unraveling,Unraveling {L}o{RA} Interference: Orthogonal Subspaces for Robust Model Merging,2025,ACL_2025_Full_Papers.bib
kazemi-etal-2025-big,{BIG}-Bench Extra Hard,2025,ACL_2025_Full_Papers.bib
wang-etal-2025-cstree,{CST}ree-{SRI}: Introspection-Driven Cognitive Semantic Tree for Multi-Turn Question Answering over Extra-Long Contexts,2025,ACL_2025_Full_Papers.bib
hua-etal-2025-inductionbench,{I}nduction{B}ench: {LLM}s Fail in the Simplest Complexity Class,2025,ACL_2025_Full_Papers.bib
kowsher-etal-2025-rocoft,{R}o{C}o{FT}: Efficient Finetuning of Large Language Models with Row-Column Updates,2025,ACL_2025_Full_Papers.bib
vaidhya-etal-2025-scaling,Scaling Laws and Efficient Inference for Ternary Language Models,2025,ACL_2025_Full_Papers.bib
han-etal-2025-exploring,Exploring the Impact of Instruction-Tuning on {LLM}{'}s Susceptibility to Misinformation,2025,ACL_2025_Full_Papers.bib
zhang-etal-2025-exploring,Exploring Multimodal Relation Extraction of Hierarchical Tabular Data with Multi-task Learning,2025,ACL_2025_Full_Papers.bib
liu-etal-2025-quasar,{Q}u{ASAR}: A Question-Driven Structure-Aware Approach for Table-to-Text Generation,2025,ACL_2025_Full_Papers.bib
delbrouck-etal-2025-automated,Automated Structured Radiology Report Generation,2025,ACL_2025_Full_Papers.bib
kowsher-etal-2025-predicting,Predicting Through Generation: Why Generation Is Better for Prediction,2025,ACL_2025_Full_Papers.bib
kurtic-etal-2025-give,``Give Me {BF}16 or Give Me Death''? Accuracy-Performance Trade-Offs in {LLM} Quantization,2025,ACL_2025_Full_Papers.bib
hu-etal-2025-stitchllm,"{S}titch{LLM}: Serving {LLM}s, One Block at a Time",2025,ACL_2025_Full_Papers.bib
bu-etal-2025-walk,Walk in Others' Shoes with a Single Glance: Human-Centric Visual Grounding with Top-View Perspective Transformation,2025,ACL_2025_Full_Papers.bib
cao-etal-2025-informal,From Informal to Formal {--} Incorporating and Evaluating {LLM}s on Natural Language Requirements to Verifiable Formal Proofs,2025,ACL_2025_Full_Papers.bib
yao-etal-2025-seakr,{S}ea{KR}: Self-aware Knowledge Retrieval for Adaptive Retrieval Augmented Generation,2025,ACL_2025_Full_Papers.bib
singh-etal-2025-exposing,Exposing the Achilles' Heel: Evaluating {LLM}s Ability to Handle Mistakes in Mathematical Reasoning,2025,ACL_2025_Full_Papers.bib
chen-etal-2025-videovista,"{V}ideo{V}ista-{C}ultural{L}ingo: 360{\textdegree} Horizons-Bridging Cultures, Languages, and Domains in Video Comprehension",2025,ACL_2025_Full_Papers.bib
wang-etal-2025-knowledge-graph,Knowledge Graph Retrieval-Augmented Generation for {LLM}-based Recommendation,2025,ACL_2025_Full_Papers.bib
liu-etal-2025-sudolm,{S}udo{LM}: Learning Access Control of Parametric Knowledge with Authorization Alignment,2025,ACL_2025_Full_Papers.bib
an-etal-2025-i0t,{I}0{T}: Embedding Standardization Method Towards Zero Modality Gap,2025,ACL_2025_Full_Papers.bib
luo-etal-2025-odysseus,Odysseus Navigates the Sirens' Song: Dynamic Focus Decoding for Factual and Diverse Open-Ended Text Generation,2025,ACL_2025_Full_Papers.bib
stollenwerk-stollenwerk-2025-better,Better Embeddings with Coupled {A}dam,2025,ACL_2025_Full_Papers.bib
xie-etal-2025-bone,Bone Soups: A Seek-and-Soup Model Merging Approach for Controllable Multi-Objective Generation,2025,ACL_2025_Full_Papers.bib
joshi-etal-2025-controllable,Controllable and Reliable Knowledge-Intensive Task-Oriented Conversational Agents with Declarative Genie Worksheets,2025,ACL_2025_Full_Papers.bib
li-etal-2025-benchmarking,Benchmarking Long-Context Language Models on Long Code Understanding,2025,ACL_2025_Full_Papers.bib
khosla-etal-2025-magnet,{MAGNET}: Augmenting Generative Decoders with Representation Learning and Infilling Capabilities,2025,ACL_2025_Full_Papers.bib
feng-etal-2025-recurrent,Recurrent Knowledge Identification and Fusion for Language Model Continual Learning,2025,ACL_2025_Full_Papers.bib
guo-etal-2025-contrastive,Contrastive Learning on {LLM} Back Generation Treebank for Cross-domain Constituency Parsing,2025,ACL_2025_Full_Papers.bib
wang-etal-2025-mmdend,{MMDEND}: Dendrite-Inspired Multi-Branch Multi-Compartment Parallel Spiking Neuron for Sequence Modeling,2025,ACL_2025_Full_Papers.bib
he-etal-2025-openwebvoyager,"{O}pen{W}eb{V}oyager: Building Multimodal Web Agents via Iterative Real-World Exploration, Feedback and Optimization",2025,ACL_2025_Full_Papers.bib
zhou-etal-2025-focus,{FOCUS}: Evaluating Pre-trained Vision-Language Models on Underspecification Reasoning,2025,ACL_2025_Full_Papers.bib
shao-etal-2025-personal,Personal Travel Solver: A Preference-Driven {LLM}-Solver System for Travel Planning,2025,ACL_2025_Full_Papers.bib
zhou-etal-2025-llmxmapreduce,{LLM}$\times${M}ap{R}educe: Simplified Long-Sequence Processing using Large Language Models,2025,ACL_2025_Full_Papers.bib
kim-etal-2025-knowledge,Knowledge Tracing in Programming Education Integrating Students' Questions,2025,ACL_2025_Full_Papers.bib
li-etal-2025-representations,"Representations of Fact, Fiction and Forecast in Large Language Models: Epistemics and Attitudes",2025,ACL_2025_Full_Papers.bib
zhang-etal-2025-lexical,Lexical Diversity-aware Relevance Assessment for Retrieval-Augmented Generation,2025,ACL_2025_Full_Papers.bib
li-etal-2025-llms-caught,{LLM}s Caught in the Crossfire: Malware Requests and Jailbreak Challenges,2025,ACL_2025_Full_Papers.bib
yin-etal-2025-godel,"G{\""o}del Agent: A Self-Referential Agent Framework for Recursively Self-Improvement",2025,ACL_2025_Full_Papers.bib
xi-etal-2025-agentgym,{A}gent{G}ym: Evaluating and Training Large Language Model-based Agents across Diverse Environments,2025,ACL_2025_Full_Papers.bib
liu-etal-2025-rethinking,Rethinking the Role of Prompting Strategies in {LLM} Test-Time Scaling: A Perspective of Probability Theory,2025,ACL_2025_Full_Papers.bib
bazaga-etal-2025-learning,Learning to Reason Over Time: Timeline Self-Reflection for Improved Temporal Reasoning in Language Models,2025,ACL_2025_Full_Papers.bib
zhu-etal-2025-towards,"Towards Robust Universal Information Extraction: Dataset, Evaluation, and Solution",2025,ACL_2025_Full_Papers.bib
song-etal-2025-temporal,Temporal reasoning for timeline summarisation in social media,2025,ACL_2025_Full_Papers.bib
lommel-etal-2025-beyond,Beyond Negative Stereotypes {--} Non-Negative Abusive Utterances about Identity Groups and Their Semantic Variants,2025,ACL_2025_Full_Papers.bib
hopp-etal-2025-persistent,Persistent Homology of Topic Networks for the Prediction of Reader Curiosity,2025,ACL_2025_Full_Papers.bib
whittington-etal-2025-tokenisation,Tokenisation is {NP}-Complete,2025,ACL_2025_Full_Papers.bib
mircea-etal-2025-training,Training Dynamics Underlying Language Model Scaling Laws: Loss Deceleration and Zero-Sum Learning,2025,ACL_2025_Full_Papers.bib
zhai-etal-2025-parameter,Parameter-Aware Contrastive Knowledge Editing: Tracing and Rectifying based on Critical Transmission Paths,2025,ACL_2025_Full_Papers.bib
su-etal-2025-many,Many Heads Are Better Than One: Improved Scientific Idea Generation by A {LLM}-Based Multi-Agent System,2025,ACL_2025_Full_Papers.bib
chen-etal-2025-inner,Inner Thinking Transformer: Leveraging Dynamic Depth Scaling to Foster Adaptive Internal Thinking,2025,ACL_2025_Full_Papers.bib
jinnai-2025-document,Document-Level Text Generation with Minimum {B}ayes Risk Decoding using Optimal Transport,2025,ACL_2025_Full_Papers.bib
choi-etal-2025-opt,Opt-Out: Investigating Entity-Level Unlearning for Large Language Models via Optimal Transport,2025,ACL_2025_Full_Papers.bib
qiao-etal-2025-mixture,Mixture of Small and Large Models for {C}hinese Spelling Check,2025,ACL_2025_Full_Papers.bib
qiao-etal-2025-disc,{DISC}: Plug-and-Play Decoding Intervention with Similarity of Characters for {C}hinese Spelling Check,2025,ACL_2025_Full_Papers.bib
lesci-etal-2025-causal,Causal Estimation of Tokenisation Bias,2025,ACL_2025_Full_Papers.bib
zhou-etal-2025-value,Value Residual Learning,2025,ACL_2025_Full_Papers.bib
chen-etal-2025-sgic,{SGIC}: A Self-Guided Iterative Calibration Framework for {RAG},2025,ACL_2025_Full_Papers.bib
adilazuarda-etal-2025-nusaaksara,{N}usa{A}ksara: A Multimodal and Multilingual Benchmark for Preserving {I}ndonesian Indigenous Scripts,2025,ACL_2025_Full_Papers.bib
jia-etal-2025-hierarchical,Hierarchical-Task-Aware Multi-modal Mixture of Incremental {L}o{RA} Experts for Embodied Continual Learning,2025,ACL_2025_Full_Papers.bib
tang-etal-2025-spindlekv,{S}pindle{KV}: A Novel {KV} Cache Reduction Method Balancing Both Shallow and Deep Layers,2025,ACL_2025_Full_Papers.bib
wu-etal-2025-medical,Medical Graph {RAG}: Evidence-based Medical Large Language Model via Graph Retrieval-Augmented Generation,2025,ACL_2025_Full_Papers.bib
park-etal-2025-unifying,Unifying Uniform and Binary-coding Quantization for Accurate Compression of Large Language Models,2025,ACL_2025_Full_Papers.bib
wu-etal-2025-agentic,Agentic Reasoning: A Streamlined Framework for Enhancing {LLM} Reasoning with Agentic Tools,2025,ACL_2025_Full_Papers.bib
peng-etal-2025-learn,Learn to Memorize: Scalable Continual Learning in Semiparametric Models with Mixture-of-Neighbors Induction Memory,2025,ACL_2025_Full_Papers.bib
zhang-etal-2025-speed,Speed Up Your Code: Progressive Code Acceleration Through Bidirectional Tree Editing,2025,ACL_2025_Full_Papers.bib
do-etal-2025-multi,Multi-Facet Blending for Faceted Query-by-Example Retrieval,2025,ACL_2025_Full_Papers.bib
garikaparthi-etal-2025-mir,{MIR}: Methodology Inspiration Retrieval for Scientific Research Problems,2025,ACL_2025_Full_Papers.bib
chen-etal-2025-sticking,Sticking to the Mean: Detecting Sticky Tokens in Text Embedding Models,2025,ACL_2025_Full_Papers.bib
xu-etal-2025-memorizing,Memorizing is Not Enough: Deep Knowledge Injection Through Reasoning,2025,ACL_2025_Full_Papers.bib
pyun-etal-2025-improving,Improving Dialogue State Tracking through Combinatorial Search for In-Context Examples,2025,ACL_2025_Full_Papers.bib
dai-etal-2025-pretraining,Pretraining Context Compressor for Large Language Models with Embedding-Based Memory,2025,ACL_2025_Full_Papers.bib
kim-etal-2025-dialogue,Dialogue Systems for Emotional Support via Value Reinforcement,2025,ACL_2025_Full_Papers.bib
zhou-etal-2025-length,Length-Induced Embedding Collapse in {PLM}-based Models,2025,ACL_2025_Full_Papers.bib
gueuwou-etal-2025-shubert,{SH}u{BERT}: Self-Supervised Sign Language Representation Learning via Multi-Stream Cluster Prediction,2025,ACL_2025_Full_Papers.bib
do-etal-2025-eru,{ERU}-{KG}: Efficient Reference-aligned Unsupervised Keyphrase Generation,2025,ACL_2025_Full_Papers.bib
dey-etal-2025-know,Know Your Mistakes: Towards Preventing Overreliance on Task-Oriented Conversational {AI} Through Accountability Modeling,2025,ACL_2025_Full_Papers.bib
zhu-etal-2025-divide,Divide-Then-Aggregate: An Efficient Tool Learning Method via Parallel Tool Invocation,2025,ACL_2025_Full_Papers.bib
lee-etal-2025-seal,{SEAL}: Scaling to Emphasize Attention for Long-Context Retrieval,2025,ACL_2025_Full_Papers.bib
frydenlund-2025-language,"Language Models, Graph Searching, and Supervision Adulteration: When More Supervision is Less and How to Make More More",2025,ACL_2025_Full_Papers.bib
de-langis-etal-2025-llms,How {LLM}s Comprehend Temporal Meaning in Narratives: A Case Study in Cognitive Evaluation of {LLM}s,2025,ACL_2025_Full_Papers.bib
deas-etal-2025-data,Data Caricatures: On the Representation of {A}frican {A}merican Language in Pretraining Corpora,2025,ACL_2025_Full_Papers.bib
lovering-etal-2025-language,Language Model Probabilities are $Not$ Calibrated in Numeric Contexts,2025,ACL_2025_Full_Papers.bib
gao-etal-2025-bypass,Bypass Back-propagation: Optimization-based Structural Pruning for Large Language Models via Policy Gradient,2025,ACL_2025_Full_Papers.bib
kargupta-etal-2025-tree,Tree-of-Debate: Multi-Persona Debate Trees Elicit Critical Thinking for Scientific Comparative Analysis,2025,ACL_2025_Full_Papers.bib
wang-etal-2025-class,Class Distillation with Mahalanobis Contrast: An Efficient Training Paradigm for Pragmatic Language Understanding Tasks,2025,ACL_2025_Full_Papers.bib
djanibekov-etal-2025-dialectal,Dialectal Coverage And Generalization in {A}rabic Speech Recognition,2025,ACL_2025_Full_Papers.bib
bakman-etal-2025-reconsidering,Reconsidering {LLM} Uncertainty Estimation Methods in the Wild,2025,ACL_2025_Full_Papers.bib
cui-etal-2025-see,{SEE}: Strategic Exploration and Exploitation for Cohesive In-Context Prompt Optimization,2025,ACL_2025_Full_Papers.bib
kargupta-etal-2025-beyond,Beyond True or False: Retrieval-Augmented Hierarchical Analysis of Nuanced Claims,2025,ACL_2025_Full_Papers.bib
harel-canada-etal-2025-sandcastles,Sandcastles in the Storm: Revisiting the (Im)possibility of Strong Watermarking,2025,ACL_2025_Full_Papers.bib
kong-etal-2025-time,Time-{MQA}: Time Series Multi-Task Question Answering with Context Enhancement,2025,ACL_2025_Full_Papers.bib
chen-etal-2025-perceptions,From Perceptions to Decisions: Wildfire Evacuation Decision Prediction with Behavioral Theory-informed {LLM}s,2025,ACL_2025_Full_Papers.bib
siingh-etal-2025-getreason,{GETR}eason: Enhancing Image Context Extraction through Hierarchical Multi-Agent Reasoning,2025,ACL_2025_Full_Papers.bib
xiao-etal-2025-unveiling,"Unveiling the Potential of {BERT}-family: A New Recipe for Building Scalable, General and Competitive Large Language Models",2025,ACL_2025_Full_Papers.bib
kargupta-etal-2025-taxoadapt,{T}axo{A}dapt: Aligning {LLM}-Based Multidimensional Taxonomy Construction to Evolving Research Corpora,2025,ACL_2025_Full_Papers.bib
xiao-etal-2025-empirical,An Empirical Study of Iterative Refinements for Non-autoregressive Translation,2025,ACL_2025_Full_Papers.bib
feher-etal-2025-retrofitting,Retrofitting Large Language Models with Dynamic Tokenization,2025,ACL_2025_Full_Papers.bib
padmakumar-etal-2025-principled,Principled Content Selection to Generate Diverse and Personalized Multi-Document Summaries,2025,ACL_2025_Full_Papers.bib
shapira-etal-2025-measuring,Measuring the Effect of Transcription Noise on Downstream Language Understanding Tasks,2025,ACL_2025_Full_Papers.bib
ahmadi-etal-2025-parme,{PARME}: Parallel Corpora for Low-Resourced {M}iddle {E}astern Languages,2025,ACL_2025_Full_Papers.bib
li-etal-2025-metal,{METAL}: A Multi-Agent Framework for Chart Generation with Test-Time Scaling,2025,ACL_2025_Full_Papers.bib
ahmadi-etal-2025-conloan,{C}on{L}oan: A Contrastive Multilingual Dataset for Evaluating Loanwords,2025,ACL_2025_Full_Papers.bib
zhang-etal-2025-meraser,{ME}raser: An Effective Fingerprint Erasure Approach for Large Language Models,2025,ACL_2025_Full_Papers.bib
ma-etal-2025-visa,{VISA}: Retrieval Augmented Generation with Visual Source Attribution,2025,ACL_2025_Full_Papers.bib
ma-etal-2025-drama,{DRAMA}: Diverse Augmentation from Large Language Models to Smaller Dense Retrievers,2025,ACL_2025_Full_Papers.bib
cheng-etal-2025-stochastic,Stochastic Chameleons: Irrelevant Context Hallucinations Reveal Class-Based (Mis)Generalization in {LLM}s,2025,ACL_2025_Full_Papers.bib
li-etal-2025-iris,{IRIS}: Interpretable Retrieval-Augmented Classification for Long Interspersed Document Sequences,2025,ACL_2025_Full_Papers.bib
chen-etal-2025-retrieve,Can we Retrieve Everything All at Once? {ARM}: An Alignment-Oriented {LLM}-based Retrieval Method,2025,ACL_2025_Full_Papers.bib
huang-etal-2025-r2d2,"{R}2{D}2: Remembering, Replaying and Dynamic Decision Making with a Reflective Agentic Memory",2025,ACL_2025_Full_Papers.bib
nawale-etal-2025-fairi,{F}air{I} Tales: Evaluation of Fairness in {I}ndian Contexts with a Focus on Bias and Stereotypes,2025,ACL_2025_Full_Papers.bib
yang-etal-2025-cliperase,{CLIPE}rase: Efficient Unlearning of Visual-Textual Associations in {CLIP},2025,ACL_2025_Full_Papers.bib
wang-etal-2025-vigil3d,{V}i{G}i{L}3{D}: A Linguistically Diverse Dataset for 3{D} Visual Grounding,2025,ACL_2025_Full_Papers.bib
regev-etal-2025-time,The time scale of redundancy between prosody and linguistic context,2025,ACL_2025_Full_Papers.bib
zhou-etal-2025-basic,Basic Reading Distillation,2025,ACL_2025_Full_Papers.bib
zhong-etal-2025-quantized,Quantized Can Still Be Calibrated: A Unified Framework to Calibration in Quantized Large Language Models,2025,ACL_2025_Full_Papers.bib
re-etal-2025-spatio,A Spatio-Temporal Point Process for Fine-Grained Modeling of Reading Behavior,2025,ACL_2025_Full_Papers.bib
zhang-etal-2025-always,More is not always better? Enhancing Many-Shot In-Context Learning with Differentiated and Reweighting Objectives,2025,ACL_2025_Full_Papers.bib
wang-etal-2025-astute,Astute {RAG}: Overcoming Imperfect Retrieval Augmentation and Knowledge Conflicts for Large Language Models,2025,ACL_2025_Full_Papers.bib
saranathan-etal-2025-sublime,{S}ub{LIME}: Subset Selection via Rank Correlation Prediction for Data-Efficient {LLM} Evaluation,2025,ACL_2025_Full_Papers.bib
peng-etal-2025-m3gqa,{M}{\textthreesuperior}{GQA}: A Multi-Entity Multi-Hop Multi-Setting Graph Question Answering Benchmark,2025,ACL_2025_Full_Papers.bib
maharaj-etal-2025-etf,{ETF}: An Entity Tracing Framework for Hallucination Detection in Code Summaries,2025,ACL_2025_Full_Papers.bib
qin-etal-2025-meta,Meta-Tool: Unleash Open-World Function Calling Capabilities of General-Purpose Large Language Models,2025,ACL_2025_Full_Papers.bib
zhu-etal-2025-benchmarking,Benchmarking and Improving Large Vision-Language Models for Fundamental Visual Graph Understanding and Reasoning,2025,ACL_2025_Full_Papers.bib
zhang-etal-2025-cchall,{CCH}all: A Novel Benchmark for Joint Cross-Lingual and Cross-Modal Hallucinations Detection in Large Language Models,2025,ACL_2025_Full_Papers.bib
zou-etal-2025-testnuc,{T}est{NUC}: Enhancing Test-Time Computing Approaches and Scaling through Neighboring Unlabeled Data Consistency,2025,ACL_2025_Full_Papers.bib
rajab-etal-2025-esethu,The Esethu Framework: Reimagining Sustainable Dataset Governance and Curation for Low-Resource Languages,2025,ACL_2025_Full_Papers.bib
hayakawa-sato-2025-theoretical,Theoretical Analysis of Hierarchical Language Recognition and Generation by Transformers without Positional Encoding,2025,ACL_2025_Full_Papers.bib
yildiz-etal-2025-benchmarking,Benchmarking {LLM}s and {LLM}-based Agents in Practical Vulnerability Detection for Code Repositories,2025,ACL_2025_Full_Papers.bib
li-etal-2025-multi,Multi-Modality Expansion and Retention for {LLM}s through Parameter Merging and Decoupling,2025,ACL_2025_Full_Papers.bib
cheng-etal-2025-serial,Serial Lifelong Editing via Mixture of Knowledge Experts,2025,ACL_2025_Full_Papers.bib
zeng-etal-2025-imol,{IMOL}: Incomplete-Modality-Tolerant Learning for Multi-Domain Fake News Video Detection,2025,ACL_2025_Full_Papers.bib
wu-etal-2025-ddxtutor,{DD}x{T}utor: Clinical Reasoning Tutoring System with Differential Diagnosis-Based Structured Reasoning,2025,ACL_2025_Full_Papers.bib
zhou-etal-2025-socialeval,{S}ocial{E}val: Evaluating Social Intelligence of Large Language Models,2025,ACL_2025_Full_Papers.bib
miah-etal-2025-hidden,Hidden in Plain Sight: Evaluation of the Deception Detection Capabilities of {LLM}s in Multimodal Settings,2025,ACL_2025_Full_Papers.bib
liu-etal-2025-analyzing,Analyzing and Mitigating Inconsistency in Discrete Speech Tokens for Neural Codec Language Models,2025,ACL_2025_Full_Papers.bib
zheng-etal-2025-planningarena,{P}lanning{A}rena: A Modular Benchmark for Multidimensional Evaluation of Planning and Tool Learning,2025,ACL_2025_Full_Papers.bib
li-etal-2025-focusllm,{F}ocus{LLM}: Precise Understanding of Long Context by Dynamic Condensing,2025,ACL_2025_Full_Papers.bib
vanzo-etal-2025-gpt,{GPT}-4 as a Homework Tutor Can Improve Student Engagement and Learning Outcomes,2025,ACL_2025_Full_Papers.bib
bayramli-etal-2025-diffusion,Diffusion Models Through a Global Lens: Are They Culturally Inclusive?,2025,ACL_2025_Full_Papers.bib
zhang-etal-2025-citynavagent,{C}ity{N}av{A}gent: Aerial Vision-and-Language Navigation with Hierarchical Semantic Planning and Global Memory,2025,ACL_2025_Full_Papers.bib
zaitova-etal-2025-walk,It{'}s Not a Walk in the Park! Challenges of Idiom Translation in Speech-to-text Systems,2025,ACL_2025_Full_Papers.bib
guo-etal-2025-parameter,A Parameter-Efficient and Fine-Grained Prompt Learning for Vision-Language Models,2025,ACL_2025_Full_Papers.bib
lim-etal-2025-persona,Persona Dynamics: Unveiling the Impact of Persona Traits on Agents in Text-Based Games,2025,ACL_2025_Full_Papers.bib
zhang-etal-2025-re3syn,Re$^{3}$Syn: A Dependency-Based Data Synthesis Framework for Long-Context Post-training,2025,ACL_2025_Full_Papers.bib
jang-etal-2025-enabling,Enabling Chatbots with Eyes and Ears: An Immersive Multimodal Conversation System for Dynamic Interactions,2025,ACL_2025_Full_Papers.bib
su-etal-2025-taclr,{TACLR}: A Scalable and Efficient Retrieval-based Method for Industrial Product Attribute Value Identification,2025,ACL_2025_Full_Papers.bib
chen-etal-2025-theory,Theory of Mind in Large Language Models: Assessment and Enhancement,2025,ACL_2025_Full_Papers.bib
chen-etal-2025-clasp,{CL}a{S}p: In-Context Layer Skip for Self-Speculative Decoding,2025,ACL_2025_Full_Papers.bib
kruengkrai-yoshino-2025-teaching,Teaching Text Agents to Learn Sequential Decision Making from Failure,2025,ACL_2025_Full_Papers.bib
tsipidi-etal-2025-harmonic,The Harmonic Structure of Information Contours,2025,ACL_2025_Full_Papers.bib
lu-etal-2025-longsafety,{L}ong{S}afety: Evaluating Long-Context Safety of Large Language Models,2025,ACL_2025_Full_Papers.bib
yuan-etal-2025-exploiting,Exploiting Contextual Knowledge in {LLM}s through $\mathcal{V}$-usable Information based Layer Enhancement,2025,ACL_2025_Full_Papers.bib
alomari-etal-2025-maximal,Maximal Matching Matters: Preventing Representation Collapse for Robust Cross-Modal Retrieval,2025,ACL_2025_Full_Papers.bib
chen-etal-2025-noisy,The Noisy Path from Source to Citation: Measuring How Scholars Engage with Past Research,2025,ACL_2025_Full_Papers.bib
yang-etal-2025-maple,{MAPLE}: Enhancing Review Generation with Multi-Aspect Prompt {LE}arning in Explainable Recommendation,2025,ACL_2025_Full_Papers.bib
dumas-etal-2025-separating,Separating Tongue from Thought: Activation Patching Reveals Language-Agnostic Concept Representations in Transformers,2025,ACL_2025_Full_Papers.bib
xiong-etal-2025-deliberate,Deliberate Reasoning in Language Models as Structure-Aware Planning with an Accurate World Model,2025,ACL_2025_Full_Papers.bib
liu-etal-2025-refining,Refining Salience-Aware Sparse Fine-Tuning Strategies for Language Models,2025,ACL_2025_Full_Papers.bib
xiao-etal-2025-efficient,Efficient Many-Shot In-Context Learning with Dynamic Block-Sparse Attention,2025,ACL_2025_Full_Papers.bib
pan-etal-2025-scalebio,{S}cale{B}i{O}: Scalable Bilevel Optimization for {LLM} Data Reweighting,2025,ACL_2025_Full_Papers.bib
lotz-etal-2025-beyond,Beyond Text Compression: Evaluating Tokenizers Across Scales,2025,ACL_2025_Full_Papers.bib
elhady-etal-2025-emergent,Emergent Abilities of Large Language Models under Continued Pre-training for Language Adaptation,2025,ACL_2025_Full_Papers.bib
havaldar-etal-2025-towards,Towards Style Alignment in Cross-Cultural Translation,2025,ACL_2025_Full_Papers.bib
li-etal-2025-tic,{T}i{C}-{LM}: A Web-Scale Benchmark for Time-Continual {LLM} Pretraining,2025,ACL_2025_Full_Papers.bib
havaldar-etal-2025-entailed,Entailed Between the Lines: Incorporating Implication into {NLI},2025,ACL_2025_Full_Papers.bib
monteiro-paes-etal-2025-multi,Multi-Level Explanations for Generative Language Models,2025,ACL_2025_Full_Papers.bib
ouyang-etal-2025-low,Low-Bit Quantization Favors Undertrained {LLM}s,2025,ACL_2025_Full_Papers.bib
kaur-etal-2025-lets,{LETS}-{C}: Leveraging Text Embedding for Time Series Classification,2025,ACL_2025_Full_Papers.bib
park-etal-2025-helios,"{HELIOS}: Harmonizing Early Fusion, Late Fusion, and {LLM} Reasoning for Multi-Granular Table-Text Retrieval",2025,ACL_2025_Full_Papers.bib
zhang-etal-2025-prompt-design,Why Prompt Design Matters and Works: A Complexity Analysis of Prompt Search Space in {LLM}s,2025,ACL_2025_Full_Papers.bib
fernandez-etal-2025-energy,Energy Considerations of Large Language Model Inference and Efficiency Optimizations,2025,ACL_2025_Full_Papers.bib
wang-etal-2025-logic,Logic-Regularized Verifier Elicits Reasoning from {LLM}s,2025,ACL_2025_Full_Papers.bib
hooper-etal-2025-squeezed,Squeezed Attention: Accelerating Long Context Length {LLM} Inference,2025,ACL_2025_Full_Papers.bib
du-etal-2025-neural,Neural Parameter Search for Slimmer Fine-Tuned Models and Better Transfer,2025,ACL_2025_Full_Papers.bib
yuan-etal-2025-merge,Merge Hijacking: Backdoor Attacks to Model Merging of Large Language Models,2025,ACL_2025_Full_Papers.bib
adebara-etal-2025-evaluating,Where Are We? Evaluating {LLM} Performance on {A}frican Languages,2025,ACL_2025_Full_Papers.bib
qin-etal-2025-beyond,Beyond Output Matching: Bidirectional Alignment for Enhanced In-Context Learning,2025,ACL_2025_Full_Papers.bib
hu-etal-2025-hiagent,{H}i{A}gent: Hierarchical Working Memory Management for Solving Long-Horizon Agent Tasks with Large Language Model,2025,ACL_2025_Full_Papers.bib
sui-etal-2025-kristeva,{KRISTEVA}: Close Reading as a Novel Task for Benchmarking Interpretive Reasoning,2025,ACL_2025_Full_Papers.bib
zhang-etal-2025-cfbench,{CFB}ench: A Comprehensive Constraints-Following Benchmark for {LLM}s,2025,ACL_2025_Full_Papers.bib
oyama-etal-2025-mapping,"Mapping 1,000+ Language Models via the Log-Likelihood Vector",2025,ACL_2025_Full_Papers.bib
fatahi-bayat-etal-2025-factbench,{F}act{B}ench: A Dynamic Benchmark for In-the-Wild Language Model Factuality Evaluation,2025,ACL_2025_Full_Papers.bib
fu-etal-2025-training,Training-free {LLM} Merging for Multi-task Learning,2025,ACL_2025_Full_Papers.bib
wu-etal-2025-socialcc,{S}ocial{CC}: Interactive Evaluation for Cultural Competence in Language Agents,2025,ACL_2025_Full_Papers.bib
ji-etal-2025-towards,Towards Economical Inference: Enabling {D}eep{S}eek{'}s Multi-Head Latent Attention in Any Transformer-based {LLM}s,2025,ACL_2025_Full_Papers.bib
wu-etal-2025-tetris,{TETRIS}: Optimal Draft Token Selection for Batch Speculative Decoding,2025,ACL_2025_Full_Papers.bib
song-etal-2025-introducing,Introducing Verification Task of Set Consistency with Set-Consistency Energy Networks,2025,ACL_2025_Full_Papers.bib
dogra-etal-2025-language,Language Models can Subtly Deceive Without Lying: A Case Study on Strategic Phrasing in Legislation,2025,ACL_2025_Full_Papers.bib
olaleye-etal-2025-afrocs,"{A}fro{CS}-xs: Creating a Compact, High-Quality, Human-Validated Code-Switched Dataset for {A}frican Languages",2025,ACL_2025_Full_Papers.bib
qorib-etal-2025-just,Just Go Parallel: Improving the Multilingual Capabilities of Large Language Models,2025,ACL_2025_Full_Papers.bib
li-etal-2025-design,Design Choices for Extending the Context Length of Visual Language Models,2025,ACL_2025_Full_Papers.bib
acl-2024-long,Proceedings of the 62nd Annual Meeting of the Association for Computational Linguistics (Volume 1: Long Papers),2024,ACL_2024_Full_Papers.bib
zhang-etal-2024-quantized,Quantized Side Tuning: Fast and Memory-Efficient Tuning of Quantized Large Language Models,2024,ACL_2024_Full_Papers.bib
zhang-etal-2024-unsupervised,Unsupervised Multimodal Clustering for Semantics Discovery in Multimodal Utterances,2024,ACL_2024_Full_Papers.bib
li-etal-2024-mage,{MAGE}: Machine-generated Text Detection in the Wild,2024,ACL_2024_Full_Papers.bib
hu-etal-2024-gentranslate,{G}en{T}ranslate: Large Language Models are Generative Multilingual Speech and Machine Translators,2024,ACL_2024_Full_Papers.bib
xu-etal-2024-exploring,Exploring Chain-of-Thought for Multi-modal Metaphor Detection,2024,ACL_2024_Full_Papers.bib
du-etal-2024-bitdistiller,{B}it{D}istiller: Unleashing the Potential of Sub-4-Bit {LLM}s via Self-Distillation,2024,ACL_2024_Full_Papers.bib
chen-etal-2024-unified,A Unified Temporal Knowledge Graph Reasoning Model Towards Interpolation and Extrapolation,2024,ACL_2024_Full_Papers.bib
xu-etal-2024-unsupervised,Unsupervised Information Refinement Training of Large Language Models for Retrieval-Augmented Generation,2024,ACL_2024_Full_Papers.bib
dong-etal-2024-abilities,How Abilities in Large Language Models are Affected by Supervised Fine-tuning Data Composition,2024,ACL_2024_Full_Papers.bib
dalal-etal-2024-inference,Inference to the Best Explanation in Large Language Models,2024,ACL_2024_Full_Papers.bib
chen-etal-2024-minprompt,{M}in{P}rompt: Graph-based Minimal Prompt Data Augmentation for Few-shot Question Answering,2024,ACL_2024_Full_Papers.bib
hu-etal-2024-sportsmetrics,{S}ports{M}etrics: Blending Text and Numerical Data to Understand Information Fusion in {LLM}s,2024,ACL_2024_Full_Papers.bib
wang-etal-2024-scimon,{S}ci{MON}: Scientific Inspiration Machines Optimized for Novelty,2024,ACL_2024_Full_Papers.bib
wang-etal-2024-mementos,Mementos: A Comprehensive Benchmark for Multimodal Large Language Model Reasoning over Image Sequences,2024,ACL_2024_Full_Papers.bib
peng-etal-2024-answer,Answer is All You Need: Instruction-following Text Embedding via Answering the Question,2024,ACL_2024_Full_Papers.bib
xie-etal-2024-gradsafe,{G}rad{S}afe: Detecting Jailbreak Prompts for {LLM}s via Safety-Critical Gradient Analysis,2024,ACL_2024_Full_Papers.bib
lee-etal-2024-pouring,Pouring Your Heart Out: Investigating the Role of Figurative Language in Online Expressions of Empathy,2024,ACL_2024_Full_Papers.bib
wang-etal-2024-information,An Information-Theoretic Approach to Analyze {NLP} Classification Tasks,2024,ACL_2024_Full_Papers.bib
zhang-etal-2024-model,Can Your Model Tell a Negation from an Implicature? Unravelling Challenges With Intent Encoders,2024,ACL_2024_Full_Papers.bib
shi-etal-2024-opex,{OPE}x: A Component-Wise Analysis of {LLM}-Centric Agents in Embodied Instruction Following,2024,ACL_2024_Full_Papers.bib
xie-etal-2024-doclens,{D}oc{L}ens: Multi-aspect Fine-grained Evaluation for Medical Text Generation,2024,ACL_2024_Full_Papers.bib
yoo-etal-2024-hyper,Hyper-{CL}: Conditioning Sentence Representations with Hypernetworks,2024,ACL_2024_Full_Papers.bib
lim-etal-2024-analysis,Analysis of Multi-Source Language Training in Cross-Lingual Transfer,2024,ACL_2024_Full_Papers.bib
bandarkar-etal-2024-belebele,The Belebele Benchmark: a Parallel Reading Comprehension Dataset in 122 Language Variants,2024,ACL_2024_Full_Papers.bib
an-etal-2024-learn,Learn from Failure: Fine-tuning {LLM}s with Trial-and-Error Data for Intuitionistic Propositional Logic Proving,2024,ACL_2024_Full_Papers.bib
lee-etal-2024-interactive,Interactive Text-to-Image Retrieval with Large Language Models: A Plug-and-Play Approach,2024,ACL_2024_Full_Papers.bib
lin-etal-2024-token,Token-wise Influential Training Data Retrieval for Large Language Models,2024,ACL_2024_Full_Papers.bib
weinzierl-harabagiu-2024-tree,Tree-of-Counterfactual Prompting for Zero-Shot Stance Detection,2024,ACL_2024_Full_Papers.bib
koh-etal-2024-visualwebarena,{V}isual{W}eb{A}rena: Evaluating Multimodal Agents on Realistic Visual Web Tasks,2024,ACL_2024_Full_Papers.bib
song-etal-2024-finesure,{F}ine{S}ur{E}: Fine-grained Summarization Evaluation using {LLM}s,2024,ACL_2024_Full_Papers.bib
zhan-etal-2024-prompt,Prompt Refinement with Image Pivot for Text-to-Image Generation,2024,ACL_2024_Full_Papers.bib
mita-etal-2024-striking,Striking Gold in Advertising: Standardization and Exploration of Ad Text Generation,2024,ACL_2024_Full_Papers.bib
zhou-etal-2024-reflect,Reflect-{RL}: Two-Player Online {RL} Fine-Tuning for {LM}s,2024,ACL_2024_Full_Papers.bib
yang-etal-2024-chatgpts,Can {C}hat{GPT}{'}s Performance be Improved on Verb Metaphor Detection Tasks? Bootstrapping and Combining Tacit Knowledge,2024,ACL_2024_Full_Papers.bib
zhu-etal-2024-information,An Information Bottleneck Perspective for Effective Noise Filtering on Retrieval-Augmented Generation,2024,ACL_2024_Full_Papers.bib
qian-etal-2024-tell,Tell Me More! Towards Implicit User Intention Understanding of Language Model Driven Agents,2024,ACL_2024_Full_Papers.bib
chu-etal-2024-navigate,"Navigate through Enigmatic Labyrinth A Survey of Chain of Thought Reasoning: Advances, Frontiers and Future",2024,ACL_2024_Full_Papers.bib
chu-etal-2024-timebench,{T}ime{B}ench: A Comprehensive Evaluation of Temporal Reasoning Abilities in Large Language Models,2024,ACL_2024_Full_Papers.bib
yuan-etal-2024-analogykb,{ANALOGYKB}: Unlocking Analogical Reasoning of Language Models with A Million-scale Knowledge Base,2024,ACL_2024_Full_Papers.bib
feng-etal-2024-tasl,{T}a{SL}: Continual Dialog State Tracking via Task Skill Localization and Consolidation,2024,ACL_2024_Full_Papers.bib
dai-etal-2024-deepseekmoe,{D}eep{S}eek{M}o{E}: Towards Ultimate Expert Specialization in Mixture-of-Experts Language Models,2024,ACL_2024_Full_Papers.bib
qian-etal-2024-grounding,Grounding Language Model with Chunking-Free In-Context Retrieval,2024,ACL_2024_Full_Papers.bib
bai-etal-2024-advancing,Advancing Abductive Reasoning in Knowledge Graphs through Complex Logical Hypothesis Generation,2024,ACL_2024_Full_Papers.bib
zhao-etal-2024-easygen,{E}asy{G}en: Easing Multimodal Generation with {B}i{D}iffuser and {LLM}s,2024,ACL_2024_Full_Papers.bib
baes-etal-2024-multidimensional,A Multidimensional Framework for Evaluating Lexical Semantic Change with Social Science Applications,2024,ACL_2024_Full_Papers.bib
huang-etal-2024-mitigating,Mitigating Catastrophic Forgetting in Large Language Models with Self-Synthesized Rehearsal,2024,ACL_2024_Full_Papers.bib
wen-etal-2024-transitive,Transitive Consistency Constrained Learning for Entity-to-Entity Stance Detection,2024,ACL_2024_Full_Papers.bib
li-etal-2024-feature-adaptive,Feature-Adaptive and Data-Scalable In-Context Learning,2024,ACL_2024_Full_Papers.bib
zhang-etal-2024-probing,Probing the Multi-turn Planning Capabilities of {LLM}s via 20 Question Games,2024,ACL_2024_Full_Papers.bib
ma-etal-2024-non,A Non-autoregressive Generation Framework for End-to-End Simultaneous Speech-to-Any Translation,2024,ACL_2024_Full_Papers.bib
liu-etal-2024-probing,Probing Language Models for Pre-training Data Detection,2024,ACL_2024_Full_Papers.bib
zhang-etal-2024-analyzing,"Analyzing Temporal Complex Events with Large Language Models? A Benchmark towards Temporal, Long Context Understanding",2024,ACL_2024_Full_Papers.bib
wang-etal-2024-language-model,Language Model Adaption for Reinforcement Learning with Natural Language Action Space,2024,ACL_2024_Full_Papers.bib
sakurai-miyao-2024-evaluating,Evaluating Intention Detection Capability of Large Language Models in Persuasive Dialogues,2024,ACL_2024_Full_Papers.bib
jiang-etal-2024-longllmlingua,{L}ong{LLML}ingua: Accelerating and Enhancing {LLM}s in Long Context Scenarios via Prompt Compression,2024,ACL_2024_Full_Papers.bib
xiao-etal-2024-healme,{H}eal{M}e: Harnessing Cognitive Reframing in Large Language Models for Psychotherapy,2024,ACL_2024_Full_Papers.bib
guo-etal-2024-multimodal,Multimodal Prompt Learning with Missing Modalities for Sentiment Analysis and Emotion Recognition,2024,ACL_2024_Full_Papers.bib
li-wang-2024-detection,Detection-Correction Structure via General Language Model for Grammatical Error Correction,2024,ACL_2024_Full_Papers.bib
zhu-etal-2024-generative,Generative Pre-trained Speech Language Model with Efficient Hierarchical Transformer,2024,ACL_2024_Full_Papers.bib
zhang-etal-2024-selene,Selene: Pioneering Automated Proof in Software Verification,2024,ACL_2024_Full_Papers.bib
li-li-2024-aoe,{A}o{E}: Angle-optimized Embeddings for Semantic Textual Similarity,2024,ACL_2024_Full_Papers.bib
wang-etal-2024-incharacter,{I}n{C}haracter: Evaluating Personality Fidelity in Role-Playing Agents through Psychological Interviews,2024,ACL_2024_Full_Papers.bib
liu-etal-2024-detectgpt,Does {D}etect{GPT} Fully Utilize Perturbation? Bridging Selective Perturbation to Fine-tuned Contrastive Learning Detector would be Better,2024,ACL_2024_Full_Papers.bib
dou-etal-2024-loramoe,{L}o{RAM}o{E}: Alleviating World Knowledge Forgetting in Large Language Models via {M}o{E}-Style Plugin,2024,ACL_2024_Full_Papers.bib
wang-etal-2024-rag,{M}-{RAG}: Reinforcing Large Language Model Performance through Retrieval-Augmented Generation with Multiple Partitions,2024,ACL_2024_Full_Papers.bib
yang-etal-2024-air,{AIR}-Bench: Benchmarking Large Audio-Language Models via Generative Comprehension,2024,ACL_2024_Full_Papers.bib
ren-etal-2024-valuebench,{V}alue{B}ench: Towards Comprehensively Evaluating Value Orientations and Understanding of Large Language Models,2024,ACL_2024_Full_Papers.bib
solano-etal-2024-sparsefit,{S}parse{F}it: Few-shot Prompting with Sparse Fine-tuning for Jointly Generating Predictions and Natural Language Explanations,2024,ACL_2024_Full_Papers.bib
fang-etal-2024-reano,{REANO}: Optimising Retrieval-Augmented Reader Models through Knowledge Graph Generation,2024,ACL_2024_Full_Papers.bib
zhang-etal-2024-learning,Learning Disentangled Semantic Spaces of Explanations via Invertible Neural Networks,2024,ACL_2024_Full_Papers.bib
ma-etal-2024-mops,{M}o{PS}: Modular Story Premise Synthesis for Open-Ended Automatic Story Generation,2024,ACL_2024_Full_Papers.bib
ye-etal-2024-toolsword,{T}ool{S}word: Unveiling Safety Issues of Large Language Models in Tool Learning Across Three Stages,2024,ACL_2024_Full_Papers.bib
zhao-etal-2024-lrquant,{LRQ}uant: Learnable and Robust Post-Training Quantization for Large Language Models,2024,ACL_2024_Full_Papers.bib
yin-etal-2024-benchmarking,Benchmarking Knowledge Boundary for Large Language Models: A Different Perspective on Model Evaluation,2024,ACL_2024_Full_Papers.bib
yoon-etal-2024-listt5,{L}ist{T}5: Listwise Reranking with Fusion-in-Decoder Improves Zero-shot Retrieval,2024,ACL_2024_Full_Papers.bib
chen-etal-2024-exploring-potential,Exploring the Potential of Large Language Models in Computational Argumentation,2024,ACL_2024_Full_Papers.bib
moskvoretskii-etal-2024-taxollama,{T}axo{LL}a{MA}: {W}ord{N}et-based Model for Solving Multiple Lexical Semantic Tasks,2024,ACL_2024_Full_Papers.bib
hao-etal-2024-meft,{MEFT}: Memory-Efficient Fine-Tuning through Sparse Adapter,2024,ACL_2024_Full_Papers.bib
chavan-etal-2024-surgical,"Surgical Feature-Space Decomposition of {LLM}s: Why, When and How?",2024,ACL_2024_Full_Papers.bib
yin-etal-2024-reasoning,Reasoning in Flux: Enhancing Large Language Models Reasoning through Uncertainty-aware Adaptive Guidance,2024,ACL_2024_Full_Papers.bib
dong-etal-2024-modality,Modality-Aware Integration with Large Language Models for Knowledge-Based Visual Question Answering,2024,ACL_2024_Full_Papers.bib
liu-etal-2024-unlocking-data,Unlocking Data-free Low-bit Quantization with Matrix Decomposition for {KV} Cache Compression,2024,ACL_2024_Full_Papers.bib
kim-etal-2024-verifiner,{V}erifi{NER}: Verification-augmented {NER} via Knowledge-grounded Reasoning with Large Language Models,2024,ACL_2024_Full_Papers.bib
liu-etal-2024-translico,{T}ransli{C}o: A Contrastive Learning Framework to Address the Script Barrier in Multilingual Pretrained Language Models,2024,ACL_2024_Full_Papers.bib
raina-etal-2024-extreme,Extreme Miscalibration and the Illusion of Adversarial Robustness,2024,ACL_2024_Full_Papers.bib
zheng-etal-2024-hycorec,{H}y{C}o{R}ec: Hypergraph-Enhanced Multi-Preference Learning for Alleviating Matthew Effect in Conversational Recommendation,2024,ACL_2024_Full_Papers.bib
nylund-etal-2024-time,Time is Encoded in the Weights of Finetuned Language Models,2024,ACL_2024_Full_Papers.bib
yen-etal-2024-long,Long-Context Language Modeling with Parallel Context Encoding,2024,ACL_2024_Full_Papers.bib
yao-etal-2024-sirllm,{S}ir{LLM}: Streaming Infinite Retentive {LLM},2024,ACL_2024_Full_Papers.bib
feng-etal-2024-imo,{IMO}: Greedy Layer-Wise Sparse Representation Learning for Out-of-Distribution Text Classification with Pre-trained Models,2024,ACL_2024_Full_Papers.bib
hu-etal-2024-generative,Generative Pretrained Structured Transformers: Unsupervised Syntactic Language Models at Scale,2024,ACL_2024_Full_Papers.bib
zhang-etal-2024-mela,{MELA}: Multilingual Evaluation of Linguistic Acceptability,2024,ACL_2024_Full_Papers.bib
zhou-etal-2024-copyne,{C}opy{NE}: Better Contextual {ASR} by Copying Named Entities,2024,ACL_2024_Full_Papers.bib
chen-etal-2024-table,Is Table Retrieval a Solved Problem? Exploring Join-Aware Multi-Table Retrieval,2024,ACL_2024_Full_Papers.bib
chen-etal-2024-generalizing,Generalizing Conversational Dense Retrieval via {LLM}-Cognition Data Augmentation,2024,ACL_2024_Full_Papers.bib
sun-etal-2024-itd,{I}t{D}: Large Language Models Can Teach Themselves Induction through Deduction,2024,ACL_2024_Full_Papers.bib
zhou-etal-2024-enhancing-context,Enhancing In-Context Learning via Implicit Demonstration Augmentation,2024,ACL_2024_Full_Papers.bib
cheng-etal-2024-interpreting,Interpreting Conversational Dense Retrieval by Rewriting-Enhanced Inversion of Session Embedding,2024,ACL_2024_Full_Papers.bib
wang-etal-2024-stumbling,Stumbling Blocks: Stress Testing the Robustness of Machine-Generated Text Detectors Under Attacks,2024,ACL_2024_Full_Papers.bib
huang-etal-2024-training,Training Language Models to Generate Text with Citations via Fine-grained Rewards,2024,ACL_2024_Full_Papers.bib
li-etal-2024-hypergraph,Hypergraph based Understanding for Document Semantic Entity Recognition,2024,ACL_2024_Full_Papers.bib
li-etal-2024-gsm,{GSM}-Plus: A Comprehensive Benchmark for Evaluating the Robustness of {LLM}s as Mathematical Problem Solvers,2024,ACL_2024_Full_Papers.bib
t-y-s-s-etal-2024-chronoslex,{C}hronos{L}ex: Time-aware Incremental Training for Temporal Generalization of Legal Classification Tasks,2024,ACL_2024_Full_Papers.bib
gao-etal-2024-virtual,Virtual Compiler Is All You Need For Assembly Code Search,2024,ACL_2024_Full_Papers.bib
ren-etal-2024-melora,{MEL}o{RA}: Mini-Ensemble Low-Rank Adapters for Parameter-Efficient Fine-Tuning,2024,ACL_2024_Full_Papers.bib
yang-etal-2024-iterative,An Iterative Associative Memory Model for Empathetic Response Generation,2024,ACL_2024_Full_Papers.bib
wang-etal-2024-detoxifying,Detoxifying Large Language Models via Knowledge Editing,2024,ACL_2024_Full_Papers.bib
bai-etal-2024-longbench,"{L}ong{B}ench: A Bilingual, Multitask Benchmark for Long Context Understanding",2024,ACL_2024_Full_Papers.bib
chen-etal-2024-dr,{D}r.{A}cademy: A Benchmark for Evaluating Questioning Capability in Education for Large Language Models,2024,ACL_2024_Full_Papers.bib
zhou-etal-2024-vista,{VISTA}: Visualized Text Embedding For Universal Multi-Modal Retrieval,2024,ACL_2024_Full_Papers.bib
park-etal-2024-open,Open {K}o-{LLM} Leaderboard: Evaluating Large Language Models in {K}orean with {K}o-H5 Benchmark,2024,ACL_2024_Full_Papers.bib
chen-etal-2024-unified-hallucination,Unified Hallucination Detection for Multimodal Large Language Models,2024,ACL_2024_Full_Papers.bib
ren-etal-2024-empowering,Empowering Character-level Text Infilling by Eliminating Sub-Tokens,2024,ACL_2024_Full_Papers.bib
ko-etal-2024-growover,{G}row{OVER}: How Can {LLM}s Adapt to Growing Real-World Knowledge?,2024,ACL_2024_Full_Papers.bib
slobodkin-etal-2024-attribute,"Attribute First, then Generate: Locally-attributable Grounded Text Generation",2024,ACL_2024_Full_Papers.bib
yin-etal-2024-t2s,{T}2{S}-{GPT}: Dynamic Vector Quantization for Autoregressive Sign Language Production from Text,2024,ACL_2024_Full_Papers.bib
zhu-etal-2024-beyond,Beyond Memorization: The Challenge of Random Memory Access in Language Models,2024,ACL_2024_Full_Papers.bib
chen-etal-2024-timeline,Timeline-based Sentence Decomposition with In Context Learning for Temporal Fact Extraction,2024,ACL_2024_Full_Papers.bib
aitken-etal-2024-collaboration,Collaboration or Corporate Capture? Quantifying {NLP}{'}s Reliance on Industry Artifacts and Contributions,2024,ACL_2024_Full_Papers.bib
datta-etal-2024-prompt,Prompt Expansion for Adaptive Text-to-Image Generation,2024,ACL_2024_Full_Papers.bib
li-etal-2024-llama2vec,{L}lama2{V}ec: Unsupervised Adaptation of Large Language Models for Dense Retrieval,2024,ACL_2024_Full_Papers.bib
nguyen-etal-2024-democratizing,Democratizing {LLM}s for Low-Resource Languages by Leveraging their {E}nglish Dominant Abilities with Linguistically-Diverse Prompts,2024,ACL_2024_Full_Papers.bib
zhang-etal-2024-multi-task,A Multi-Task Embedder For Retrieval Augmented {LLM}s,2024,ACL_2024_Full_Papers.bib
lee-lim-2024-language,Language Models Don{'}t Learn the Physical Manifestation of Language,2024,ACL_2024_Full_Papers.bib
zhang-etal-2024-self-contrast,Self-Contrast: Better Reflection Through Inconsistent Solving Perspectives,2024,ACL_2024_Full_Papers.bib
wang-etal-2024-unity,Unity in Diversity: Collaborative Pre-training Across Multimodal Medical Sources,2024,ACL_2024_Full_Papers.bib
papi-etal-2024-good,When Good and Reproducible Results are a Giant with Feet of Clay: The Importance of Software Quality in {NLP},2024,ACL_2024_Full_Papers.bib
gaido-etal-2024-sbaam,{SBAAM}! Eliminating Transcript Dependency in Automatic Subtitling,2024,ACL_2024_Full_Papers.bib
papi-etal-2024-streamatt,{S}tream{A}tt: Direct Streaming Speech-to-Text Translation with Attention-based Audio History Selection,2024,ACL_2024_Full_Papers.bib
bang-etal-2024-crayon,Crayon: Customized On-Device {LLM} via Instant Adapter Blending and Edge-Server Hybrid Inference,2024,ACL_2024_Full_Papers.bib
lee-etal-2024-fleur,{FLEUR}: An Explainable Reference-Free Evaluation Metric for Image Captioning Using a Large Multimodal Model,2024,ACL_2024_Full_Papers.bib
dai-etal-2024-mpcoder,{MPC}oder: Multi-user Personalized Code Generator with Explicit and Implicit Style Representation Learning,2024,ACL_2024_Full_Papers.bib
shao-etal-2024-understanding,Understanding and Addressing the Under-Translation Problem from the Perspective of Decoding Objective,2024,ACL_2024_Full_Papers.bib
liu-etal-2024-identifying,Identifying while Learning for Document Event Causality Identification,2024,ACL_2024_Full_Papers.bib
lee-etal-2024-semiparametric,Semiparametric Token-Sequence Co-Supervision,2024,ACL_2024_Full_Papers.bib
guo-etal-2024-instruction,Instruction Fusion: Advancing Prompt Evolution through Hybridization,2024,ACL_2024_Full_Papers.bib
zeng-etal-2024-exploring,Exploring Memorization in Fine-tuned Language Models,2024,ACL_2024_Full_Papers.bib
wang-etal-2024-instruct,"Instruct Once, Chat Consistently in Multiple Rounds: An Efficient Tuning Framework for Dialogue",2024,ACL_2024_Full_Papers.bib
he-etal-2024-softdedup,{S}oft{D}edup: an Efficient Data Reweighting Method for Speeding Up Language Model Pre-training,2024,ACL_2024_Full_Papers.bib
tan-etal-2024-learning,Learning Global Controller in Latent Space for Parameter-Efficient Fine-Tuning,2024,ACL_2024_Full_Papers.bib
chen-etal-2024-camml,{C}a{MML}: Context-Aware Multimodal Learner for Large Models,2024,ACL_2024_Full_Papers.bib
fan-etal-2024-nphardeval,{NPH}ard{E}val: Dynamic Benchmark on Reasoning Ability of Large Language Models via Complexity Classes,2024,ACL_2024_Full_Papers.bib
he-etal-2024-watermarks,Can Watermarks Survive Translation? On the Cross-lingual Consistency of Text Watermark for Large Language Models,2024,ACL_2024_Full_Papers.bib
shankar-etal-2024-context,In-context Mixing ({ICM}): Code-mixed Prompts for Multilingual {LLM}s,2024,ACL_2024_Full_Papers.bib
huang-etal-2024-transferable,Transferable Embedding Inversion Attack: Uncovering Privacy Risks in Text Embeddings without Model Queries,2024,ACL_2024_Full_Papers.bib
ying-etal-2024-intuitive,Intuitive or Dependent? Investigating {LLM}s' Behavior Style to Conflicting Prompts,2024,ACL_2024_Full_Papers.bib
zhu-etal-2024-coca,{C}o{CA}: Fusing Position Embedding with Collinear Constrained Attention in Transformers for Long Context Window Extending,2024,ACL_2024_Full_Papers.bib
trienes-etal-2024-infolossqa,{I}nfo{L}oss{QA}: Characterizing and Recovering Information Loss in Text Simplification,2024,ACL_2024_Full_Papers.bib
wang-etal-2024-dapr,{DAPR}: A Benchmark on Document-Aware Passage Retrieval,2024,ACL_2024_Full_Papers.bib
xue-etal-2024-strengthened,Strengthened Symbol Binding Makes Large Language Models Reliable Multiple-Choice Selectors,2024,ACL_2024_Full_Papers.bib
chen-etal-2024-sac,{SAC}-{KG}: Exploiting Large Language Models as Skilled Automatic Constructors for Domain Knowledge Graph,2024,ACL_2024_Full_Papers.bib
yang-etal-2024-uncertainty-guided,Uncertainty-Guided Modal Rebalance for Hateful Memes Detection,2024,ACL_2024_Full_Papers.bib
glockner-etal-2024-missci,Missci: Reconstructing Fallacies in Misrepresented Science,2024,ACL_2024_Full_Papers.bib
reich-schultz-2024-uncovering,Uncovering the Full Potential of Visual Grounding Methods in {VQA},2024,ACL_2024_Full_Papers.bib
ziegenbein-etal-2024-llm,{LLM}-based Rewriting of Inappropriate Argumentation using Reinforcement Learning from Machine Feedback,2024,ACL_2024_Full_Papers.bib
plenz-frank-2024-graph,Graph Language Models,2024,ACL_2024_Full_Papers.bib
periti-etal-2024-analyzing,Analyzing Semantic Change through Lexical Replacements,2024,ACL_2024_Full_Papers.bib
xu-etal-2024-exploiting,Exploiting Intrinsic Multilateral Logical Rules for Weakly Supervised Natural Language Video Localization,2024,ACL_2024_Full_Papers.bib
weber-etal-2024-interpretability,Interpretability of Language Models via Task Spaces,2024,ACL_2024_Full_Papers.bib
cassotti-etal-2024-using,Using Synchronic Definitions and Semantic Relations to Classify Semantic Change Types,2024,ACL_2024_Full_Papers.bib
mahaut-etal-2024-factual,Factual Confidence of {LLM}s: on Reliability and Robustness of Current Estimators,2024,ACL_2024_Full_Papers.bib
dou-etal-2024-stepcoder,{S}tep{C}oder: Improving Code Generation with Reinforcement Learning from Compiler Feedback,2024,ACL_2024_Full_Papers.bib
shi-etal-2024-navigating,Navigating the {O}ver{K}ill in Large Language Models,2024,ACL_2024_Full_Papers.bib
jacovi-etal-2024-chain,A Chain-of-Thought Is as Strong as Its Weakest Link: A Benchmark for Verifiers of Reasoning Chains,2024,ACL_2024_Full_Papers.bib
czinczoll-etal-2024-nextlevelbert,{N}ext{L}evel{BERT}: Masked Language Modeling with Higher-Level Representations for Long Documents,2024,ACL_2024_Full_Papers.bib
jiang-etal-2024-followbench,{F}ollow{B}ench: A Multi-level Fine-grained Constraints Following Benchmark for Large Language Models,2024,ACL_2024_Full_Papers.bib
rizvi-etal-2024-sparc,{S}pa{RC} and {S}pa{RP}: Spatial Reasoning Characterization and Path Generation for Understanding Spatial Reasoning Capability of Large Language Models,2024,ACL_2024_Full_Papers.bib
cancedda-2024-spectral,"Spectral Filters, Dark Signals, and Attention Sinks",2024,ACL_2024_Full_Papers.bib
gao-etal-2024-diffucomet,{D}iffu{COMET}: Contextual Commonsense Knowledge Diffusion,2024,ACL_2024_Full_Papers.bib
bortoletto-etal-2024-limits,Limits of Theory of Mind Modelling in Dialogue-Based Collaborative Plan Acquisition,2024,ACL_2024_Full_Papers.bib
chen-etal-2024-temporal,Temporal Knowledge Question Answering via Abstract Reasoning Induction,2024,ACL_2024_Full_Papers.bib
lee-etal-2024-wrote,Who Wrote this Code? Watermarking for Code Generation,2024,ACL_2024_Full_Papers.bib
islam-etal-2024-mapcoder,{M}ap{C}oder: Multi-Agent Code Generation for Competitive Problem Solving,2024,ACL_2024_Full_Papers.bib
zhu-etal-2024-relayattention,{R}elay{A}ttention for Efficient Large Language Model Serving with Long System Prompts,2024,ACL_2024_Full_Papers.bib
guo-etal-2024-open,Open Grounded Planning: Challenges and Benchmark Construction,2024,ACL_2024_Full_Papers.bib
xu-etal-2024-llm,"{LLM} Knows Body Language, Too: Translating Speech Voices into Human Gestures",2024,ACL_2024_Full_Papers.bib
huang-etal-2024-queryagent,{Q}uery{A}gent: A Reliable and Efficient Reasoning Framework with Environmental Feedback based Self-Correction,2024,ACL_2024_Full_Papers.bib
sun-etal-2024-pita,{PITA}: Prompting Task Interaction for Argumentation Mining,2024,ACL_2024_Full_Papers.bib
duan-etal-2024-shifting,Shifting Attention to Relevance: Towards the Predictive Uncertainty Quantification of Free-Form Large Language Models,2024,ACL_2024_Full_Papers.bib
lu-etal-2024-emergent,Are Emergent Abilities in Large Language Models just In-Context Learning?,2024,ACL_2024_Full_Papers.bib
li-etal-2024-eliciting-better,Eliciting Better Multilingual Structured Reasoning from {LLM}s through Code,2024,ACL_2024_Full_Papers.bib
ossowski-hu-2024-olive,{OLIVE}: Object Level In-Context Visual Embeddings,2024,ACL_2024_Full_Papers.bib
zhang-etal-2024-marathon,Marathon: A Race Through the Realm of Long Context with Large Language Models,2024,ACL_2024_Full_Papers.bib
gao-etal-2024-beyond,Beyond Scaling: Predicting Patent Approval with Domain-specific Fine-grained Claim Dependency Graph,2024,ACL_2024_Full_Papers.bib
jin-etal-2024-rethinking,Rethinking the Multimodal Correlation of Multimodal Sequential Learning via Generalizable Attentional Results Alignment,2024,ACL_2024_Full_Papers.bib
liang-etal-2024-uhgeval,{UHGE}val: Benchmarking the Hallucination of {C}hinese Large Language Models via Unconstrained Generation,2024,ACL_2024_Full_Papers.bib
lin-etal-2024-preflmr,{P}re{FLMR}: Scaling Up Fine-Grained Late-Interaction Multi-modal Retrievers,2024,ACL_2024_Full_Papers.bib
erker-etal-2024-triple,"Triple-Encoders: Representations That Fire Together, Wire Together",2024,ACL_2024_Full_Papers.bib
mei-etal-2024-improving,Improving Hateful Meme Detection through Retrieval-Guided Contrastive Learning,2024,ACL_2024_Full_Papers.bib
zhang-etal-2024-agent,Agent-Pro: Learning to Evolve via Policy-Level Reflection and Optimization,2024,ACL_2024_Full_Papers.bib
razzhigaev-etal-2024-transformer,Your Transformer is Secretly Linear,2024,ACL_2024_Full_Papers.bib
senel-etal-2024-generative,Generative Explore-Exploit: Training-free Optimization of Generative Recommender Systems using {LLM} Optimizers,2024,ACL_2024_Full_Papers.bib
jiang-etal-2024-instruction,Instruction-tuned Language Models are Better Knowledge Learners,2024,ACL_2024_Full_Papers.bib
ngo-kim-2024-language,What Do Language Models Hear? Probing for Auditory Representations in Language Models,2024,ACL_2024_Full_Papers.bib
kim-etal-2024-threads,Threads of Subtlety: Detecting Machine-Generated Texts Through Discourse Motifs,2024,ACL_2024_Full_Papers.bib
yan-etal-2024-codescope,{C}ode{S}cope: An Execution-based Multilingual Multitask Multidimensional Benchmark for Evaluating {LLM}s on Code Understanding and Generation,2024,ACL_2024_Full_Papers.bib
xu-etal-2024-safedecoding,{S}afe{D}ecoding: Defending against Jailbreak Attacks via Safety-Aware Decoding,2024,ACL_2024_Full_Papers.bib
son-etal-2024-multi-task,Multi-Task Inference: Can Large Language Models Follow Multiple Instructions at Once?,2024,ACL_2024_Full_Papers.bib
qian-etal-2024-experiential,Experiential Co-Learning of Software-Developing Agents,2024,ACL_2024_Full_Papers.bib
yang-etal-2024-speaker,Speaker Verification in Agent-generated Conversations,2024,ACL_2024_Full_Papers.bib
tang-etal-2024-language,Language-Specific Neurons: The Key to Multilingual Capabilities in Large Language Models,2024,ACL_2024_Full_Papers.bib
ni-etal-2024-forgetting,Forgetting before Learning: Utilizing Parametric Arithmetic for Knowledge Updating in Large Language Models,2024,ACL_2024_Full_Papers.bib
huang-etal-2024-repcodec,{R}ep{C}odec: A Speech Representation Codec for Speech Tokenization,2024,ACL_2024_Full_Papers.bib
fu-etal-2024-gumbelsoft,{G}umbel{S}oft: Diversified Language Model Watermarking via the {G}umbel{M}ax-trick,2024,ACL_2024_Full_Papers.bib
ma-etal-2024-event,Event-Radar: Event-driven Multi-View Learning for Multimodal Fake News Detection,2024,ACL_2024_Full_Papers.bib
zhang-etal-2024-stealthy,Stealthy Attack on Large Language Model based Recommendation,2024,ACL_2024_Full_Papers.bib
ryu-etal-2024-multi,Multi-Dimensional Optimization for Text Summarization via Reinforcement Learning,2024,ACL_2024_Full_Papers.bib
chen-etal-2024-seer,{SEER}: Facilitating Structured Reasoning and Explanation via Reinforcement Learning,2024,ACL_2024_Full_Papers.bib
kim-lee-2024-sparseflow,{S}parse{F}low: Accelerating Transformers by Sparsifying Information Flows,2024,ACL_2024_Full_Papers.bib
liu-etal-2024-prott3,{P}rot{T}3: Protein-to-Text Generation for Text-based Protein Understanding,2024,ACL_2024_Full_Papers.bib
yu-etal-2024-kieval,{KIE}val: A Knowledge-grounded Interactive Evaluation Framework for Large Language Models,2024,ACL_2024_Full_Papers.bib
chen-etal-2024-fintextqa,{F}in{T}ext{QA}: A Dataset for Long-form Financial Question Answering,2024,ACL_2024_Full_Papers.bib
parcalabescu-frank-2024-measuring,On Measuring Faithfulness or Self-consistency of Natural Language Explanations,2024,ACL_2024_Full_Papers.bib
ren-etal-2024-learning,Learning or Self-aligning? Rethinking Instruction Fine-tuning,2024,ACL_2024_Full_Papers.bib
wang-etal-2024-rethinking-bounds,Rethinking the Bounds of {LLM} Reasoning: Are Multi-Agent Discussions the Key?,2024,ACL_2024_Full_Papers.bib
wang-etal-2024-soft-knowledge,Soft Knowledge Prompt: Help External Knowledge Become a Better Teacher to Instruct {LLM} in Knowledge-based {VQA},2024,ACL_2024_Full_Papers.bib
lu-etal-2024-experts,Not All Experts are Equal: Efficient Expert Pruning and Skipping for Mixture-of-Experts Large Language Models,2024,ACL_2024_Full_Papers.bib
stap-etal-2024-fine,The Fine-Tuning Paradox: Boosting Translation Quality Without Sacrificing {LLM} Abilities,2024,ACL_2024_Full_Papers.bib
zhang-etal-2024-unveiling-linguistic,Unveiling Linguistic Regions in Large Language Models,2024,ACL_2024_Full_Papers.bib
hong-etal-2024-text,Text-to-Song: Towards Controllable Music Generation Incorporating Vocal and Accompaniment,2024,ACL_2024_Full_Papers.bib
huang-etal-2024-fastfid,{F}ast{F}i{D}: Improve Inference Efficiency of Open Domain Question Answering via Sentence Selection,2024,ACL_2024_Full_Papers.bib
trokhymovych-etal-2024-open,An Open Multilingual System for Scoring Readability of {W}ikipedia,2024,ACL_2024_Full_Papers.bib
mousi-etal-2024-exploring,Exploring Alignment in Shared Cross-lingual Spaces,2024,ACL_2024_Full_Papers.bib
wang-etal-2024-countries,Not All Countries Celebrate Thanksgiving: On the Cultural Dominance in Large Language Models,2024,ACL_2024_Full_Papers.bib
gao-etal-2024-self-evolving,Self-Evolving {GPT}: A Lifelong Autonomous Experiential Learner,2024,ACL_2024_Full_Papers.bib
tan-etal-2024-wrp,{WRP}: Weight Recover Prune for Structured Sparsity,2024,ACL_2024_Full_Papers.bib
michot-etal-2024-error,Error-preserving Automatic Speech Recognition of Young {E}nglish Learners' Language,2024,ACL_2024_Full_Papers.bib
cai-etal-2024-difinet,{D}i{F}i{N}et: Boundary-Aware Semantic Differentiation and Filtration Network for Nested Named Entity Recognition,2024,ACL_2024_Full_Papers.bib
feng-etal-2024-legal,Legal Case Retrieval: A Survey of the State of the Art,2024,ACL_2024_Full_Papers.bib
wu-etal-2024-llama,{LL}a{MA} Pro: Progressive {LL}a{MA} with Block Expansion,2024,ACL_2024_Full_Papers.bib
mu-li-2024-generating,Generating Contrastive Narratives Using the Brownian Bridge Process for Narrative Coherence Learning,2024,ACL_2024_Full_Papers.bib
alabi-etal-2024-hidden,The Hidden Space of Transformer Language Adapters,2024,ACL_2024_Full_Papers.bib
tripto-etal-2024-ship,A Ship of Theseus: Curious Cases of Paraphrasing in {LLM}-Generated Texts,2024,ACL_2024_Full_Papers.bib
lin-etal-2024-advancing,Advancing Large Language Models to Capture Varied Speaking Styles and Respond Properly in Spoken Conversations,2024,ACL_2024_Full_Papers.bib
faldu-etal-2024-retinaqa,{R}etina{QA}: A Robust Knowledge Base Question Answering Model for both Answerable and Unanswerable Questions,2024,ACL_2024_Full_Papers.bib
li-etal-2024-groundinggpt,{G}rounding{GPT}: Language Enhanced Multi-modal Grounding Model,2024,ACL_2024_Full_Papers.bib
eldifrawi-etal-2024-automated,Automated Justification Production for Claim Veracity in Fact Checking: A Survey on Architectures and Approaches,2024,ACL_2024_Full_Papers.bib
mullov-etal-2024-decoupled,Decoupled Vocabulary Learning Enables Zero-Shot Translation from Unseen Languages,2024,ACL_2024_Full_Papers.bib
kong-etal-2024-swapmoe,{S}wap{M}o{E}: Serving Off-the-shelf {M}o{E}-based Large Language Models with Tunable Memory Budget,2024,ACL_2024_Full_Papers.bib
alonso-etal-2024-pixt3,{P}ix{T}3: Pixel-based Table-To-Text Generation,2024,ACL_2024_Full_Papers.bib
rice-etal-2024-tams,{TAMS}: Translation-Assisted Morphological Segmentation,2024,ACL_2024_Full_Papers.bib
khan-etal-2024-xcodeeval,"{XC}ode{E}val: An Execution-based Large Scale Multilingual Multitask Benchmark for Code Understanding, Generation, Translation and Retrieval",2024,ACL_2024_Full_Papers.bib
monea-etal-2024-glitch,A Glitch in the Matrix? Locating and Detecting Language Model Grounding with Fakepedia,2024,ACL_2024_Full_Papers.bib
li-etal-2024-translation,Translation-based Lexicalization Generation and Lexical Gap Detection: Application to Kinship Terms,2024,ACL_2024_Full_Papers.bib
dutt-etal-2024-leveraging,Leveraging Machine-Generated Rationales to Facilitate Social Meaning Detection in Conversations,2024,ACL_2024_Full_Papers.bib
jain-etal-2024-lightweight,Lightweight reranking for language model generations,2024,ACL_2024_Full_Papers.bib
hase-etal-2024-unreasonable,The Unreasonable Effectiveness of Easy Training Data for Hard Tasks,2024,ACL_2024_Full_Papers.bib
nair-wang-2024-midgard,{MIDGARD}: Self-Consistency Using Minimum Description Length for Structured Commonsense Reasoning,2024,ACL_2024_Full_Papers.bib
tian-etal-2024-large,Large Language Models Are No Longer Shallow Parsers,2024,ACL_2024_Full_Papers.bib
rai-yao-2024-investigation,An Investigation of Neuron Activation as a Unified Lens to Explain Chain-of-Thought Eliciting Arithmetic Reasoning of {LLM}s,2024,ACL_2024_Full_Papers.bib
jiang-etal-2024-leveraging,Leveraging Large Language Models for Learning Complex Legal Concepts through Storytelling,2024,ACL_2024_Full_Papers.bib
chen-etal-2024-intrinsic,Intrinsic Task-based Evaluation for Referring Expression Generation,2024,ACL_2024_Full_Papers.bib
hu-etal-2024-moments,From Moments to Milestones: Incremental Timeline Summarization Leveraging Large Language Models,2024,ACL_2024_Full_Papers.bib
fang-etal-2024-achieve,Can We Achieve High-quality Direct Speech-to-Speech Translation without Parallel Speech Data?,2024,ACL_2024_Full_Papers.bib
wang-etal-2024-enhancing-eeg,Enhancing {EEG}-to-Text Decoding through Transferable Representations from Pre-trained Contrastive {EEG}-Text Masked Autoencoder,2024,ACL_2024_Full_Papers.bib
zou-etal-2024-cqil,{CQIL}: Inference Latency Optimization with Concurrent Computation of Quasi-Independent Layers,2024,ACL_2024_Full_Papers.bib
long-etal-2024-prompt,Prompt Optimization via Adversarial In-Context Learning,2024,ACL_2024_Full_Papers.bib
wang-etal-2024-streamvoice,{S}tream{V}oice: Streamable Context-Aware Language Modeling for Real-time Zero-Shot Voice Conversion,2024,ACL_2024_Full_Papers.bib
shi-etal-2024-generate,Generate-then-Ground in Retrieval-Augmented Generation for Multi-hop Question Answering,2024,ACL_2024_Full_Papers.bib
voas-etal-2024-multimodal,Multimodal Contextualized Semantic Parsing from Speech,2024,ACL_2024_Full_Papers.bib
salemi-etal-2024-lamp,{L}a{MP}: When Large Language Models Meet Personalization,2024,ACL_2024_Full_Papers.bib
lucy-etal-2024-aboutme,{A}bout{M}e: Using Self-Descriptions in Webpages to Document the Effects of {E}nglish Pretraining Data Filters,2024,ACL_2024_Full_Papers.bib
bai-etal-2024-mt,{MT}-Bench-101: A Fine-Grained Benchmark for Evaluating Large Language Models in Multi-Turn Dialogues,2024,ACL_2024_Full_Papers.bib
chen-etal-2024-efsa,{EFSA}: Towards Event-Level Financial Sentiment Analysis,2024,ACL_2024_Full_Papers.bib
ai-etal-2024-advancement,Advancement in Graph Understanding: A Multimodal Benchmark and Fine-Tuning of Vision-Language Models,2024,ACL_2024_Full_Papers.bib
yoon-etal-2024-langbridge,{L}ang{B}ridge: Multilingual Reasoning Without Multilingual Supervision,2024,ACL_2024_Full_Papers.bib
zhao-etal-2024-sego,{SEGO}: Sequential Subgoal Optimization for Mathematical Problem-Solving,2024,ACL_2024_Full_Papers.bib
song-etal-2024-trial,Trial and Error: Exploration-Based Trajectory Optimization of {LLM} Agents,2024,ACL_2024_Full_Papers.bib
feng-etal-2024-freectrl,{F}ree{C}trl: Constructing Control Centers with Feedforward Layers for Learning-Free Controllable Text Generation,2024,ACL_2024_Full_Papers.bib
li-ng-2024-conundrums,Conundrums in Cross-Prompt Automated Essay Scoring: Making Sense of the State of the Art,2024,ACL_2024_Full_Papers.bib
plaza-del-arco-etal-2024-angry,"Angry Men, Sad Women: Large Language Models Reflect Gendered Stereotypes in Emotion Attribution",2024,ACL_2024_Full_Papers.bib
paletto-etal-2024-label,Label Augmentation for Zero-Shot Hierarchical Text Classification,2024,ACL_2024_Full_Papers.bib
zheng-etal-2024-eit,{EIT}: Enhanced Interactive Transformer,2024,ACL_2024_Full_Papers.bib
bakman-etal-2024-mars,{MARS}: Meaning-Aware Response Scoring for Uncertainty Estimation in Generative {LLM}s,2024,ACL_2024_Full_Papers.bib
das-etal-2024-exams,{EXAMS}-{V}: A Multi-Discipline Multilingual Multimodal Exam Benchmark for Evaluating Vision Language Models,2024,ACL_2024_Full_Papers.bib
wang-etal-2024-order,Order-Agnostic Data Augmentation for Few-Shot Named Entity Recognition,2024,ACL_2024_Full_Papers.bib
chen-etal-2024-text,Text Embedding Inversion Security for Multilingual Language Models,2024,ACL_2024_Full_Papers.bib
jain-etal-2024-structsum,{STRUCTSUM} Generation for Faster Text Comprehension,2024,ACL_2024_Full_Papers.bib
zhao-etal-2024-analysing,Analysing The Impact of Sequence Composition on Language Model Pre-Training,2024,ACL_2024_Full_Papers.bib
chen-etal-2024-nacl,{NACL}: A General and Effective {KV} Cache Eviction Framework for {LLM} at Inference Time,2024,ACL_2024_Full_Papers.bib
wang-etal-2024-spikevoice,{S}pike{V}oice: High-Quality Text-to-Speech Via Efficient Spiking Neural Network,2024,ACL_2024_Full_Papers.bib
cheng-etal-2024-dataflow,Dataflow-Guided Retrieval Augmentation for Repository-Level Code Completion,2024,ACL_2024_Full_Papers.bib
luo-etal-2024-chain,Chain-of-Exemplar: Enhancing Distractor Generation for Multimodal Educational Question Generation,2024,ACL_2024_Full_Papers.bib
liu-etal-2024-llmembed,{LLME}mbed: Rethinking Lightweight {LLM}{'}s Genuine Function in Text Classification,2024,ACL_2024_Full_Papers.bib
chen-etal-2024-lemon,{LEMON}: Reviving Stronger and Smaller {LM}s from Larger {LM}s with Linear Parameter Fusion,2024,ACL_2024_Full_Papers.bib
wang-utiyama-2024-continuous,"To be Continuous, or to be Discrete, Those are Bits of Questions",2024,ACL_2024_Full_Papers.bib
schneider-etal-2024-mousai,Mo{\^u}sai: Efficient Text-to-Music Diffusion Models,2024,ACL_2024_Full_Papers.bib
gu-etal-2024-pokemqa,{P}oke{MQA}: Programmable knowledge editing for Multi-hop Question Answering,2024,ACL_2024_Full_Papers.bib
carlson-etal-2024-efficient,Efficient {OCR} for Building a Diverse Digital History,2024,ACL_2024_Full_Papers.bib
wu-etal-2024-acquiring,Acquiring Clean Language Models from Backdoor Poisoned Datasets by Downscaling Frequency Space,2024,ACL_2024_Full_Papers.bib
yu-etal-2024-revealing,Revealing the Parametric Knowledge of Language Models: A Unified Framework for Attribution Methods,2024,ACL_2024_Full_Papers.bib
lv-etal-2024-full,Full Parameter Fine-tuning for Large Language Models with Limited Resources,2024,ACL_2024_Full_Papers.bib
chen-etal-2024-m3cot,{M}$^3${C}o{T}: A Novel Benchmark for Multi-Domain Multi-step Multi-modal Chain-of-Thought,2024,ACL_2024_Full_Papers.bib
chen-etal-2024-long,Long Context is Not Long at All: A Prospector of Long-Dependency Data for Large Language Models,2024,ACL_2024_Full_Papers.bib
deng-woodland-2024-label,Label-Synchronous Neural Transducer for {E}2{E} Simultaneous Speech Translation,2024,ACL_2024_Full_Papers.bib
choi-etal-2024-hard,Hard Prompts Made Interpretable: Sparse Entropy Regularization for Prompt Tuning with {RL},2024,ACL_2024_Full_Papers.bib
mahon-lapata-2024-modular,A Modular Approach for Multimodal Summarization of {TV} Shows,2024,ACL_2024_Full_Papers.bib
krumdick-etal-2024-bizbench,{B}iz{B}ench: A Quantitative Reasoning Benchmark for Business and Finance,2024,ACL_2024_Full_Papers.bib
takada-etal-2024-direct,Direct Metric Optimization for Image Captioning through Reward-Weighted Augmented Data Utilization,2024,ACL_2024_Full_Papers.bib
hossain-etal-2024-deciphering,Deciphering Hate: Identifying Hateful Memes and Their Targets,2024,ACL_2024_Full_Papers.bib
jiang-etal-2024-inducing,Inducing Systematicity in Transformers by Attending to Structurally Quantized Embeddings,2024,ACL_2024_Full_Papers.bib
yao-etal-2024-machine,Machine Unlearning of Pre-trained Large Language Models,2024,ACL_2024_Full_Papers.bib
joseph-etal-2024-factpico,{F}act{PICO}: Factuality Evaluation for Plain Language Summarization of Medical Evidence,2024,ACL_2024_Full_Papers.bib
bai-etal-2024-bvsp,{B}v{SP}: Broad-view Soft Prompting for Few-Shot Aspect Sentiment Quad Prediction,2024,ACL_2024_Full_Papers.bib
fu-etal-2024-safety,Safety Alignment in {NLP} Tasks: Weakly Aligned Summarization as an In-Context Attack,2024,ACL_2024_Full_Papers.bib
oota-etal-2024-speech,Speech language models lack important brain-relevant semantics,2024,ACL_2024_Full_Papers.bib
chen-etal-2024-parallel,Parallel Structures in Pre-training Data Yield In-Context Learning,2024,ACL_2024_Full_Papers.bib
xu-etal-2024-opentom,{O}pen{T}o{M}: A Comprehensive Benchmark for Evaluating Theory-of-Mind Reasoning Capabilities of Large Language Models,2024,ACL_2024_Full_Papers.bib
rust-etal-2024-towards,Towards Privacy-Aware Sign Language Translation at Scale,2024,ACL_2024_Full_Papers.bib
li-etal-2024-large-language-models,Large Language Models as Zero-shot Dialogue State Tracker through Function Calling,2024,ACL_2024_Full_Papers.bib
li-etal-2024-knowcoder,{K}now{C}oder: Coding Structured Knowledge into {LLM}s for Universal Information Extraction,2024,ACL_2024_Full_Papers.bib
liu-etal-2024-era,{ERA}-{C}o{T}: Improving Chain-of-Thought through Entity Relationship Analysis,2024,ACL_2024_Full_Papers.bib
deng-etal-2024-multi,On the Multi-turn Instruction Following for Conversational Web Agents,2024,ACL_2024_Full_Papers.bib
zhang-etal-2024-mc2,{MC}$^2$: Towards Transparent and Culturally-Aware {NLP} for Minority Languages in {C}hina,2024,ACL_2024_Full_Papers.bib
guo-etal-2024-decoder,Decoder-only Streaming Transformer for Simultaneous Translation,2024,ACL_2024_Full_Papers.bib
zhang-etal-2024-defending,Defending Large Language Models Against Jailbreaking Attacks Through Goal Prioritization,2024,ACL_2024_Full_Papers.bib
zhang-etal-2024-truthx,{T}ruth{X}: Alleviating Hallucinations by Editing Large Language Models in Truthful Space,2024,ACL_2024_Full_Papers.bib
zhang-etal-2024-streamspeech,{S}tream{S}peech: Simultaneous Speech-to-Speech Translation with Multi-task Learning,2024,ACL_2024_Full_Papers.bib
ju-etal-2024-investigating,Investigating Multi-Hop Factual Shortcuts in Knowledge Editing of Large Language Models,2024,ACL_2024_Full_Papers.bib
zayed-etal-2024-dont,Why Don{'}t Prompt-Based Fairness Metrics Correlate?,2024,ACL_2024_Full_Papers.bib
peng-etal-2024-revisiting,Revisiting Demonstration Selection Strategies in In-Context Learning,2024,ACL_2024_Full_Papers.bib
zheng-etal-2024-multimodal,Multimodal Table Understanding,2024,ACL_2024_Full_Papers.bib
lei-etal-2024-ex3,"Ex3: Automatic Novel Writing by Extracting, Excelsior and Expanding",2024,ACL_2024_Full_Papers.bib
chen-etal-2024-watme,{W}at{ME}: Towards Lossless Watermarking Through Lexical Redundancy,2024,ACL_2024_Full_Papers.bib
zhang-etal-2024-text,Text-like Encoding of Collaborative Information in Large Language Models for Recommendation,2024,ACL_2024_Full_Papers.bib
wang-etal-2024-mm,{MM}-{SAP}: A Comprehensive Benchmark for Assessing Self-Awareness of Multimodal Large Language Models in Perception,2024,ACL_2024_Full_Papers.bib
li-etal-2024-focus,Focus on Your Question! Interpreting and Mitigating Toxic {C}o{T} Problems in Commonsense Reasoning,2024,ACL_2024_Full_Papers.bib
liu-etal-2024-multi,Multi-Aspect Controllable Text Generation with Disentangled Counterfactual Augmentation,2024,ACL_2024_Full_Papers.bib
na-etal-2024-reward,Reward-based Input Construction for Cross-document Relation Extraction,2024,ACL_2024_Full_Papers.bib
li-etal-2024-understanding-retrieval,Understanding Retrieval Robustness for Retrieval-augmented Image Captioning,2024,ACL_2024_Full_Papers.bib
cheng-etal-2024-seeclick,{S}ee{C}lick: Harnessing {GUI} Grounding for Advanced Visual {GUI} Agents,2024,ACL_2024_Full_Papers.bib
yehuda-etal-2024-interrogatellm,{I}nterrogate{LLM}: Zero-Resource Hallucination Detection in {LLM}-Generated Answers,2024,ACL_2024_Full_Papers.bib
mondorf-plank-2024-comparing,Comparing Inferential Strategies of Humans and Large Language Models in Deductive Reasoning,2024,ACL_2024_Full_Papers.bib
chen-etal-2024-improving-large,Improving Large Language Models in Event Relation Logical Prediction,2024,ACL_2024_Full_Papers.bib
chen-etal-2024-eval,{T}-Eval: Evaluating the Tool Utilization Capability of Large Language Models Step by Step,2024,ACL_2024_Full_Papers.bib
feng-etal-2024-synergistic,Synergistic Interplay between Search and Large Language Models for Information Retrieval,2024,ACL_2024_Full_Papers.bib
aksenov-etal-2024-linear,Linear Transformers with Learnable Kernel Functions are Better In-Context Models,2024,ACL_2024_Full_Papers.bib
liu-etal-2024-temperature,Temperature-scaling surprisal estimates improve fit to human reading times {--} but does it do so for the ``right reasons''?,2024,ACL_2024_Full_Papers.bib
chen-etal-2024-cofipara,{C}ofi{P}ara: A Coarse-to-fine Paradigm for Multimodal Sarcasm Target Identification with Large Multimodal Models,2024,ACL_2024_Full_Papers.bib
toker-etal-2024-diffusion,Diffusion Lens: Interpreting Text Encoders in Text-to-Image Pipelines,2024,ACL_2024_Full_Papers.bib
chen-etal-2024-vullibgen,{V}ul{L}ib{G}en: Generating Names of Vulnerability-Affected Packages via a Large Language Model,2024,ACL_2024_Full_Papers.bib
yu-etal-2024-self,Self-Modifying State Modeling for Simultaneous Machine Translation,2024,ACL_2024_Full_Papers.bib
chen-etal-2024-mapgpt,{M}ap{GPT}: Map-Guided Prompting with Adaptive Path Planning for Vision-and-Language Navigation,2024,ACL_2024_Full_Papers.bib
wang-etal-2024-badagent,{B}ad{A}gent: Inserting and Activating Backdoor Attacks in {LLM} Agents,2024,ACL_2024_Full_Papers.bib
sun-etal-2024-determlr,{D}eterm{LR}: Augmenting {LLM}-based Logical Reasoning from Indeterminacy to Determinacy,2024,ACL_2024_Full_Papers.bib
mahari-etal-2024-lepard,{L}e{P}a{RD}: A Large-Scale Dataset of Judicial Citations to Precedent,2024,ACL_2024_Full_Papers.bib
frisoni-etal-2024-generate,To Generate or to Retrieve? On the Effectiveness of Artificial Contexts for Medical Open-Domain Question Answering,2024,ACL_2024_Full_Papers.bib
fenogenova-etal-2024-mera,{MERA}: A Comprehensive {LLM} Evaluation in {R}ussian,2024,ACL_2024_Full_Papers.bib
zhao-etal-2024-sc2,{SC}2: Towards Enhancing Content Preservation and Style Consistency in Long Text Style Transfer,2024,ACL_2024_Full_Papers.bib
qin-etal-2024-dodo,Dodo: Dynamic Contextual Compression for Decoder-only {LM}s,2024,ACL_2024_Full_Papers.bib
li-etal-2024-newsbench,{N}ews{B}ench: A Systematic Evaluation Framework for Assessing Editorial Capabilities of Large Language Models in {C}hinese Journalism,2024,ACL_2024_Full_Papers.bib
fang-etal-2024-enhancing,Enhancing Noise Robustness of Retrieval-Augmented Language Models with Adaptive Adversarial Training,2024,ACL_2024_Full_Papers.bib
yan-etal-2024-predicting,Predicting Text Preference Via Structured Comparative Reasoning,2024,ACL_2024_Full_Papers.bib
xu-etal-2024-coelm,{C}o{ELM}: Construction-Enhanced Language Modeling,2024,ACL_2024_Full_Papers.bib
williams-aletras-2024-impact,On the Impact of Calibration Data in Post-training Quantization and Pruning,2024,ACL_2024_Full_Papers.bib
agarwal-etal-2024-symkgqa,{S}ym{KGQA}: Few-Shot Knowledge Graph Question Answering via Symbolic Program Generation and Execution,2024,ACL_2024_Full_Papers.bib
lei-etal-2024-meta,Meta-Task Prompting Elicits Embeddings from Large Language Models,2024,ACL_2024_Full_Papers.bib
li-etal-2024-sentiment,A Sentiment Consolidation Framework for Meta-Review Generation,2024,ACL_2024_Full_Papers.bib
peng-etal-2024-owsm,"{OWSM}-{CTC}: An Open Encoder-Only Speech Foundation Model for Speech Recognition, Translation, and Language Identification",2024,ACL_2024_Full_Papers.bib
yang-etal-2024-large-language-models,Do Large Language Models Latently Perform Multi-Hop Reasoning?,2024,ACL_2024_Full_Papers.bib
li-etal-2024-mugglemath,{M}uggle{M}ath: Assessing the Impact of Query and Response Augmentation on Math Reasoning,2024,ACL_2024_Full_Papers.bib
balepur-etal-2024-artifacts,Artifacts or Abduction: How Do {LLM}s Answer Multiple-Choice Questions Without the Question?,2024,ACL_2024_Full_Papers.bib
yue-etal-2024-retrieval,Retrieval Augmented Fact Verification by Synthesizing Contrastive Arguments,2024,ACL_2024_Full_Papers.bib
fernandez-etal-2024-syllabusqa,{S}yllabus{QA}: A Course Logistics Question Answering Dataset,2024,ACL_2024_Full_Papers.bib
wen-etal-2024-mindmap,{M}ind{M}ap: Knowledge Graph Prompting Sparks Graph of Thoughts in Large Language Models,2024,ACL_2024_Full_Papers.bib
siska-etal-2024-examining,Examining the robustness of {LLM} evaluation to the distributional assumptions of benchmarks,2024,ACL_2024_Full_Papers.bib
ke-etal-2024-bridging,Bridging the Preference Gap between Retrievers and {LLM}s,2024,ACL_2024_Full_Papers.bib
mouravieff-etal-2024-learning,Learning Relational Decomposition of Queries for Question Answering from Tables,2024,ACL_2024_Full_Papers.bib
zhao-etal-2024-pareto,{P}areto Optimal Learning for Estimating Large Language Model Errors,2024,ACL_2024_Full_Papers.bib
agostinelli-etal-2024-simul,Simul-{LLM}: A Framework for Exploring High-Quality Simultaneous Translation with Large Language Models,2024,ACL_2024_Full_Papers.bib
wang-etal-2024-llms-imaginarium,{LLM}s in the Imaginarium: Tool Learning through Simulated Trial and Error,2024,ACL_2024_Full_Papers.bib
zhao-etal-2024-hypermoe,{H}yper{M}o{E}: Towards Better Mixture of Experts via Transferring Among Experts,2024,ACL_2024_Full_Papers.bib
luo-etal-2024-codis,{CODIS}: Benchmarking Context-dependent Visual Comprehension for Multimodal Large Language Models,2024,ACL_2024_Full_Papers.bib
xie-etal-2024-ask,"Ask Again, Then Fail: Large Language Models' Vacillations in Judgment",2024,ACL_2024_Full_Papers.bib
zhang-etal-2024-clamber,{CLAMBER}: A Benchmark of Identifying and Clarifying Ambiguous Information Needs in Large Language Models,2024,ACL_2024_Full_Papers.bib
huang-etal-2024-confidence,Confidence is not Timeless: Modeling Temporal Validity for Rule-based Temporal Knowledge Graph Forecasting,2024,ACL_2024_Full_Papers.bib
du-etal-2024-care,{CARE}: A Clue-guided Assistant for {CSR}s to Read User Manuals,2024,ACL_2024_Full_Papers.bib
wang-etal-2024-enhancing-numerical,Enhancing Numerical Reasoning with the Guidance of Reliable Reasoning Processes,2024,ACL_2024_Full_Papers.bib
du-etal-2024-paged,{PAGED}: A Benchmark for Procedural Graphs Extraction from Documents,2024,ACL_2024_Full_Papers.bib
li-etal-2024-dawn,The Dawn After the Dark: An Empirical Study on Factuality Hallucination in Large Language Models,2024,ACL_2024_Full_Papers.bib
zhong-etal-2024-revisiting,Revisiting Knowledge Distillation for Autoregressive Language Models,2024,ACL_2024_Full_Papers.bib
liang-etal-2024-continual,Continual Learning with Semi-supervised Contrastive Distillation for Incremental Neural Machine Translation,2024,ACL_2024_Full_Papers.bib
huang-etal-2024-make,Make-A-Voice: Revisiting Voice Large Language Models as Scalable Multilingual and Multitask Learners,2024,ACL_2024_Full_Papers.bib
mangaokar-etal-2024-prp,{PRP}: Propagating Universal Perturbations to Attack Large Language Model Guard-Rails,2024,ACL_2024_Full_Papers.bib
shi-etal-2024-exploring,Exploring Hybrid Question Answering via Program-based Prompting,2024,ACL_2024_Full_Papers.bib
singh-etal-2024-indicgenbench,{I}ndic{G}en{B}ench: A Multilingual Benchmark to Evaluate Generation Capabilities of {LLM}s on {I}ndic Languages,2024,ACL_2024_Full_Papers.bib
ying-etal-2024-simple,Simple but Effective Compound Geometric Operations for Temporal Knowledge Graph Completion,2024,ACL_2024_Full_Papers.bib
lin-etal-2024-interpretable,Interpretable User Satisfaction Estimation for Conversational Systems with Large Language Models,2024,ACL_2024_Full_Papers.bib
li-etal-2024-fundamental,Fundamental Capabilities of Large Language Models and their Applications in Domain Scenarios: A Survey,2024,ACL_2024_Full_Papers.bib
bang-etal-2024-measuring,Measuring Political Bias in Large Language Models: What Is Said and How It Is Said,2024,ACL_2024_Full_Papers.bib
chen-etal-2024-fortify,Fortify the Shortest Stave in Attention: Enhancing Context Awareness of Large Language Models for Effective Tool Use,2024,ACL_2024_Full_Papers.bib
wu-tu-2024-layer,Layer-Condensed {KV} Cache for Efficient Inference of Large Language Models,2024,ACL_2024_Full_Papers.bib
zhang-etal-2024-enhancing-multilingual,Enhancing Multilingual Capabilities of Large Language Models through Self-Distillation from Resource-Rich Languages,2024,ACL_2024_Full_Papers.bib
sun-etal-2024-benchmarking-chinese,Benchmarking {C}hinese Commonsense Reasoning of {LLM}s: From {C}hinese-Specifics to Reasoning-Memorization Correlations,2024,ACL_2024_Full_Papers.bib
wang-etal-2024-browse,Browse and Concentrate: Comprehending Multimodal Content via Prior-{LLM} Context Fusion,2024,ACL_2024_Full_Papers.bib
chen-etal-2024-model,Model Composition for Multimodal Large Language Models,2024,ACL_2024_Full_Papers.bib
zhang-etal-2024-draft,Draft {\&} Verify: Lossless Large Language Model Acceleration via Self-Speculative Decoding,2024,ACL_2024_Full_Papers.bib
cheng-etal-2024-soul,Soul-Mix: Enhancing Multimodal Machine Translation with Manifold Mixup,2024,ACL_2024_Full_Papers.bib
gao-etal-2024-measuring,Measuring Meaning Composition in the Human Brain with Composition Scores from Large Language Models,2024,ACL_2024_Full_Papers.bib
kamthawee-etal-2024-mist,{MIST}: Mutual Information Maximization for Short Text Clustering,2024,ACL_2024_Full_Papers.bib
zheng-etal-2024-self,Self-chats from Large Language Models Make Small Emotional Support Chatbot Better,2024,ACL_2024_Full_Papers.bib
fierro-etal-2024-learning,Learning to Plan and Generate Text with Citations,2024,ACL_2024_Full_Papers.bib
chatterjee-etal-2024-language,Language Models can Exploit Cross-Task In-context Learning for Data-Scarce Novel Tasks,2024,ACL_2024_Full_Papers.bib
ponce-etal-2024-split,Split and Rephrase with Large Language Models,2024,ACL_2024_Full_Papers.bib
ye-etal-2024-chunkattention,{C}hunk{A}ttention: Efficient Self-Attention with Prefix-Aware {KV} Cache and Two-Phase Partition,2024,ACL_2024_Full_Papers.bib
zhao-etal-2024-sapt,{SAPT}: A Shared Attention Framework for Parameter-Efficient Continual Learning of Large Language Models,2024,ACL_2024_Full_Papers.bib
mao-etal-2024-dora,{D}o{RA}: Enhancing Parameter-Efficient Fine-Tuning with Dynamic Rank Distribution,2024,ACL_2024_Full_Papers.bib
wen-etal-2024-learning,Learning Task Decomposition to Assist Humans in Competitive Programming,2024,ACL_2024_Full_Papers.bib
lu-etal-2024-entropy,An Entropy-based Text Watermarking Detection Method,2024,ACL_2024_Full_Papers.bib
cui-etal-2024-engage,How to Engage your Readers? Generating Guiding Questions to Promote Active Reading,2024,ACL_2024_Full_Papers.bib
yue-etal-2024-less,Less is More: Mitigating Multimodal Hallucination from an {EOS} Decision Perspective,2024,ACL_2024_Full_Papers.bib
wang-etal-2024-integrate,Integrate the Essence and Eliminate the Dross: Fine-Grained Self-Consistency for Free-Form Language Generation,2024,ACL_2024_Full_Papers.bib
tao-etal-2024-frequent,More frequent verbs are associated with more diverse valency frames: Efficient principles at the lexicon-grammar interface,2024,ACL_2024_Full_Papers.bib
collacciani-etal-2024-quantifying,Quantifying Generalizations: Exploring the Divide Between Human and {LLM}s' Sensitivity to Quantification,2024,ACL_2024_Full_Papers.bib
li-etal-2024-generative,Generative Cross-Modal Retrieval: Memorizing Images in Multimodal Language Models for Retrieval and Beyond,2024,ACL_2024_Full_Papers.bib
aly-etal-2024-learning,Learning to Generate Answers with Citations via Factual Consistency Models,2024,ACL_2024_Full_Papers.bib
wang-etal-2024-ultralink,{U}ltra{L}ink: An Open-Source Knowledge-Enhanced Multilingual Supervised Fine-tuning Dataset,2024,ACL_2024_Full_Papers.bib
deng-etal-2024-document,Document-level Claim Extraction and Decontextualisation for Fact-Checking,2024,ACL_2024_Full_Papers.bib
zhou-etal-2024-llms,{LLM}s Learn Task Heuristics from Demonstrations: A Heuristic-Driven Prompting Strategy for Document-Level Event Argument Extraction,2024,ACL_2024_Full_Papers.bib
zhong-etal-2024-investigating,Investigating and Mitigating the Multimodal Hallucination Snowballing in Large Vision-Language Models,2024,ACL_2024_Full_Papers.bib
zhang-etal-2024-dont-go,Don{'}t Go To Extremes: Revealing the Excessive Sensitivity and Calibration Limitations of {LLM}s in Implicit Hate Speech Detection,2024,ACL_2024_Full_Papers.bib
vernikos-popescu-belis-2024-dont,"Don{'}t Rank, Combine! Combining Machine Translation Hypotheses Using Quality Estimation",2024,ACL_2024_Full_Papers.bib
di-mauro-etal-2024-generating,Generating and Evaluating Plausible Explanations for Knowledge Graph Completion,2024,ACL_2024_Full_Papers.bib
siledar-etal-2024-one,One Prompt To Rule Them All: {LLM}s for Opinion Summary Evaluation,2024,ACL_2024_Full_Papers.bib
zhu-etal-2024-landermt,{LAND}e{RMT}: Dectecting and Routing Language-Aware Neurons for Selectively Finetuning {LLM}s to Machine Translation,2024,ACL_2024_Full_Papers.bib
shi-etal-2024-autodsl,{A}uto{DSL}: Automated domain-specific language design for structural representation of procedures with constraints,2024,ACL_2024_Full_Papers.bib
franzluebbers-etal-2024-multipath,Multipath parsing in the brain,2024,ACL_2024_Full_Papers.bib
yoon-etal-2024-search,Search-Adaptor: Embedding Customization for Information Retrieval,2024,ACL_2024_Full_Papers.bib
ku-etal-2024-viescore,{VIES}core: Towards Explainable Metrics for Conditional Image Synthesis Evaluation,2024,ACL_2024_Full_Papers.bib
markowitz-etal-2024-tree,Tree-of-Traversals: A Zero-Shot Reasoning Algorithm for Augmenting Black-box Language Models with Knowledge Graphs,2024,ACL_2024_Full_Papers.bib
jha-etal-2024-visage,{V}i{SAG}e: A Global-Scale Analysis of Visual Stereotypes in Text-to-Image Generation,2024,ACL_2024_Full_Papers.bib
li-etal-2024-language,What Do Language Models Learn in Context? The Structured Task Hypothesis.,2024,ACL_2024_Full_Papers.bib
peng-etal-2024-voicecraft,{V}oice{C}raft: Zero-Shot Speech Editing and Text-to-Speech in the Wild,2024,ACL_2024_Full_Papers.bib
dugan-etal-2024-raid,{RAID}: A Shared Benchmark for Robust Evaluation of Machine-Generated Text Detectors,2024,ACL_2024_Full_Papers.bib
kruk-etal-2024-silent,"Silent Signals, Loud Impact: {LLM}s for Word-Sense Disambiguation of Coded Dog Whistles",2024,ACL_2024_Full_Papers.bib
nowak-etal-2024-representational,On the Representational Capacity of Neural Language Models with Chain-of-Thought Reasoning,2024,ACL_2024_Full_Papers.bib
alizadeh-etal-2024-llm,{LLM} in a flash: Efficient Large Language Model Inference with Limited Memory,2024,ACL_2024_Full_Papers.bib
elhoushi-etal-2024-layerskip,{L}ayer{S}kip: Enabling Early Exit Inference and Self-Speculative Decoding,2024,ACL_2024_Full_Papers.bib
zhong-etal-2024-actionie,{A}ction{IE}: Action Extraction from Scientific Literature with Programming Languages,2024,ACL_2024_Full_Papers.bib
cao-etal-2024-retaining,Retaining Key Information under High Compression Ratios: Query-Guided Compressor for {LLM}s,2024,ACL_2024_Full_Papers.bib
darrin-etal-2024-cosmic,{COSMIC}: Mutual Information for Task-Agnostic Summarization Evaluation,2024,ACL_2024_Full_Papers.bib
salaun-etal-2024-europa,{EUROPA}: A Legal Multilingual Keyphrase Generation Dataset,2024,ACL_2024_Full_Papers.bib
alwajih-etal-2024-peacock,Peacock: A Family of {A}rabic Multimodal Large Language Models and Benchmarks,2024,ACL_2024_Full_Papers.bib
bordalo-etal-2024-generating,Generating Coherent Sequences of Visual Illustrations for Real-World Manual Tasks,2024,ACL_2024_Full_Papers.bib
adebara-etal-2024-cheetah,Cheetah: Natural Language Generation for 517 {A}frican Languages,2024,ACL_2024_Full_Papers.bib
zhao-etal-2024-tapera,{T}a{PERA}: Enhancing Faithfulness and Interpretability in Long-Form Table {QA} by Content Planning and Execution-based Reasoning,2024,ACL_2024_Full_Papers.bib
huang-etal-2024-harder,Harder Task Needs More Experts: Dynamic Routing in {M}o{E} Models,2024,ACL_2024_Full_Papers.bib
han-etal-2024-xlavs,{XLAVS}-{R}: Cross-Lingual Audio-Visual Speech Representation Learning for Noise-Robust Speech Perception,2024,ACL_2024_Full_Papers.bib
wang-etal-2024-sotopia,{SOTOPIA}-{\ensuremath{\pi}}: Interactive Learning of Socially Intelligent Language Agents,2024,ACL_2024_Full_Papers.bib
nguyen-le-2024-generalizability,Generalizability of Mixture of Domain-Specific Adapters from the Lens of Signed Weight Directions and its Application to Effective Model Pruning,2024,ACL_2024_Full_Papers.bib
su-etal-2024-dragin,{DRAGIN}: Dynamic Retrieval Augmented Generation based on the Real-time Information Needs of Large Language Models,2024,ACL_2024_Full_Papers.bib
su-etal-2024-living,Living in the Moment: Can Large Language Models Grasp Co-Temporal Reasoning?,2024,ACL_2024_Full_Papers.bib
ke-etal-2024-critiquellm,{C}ritique{LLM}: Towards an Informative Critique Generation Model for Evaluation of Large Language Model Generation,2024,ACL_2024_Full_Papers.bib
ravi-etal-2024-small,Small But Funny: A Feedback-Driven Approach to Humor Distillation,2024,ACL_2024_Full_Papers.bib
xu-etal-2024-symbol,Symbol-{LLM}: Towards Foundational Symbol-centric Interface For Large Language Models,2024,ACL_2024_Full_Papers.bib
ghosh-etal-2024-sights,From Sights to Insights: Towards Summarization of Multimodal Clinical Documents,2024,ACL_2024_Full_Papers.bib
pal-etal-2024-document,Document-Level Machine Translation with Large-Scale Public Parallel Corpora,2024,ACL_2024_Full_Papers.bib
lan-etal-2024-bridging,Bridging the Empirical-Theoretical Gap in Neural Network Formal Language Learning Using Minimum Description Length,2024,ACL_2024_Full_Papers.bib
du-etal-2024-context,Context versus Prior Knowledge in Language Models,2024,ACL_2024_Full_Papers.bib
li-etal-2024-word,Word Matters: What Influences Domain Adaptation in Summarization?,2024,ACL_2024_Full_Papers.bib
li-etal-2024-visualization,Visualization Recommendation with Prompt-based Reprogramming of Large Language Models,2024,ACL_2024_Full_Papers.bib
panda-etal-2024-holmes,{HOLMES}: Hyper-Relational Knowledge Graphs for Multi-hop Question Answering using {LLM}s,2024,ACL_2024_Full_Papers.bib
tian-etal-2024-bridging,Bridging Word-Pair and Token-Level Metaphor Detection with Explainable Domain Mining,2024,ACL_2024_Full_Papers.bib
xu-etal-2024-faithful,Faithful Logical Reasoning via Symbolic Chain-of-Thought,2024,ACL_2024_Full_Papers.bib
chen-etal-2024-s2gsl,{S}$^2${GSL}: Incorporating Segment to Syntactic Enhanced Graph Structure Learning for Aspect-based Sentiment Analysis,2024,ACL_2024_Full_Papers.bib
martinelli-etal-2024-maverick,Maverick: Efficient and Accurate Coreference Resolution Defying Recent Trends,2024,ACL_2024_Full_Papers.bib
zhang-etal-2024-escot,{ESC}o{T}: Towards Interpretable Emotional Support Dialogue Systems,2024,ACL_2024_Full_Papers.bib
xu-etal-2024-pathreasoner,{P}ath{R}easoner: Modeling Reasoning Path with Equivalent Extension for Logical Question Answering,2024,ACL_2024_Full_Papers.bib
shetty-etal-2024-warden,{WARDEN}: Multi-Directional Backdoor Watermarks for Embedding-as-a-Service Copyright Protection,2024,ACL_2024_Full_Papers.bib
wu-etal-2024-advancing,Advancing Parameter Efficiency in Fine-tuning via Representation Editing,2024,ACL_2024_Full_Papers.bib
zhong-etal-2024-context,Context Consistency between Training and Inference in Simultaneous Machine Translation,2024,ACL_2024_Full_Papers.bib
xie-etal-2024-chunk,"Chunk, Align, Select: A Simple Long-sequence Processing Method for Transformers",2024,ACL_2024_Full_Papers.bib
han-etal-2024-archcode,{A}rch{C}ode: Incorporating Software Requirements in Code Generation with Large Language Models,2024,ACL_2024_Full_Papers.bib
wang-etal-2024-mulfe,{MULFE}: A Multi-Level Benchmark for Free Text Model Editing,2024,ACL_2024_Full_Papers.bib
zhang-etal-2024-hirope,{H}i{R}o{PE}: Length Extrapolation for Code Models Using Hierarchical Position,2024,ACL_2024_Full_Papers.bib
he-etal-2024-never,Never Lost in the Middle: Mastering Long-Context Question Answering with Position-Agnostic Decompositional Training,2024,ACL_2024_Full_Papers.bib
zhang-etal-2024-codeagent,{C}ode{A}gent: Enhancing Code Generation with Tool-Integrated Agent Systems for Real-World Repo-level Coding Challenges,2024,ACL_2024_Full_Papers.bib
chen-etal-2024-tree,When is Tree Search Useful for {LLM} Planning? It Depends on the Discriminator,2024,ACL_2024_Full_Papers.bib
parmar-etal-2024-logicbench,{L}ogic{B}ench: Towards Systematic Evaluation of Logical Reasoning Ability of Large Language Models,2024,ACL_2024_Full_Papers.bib
guo-etal-2024-meta,Meta-Tuning {LLM}s to Leverage Lexical Knowledge for Generalizable Language Style Understanding,2024,ACL_2024_Full_Papers.bib
alzahrani-etal-2024-benchmarks,When Benchmarks are Targets: Revealing the Sensitivity of Large Language Model Leaderboards,2024,ACL_2024_Full_Papers.bib
zhu-frank-2024-lieder,{LIEDER}: Linguistically-Informed Evaluation for Discourse Entity Recognition,2024,ACL_2024_Full_Papers.bib
zheng-etal-2024-neo,{NEO}-{BENCH}: Evaluating Robustness of Large Language Models with Neologisms,2024,ACL_2024_Full_Papers.bib
hanneman-etal-2024-impacts,Impacts of Misspelled Queries on Translation and Product Search,2024,ACL_2024_Full_Papers.bib
sel-etal-2024-skin,Skin-in-the-Game: Decision Making via Multi-Stakeholder Alignment in {LLM}s,2024,ACL_2024_Full_Papers.bib
zhang-etal-2024-mersa,The {MERSA} Dataset and a Transformer-Based Approach for Speech Emotion Recognition,2024,ACL_2024_Full_Papers.bib
ramos-etal-2024-transparent,Transparent and Scrutable Recommendations Using Natural Language User Profiles,2024,ACL_2024_Full_Papers.bib
yu-etal-2024-explanation,Explanation-aware Soft Ensemble Empowers Large Language Model In-context Learning,2024,ACL_2024_Full_Papers.bib
wang-etal-2024-best,What is the Best Way for {C}hat{GPT} to Translate Poetry?,2024,ACL_2024_Full_Papers.bib
wu-etal-2024-decot,{D}e{C}o{T}: Debiasing Chain-of-Thought for Knowledge-Intensive Tasks in Large Language Models via Causal Intervention,2024,ACL_2024_Full_Papers.bib
hu-etal-2024-representation,Representation Learning with Conditional Information Flow Maximization,2024,ACL_2024_Full_Papers.bib
riddell-etal-2024-quantifying,Quantifying Contamination in Evaluating Code Generation Capabilities of Language Models,2024,ACL_2024_Full_Papers.bib
dehghan-etal-2024-ewek,{EWEK}-{QA} : Enhanced Web and Efficient Knowledge Graph Retrieval for Citation-based Question Answering Systems,2024,ACL_2024_Full_Papers.bib
yu-etal-2024-controlled,Controlled Text Generation for Black-box Language Models via Score-based Progressive Editor,2024,ACL_2024_Full_Papers.bib
sui-etal-2024-confabulation,Confabulation: The Surprising Value of Large Language Model Hallucinations,2024,ACL_2024_Full_Papers.bib
zhu-etal-2024-iapt,{IAPT}: Instance-Aware Prompt Tuning for Large Language Models,2024,ACL_2024_Full_Papers.bib
zeng-etal-2024-johnny,How Johnny Can Persuade {LLM}s to Jailbreak Them: Rethinking Persuasion to Challenge {AI} Safety by Humanizing {LLM}s,2024,ACL_2024_Full_Papers.bib
bhaskar-etal-2024-heuristic,The Heuristic Core: Understanding Subnetwork Generalization in Pretrained Language Models,2024,ACL_2024_Full_Papers.bib
li-etal-2024-multimodal-arxiv,Multimodal {A}r{X}iv: A Dataset for Improving Scientific Comprehension of Large Vision-Language Models,2024,ACL_2024_Full_Papers.bib
an-etal-2024-l,{L}-Eval: Instituting Standardized Evaluation for Long Context Language Models,2024,ACL_2024_Full_Papers.bib
faisal-etal-2024-dialectbench,"{DIALECTBENCH}: An {NLP} Benchmark for Dialects, Varieties, and Closely-Related Languages",2024,ACL_2024_Full_Papers.bib
yang-etal-2024-psychogat,{P}sycho{GAT}: A Novel Psychological Measurement Paradigm through Interactive Fiction Games with {LLM} Agents,2024,ACL_2024_Full_Papers.bib
li-etal-2024-towards-better,Towards Better Understanding of Contrastive Sentence Representation Learning: A Unified Paradigm for Gradient,2024,ACL_2024_Full_Papers.bib
zhou-etal-2024-marvel,{MARVEL}: Unlocking the Multi-Modal Capability of Dense Retrieval via Visual Module Plugin,2024,ACL_2024_Full_Papers.bib
feng-etal-2024-dont,"Don{'}t Hallucinate, Abstain: Identifying {LLM} Knowledge Gaps via Multi-{LLM} Collaboration",2024,ACL_2024_Full_Papers.bib
kallini-etal-2024-mission,Mission: Impossible Language Models,2024,ACL_2024_Full_Papers.bib
lu-etal-2024-semisupervised,Semisupervised Neural Proto-Language Reconstruction,2024,ACL_2024_Full_Papers.bib
gaido-etal-2024-speech,Speech Translation with Speech Foundation Models and Large Language Models: What is There and What is Missing?,2024,ACL_2024_Full_Papers.bib
liao-etal-2024-d2llm,{D}2{LLM}: Decomposed and Distilled Large Language Models for Semantic Search,2024,ACL_2024_Full_Papers.bib
vykopal-etal-2024-disinformation,Disinformation Capabilities of Large Language Models,2024,ACL_2024_Full_Papers.bib
zheng-etal-2024-learn,Learn or Recall? Revisiting Incremental Learning with Pre-trained Language Models,2024,ACL_2024_Full_Papers.bib
bird-2024-must,Must {NLP} be Extractive?,2024,ACL_2024_Full_Papers.bib
etxaniz-etal-2024-latxa,Latxa: An Open Language Model and Evaluation Suite for {B}asque,2024,ACL_2024_Full_Papers.bib
hahn-rofin-2024-sensitive,Why are Sensitive Functions Hard for Transformers?,2024,ACL_2024_Full_Papers.bib
yan-etal-2024-talk,Talk With Human-like Agents: Empathetic Dialogue Through Perceptible Acoustic Reception and Reaction,2024,ACL_2024_Full_Papers.bib
paul-etal-2024-ircoder,{IRC}oder: Intermediate Representations Make Language Models Robust Multilingual Code Generators,2024,ACL_2024_Full_Papers.bib
limisiewicz-etal-2024-myte,{MYTE}: Morphology-Driven Byte Encoding for Better and Fairer Multilingual Language Modeling,2024,ACL_2024_Full_Papers.bib
niklaus-etal-2024-multilegalpile,{M}ulti{L}egal{P}ile: A 689{GB} Multilingual Legal Corpus,2024,ACL_2024_Full_Papers.bib
borenstein-etal-2024-languages,What Languages are Easy to Language-Model? A Perspective from Learning Probabilistic Regular Languages,2024,ACL_2024_Full_Papers.bib
shayegh-etal-2024-tree,Tree-Averaging Algorithms for Ensemble-Based Unsupervised Discontinuous Constituency Parsing,2024,ACL_2024_Full_Papers.bib
jiang-etal-2024-artprompt,{A}rt{P}rompt: {ASCII} Art-based Jailbreak Attacks against Aligned {LLM}s,2024,ACL_2024_Full_Papers.bib
zhang-etal-2024-psysafe,"{P}sy{S}afe: A Comprehensive Framework for Psychological-based Attack, Defense, and Evaluation of Multi-agent System Safety",2024,ACL_2024_Full_Papers.bib
zhang-etal-2024-bench,$\infty${B}ench: Extending Long Context Evaluation Beyond 100{K} Tokens,2024,ACL_2024_Full_Papers.bib
madusanka-etal-2024-natural,Natural Language Satisfiability: Exploring the Problem Distribution and Evaluating Transformer-based Language Models,2024,ACL_2024_Full_Papers.bib
rottger-etal-2024-political,Political Compass or Spinning Arrow? Towards More Meaningful Evaluations for Values and Opinions in Large Language Models,2024,ACL_2024_Full_Papers.bib
levy-etal-2024-task,"Same Task, More Tokens: the Impact of Input Length on the Reasoning Performance of Large Language Models",2024,ACL_2024_Full_Papers.bib
wang-etal-2024-disambiguate,Disambiguate Words like Composing Them: A Morphology-Informed Approach to Enhance {C}hinese Word Sense Disambiguation,2024,ACL_2024_Full_Papers.bib
wendler-etal-2024-llamas,Do Llamas Work in {E}nglish? On the Latent Language of Multilingual Transformers,2024,ACL_2024_Full_Papers.bib
pan-etal-2024-g,{G}-{DIG}: Towards Gradient-based {DI}verse and hi{G}h-quality Instruction Data Selection for Machine Translation,2024,ACL_2024_Full_Papers.bib
otmakhova-etal-2024-media,Media Framing: A typology and Survey of Computational Approaches Across Disciplines,2024,ACL_2024_Full_Papers.bib
li-etal-2024-spz,{SPZ}: A Semantic Perturbation-based Data Augmentation Method with Zonal-Mixing for {A}lzheimer{'}s Disease Detection,2024,ACL_2024_Full_Papers.bib
ulmer-etal-2024-calibrating,Calibrating Large Language Models Using Their Generations Only,2024,ACL_2024_Full_Papers.bib
yang-etal-2024-iterative-forward,Iterative Forward Tuning Boosts In-Context Learning in Language Models,2024,ACL_2024_Full_Papers.bib
xu-etal-2024-pride,Pride and Prejudice: {LLM} Amplifies Self-Bias in Self-Refinement,2024,ACL_2024_Full_Papers.bib
taguchi-chiang-2024-language,"Language Complexity and Speech Recognition Accuracy: Orthographic Complexity Hurts, Phonological Complexity Doesn{'}t",2024,ACL_2024_Full_Papers.bib
rimsky-etal-2024-steering,Steering Llama 2 via Contrastive Activation Addition,2024,ACL_2024_Full_Papers.bib
zhang-etal-2024-safetybench,{S}afety{B}ench: Evaluating the Safety of Large Language Models,2024,ACL_2024_Full_Papers.bib
guan-etal-2024-deciphering,Deciphering Oracle Bone Language with Diffusion Models,2024,ACL_2024_Full_Papers.bib
kwan-etal-2024-m4le,{M}4{LE}: A Multi-Ability Multi-Range Multi-Task Multi-Domain Long-Context Evaluation Benchmark for Large Language Models,2024,ACL_2024_Full_Papers.bib
si-etal-2024-checkwhy,{CHECKWHY}: Causal Fact Verification via Argument Structure,2024,ACL_2024_Full_Papers.bib
tomani-etal-2024-quality,Quality-Aware Translation Models: Efficient Generation and Quality Estimation in a Single Model,2024,ACL_2024_Full_Papers.bib
yin-etal-2024-american,{A}merican {S}ign {L}anguage Handshapes Reflect Pressures for Communicative Efficiency,2024,ACL_2024_Full_Papers.bib
soldaini-etal-2024-dolma,Dolma: an Open Corpus of Three Trillion Tokens for Language Model Pretraining Research,2024,ACL_2024_Full_Papers.bib
groeneveld-etal-2024-olmo,{OLM}o: Accelerating the Science of Language Models,2024,ACL_2024_Full_Papers.bib
wang-etal-2024-reasoning,Reasoning in Conversation: Solving Subjective Tasks through Dialogue Simulation for Large Language Models,2024,ACL_2024_Full_Papers.bib
yuan-etal-2024-batcheval,{B}atch{E}val: Towards Human-like Text Evaluation,2024,ACL_2024_Full_Papers.bib
wu-etal-2024-coke,{COKE}: A Cognitive Knowledge Graph for Machine Theory of Mind,2024,ACL_2024_Full_Papers.bib
trivedi-etal-2024-appworld,{A}pp{W}orld: A Controllable World of Apps and People for Benchmarking Interactive Coding Agents,2024,ACL_2024_Full_Papers.bib
jin-etal-2024-mmtom,{MMT}o{M}-{QA}: Multimodal Theory of Mind Question Answering,2024,ACL_2024_Full_Papers.bib
zhao-etal-2024-docmath,{D}oc{M}ath-Eval: Evaluating Math Reasoning Capabilities of {LLM}s in Understanding Long and Specialized Documents,2024,ACL_2024_Full_Papers.bib
yoshida-etal-2024-maps,{MAP}{'}s not dead yet: Uncovering true language model modes by conditioning away degeneracy,2024,ACL_2024_Full_Papers.bib
xu-etal-2024-earth,The Earth is Flat because...: Investigating {LLM}s' Belief towards Misinformation via Persuasive Conversation,2024,ACL_2024_Full_Papers.bib
liu-etal-2024-ecbd,{ECBD}: Evidence-Centered Benchmark Design for {NLP},2024,ACL_2024_Full_Papers.bib
naous-etal-2024-beer,Having Beer after Prayer? Measuring Cultural Bias in Large Language Models,2024,ACL_2024_Full_Papers.bib
roit-etal-2024-explicating,Explicating the Implicit: Argument Detection Beyond Sentence Boundaries,2024,ACL_2024_Full_Papers.bib
han-etal-2024-word,Word Embeddings Are Steers for Language Models,2024,ACL_2024_Full_Papers.bib
acl-2023-frontmatter,Proceedings of the 61st Annual Meeting of the Association for Computational Linguistics (Volume 1: Long Papers),2023,ACL_2023_Full_Papers.bib
rogers-etal-2023-report,Program Chairs' Report on Peer Review at ACL 2023,2023,ACL_2023_Full_Papers.bib
dale-etal-2023-detecting,"Detecting and Mitigating Hallucinations in Machine Translation: Model Internal Workings Alone Do Well, Sentence Similarity {E}ven Better",2023,ACL_2023_Full_Papers.bib
cheng-etal-2023-explainable,Explainable Recommendation with Personalized Review Retrieval and Aspect Learning,2023,ACL_2023_Full_Papers.bib
liu-etal-2023-binary,Binary and Ternary Natural Language Generation,2023,ACL_2023_Full_Papers.bib
bebensee-lee-2023-span,Span-Selective Linear Attention Transformers for Effective and Robust Schema-Guided Dialogue State Tracking,2023,ACL_2023_Full_Papers.bib
ghosh-etal-2023-aclm,{ACLM}: A Selective-Denoising based Generative Data Augmentation Approach for Low-Resource Complex {NER},2023,ACL_2023_Full_Papers.bib
yin-etal-2023-natural,Natural Language to Code Generation in Interactive Data Science Notebooks,2023,ACL_2023_Full_Papers.bib
deguchi-etal-2023-subset,Subset Retrieval Nearest Neighbor Machine Translation,2023,ACL_2023_Full_Papers.bib
zhang-wan-2023-mil,{MIL}-Decoding: Detoxifying Language Models at Token-Level via Multiple Instance Learning,2023,ACL_2023_Full_Papers.bib
de-dios-flores-etal-2023-dependency,Dependency resolution at the syntax-semantics interface: psycholinguistic and computational insights on control dependencies,2023,ACL_2023_Full_Papers.bib
liang-etal-2023-open,Open-ended Long Text Generation via Masked Language Modeling,2023,ACL_2023_Full_Papers.bib
chronis-etal-2023-method,A Method for Studying Semantic Construal in Grammatical Constructions with Interpretable Contextual Embedding Spaces,2023,ACL_2023_Full_Papers.bib
yamaki-etal-2023-holographic,Holographic {CCG} Parsing,2023,ACL_2023_Full_Papers.bib
liang-etal-2023-prompts,Prompts Can Play Lottery Tickets Well: Achieving Lifelong Information Extraction via Lottery Prompt Tuning,2023,ACL_2023_Full_Papers.bib
ren-etal-2023-retrieve,Retrieve-and-Sample: Document-level Event Argument Extraction via Hybrid Retrieval Augmentation,2023,ACL_2023_Full_Papers.bib
li-etal-2023-text,Text Adversarial Purification as Defense against Adversarial Attacks,2023,ACL_2023_Full_Papers.bib
clarke-etal-2023-rule,Rule By Example: Harnessing Logical Rules for Explainable Hate Speech Detection,2023,ACL_2023_Full_Papers.bib
lauscher-etal-2023-em,What about ``em''? How Commercial Machine Translation Fails to Handle (Neo-)Pronouns,2023,ACL_2023_Full_Papers.bib
zhang-etal-2023-overlap,What Is Overlap Knowledge in Event Argument Extraction? {APE}: A Cross-datasets Transfer Learning Model for {EAE},2023,ACL_2023_Full_Papers.bib
yang-etal-2023-tailor,Tailor: A Soft-Prompt-Based Approach to Attribute-Based Controlled Text Generation,2023,ACL_2023_Full_Papers.bib
ou-etal-2023-songs,Songs Across Borders: Singable and Controllable Neural Lyric Translation,2023,ACL_2023_Full_Papers.bib
ma-etal-2023-world,World-to-Words: Grounded Open Vocabulary Acquisition through Fast Mapping in Vision-Language Models,2023,ACL_2023_Full_Papers.bib
stolfo-etal-2023-causal,A Causal Framework to Quantify the Robustness of Mathematical Reasoning with Language Models,2023,ACL_2023_Full_Papers.bib
zhao-etal-2023-evaluating,Evaluating Open-Domain Dialogues in Latent Space with Next Sentence Prediction and Mutual Information,2023,ACL_2023_Full_Papers.bib
jiang-etal-2023-pruning,Pruning Pre-trained Language Models Without Fine-Tuning,2023,ACL_2023_Full_Papers.bib
fernandes-etal-2023-translation,"When Does Translation Require Context? A Data-driven, Multilingual Exploration",2023,ACL_2023_Full_Papers.bib
sun-etal-2023-layer,Layer-wise Fusion with Modality Independence Modeling for Multi-modal Emotion Recognition,2023,ACL_2023_Full_Papers.bib
bao-etal-2023-casn,{CASN}:Class-Aware Score Network for Textual Adversarial Detection,2023,ACL_2023_Full_Papers.bib
bartelds-etal-2023-making,Making More of Little Data: Improving Low-Resource Automatic Speech Recognition Using Data Augmentation,2023,ACL_2023_Full_Papers.bib
ziems-etal-2023-multi,Multi-{VALUE}: A Framework for Cross-Dialectal {E}nglish {NLP},2023,ACL_2023_Full_Papers.bib
zhang-etal-2023-self,Self-Edit: Fault-Aware Code Editor for Code Generation,2023,ACL_2023_Full_Papers.bib
zhan-etal-2023-test,Test-time Adaptation for Machine Translation Evaluation by Uncertainty Minimization,2023,ACL_2023_Full_Papers.bib
chang-etal-2023-multi,Multi-{CLS} {BERT}: An Efficient Alternative to Traditional Ensembling,2023,ACL_2023_Full_Papers.bib
ai-fang-2023-fly,On-the-fly Cross-lingual Masking for Multilingual Pre-training,2023,ACL_2023_Full_Papers.bib
abulimiti-etal-2023-kind,How About Kind of Generating Hedges using End-to-End Neural Models?,2023,ACL_2023_Full_Papers.bib
wang-etal-2023-diffusiondb,{D}iffusion{DB}: A Large-scale Prompt Gallery Dataset for Text-to-Image Generative Models,2023,ACL_2023_Full_Papers.bib
varshney-baral-2023-post,Post-Abstention: Towards Reliably Re-Attempting the Abstained Instances in {QA},2023,ACL_2023_Full_Papers.bib
qian-etal-2023-unilg,{U}ni{LG}: A Unified Structure-aware Framework for Lyrics Generation,2023,ACL_2023_Full_Papers.bib
zhang-etal-2023-fc,{FC}-{KBQA}: A Fine-to-Coarse Composition Framework for Knowledge Base Question Answering,2023,ACL_2023_Full_Papers.bib
wachowiak-gromann-2023-gpt,Does {GPT}-3 Grasp Metaphors? Identifying Metaphor Mappings with Generative Language Models,2023,ACL_2023_Full_Papers.bib
yu-etal-2023-alert,{ALERT}: Adapt Language Models to Reasoning Tasks,2023,ACL_2023_Full_Papers.bib
imanigooghari-etal-2023-glot500,Glot500: Scaling Multilingual Corpora and Language Models to 500 Languages,2023,ACL_2023_Full_Papers.bib
feng-etal-2023-joint,Joint Constrained Learning with Boundary-adjusting for Emotion-Cause Pair Extraction,2023,ACL_2023_Full_Papers.bib
zhuang-tu-2023-pretrained,Pretrained Bidirectional Distillation for Machine Translation,2023,ACL_2023_Full_Papers.bib
shin-etal-2023-pivotal,Pivotal Role of Language Modeling in Recommender Systems: Enriching Task-specific and Task-agnostic Representation Learning,2023,ACL_2023_Full_Papers.bib
zhao-etal-2023-improving,Improving Continual Relation Extraction by Distinguishing Analogous Semantics,2023,ACL_2023_Full_Papers.bib
wang-etal-2023-theory,A Theory of Unsupervised Speech Recognition,2023,ACL_2023_Full_Papers.bib
ozturkler-etal-2023-thinksum,{T}hink{S}um: Probabilistic reasoning over sets using large language models,2023,ACL_2023_Full_Papers.bib
nimah-etal-2023-nlg,{NLG} Evaluation Metrics Beyond Correlation Analysis: An Empirical Metric Preference Checklist,2023,ACL_2023_Full_Papers.bib
lv-etal-2023-dialogps,{D}ialo{GPS}: Dialogue Path Sampling in Continuous Semantic Space for Data Augmentation in Multi-Turn Conversations,2023,ACL_2023_Full_Papers.bib
lin-etal-2023-techs,{TECHS}: Temporal Logical Graph Networks for Explainable Extrapolation Reasoning,2023,ACL_2023_Full_Papers.bib
yin-etal-2023-consistency,Consistency Regularization Training for Compositional Generalization,2023,ACL_2023_Full_Papers.bib
yin-etal-2023-nuwa,{NUWA}-{XL}: Diffusion over Diffusion for e{X}tremely Long Video Generation,2023,ACL_2023_Full_Papers.bib
chen-etal-2023-close,A Close Look into the Calibration of Pre-trained Language Models,2023,ACL_2023_Full_Papers.bib
li-etal-2023-dionysus,{DIONYSUS}: A Pre-trained Model for Low-Resource Dialogue Summarization,2023,ACL_2023_Full_Papers.bib
jing-etal-2023-ms,{MS}-{DETR}: Natural Language Video Localization with Sampling Moment-Moment Interaction,2023,ACL_2023_Full_Papers.bib
levy-etal-2023-diverse,Diverse Demonstrations Improve In-context Compositional Generalization,2023,ACL_2023_Full_Papers.bib
wu-etal-2023-self,Self-Adaptive In-Context Learning: An Information Compression Perspective for In-Context Example Selection and Ordering,2023,ACL_2023_Full_Papers.bib
meister-etal-2023-efficacy,On the Efficacy of Sampling Adapters,2023,ACL_2023_Full_Papers.bib
chen-li-2023-pmaes,{PMAES}: Prompt-mapping Contrastive Learning for Cross-prompt Automated Essay Scoring,2023,ACL_2023_Full_Papers.bib
ouyang-etal-2023-prefix,On Prefix-tuning for Lightweight Out-of-distribution Detection,2023,ACL_2023_Full_Papers.bib
bugliarello-etal-2023-measuring,Measuring Progress in Fine-grained Vision-and-Language Understanding,2023,ACL_2023_Full_Papers.bib
kwon-etal-2023-vision,Vision Meets Definitions: Unsupervised Visual Word Sense Disambiguation Incorporating Gloss Information,2023,ACL_2023_Full_Papers.bib
li-etal-2023-faa,{FAA}: Fine-grained Attention Alignment for Cascade Document Ranking,2023,ACL_2023_Full_Papers.bib
zhou-etal-2023-facilitating,Facilitating Multi-turn Emotional Support Conversation with Positive Emotion Elicitation: A Reinforcement Learning Approach,2023,ACL_2023_Full_Papers.bib
szymanski-etal-2023-arent,Why Aren{'}t We {NER} Yet? Artifacts of {ASR} Errors in Named Entity Recognition in Spontaneous Speech Transcripts,2023,ACL_2023_Full_Papers.bib
gao-etal-2023-precise,Precise Zero-Shot Dense Retrieval without Relevance Labels,2023,ACL_2023_Full_Papers.bib
li-etal-2023-white,White-Box Multi-Objective Adversarial Attack on Dialogue Generation,2023,ACL_2023_Full_Papers.bib
khalifa-etal-2023-cautious,A Cautious Generalization Goes a Long Way: Learning Morphophonological Rules,2023,ACL_2023_Full_Papers.bib
chan-etal-2023-shot,Few-shot Adaptation Works with {U}npredic{T}able Data,2023,ACL_2023_Full_Papers.bib
fatima-strube-2023-cross,"Cross-lingual Science Journalism: Select, Simplify and Rewrite Summaries for Non-expert Readers",2023,ACL_2023_Full_Papers.bib
liu-etal-2023-knn,k{NN}-{TL}: k-Nearest-Neighbor Transfer Learning for Low-Resource Neural Machine Translation,2023,ACL_2023_Full_Papers.bib
gu-etal-2023-language,Do language models have coherent mental models of everyday things?,2023,ACL_2023_Full_Papers.bib
grusky-2023-rogue,Rogue Scores,2023,ACL_2023_Full_Papers.bib
honovich-etal-2023-instruction,Instruction Induction: From Few Examples to Natural Language Task Descriptions,2023,ACL_2023_Full_Papers.bib
hu-etal-2023-context,In-Context Analogical Reasoning with Pre-Trained Language Models,2023,ACL_2023_Full_Papers.bib
caciularu-etal-2023-peek,Peek Across: Improving Multi-Document Modeling via Cross-Document Question-Answering,2023,ACL_2023_Full_Papers.bib
ren-etal-2023-tailoring,Tailoring Instructions to Student{'}s Learning Levels Boosts Knowledge Distillation,2023,ACL_2023_Full_Papers.bib
behzad-etal-2023-elqa,{ELQA}: A Corpus of Metalinguistic Questions and Answers about {E}nglish,2023,ACL_2023_Full_Papers.bib
wang-etal-2023-divide,"Divide, Conquer, and Combine: Mixture of Semantic-Independent Experts for Zero-Shot Dialogue State Tracking",2023,ACL_2023_Full_Papers.bib
feng-etal-2023-schema,Schema-Guided User Satisfaction Modeling for Task-Oriented Dialogues,2023,ACL_2023_Full_Papers.bib
yoo-etal-2023-robust,Robust Multi-bit Natural Language Watermarking through Invariant Features,2023,ACL_2023_Full_Papers.bib
feng-etal-2023-kalm,"{KALM}: Knowledge-Aware Integration of Local, Document, and Global Contexts for Long Document Understanding",2023,ACL_2023_Full_Papers.bib
zhang-etal-2023-extractive,Extractive is not Faithful: An Investigation of Broad Unfaithfulness Problems in Extractive Summarization,2023,ACL_2023_Full_Papers.bib
jon-bojar-2023-breeding,Breeding Machine Translations: Evolutionary approach to survive and thrive in the world of automated evaluation,2023,ACL_2023_Full_Papers.bib
wu-etal-2023-denoising,Denoising Bottleneck with Mutual Information Maximization for Video Multimodal Fusion,2023,ACL_2023_Full_Papers.bib
wang-etal-2023-simlm,{S}im{LM}: Pre-training with Representation Bottleneck for Dense Passage Retrieval,2023,ACL_2023_Full_Papers.bib
bansal-sharma-2023-controlling,Controlling Learned Effects to Reduce Spurious Correlations in Text Classifiers,2023,ACL_2023_Full_Papers.bib
lyu-etal-2023-z,{Z}-{ICL}: Zero-Shot In-Context Learning with Pseudo-Demonstrations,2023,ACL_2023_Full_Papers.bib
guo-etal-2023-learning,Learning Optimal Policy for Simultaneous Machine Translation via Binary Search,2023,ACL_2023_Full_Papers.bib
wang-etal-2023-better,Better Simultaneous Translation with Monotonic Knowledge Distillation,2023,ACL_2023_Full_Papers.bib
eremeev-etal-2023-injecting,Injecting knowledge into language generation: a case study in auto-charting after-visit care instructions from medical dialogue,2023,ACL_2023_Full_Papers.bib
li-etal-2023-sequence,Sequence Parallelism: Long Sequence Training from System Perspective,2023,ACL_2023_Full_Papers.bib
wang-etal-2023-mustie,{MUSTIE}: Multimodal Structural Transformer for Web Information Extraction,2023,ACL_2023_Full_Papers.bib
yu-etal-2023-augmentation,Augmentation-Adapted Retriever Improves Generalization of Language Models as Generic Plug-In,2023,ACL_2023_Full_Papers.bib
chen-etal-2023-tablevlm,{T}able{VLM}: Multi-modal Pre-training for Table Structure Recognition,2023,ACL_2023_Full_Papers.bib
tian-etal-2023-dynamic,Dynamic Routing Transformer Network for Multimodal Sarcasm Detection,2023,ACL_2023_Full_Papers.bib
ram-etal-2023-token,What Are You Token About? Dense Retrieval as Distributions Over the Vocabulary,2023,ACL_2023_Full_Papers.bib
serianni-kalita-2023-training,Training-free Neural Architecture Search for {RNN}s and Transformers,2023,ACL_2023_Full_Papers.bib
bhattacharjee-etal-2023-crosssum,"{C}ross{S}um: Beyond {E}nglish-Centric Cross-Lingual Summarization for 1,500+ Language Pairs",2023,ACL_2023_Full_Papers.bib
gupta-etal-2023-bi,Bi-Phone: Modeling Inter Language Phonetic Influences in Text,2023,ACL_2023_Full_Papers.bib
wang-etal-2023-plan,Plan-and-Solve Prompting: Improving Zero-Shot Chain-of-Thought Reasoning by Large Language Models,2023,ACL_2023_Full_Papers.bib
liu-etal-2023-retromae,{R}etro{MAE}-2: Duplex Masked Auto-Encoder For Pre-Training Retrieval-Oriented Language Models,2023,ACL_2023_Full_Papers.bib
li-etal-2023-symbolic,Symbolic Chain-of-Thought Distillation: Small Models Can Also ``Think'' Step-by-Step,2023,ACL_2023_Full_Papers.bib
adams-etal-2023-generating,Generating {EDU} Extracts for Plan-Guided Summary Re-Ranking,2023,ACL_2023_Full_Papers.bib
rahmani-etal-2023-survey,A Survey on Asking Clarification Questions Datasets in Conversational Systems,2023,ACL_2023_Full_Papers.bib
wang-etal-2023-towards,Towards Understanding Chain-of-Thought Prompting: An Empirical Study of What Matters,2023,ACL_2023_Full_Papers.bib
wang-etal-2023-rmlm,{RMLM}: A Flexible Defense Framework for Proactively Mitigating Word-level Adversarial Attacks,2023,ACL_2023_Full_Papers.bib
yang-etal-2023-gradient,Gradient-based Intra-attention Pruning on Pre-trained Language Models,2023,ACL_2023_Full_Papers.bib
li-etal-2023-learning,Learning to Substitute Spans towards Improving Compositional Generalization,2023,ACL_2023_Full_Papers.bib
bi-etal-2023-diffusemp,{D}iffus{E}mp: A Diffusion Model-Based Framework with Multi-Grained Control for Empathetic Response Generation,2023,ACL_2023_Full_Papers.bib
won-etal-2023-break,{BREAK}: Breaking the Dialogue State Tracking Barrier with Beam Search and Re-ranking,2023,ACL_2023_Full_Papers.bib
liang-etal-2023-dynamic,Dynamic and Efficient Inference for Text Generation via {BERT} Family,2023,ACL_2023_Full_Papers.bib
liang-etal-2023-summary,Summary-Oriented Vision Modeling for Multimodal Abstractive Summarization,2023,ACL_2023_Full_Papers.bib
russo-etal-2023-helping,Helping a Friend or Supporting a Cause? Disentangling Active and Passive Cosponsorship in the {U}.{S}. Congress,2023,ACL_2023_Full_Papers.bib
li-etal-2023-trea,{TREA}: Tree-Structure Reasoning Schema for Conversational Recommendation,2023,ACL_2023_Full_Papers.bib
wu-etal-2023-plms,Do {PLM}s Know and Understand Ontological Knowledge?,2023,ACL_2023_Full_Papers.bib
tao-etal-2023-core,{CORE}: Cooperative Training of Retriever-Reranker for Effective Dialogue Response Selection,2023,ACL_2023_Full_Papers.bib
chen-elsner-2023-exploring,Exploring How Generative Adversarial Networks Learn Phonological Representations,2023,ACL_2023_Full_Papers.bib
giulianelli-etal-2023-interpretable,Interpretable Word Sense Representations via Definition Generation: The Case of Semantic Change Analysis,2023,ACL_2023_Full_Papers.bib
hu-etal-2023-infometic,{I}nfo{M}et{IC}: An Informative Metric for Reference-free Image Caption Evaluation,2023,ACL_2023_Full_Papers.bib
zheng-etal-2023-invariant,An Invariant Learning Characterization of Controlled Text Generation,2023,ACL_2023_Full_Papers.bib
yuan-etal-2023-hype,{H}y{P}e: Better Pre-trained Language Model Fine-tuning with Hidden Representation Perturbation,2023,ACL_2023_Full_Papers.bib
cai-etal-2023-generating,Generating User-Engaging News Headlines,2023,ACL_2023_Full_Papers.bib
liu-etal-2023-pvgru,{PVGRU}: Generating Diverse and Relevant Dialogue Responses via Pseudo-Variational Mechanism,2023,ACL_2023_Full_Papers.bib
testa-etal-2023-understand,"We Understand Elliptical Sentences, and Language Models should Too: A New Dataset for Studying Ellipsis and its Interaction with Thematic Fit",2023,ACL_2023_Full_Papers.bib
yang-etal-2023-doc,{DOC}: Improving Long Story Coherence With Detailed Outline Control,2023,ACL_2023_Full_Papers.bib
li-etal-2023-dual,Dual-Alignment Pre-training for Cross-lingual Sentence Embedding,2023,ACL_2023_Full_Papers.bib
gu-etal-2023-gradient,A Gradient Control Method for Backdoor Attacks on Parameter-Efficient Tuning,2023,ACL_2023_Full_Papers.bib
sun-etal-2023-history,History Semantic Graph Enhanced Conversational {KBQA} with Temporal Information Modeling,2023,ACL_2023_Full_Papers.bib
chen-etal-2023-one,"From the One, Judge of the Whole: Typed Entailment Graph Construction with Predicate Generation",2023,ACL_2023_Full_Papers.bib
chen-etal-2023-alleviating,Alleviating Over-smoothing for Unsupervised Sentence Representation,2023,ACL_2023_Full_Papers.bib
koishekenov-etal-2023-memory,Memory-efficient {NLLB}-200: Language-specific Expert Pruning of a Massively Multilingual Machine Translation Model,2023,ACL_2023_Full_Papers.bib
sun-etal-2023-characters,From Characters to Words: Hierarchical Pre-trained Language Model for Open-vocabulary Language Understanding,2023,ACL_2023_Full_Papers.bib
opedal-etal-2023-efficient,Efficient Semiring-Weighted {E}arley Parsing,2023,ACL_2023_Full_Papers.bib
scarlatos-lan-2023-tree,Tree-Based Representation and Generation of Natural and Mathematical Language,2023,ACL_2023_Full_Papers.bib
qiang-etal-2023-parals,{P}ara{LS}: Lexical Substitution via Pretrained Paraphraser,2023,ACL_2023_Full_Papers.bib
song-etal-2023-peer,Peer-Label Assisted Hierarchical Text Classification,2023,ACL_2023_Full_Papers.bib
cui-chen-2023-free,Free Lunch for Efficient Textual Commonsense Integration in Language Models,2023,ACL_2023_Full_Papers.bib
zhou-etal-2023-probabilistic,A Probabilistic Framework for Discovering New Intents,2023,ACL_2023_Full_Papers.bib
gao-etal-2023-small,Small Pre-trained Language Models Can be Fine-tuned as Large Models via Over-Parameterization,2023,ACL_2023_Full_Papers.bib
kim-schuster-2023-entity,Entity Tracking in Language Models,2023,ACL_2023_Full_Papers.bib
otani-etal-2023-textual,A Textual Dataset for Situated Proactive Response Selection,2023,ACL_2023_Full_Papers.bib
shen-etal-2023-diffusionner,{D}iffusion{NER}: Boundary Diffusion for Named Entity Recognition,2023,ACL_2023_Full_Papers.bib
ouyang-etal-2023-waco,{WACO}: Word-Aligned Contrastive Learning for Speech Translation,2023,ACL_2023_Full_Papers.bib
mhamdi-etal-2023-cross,Cross-lingual Continual Learning,2023,ACL_2023_Full_Papers.bib
hong-etal-2023-faithful,Faithful Question Answering with {M}onte-{C}arlo Planning,2023,ACL_2023_Full_Papers.bib
guo-etal-2023-analyzing,Analyzing and Reducing the Performance Gap in Cross-Lingual Transfer with Fine-tuning Slow and Fast,2023,ACL_2023_Full_Papers.bib
deng-etal-2023-knowledge,Knowledge-enhanced Mixed-initiative Dialogue System for Emotional Support Conversations,2023,ACL_2023_Full_Papers.bib
yan-etal-2023-utc,{UTC}-{IE}: A Unified Token-pair Classification Architecture for Information Extraction,2023,ACL_2023_Full_Papers.bib
hu-etal-2023-fine,A fine-grained comparison of pragmatic language understanding in humans and language models,2023,ACL_2023_Full_Papers.bib
guo-etal-2023-counterfactual,Counterfactual Multihop {QA}: A Cause-Effect Approach for Reducing Disconnected Reasoning,2023,ACL_2023_Full_Papers.bib
liao-etal-2023-parameter,Parameter-Efficient Fine-Tuning without Introducing New Latency,2023,ACL_2023_Full_Papers.bib
fang-etal-2023-manner,{MANNER}: A Variational Memory-Augmented Model for Cross Domain Few-Shot Named Entity Recognition,2023,ACL_2023_Full_Papers.bib
fitzgerald-etal-2023-massive,{MASSIVE}: A 1{M}-Example Multilingual Natural Language Understanding Dataset with 51 Typologically-Diverse Languages,2023,ACL_2023_Full_Papers.bib
yuan-etal-2023-distilling,Distilling Script Knowledge from Large Language Models for Constrained Language Planning,2023,ACL_2023_Full_Papers.bib
cho-etal-2023-celda,{CELDA}: Leveraging Black-box Language Model as Enhanced Classifier without Labels,2023,ACL_2023_Full_Papers.bib
gou-etal-2023-mvp,{M}v{P}: Multi-view Prompting Improves Aspect Sentiment Tuple Prediction,2023,ACL_2023_Full_Papers.bib
ghazarian-etal-2023-accent,{ACCENT}: An Automatic Event Commonsense Evaluation Metric for Open-Domain Dialogue Systems,2023,ACL_2023_Full_Papers.bib
ludan-etal-2023-explanation,Explanation-based Finetuning Makes Models More Robust to Spurious Cues,2023,ACL_2023_Full_Papers.bib
luo-etal-2023-came,{CAME}: Confidence-guided Adaptive Memory Efficient Optimization,2023,ACL_2023_Full_Papers.bib
zhu-etal-2023-solving,Solving Math Word Problems via Cooperative Reasoning induced Language Models,2023,ACL_2023_Full_Papers.bib
akasaki-etal-2023-early,Early Discovery of Disappearing Entities in Microblogs,2023,ACL_2023_Full_Papers.bib
he-etal-2023-diffusionbert,{D}iffusion{BERT}: Improving Generative Masked Language Models with Diffusion Models,2023,ACL_2023_Full_Papers.bib
zhang-etal-2023-lifting,Lifting the Curse of Capacity Gap in Distilling Language Models,2023,ACL_2023_Full_Papers.bib
deng-etal-2023-towards,Towards Faithful Dialogues via Focus Learning,2023,ACL_2023_Full_Papers.bib
fang-feng-2023-back,Back Translation for Speech-to-text Translation Without Transcripts,2023,ACL_2023_Full_Papers.bib
aksu-etal-2023-prompter,Prompter: Zero-shot Adaptive Prefixes for Dialogue State Tracking Domain Adaptation,2023,ACL_2023_Full_Papers.bib
tang-etal-2023-enhancing,Enhancing Dialogue Generation via Dynamic Graph Knowledge Aggregation,2023,ACL_2023_Full_Papers.bib
li-etal-2023-multi,Multi-modal Action Chain Abductive Reasoning,2023,ACL_2023_Full_Papers.bib
he-etal-2023-exploring,Exploring the Capacity of Pretrained Language Models for Reasoning about Actions and Change,2023,ACL_2023_Full_Papers.bib
li-etal-2023-unified,Unified Demonstration Retriever for In-Context Learning,2023,ACL_2023_Full_Papers.bib
yue-etal-2023-movie101,Movie101: A New Movie Understanding Benchmark,2023,ACL_2023_Full_Papers.bib
xu-etal-2023-enhancing,Enhancing Language Representation with Constructional Information for Natural Language Understanding,2023,ACL_2023_Full_Papers.bib
wang-etal-2023-query,Query Structure Modeling for Inductive Logical Reasoning Over Knowledge Graphs,2023,ACL_2023_Full_Papers.bib
liu-etal-2023-dimongen,{D}imon{G}en: Diversified Generative Commonsense Reasoning for Explaining Concept Relationships,2023,ACL_2023_Full_Papers.bib
zhao-aletras-2023-incorporating,Incorporating Attribution Importance for Improving Faithfulness Metrics,2023,ACL_2023_Full_Papers.bib
liu-etal-2023-towards,Towards Robust Low-Resource Fine-Tuning with Multi-View Compressed Representations,2023,ACL_2023_Full_Papers.bib
stoehr-etal-2023-ordinal,An Ordinal Latent Variable Model of Conflict Intensity,2023,ACL_2023_Full_Papers.bib
saxon-wang-2023-multilingual,Multilingual Conceptual Coverage in Text-to-Image Models,2023,ACL_2023_Full_Papers.bib
gu-etal-2023-pre,Pre-Training to Learn in Context,2023,ACL_2023_Full_Papers.bib
mager-etal-2023-ethical,Ethical Considerations for Machine Translation of Indigenous Languages: Giving a Voice to the Speakers,2023,ACL_2023_Full_Papers.bib
ryan-etal-2023-revisiting,Revisiting non-{E}nglish Text Simplification: A Unified Multilingual Benchmark,2023,ACL_2023_Full_Papers.bib
gu-etal-2023-dont,"Don{'}t Generate, Discriminate: A Proposal for Grounding Language Models to Real-World Environments",2023,ACL_2023_Full_Papers.bib
mo-etal-2023-convgqr,{C}onv{GQR}: Generative Query Reformulation for Conversational Search,2023,ACL_2023_Full_Papers.bib
xu-etal-2023-kilm,{KILM}: Knowledge Injection into Encoder-Decoder Language Models,2023,ACL_2023_Full_Papers.bib
wang-etal-2023-vstar,{VSTAR}: A Video-grounded Dialogue Dataset for Situated Semantic Understanding with Scene and Topic Transitions,2023,ACL_2023_Full_Papers.bib
he-etal-2023-z,{Z}-Code++: A Pre-trained Language Model Optimized for Abstractive Summarization,2023,ACL_2023_Full_Papers.bib
diao-etal-2023-mixture,Mixture-of-Domain-Adapters: Decoupling and Injecting Domain Knowledge to Pre-trained Language Models' Memories,2023,ACL_2023_Full_Papers.bib
moon-etal-2023-randomized,Randomized Smoothing with Masked Inference for Adversarially Robust Text Classifications,2023,ACL_2023_Full_Papers.bib
zouhar-etal-2023-tokenization,Tokenization and the Noiseless Channel,2023,ACL_2023_Full_Papers.bib
li-lu-2023-contextual,Contextual Distortion Reveals Constituency: Masked Language Models are Implicit Parsers,2023,ACL_2023_Full_Papers.bib
wang-etal-2023-cola,{COLA}: Contextualized Commonsense Causal Reasoning from the Causal Inference Perspective,2023,ACL_2023_Full_Papers.bib
sharma-etal-2023-memex,{MEMEX}: Detecting Explanatory Evidence for Memes via Knowledge-Enriched Contextualization,2023,ACL_2023_Full_Papers.bib
bolotova-baranova-etal-2023-wikihowqa,{W}iki{H}ow{QA}: A Comprehensive Benchmark for Multi-Document Non-Factoid Question Answering,2023,ACL_2023_Full_Papers.bib
li-etal-2023-making,Making Language Models Better Reasoners with Step-Aware Verifier,2023,ACL_2023_Full_Papers.bib
qiao-etal-2023-reasoning,Reasoning with Language Model Prompting: A Survey,2023,ACL_2023_Full_Papers.bib
futeral-etal-2023-tackling,Tackling Ambiguity with Images: Improved Multimodal Machine Translation and Contrastive Evaluation,2023,ACL_2023_Full_Papers.bib
pandey-etal-2023-cross,Cross-modal Attention Congruence Regularization for Vision-Language Relation Alignment,2023,ACL_2023_Full_Papers.bib
tang-etal-2023-enhancing-personalized,Enhancing Personalized Dialogue Generation with Contrastive Latent Variables: Combining Sparse and Dense Persona,2023,ACL_2023_Full_Papers.bib
onoe-etal-2023-lms,Can {LM}s Learn New Entities from Descriptions? Challenges in Propagating Injected Knowledge,2023,ACL_2023_Full_Papers.bib
wang-etal-2023-scott,{SCOTT}: Self-Consistent Chain-of-Thought Distillation,2023,ACL_2023_Full_Papers.bib
kim-etal-2023-clinical,Clinical Note Owns its Hierarchy: Multi-Level Hypergraph Neural Networks for Patient-Level Representation Learning,2023,ACL_2023_Full_Papers.bib
kamalloo-etal-2023-evaluating,Evaluating Open-Domain Question Answering in the Era of Large Language Models,2023,ACL_2023_Full_Papers.bib
pitarch-etal-2023-clues,"No clues, good clues: Out of context Lexical Relation Classification",2023,ACL_2023_Full_Papers.bib
tang-etal-2023-daam,What the {DAAM}: Interpreting Stable Diffusion Using Cross Attention,2023,ACL_2023_Full_Papers.bib
huang-etal-2023-zero,Zero-shot Faithful Factual Error Correction,2023,ACL_2023_Full_Papers.bib
li-etal-2023-open,Open-Domain Hierarchical Event Schema Induction by Incremental Prompting and Verification,2023,ACL_2023_Full_Papers.bib
chakraborty-etal-2023-zero,Zero-shot Approach to Overcome Perturbation Sensitivity of Prompts,2023,ACL_2023_Full_Papers.bib
zeng-etal-2023-cross,Cross-View Language Modeling: Towards Unified Cross-Lingual Cross-Modal Pre-training,2023,ACL_2023_Full_Papers.bib
yang-etal-2023-unsupervised,Unsupervised Discontinuous Constituency Parsing with Mildly Context-Sensitive Grammars,2023,ACL_2023_Full_Papers.bib
gupta-etal-2023-counterspeeches,Counterspeeches up my sleeve! Intent Distribution Learning and Persistent Fusion for Intent-Conditioned Counterspeech Generation,2023,ACL_2023_Full_Papers.bib
kothawade-etal-2023-ditto,{DITTO}: Data-efficient and Fair Targeted Subset Selection for {ASR} Accent Adaptation,2023,ACL_2023_Full_Papers.bib
zhao-etal-2023-verify,Verify-and-Edit: A Knowledge-Enhanced Chain-of-Thought Framework,2023,ACL_2023_Full_Papers.bib
cao-etal-2023-bridging,Bridging the Domain Gaps in Context Representations for $k$-Nearest Neighbor Neural Machine Translation,2023,ACL_2023_Full_Papers.bib
philippy-etal-2023-towards,Towards a Common Understanding of Contributing Factors for Cross-Lingual Transfer in Multilingual Language Models: A Review,2023,ACL_2023_Full_Papers.bib
lu-etal-2023-toward,Toward Human-Like Evaluation for Natural Language Generation with Error Analysis,2023,ACL_2023_Full_Papers.bib
wu-etal-2023-connective,Connective Prediction for Implicit Discourse Relation Recognition via Knowledge Distillation,2023,ACL_2023_Full_Papers.bib
cao-2023-best,What is the best recipe for character-level encoder-only modelling?,2023,ACL_2023_Full_Papers.bib
li-etal-2023-unifying,Unifying Cross-Lingual and Cross-Modal Modeling Towards Weakly Supervised Multilingual Vision-Language Pre-training,2023,ACL_2023_Full_Papers.bib
fei-etal-2023-scene,Scene Graph as Pivoting: Inference-time Image-free Unsupervised Multimodal Machine Translation with Visual Scene Hallucination,2023,ACL_2023_Full_Papers.bib
sun-etal-2023-dialect,Dialect-robust Evaluation of Generated Text,2023,ACL_2023_Full_Papers.bib
zhang-etal-2023-understanding,Understanding and Improving the Robustness of Terminology Constraints in Neural Machine Translation,2023,ACL_2023_Full_Papers.bib
sinha-etal-2023-language,Language model acceptability judgements are not always robust to context,2023,ACL_2023_Full_Papers.bib
kodner-etal-2023-morphological,Morphological Inflection: A Reality Check,2023,ACL_2023_Full_Papers.bib
ren-etal-2023-tome,{TOME}: A Two-stage Approach for Model-based Retrieval,2023,ACL_2023_Full_Papers.bib
palma-gomez-etal-2023-using,Using Neural Machine Translation for Generating Diverse Challenging Exercises for Language Learner,2023,ACL_2023_Full_Papers.bib
plenz-etal-2023-similarity,Similarity-weighted Construction of Contextualized Commonsense Knowledge Graphs for Knowledge-intense Argumentation Tasks,2023,ACL_2023_Full_Papers.bib
klein-nabi-2023-micse,mi{CSE}: Mutual Information Contrastive Learning for Low-shot Sentence Embeddings,2023,ACL_2023_Full_Papers.bib
sharma-etal-2023-learning,Learning Non-linguistic Skills without Sacrificing Linguistic Proficiency,2023,ACL_2023_Full_Papers.bib
singh-etal-2023-forgotten,Forgotten Knowledge: Examining the Citational Amnesia in {NLP},2023,ACL_2023_Full_Papers.bib
du-nguyen-2023-measuring,Measuring the Instability of Fine-Tuning,2023,ACL_2023_Full_Papers.bib
roit-etal-2023-factually,Factually Consistent Summarization via Reinforcement Learning with Textual Entailment Feedback,2023,ACL_2023_Full_Papers.bib
sanyal-etal-2023-apollo,{APOLLO}: A Simple Approach for Adaptive Pretraining of Language Models for Logical Reasoning,2023,ACL_2023_Full_Papers.bib
pal-etal-2023-multitabqa,{M}ulti{T}ab{QA}: Generating Tabular Answers for Multi-Table Question Answering,2023,ACL_2023_Full_Papers.bib
li-etal-2023-copy,To Copy Rather Than Memorize: A Vertical Learning Paradigm for Knowledge Graph Completion,2023,ACL_2023_Full_Papers.bib
dai-etal-2023-long,Long-Tailed Question Answering in an Open World,2023,ACL_2023_Full_Papers.bib
ratner-etal-2023-parallel,Parallel Context Windows for Large Language Models,2023,ACL_2023_Full_Papers.bib
nawrot-etal-2023-efficient,Efficient Transformers with Dynamic Token Pooling,2023,ACL_2023_Full_Papers.bib
jain-etal-2023-contraclm,{C}ontra{CLM}: Contrastive Learning For Causal Language Model,2023,ACL_2023_Full_Papers.bib
chou-etal-2023-advancing,Advancing Multi-Criteria {C}hinese Word Segmentation Through Criterion Classification and Denoising,2023,ACL_2023_Full_Papers.bib
zhao-etal-2023-infusing,Infusing Hierarchical Guidance into Prompt Tuning: A Parameter-Efficient Framework for Multi-level Implicit Discourse Relation Recognition,2023,ACL_2023_Full_Papers.bib
zhan-etal-2023-contrastive,Contrastive Learning with Adversarial Examples for Alleviating Pathology of Language Model,2023,ACL_2023_Full_Papers.bib
zeng-etal-2023-futuretod,{F}uture{TOD}: Teaching Future Knowledge to Pre-trained Language Model for Task-Oriented Dialogue,2023,ACL_2023_Full_Papers.bib
kazemi-etal-2023-lambada,{LAMBADA}: Backward Chaining for Automated Reasoning in Natural Language,2023,ACL_2023_Full_Papers.bib
gao-etal-2023-peacok,{P}ea{C}o{K}: Persona Commonsense Knowledge for Consistent and Engaging Narratives,2023,ACL_2023_Full_Papers.bib
xu-etal-2023-berm,{BERM}: Training the Balanced and Extractable Representation for Matching to Improve Generalization Ability of Dense Retrieval,2023,ACL_2023_Full_Papers.bib
li-etal-2023-multiview,Multiview Identifiers Enhanced Generative Retrieval,2023,ACL_2023_Full_Papers.bib
blevins-etal-2023-prompting,Prompting Language Models for Linguistic Structure,2023,ACL_2023_Full_Papers.bib
zhao-etal-2023-matching,{RE}-Matching: A Fine-Grained Semantic Matching Method for Zero-Shot Relation Extraction,2023,ACL_2023_Full_Papers.bib
zhou-etal-2023-flame,{FL}am{E}: Few-shot Learning from Natural Language Explanations,2023,ACL_2023_Full_Papers.bib
chaudhury-etal-2023-learning,Learning Symbolic Rules over {A}bstract {M}eaning {R}epresentations for Textual Reinforcement Learning,2023,ACL_2023_Full_Papers.bib
chen-etal-2023-improving-robustness,Improving the Robustness of Summarization Systems with Dual Augmentation,2023,ACL_2023_Full_Papers.bib
zhang-etal-2023-interpretable,Interpretable Math Word Problem Solution Generation via Step-by-step Planning,2023,ACL_2023_Full_Papers.bib
kobayashi-etal-2023-pairspanbert,{P}air{S}pan{BERT}: An Enhanced Language Model for Bridging Resolution,2023,ACL_2023_Full_Papers.bib
ge-etal-2023-compounding,Compounding Geometric Operations for Knowledge Graph Completion,2023,ACL_2023_Full_Papers.bib
li-etal-2023-shot,Few-shot In-context Learning on Knowledge Base Question Answering,2023,ACL_2023_Full_Papers.bib
pan-etal-2023-fact,Fact-Checking Complex Claims with Program-Guided Reasoning,2023,ACL_2023_Full_Papers.bib
jin-etal-2023-patton,Patton: Language Model Pretraining on Text-Rich Networks,2023,ACL_2023_Full_Papers.bib
vakil-amiri-2023-curriculum,Curriculum Learning for Graph Neural Networks: A Multiview Competence-based Approach,2023,ACL_2023_Full_Papers.bib
kim-etal-2023-automatic,Automatic Creation of Named Entity Recognition Datasets by Querying Phrase Representations,2023,ACL_2023_Full_Papers.bib
chen-etal-2023-dynamic,Dynamic Transformers Provide a False Sense of Efficiency,2023,ACL_2023_Full_Papers.bib
hlavnova-ruder-2023-empowering,Empowering Cross-lingual Behavioral Testing of {NLP} Models with Typological Features,2023,ACL_2023_Full_Papers.bib
sreedhar-etal-2023-local,Local Byte Fusion for Neural Machine Translation,2023,ACL_2023_Full_Papers.bib
minixhofer-etal-2023-wheres,Where{'}s the Point? Self-Supervised Multilingual Punctuation-Agnostic Sentence Segmentation,2023,ACL_2023_Full_Papers.bib
li-etal-2023-multi-target,Multi-target Backdoor Attacks for Code Pre-trained Models,2023,ACL_2023_Full_Papers.bib
yang-etal-2023-learning,Learning Better Masking for Better Language Model Pre-training,2023,ACL_2023_Full_Papers.bib
tang-etal-2023-vistext,{V}is{T}ext: A Benchmark for Semantically Rich Chart Captioning,2023,ACL_2023_Full_Papers.bib
ingolfsdottir-etal-2023-byte,Byte-Level Grammatical Error Correction Using Synthetic and Curated Corpora,2023,ACL_2023_Full_Papers.bib
wu-etal-2023-multi,Multi-Level Knowledge Distillation for Out-of-Distribution Detection in Text,2023,ACL_2023_Full_Papers.bib
feng-etal-2023-mmdialog,{MMD}ialog: A Large-scale Multi-turn Dialogue Dataset Towards Multi-modal Open-domain Conversation,2023,ACL_2023_Full_Papers.bib
zhang-etal-2023-dualgats,{D}ual{GAT}s: Dual Graph Attention Networks for Emotion Recognition in Conversations,2023,ACL_2023_Full_Papers.bib
chen-etal-2023-consistent,Consistent Prototype Learning for Few-Shot Continual Relation Extraction,2023,ACL_2023_Full_Papers.bib
foley-etal-2023-matching,Matching Pairs: Attributing Fine-Tuned Models to their Pre-Trained Large Language Models,2023,ACL_2023_Full_Papers.bib
zan-etal-2023-large,Large Language Models Meet {NL}2{C}ode: A Survey,2023,ACL_2023_Full_Papers.bib
gururaja-etal-2023-linguistic,Linguistic representations for fewer-shot relation extraction across domains,2023,ACL_2023_Full_Papers.bib
jin-etal-2023-darkbert,{D}ark{BERT}: A Language Model for the Dark Side of the {I}nternet,2023,ACL_2023_Full_Papers.bib
zeng-etal-2023-one,"One Network, Many Masks: Towards More Parameter-Efficient Transfer Learning",2023,ACL_2023_Full_Papers.bib
li-etal-2023-language,Can Language Models Make Fun? A Case Study in {C}hinese Comical Crosstalk,2023,ACL_2023_Full_Papers.bib
butoi-etal-2023-convergence,Convergence and Diversity in the Control Hierarchy,2023,ACL_2023_Full_Papers.bib
yang-etal-2023-confede,{C}on{FEDE}: Contrastive Feature Decomposition for Multimodal Sentiment Analysis,2023,ACL_2023_Full_Papers.bib
pryor-etal-2023-using,Using Domain Knowledge to Guide Dialog Structure Induction via Neural Probabilistic Soft Logic,2023,ACL_2023_Full_Papers.bib
peng-etal-2023-copying,Are You Copying My Model? Protecting the Copyright of Large Language Models for {E}aa{S} via Backdoor Watermark,2023,ACL_2023_Full_Papers.bib
sun-etal-2023-answering,Answering Ambiguous Questions via Iterative Prompting,2023,ACL_2023_Full_Papers.bib
green-etal-2023-massively,Massively Multilingual Lexical Specialization of Multilingual Transformers,2023,ACL_2023_Full_Papers.bib
ziems-etal-2023-normbank,{N}orm{B}ank: A Knowledge Bank of Situational Social Norms,2023,ACL_2023_Full_Papers.bib
na-etal-2023-dip,{DIP}: Dead code Insertion based Black-box Attack for Programming Language Model,2023,ACL_2023_Full_Papers.bib
liu-etal-2023-modeling,Modeling Structural Similarities between Documents for Coherence Assessment with Graph Convolutional Networks,2023,ACL_2023_Full_Papers.bib
zhu-etal-2023-hitin,{H}i{TIN}: Hierarchy-aware Tree Isomorphism Network for Hierarchical Text Classification,2023,ACL_2023_Full_Papers.bib
zhou-etal-2023-cmot,{CMOT}: Cross-modal Mixup via Optimal Transport for Speech Translation,2023,ACL_2023_Full_Papers.bib
gu-hopkins-2023-evaluation,On the Evaluation of Neural Selective Prediction Methods for Natural Language Processing,2023,ACL_2023_Full_Papers.bib
yu-etal-2023-speech,Speech-Text Pre-training for Spoken Dialog Understanding with Explicit Cross-Modal Alignment,2023,ACL_2023_Full_Papers.bib
han-etal-2023-text,Text Style Transfer with Contrastive Transfer Pattern Mining,2023,ACL_2023_Full_Papers.bib
yue-etal-2023-zero,Zero- and Few-Shot Event Detection via Prompt-Based Meta Learning,2023,ACL_2023_Full_Papers.bib
wei-etal-2023-text,Text Style Transfer Back-Translation,2023,ACL_2023_Full_Papers.bib
zhao-etal-2023-generating-visual,Generating Visual Spatial Description via Holistic 3{D} Scene Understanding,2023,ACL_2023_Full_Papers.bib
zhang-etal-2023-continual,Continual Knowledge Distillation for Neural Machine Translation,2023,ACL_2023_Full_Papers.bib
amplayo-etal-2023-query,Query Refinement Prompts for Closed-Book Long-Form {QA},2023,ACL_2023_Full_Papers.bib
hou-etal-2023-cone,{CONE}: An Efficient {CO}arse-to-fi{NE} Alignment Framework for Long Video Temporal Grounding,2023,ACL_2023_Full_Papers.bib
zhang-etal-2023-towards-understanding,Towards Understanding and Improving Knowledge Distillation for Neural Machine Translation,2023,ACL_2023_Full_Papers.bib
kumar-etal-2023-multi,"Multi-Row, Multi-Span Distant Supervision For {T}able+{T}ext Question Answering",2023,ACL_2023_Full_Papers.bib
luo-etal-2023-hahe,{HAHE}: Hierarchical Attention for Hyper-Relational Knowledge Graphs in Global and Local Level,2023,ACL_2023_Full_Papers.bib
hou-etal-2023-organ,{ORGAN}: Observation-Guided Radiology Report Generation via Tree Reasoning,2023,ACL_2023_Full_Papers.bib
chang-jia-2023-data,Data Curation Alone Can Stabilize In-context Learning,2023,ACL_2023_Full_Papers.bib
shi-etal-2023-midmed,{M}id{M}ed: Towards Mixed-Type Dialogues for Medical Consultation,2023,ACL_2023_Full_Papers.bib
ye-etal-2023-fid,{F}i{D}-{ICL}: A Fusion-in-Decoder Approach for Efficient In-Context Learning,2023,ACL_2023_Full_Papers.bib
chen-etal-2023-dsee,{DSEE}: Dually Sparsity-embedded Efficient Tuning of Pre-trained Language Models,2023,ACL_2023_Full_Papers.bib
zhou-etal-2023-case,{CASE}: Aligning Coarse-to-Fine Cognition and Affection for Empathetic Response Generation,2023,ACL_2023_Full_Papers.bib
liu-ritter-2023-conll,Do {C}o{NLL}-2003 Named Entity Taggers Still Work Well in 2023?,2023,ACL_2023_Full_Papers.bib
dufraisse-etal-2023-mad,{MAD}-{TSC}: A Multilingual Aligned News Dataset for Target-dependent Sentiment Classification,2023,ACL_2023_Full_Papers.bib
goyal-etal-2023-factual,Factual or Contextual? Disentangling Error Types in Entity Description Generation,2023,ACL_2023_Full_Papers.bib
chen-etal-2023-weakly,Weakly Supervised Vision-and-Language Pre-training with Relative Representations,2023,ACL_2023_Full_Papers.bib
he-etal-2023-hermes,{H}erm{E}s: Interactive Spreadsheet Formula Prediction via Hierarchical Formulet Expansion,2023,ACL_2023_Full_Papers.bib
gabburo-etal-2023-learning,Learning Answer Generation using Supervision from Automatic Question Answering Evaluators,2023,ACL_2023_Full_Papers.bib
liu-etal-2023-recap,{RECAP}: Retrieval-Enhanced Context-Aware Prefix Encoder for Personalized Dialogue Response Generation,2023,ACL_2023_Full_Papers.bib
yang-tu-2023-dont,"Don{'}t Parse, Choose Spans! Continuous and Discontinuous Constituency Parsing via Autoregressive Span Selection",2023,ACL_2023_Full_Papers.bib
wu-etal-2023-ad,{AD}-{KD}: Attribution-Driven Knowledge Distillation for Language Model Compression,2023,ACL_2023_Full_Papers.bib
he-etal-2023-targeted,Targeted Data Generation: Finding and Fixing Model Weaknesses,2023,ACL_2023_Full_Papers.bib
gui-xiao-2023-hifi,{H}i{F}i: High-Information Attention Heads Hold for Parameter-Efficient Model Adaptation,2023,ACL_2023_Full_Papers.bib
xiao-etal-2023-cfsum,{CFS}um Coarse-to-Fine Contribution Network for Multimodal Summarization,2023,ACL_2023_Full_Papers.bib
nityasya-etal-2023-scientific,On ``Scientific Debt'' in {NLP}: A Case for More Rigour in Language Model Pre-Training Research,2023,ACL_2023_Full_Papers.bib
luo-etal-2023-end,End-to-end Knowledge Retrieval with Multi-modal Queries,2023,ACL_2023_Full_Papers.bib
huang-etal-2023-av,{AV}-{T}ran{S}peech: Audio-Visual Robust Speech-to-Speech Translation,2023,ACL_2023_Full_Papers.bib
saxena-etal-2023-vendorlink,{V}endor{L}ink: An {NLP} approach for Identifying {\&} Linking Vendor Migrants {\&} Potential Aliases on {D}arknet Markets,2023,ACL_2023_Full_Papers.bib
yang-etal-2023-efficient,Efficient Shapley Values Estimation by Amortization for Text Classification,2023,ACL_2023_Full_Papers.bib
xu-etal-2023-peerda,{P}eer{DA}: Data Augmentation via Modeling Peer Relation for Span Identification Tasks,2023,ACL_2023_Full_Papers.bib
monter-aldana-etal-2023-dynamic,Dynamic Regularization in {UDA} for Transformers in Multimodal Classification,2023,ACL_2023_Full_Papers.bib
feng-etal-2023-dunst,{D}u{NST}: Dual Noisy Self Training for Semi-Supervised Controllable Text Generation,2023,ACL_2023_Full_Papers.bib
dyrmishi-etal-2023-humans,How do humans perceive adversarial text? A reality check on the validity and naturalness of word-based adversarial attacks,2023,ACL_2023_Full_Papers.bib
stefanik-etal-2023-soft,Soft Alignment Objectives for Robust Adaptation of Language Generation,2023,ACL_2023_Full_Papers.bib
adolphs-etal-2023-cringe,The {CRINGE} Loss: Learning what language not to model,2023,ACL_2023_Full_Papers.bib
chang-etal-2023-characterizing,Characterizing and Measuring Linguistic Dataset Drift,2023,ACL_2023_Full_Papers.bib
lee-etal-2023-formnetv2,{F}orm{N}et{V}2: Multimodal Graph Contrastive Learning for Form Document Information Extraction,2023,ACL_2023_Full_Papers.bib
hewitt-etal-2023-backpack,Backpack Language Models,2023,ACL_2023_Full_Papers.bib
felkner-etal-2023-winoqueer,{W}ino{Q}ueer: A Community-in-the-Loop Benchmark for Anti-{LGBTQ}+ Bias in Large Language Models,2023,ACL_2023_Full_Papers.bib
zheng-etal-2023-preserving,Preserving Commonsense Knowledge from Pre-trained Language Models via Causal Inference,2023,ACL_2023_Full_Papers.bib
maynez-etal-2023-benchmarking,Benchmarking Large Language Model Capabilities for Conditional Generation,2023,ACL_2023_Full_Papers.bib
zhang-etal-2023-span,Span-level Aspect-based Sentiment Analysis via Table Filling,2023,ACL_2023_Full_Papers.bib
qian-etal-2023-limitations,Limitations of Language Models in Arithmetic and Symbolic Induction,2023,ACL_2023_Full_Papers.bib
singhal-etal-2023-eel,{EEL}: Efficiently Encoding Lattices for Reranking,2023,ACL_2023_Full_Papers.bib
ye-etal-2023-clapspeech,{CLAPS}peech: Learning Prosody from Text Context with Contrastive Language-Audio Pre-Training,2023,ACL_2023_Full_Papers.bib
tang-etal-2023-learning,Learning Dynamic Contextualised Word Embeddings via Template-based Temporal Adaptation,2023,ACL_2023_Full_Papers.bib
yang-etal-2023-ganlm,{G}an{LM}: Encoder-Decoder Pre-training with an Auxiliary Discriminator,2023,ACL_2023_Full_Papers.bib
briakou-etal-2023-searching,Searching for Needles in a Haystack: On the Role of Incidental Bilingualism in {P}a{LM}{'}s Translation Capability,2023,ACL_2023_Full_Papers.bib
zhao-etal-2023-open,Open Set Relation Extraction via Unknown-Aware Training,2023,ACL_2023_Full_Papers.bib
tang-etal-2023-learning-imagine,Learning to Imagine: Visually-Augmented Natural Language Generation,2023,ACL_2023_Full_Papers.bib
yu-etal-2023-generating,Generating Hashtags for Short-form Videos with Guided Signals,2023,ACL_2023_Full_Papers.bib
bastan-etal-2023-neurostructural,{NEUROSTRUCTURAL} {DECODING}: Neural Text Generation with Structural Constraints,2023,ACL_2023_Full_Papers.bib
liu-etal-2023-document,Document-Level Event Argument Extraction With a Chain Reasoning Paradigm,2023,ACL_2023_Full_Papers.bib
xilong-etal-2023-interpreting,Interpreting Positional Information in Perspective of Word Order,2023,ACL_2023_Full_Papers.bib
bhagavatula-etal-2023-i2d2,{I}2{D}2: Inductive Knowledge Distillation with {N}euro{L}ogic and Self-Imitation,2023,ACL_2023_Full_Papers.bib
huang-etal-2023-classification,More than Classification: A Unified Framework for Event Temporal Relation Extraction,2023,ACL_2023_Full_Papers.bib
ke-etal-2023-decompeval,{D}ecomp{E}val: Evaluating Generated Texts as Unsupervised Decomposed Question Answering,2023,ACL_2023_Full_Papers.bib
sun-etal-2023-backdooring,Backdooring Neural Code Search,2023,ACL_2023_Full_Papers.bib
liu-etal-2023-towards-better,Towards Better Entity Linking with Multi-View Enhanced Distillation,2023,ACL_2023_Full_Papers.bib
du-etal-2023-measure,A Measure-Theoretic Characterization of Tight Language Models,2023,ACL_2023_Full_Papers.bib
kong-etal-2023-promptrank,{P}rompt{R}ank: Unsupervised Keyphrase Extraction Using Prompt,2023,ACL_2023_Full_Papers.bib
mallen-etal-2023-trust,When Not to Trust Language Models: Investigating Effectiveness of Parametric and Non-Parametric Memories,2023,ACL_2023_Full_Papers.bib
chen-etal-2023-say,Say What You Mean! Large Language Models Speak Too Positively about Negative Commonsense Knowledge,2023,ACL_2023_Full_Papers.bib
lin-etal-2023-inner,An Inner Table Retriever for Robust Table Question Answering,2023,ACL_2023_Full_Papers.bib
blinova-etal-2023-simsum,{SIMSUM}: Document-level Text Simplification via Simultaneous Summarization,2023,ACL_2023_Full_Papers.bib
zheng-zhu-2023-natlogattack,{N}at{L}og{A}ttack: A Framework for Attacking Natural Language Inference Models with Natural Logic,2023,ACL_2023_Full_Papers.bib
sharma-etal-2023-cognitive,Cognitive Reframing of Negative Thoughts through Human-Language Model Interaction,2023,ACL_2023_Full_Papers.bib
pavlopoulos-etal-2023-dating,Dating {G}reek Papyri with Text Regression,2023,ACL_2023_Full_Papers.bib
trivedi-etal-2023-interleaving,Interleaving Retrieval with Chain-of-Thought Reasoning for Knowledge-Intensive Multi-Step Questions,2023,ACL_2023_Full_Papers.bib
baek-etal-2023-direct,Direct Fact Retrieval from Knowledge Graphs without Entity Linking,2023,ACL_2023_Full_Papers.bib
neeman-etal-2023-disentqa,{D}isent{QA}: Disentangling Parametric and Contextual Knowledge with Counterfactual Question Answering,2023,ACL_2023_Full_Papers.bib
le-etal-2023-improved,Improved Instruction Ordering in Recipe-Grounded Conversation,2023,ACL_2023_Full_Papers.bib
oh-schuler-2023-token,Token-wise Decomposition of Autoregressive Language Model Hidden States for Analyzing Model Predictions,2023,ACL_2023_Full_Papers.bib
wang-etal-2023-document,Document-Level Multi-Event Extraction with Event Proxy Nodes and Hausdorff Distance Minimization,2023,ACL_2023_Full_Papers.bib
kwak-etal-2023-language,Language Detoxification with Attribute-Discriminative Latent Space,2023,ACL_2023_Full_Papers.bib
min-etal-2023-just,"Just Like a Human Would, Direct Access to Sarcasm Augmented with Potential Result and Reaction",2023,ACL_2023_Full_Papers.bib
cui-sachan-2023-adaptive,Adaptive and Personalized Exercise Generation for Online Language Learning,2023,ACL_2023_Full_Papers.bib
storks-etal-2023-nlp,{NLP} Reproducibility For All: Understanding Experiences of Beginners,2023,ACL_2023_Full_Papers.bib
he-etal-2023-umrspell,"{UMRS}pell: Unifying the Detection and Correction Parts of Pre-trained Models towards {C}hinese Missing, Redundant, and Spelling Correction",2023,ACL_2023_Full_Papers.bib
milbauer-etal-2023-lait,{LAIT}: Efficient Multi-Segment Encoding in Transformers with Layer-Adjustable Interaction,2023,ACL_2023_Full_Papers.bib
yang-etal-2023-local,Local Interpretation of Transformer Based on Linear Decomposition,2023,ACL_2023_Full_Papers.bib
lei-etal-2023-bic,{BIC}: {T}witter Bot Detection with Text-Graph Interaction and Semantic Consistency,2023,ACL_2023_Full_Papers.bib
patidar-etal-2023-knowledge,Do {I} have the Knowledge to Answer? Investigating Answerability of Knowledge Base Questions,2023,ACL_2023_Full_Papers.bib
chen-etal-2023-nonlinear,Nonlinear Structural Equation Model Guided {G}aussian Mixture Hierarchical Topic Modeling,2023,ACL_2023_Full_Papers.bib
zhong-etal-2023-revisiting,Revisiting Token Dropping Strategy in Efficient {BERT} Pretraining,2023,ACL_2023_Full_Papers.bib
gera-etal-2023-benefits,The Benefits of Bad Advice: Autocontrastive Decoding across Model Layers,2023,ACL_2023_Full_Papers.bib
wan-etal-2023-joint,Joint Document-Level Event Extraction via Token-Token Bidirectional Event Completed Graph,2023,ACL_2023_Full_Papers.bib
zheng-etal-2023-robust,Robust Representation Learning with Reliable Pseudo-labels Generation via Self-Adaptive Optimal Transport for Short Text Clustering,2023,ACL_2023_Full_Papers.bib
xu-etal-2023-universal,A Universal Discriminator for Zero-Shot Generalization,2023,ACL_2023_Full_Papers.bib
wang-etal-2023-greenkgc,{G}reen{KGC}: A Lightweight Knowledge Graph Completion Method,2023,ACL_2023_Full_Papers.bib
do-etal-2023-unsupervised,Unsupervised Open-domain Keyphrase Generation,2023,ACL_2023_Full_Papers.bib
jiang-etal-2023-cognitive,A Cognitive Stimulation Dialogue System with Multi-source Knowledge Fusion for Elders with Cognitive Impairment,2023,ACL_2023_Full_Papers.bib
zhang-etal-2023-plug,Plug-and-Play Knowledge Injection for Pre-trained Language Models,2023,ACL_2023_Full_Papers.bib
zhou-etal-2023-two,Two Birds One Stone: Dynamic Ensemble for {OOD} Intent Classification,2023,ACL_2023_Full_Papers.bib
li-etal-2023-message,Are Message Passing Neural Networks Really Helpful for Knowledge Graph Completion?,2023,ACL_2023_Full_Papers.bib
corro-2023-dynamic,A dynamic programming algorithm for span-based nested named-entity recognition in $O(n^2)$,2023,ACL_2023_Full_Papers.bib
bao-etal-2023-target,Target-Side Augmentation for Document-Level Machine Translation,2023,ACL_2023_Full_Papers.bib
wu-etal-2023-rethinking,Rethinking Masked Language Modeling for {C}hinese Spelling Correction,2023,ACL_2023_Full_Papers.bib
li-etal-2023-multi-modal,A Multi-Modal Context Reasoning Approach for Conditional Inference on Joint Textual and Visual Clues,2023,ACL_2023_Full_Papers.bib
wang-etal-2023-simple,Simple and Effective Unsupervised Speech Translation,2023,ACL_2023_Full_Papers.bib
wen-etal-2023-f,f-Divergence Minimization for Sequence-Level Knowledge Distillation,2023,ACL_2023_Full_Papers.bib
hu-etal-2023-supervised,Supervised Adversarial Contrastive Learning for Emotion Recognition in Conversations,2023,ACL_2023_Full_Papers.bib
zhang-etal-2023-novel,A Novel Table-to-Graph Generation Approach for Document-Level Joint Entity and Relation Extraction,2023,ACL_2023_Full_Papers.bib
hu-etal-2023-semantic,Semantic Structure Enhanced Event Causality Identification,2023,ACL_2023_Full_Papers.bib
wang-etal-2023-rehearsal,Rehearsal-free Continual Language Learning via Efficient Parameter Isolation,2023,ACL_2023_Full_Papers.bib
chen-etal-2023-label,Label-Aware Hyperbolic Embeddings for Fine-grained Emotion Classification,2023,ACL_2023_Full_Papers.bib
si-etal-2023-combo,Combo of Thinking and Observing for Outside-Knowledge {VQA},2023,ACL_2023_Full_Papers.bib
hsu-etal-2023-ampere,{AMPERE}: {AMR}-Aware Prefix for Generation-Based Event Argument Extraction Model,2023,ACL_2023_Full_Papers.bib
jurgens-etal-2023-spouse,Your spouse needs professional help: Determining the Contextual Appropriateness of Messages through Modeling Social Relationships,2023,ACL_2023_Full_Papers.bib
lei-etal-2023-tart,{TART}: Improved Few-shot Text Classification Using Task-Adaptive Reference Transformation,2023,ACL_2023_Full_Papers.bib
an-etal-2023-context,How Do In-Context Examples Affect Compositional Generalization?,2023,ACL_2023_Full_Papers.bib
yang-jin-2023-attractive,Attractive Storyteller: Stylized Visual Storytelling with Unpaired Text,2023,ACL_2023_Full_Papers.bib
giaquinto-etal-2023-multitask,Multitask Pretraining with Structured Knowledge for Text-to-{SQL} Generation,2023,ACL_2023_Full_Papers.bib
ning-etal-2023-od,{OD}-{RTE}: A One-Stage Object Detection Framework for Relational Triple Extraction,2023,ACL_2023_Full_Papers.bib
zhou-etal-2023-cast,{I} Cast Detect Thoughts: Learning to Converse and Guide with Intents and Theory-of-Mind in Dungeons and Dragons,2023,ACL_2023_Full_Papers.bib
sun-etal-2023-multitask,Multitask Pre-training of Modular Prompt for {C}hinese Few-Shot Learning,2023,ACL_2023_Full_Papers.bib
wan-etal-2023-multi,Multi-Grained Knowledge Retrieval for End-to-End Task-Oriented Dialog,2023,ACL_2023_Full_Papers.bib
ma-etal-2023-shot,Few-shot Event Detection: An Empirical Study and a Unified View,2023,ACL_2023_Full_Papers.bib
pyatkin-etal-2023-clarifydelphi,{C}larify{D}elphi: Reinforced Clarification Questions with Defeasibility Rewards for Social and Moral Situations,2023,ACL_2023_Full_Papers.bib
kuznetsov-gurevych-2023-inclusive,An Inclusive Notion of Text,2023,ACL_2023_Full_Papers.bib
jing-etal-2023-multi,Multi-source Semantic Graph-based Multimodal Sarcasm Explanation Generation,2023,ACL_2023_Full_Papers.bib
chen-etal-2023-multi,Multi-granularity Temporal Question Answering over Knowledge Graphs,2023,ACL_2023_Full_Papers.bib
xu-etal-2023-introducing,Introducing Semantics into Speech Encoders,2023,ACL_2023_Full_Papers.bib
xue-etal-2023-constrained,Constrained Tuple Extraction with Interaction-Aware Network,2023,ACL_2023_Full_Papers.bib
ramesh-etal-2023-single,Single Sequence Prediction over Reasoning Graphs for Multi-hop {QA},2023,ACL_2023_Full_Papers.bib
ivankay-etal-2023-dare,{DARE}: Towards Robust Text Explanations in Biomedical and Healthcare Applications,2023,ACL_2023_Full_Papers.bib
petersen-etal-2023-neural,Neural Machine Translation for Mathematical Formulae,2023,ACL_2023_Full_Papers.bib
lee-etal-2023-query,Query-Efficient Black-Box Red Teaming via {B}ayesian Optimization,2023,ACL_2023_Full_Papers.bib
han-etal-2023-ssd,{SSD}-{LM}: Semi-autoregressive Simplex-based Diffusion Language Model for Text Generation and Modular Control,2023,ACL_2023_Full_Papers.bib
jiang-etal-2023-recall,"Recall, Expand, and Multi-Candidate Cross-Encode: Fast and Accurate Ultra-Fine Entity Typing",2023,ACL_2023_Full_Papers.bib
hu-etal-2023-mir,{MIR}-{GAN}: Refining Frame-Level Modality-Invariant Representations with Adversarial Network for Audio-Visual Speech Recognition,2023,ACL_2023_Full_Papers.bib
gu-etal-2023-gift,{GIFT}: Graph-Induced Fine-Tuning for Multi-Party Conversation Understanding,2023,ACL_2023_Full_Papers.bib
yong-etal-2023-bloom,{BLOOM}+1: Adding Language Support to {BLOOM} for Zero-Shot Prompting,2023,ACL_2023_Full_Papers.bib
feng-etal-2023-pretraining,From Pretraining Data to Language Models to Downstream Tasks: Tracking the Trails of Political Biases Leading to Unfair {NLP} Models,2023,ACL_2023_Full_Papers.bib
yadavalli-etal-2023-slabert,{SLABERT} Talk Pretty One Day: Modeling Second Language Acquisition with {BERT},2023,ACL_2023_Full_Papers.bib
xu-etal-2023-contrastive,Contrastive Novelty-Augmented Learning: Anticipating Outliers with Large Language Models,2023,ACL_2023_Full_Papers.bib
qin-etal-2023-learning,Learning to Initialize: Can Meta Learning Improve Cross-task Generalization in Prompt Tuning?,2023,ACL_2023_Full_Papers.bib
bansal-etal-2023-rethinking,Rethinking the Role of Scale for In-Context Learning: An Interpretability-based Case Study at 66 Billion Scale,2023,ACL_2023_Full_Papers.bib
li-etal-2023-citadel,{CITADEL}: Conditional Token Interaction via Dynamic Lexical Routing for Efficient and Effective Multi-Vector Retrieval,2023,ACL_2023_Full_Papers.bib
jia-etal-2023-sample,In-sample Curriculum Learning by Sequence Completion for Natural Language Generation,2023,ACL_2023_Full_Papers.bib
farzana-parde-2023-towards,Towards Domain-Agnostic and Domain-Adaptive Dementia Detection from Spoken Language,2023,ACL_2023_Full_Papers.bib
mou-etal-2023-uppam,{UPPAM}: A Unified Pre-training Architecture for Political Actor Modeling based on Language,2023,ACL_2023_Full_Papers.bib
wieting-etal-2023-beyond,Beyond Contrastive Learning: A Variational Generative Model for Multilingual Retrieval,2023,ACL_2023_Full_Papers.bib
pezzelle-2023-dealing,Dealing with Semantic Underspecification in Multimodal {NLP},2023,ACL_2023_Full_Papers.bib
wiegmann-etal-2023-trigger,Trigger Warning Assignment as a Multi-Label Document Classification Problem,2023,ACL_2023_Full_Papers.bib
zhuo-etal-2023-whitenedcse,{W}hitened{CSE}: Whitening-based Contrastive Learning of Sentence Embeddings,2023,ACL_2023_Full_Papers.bib
luo-etal-2023-causality,Causality-Guided Multi-Memory Interaction Network for Multivariate Stock Price Movement Prediction,2023,ACL_2023_Full_Papers.bib
gao-etal-2023-dsrm,{DSRM}: Boost Textual Adversarial Training with Distribution Shift Risk Minimization,2023,ACL_2023_Full_Papers.bib
song-etal-2023-simple,A Simple and Flexible Modeling for Mental Disorder Detection by Learning from Clinical Questionnaires,2023,ACL_2023_Full_Papers.bib
krishna-etal-2023-downstream,Downstream Datasets Make Surprisingly Good Pretraining Corpora,2023,ACL_2023_Full_Papers.bib
xu-etal-2023-towards,Towards Open-World Product Attribute Mining: A Lightly-Supervised Approach,2023,ACL_2023_Full_Papers.bib
liu-etal-2023-xdailydialog,{XD}aily{D}ialog: A Multilingual Parallel Dialogue Corpus,2023,ACL_2023_Full_Papers.bib
li-etal-2023-contrastive,Contrastive Decoding: Open-ended Text Generation as Optimization,2023,ACL_2023_Full_Papers.bib
hosseini-etal-2023-resolving,Resolving Indirect Referring Expressions for Entity Selection,2023,ACL_2023_Full_Papers.bib
santilli-etal-2023-accelerating,Accelerating Transformer Inference for Translation via Parallel Decoding,2023,ACL_2023_Full_Papers.bib
xu-etal-2023-hard,Hard Sample Aware Prompt-Tuning,2023,ACL_2023_Full_Papers.bib
xu-etal-2023-best,Best-k Search Algorithm for Neural Text Generation,2023,ACL_2023_Full_Papers.bib
doddapaneni-etal-2023-towards,"Towards Leaving No {I}ndic Language Behind: Building Monolingual Corpora, Benchmark and Models for {I}ndic Languages",2023,ACL_2023_Full_Papers.bib
yang-etal-2023-transforming,Transforming Visual Scene Graphs to Image Captions,2023,ACL_2023_Full_Papers.bib
tang-etal-2023-hybrid,Hybrid Transducer and Attention based Encoder-Decoder Modeling for Speech-to-Text Tasks,2023,ACL_2023_Full_Papers.bib
tedeschi-etal-2023-whats,What{'}s the Meaning of Superhuman Performance in Today{'}s {NLU}?,2023,ACL_2023_Full_Papers.bib
he-etal-2023-revisiting,Revisiting Event Argument Extraction: Can {EAE} Models Learn Better When Being Aware of Event Co-occurrences?,2023,ACL_2023_Full_Papers.bib
he-etal-2023-hauser,{HAUSER}: Towards Holistic and Automatic Evaluation of Simile Generation,2023,ACL_2023_Full_Papers.bib
mok-etal-2023-large,Large-scale Lifelong Learning of In-context Instructions and How to Tackle It,2023,ACL_2023_Full_Papers.bib
gu-etal-2023-controllable,Controllable Text Generation via Probability Density Estimation in the Latent Space,2023,ACL_2023_Full_Papers.bib
zhang-etal-2023-learning-latent,Learning Latent Relations for Temporal Knowledge Graph Reasoning,2023,ACL_2023_Full_Papers.bib
wang-etal-2023-dt,{DT}-Solver: Automated Theorem Proving with Dynamic-Tree Sampling Guided by Proof-level Value Function,2023,ACL_2023_Full_Papers.bib
han-etal-2023-understanding,Understanding In-Context Learning via Supportive Pretraining Data,2023,ACL_2023_Full_Papers.bib
zhang-etal-2023-ethicist,{ETHICIST}: Targeted Training Data Extraction Through Loss Smoothed Soft Prompting and Calibrated Confidence Estimation,2023,ACL_2023_Full_Papers.bib
wang-etal-2023-effective,Effective Contrastive Weighting for Dense Query Expansion,2023,ACL_2023_Full_Papers.bib
haber-etal-2023-improving,Improving the Detection of Multilingual Online Attacks with Rich Social Media Data from {S}ingapore,2023,ACL_2023_Full_Papers.bib
prange-wong-2023-reanalyzing,Reanalyzing {L}2 Preposition Learning with {B}ayesian Mixed Effects and a Pretrained Language Model,2023,ACL_2023_Full_Papers.bib
pagnoni-etal-2023-socratic,Socratic Pretraining: Question-Driven Pretraining for Controllable Summarization,2023,ACL_2023_Full_Papers.bib
liu-etal-2023-matcha,{M}at{C}ha: Enhancing Visual Language Pretraining with Math Reasoning and Chart Derendering,2023,ACL_2023_Full_Papers.bib
liu-etal-2023-mgr,{MGR}: Multi-generator Based Rationalization,2023,ACL_2023_Full_Papers.bib
ma-etal-2023-bump,{BUMP}: A Benchmark of Unfaithful Minimal Pairs for Meta-Evaluation of Faithfulness Metrics,2023,ACL_2023_Full_Papers.bib
uppaal-etal-2023-fine,Is Fine-tuning Needed? Pre-trained Language Models Are Near Perfect for Out-of-Domain Detection,2023,ACL_2023_Full_Papers.bib
yang-etal-2023-amr,An {AMR}-based Link Prediction Approach for Document-level Event Argument Extraction,2023,ACL_2023_Full_Papers.bib
cao-etal-2023-pumer,{P}u{M}er: Pruning and Merging Tokens for Efficient Vision Language Models,2023,ACL_2023_Full_Papers.bib
gong-etal-2023-model,Model-Generated Pretraining Signals Improves Zero-Shot Generalization of Text-to-Text Transformers,2023,ACL_2023_Full_Papers.bib
yan-etal-2023-bite,{BITE}: Textual Backdoor Attacks with Iterative Trigger Injection,2023,ACL_2023_Full_Papers.bib
xu-etal-2023-exploring,Exploring and Verbalizing Academic Ideas by Concept Co-occurrence,2023,ACL_2023_Full_Papers.bib
chen-etal-2023-mclip,m{CLIP}: Multilingual {CLIP} via Cross-lingual Transfer,2023,ACL_2023_Full_Papers.bib
moghe-etal-2023-extrinsic,Extrinsic Evaluation of Machine Translation Metrics,2023,ACL_2023_Full_Papers.bib
zhang-li-2023-cross,A Cross-Modality Context Fusion and Semantic Refinement Network for Emotion Recognition in Conversation,2023,ACL_2023_Full_Papers.bib
wang-etal-2023-cat,{CAT}: A Contextualized Conceptualization and Instantiation Framework for Commonsense Reasoning,2023,ACL_2023_Full_Papers.bib
abdalla-etal-2023-elephant,The Elephant in the Room: Analyzing the Presence of Big Tech in Natural Language Processing Research,2023,ACL_2023_Full_Papers.bib
liu-etal-2023-question,Do Question Answering Modeling Improvements Hold Across Benchmarks?,2023,ACL_2023_Full_Papers.bib
zhang-kordjamshidi-2023-vln,{VLN}-Trans: Translator for the Vision and Language Navigation Agent,2023,ACL_2023_Full_Papers.bib
zhou-etal-2023-bridging,Bridging the Gap between Decision and Logits in Decision-based Knowledge Distillation for Pre-trained Language Models,2023,ACL_2023_Full_Papers.bib
xi-etal-2023-unicorn,{U}ni{C}o{RN}: Unified Cognitive Signal {R}econstructio{N} bridging cognitive signals and human language,2023,ACL_2023_Full_Papers.bib
xiong-etal-2023-shrinking,Shrinking Embeddings for Hyper-Relational Knowledge Graphs,2023,ACL_2023_Full_Papers.bib
papi-etal-2023-attention,Attention as a Guide for Simultaneous Speech Translation,2023,ACL_2023_Full_Papers.bib
lee-etal-2023-complementarity,On Complementarity Objectives for Hybrid Retrieval,2023,ACL_2023_Full_Papers.bib
zhao-etal-2023-c,{C}-{STANCE}: A Large Dataset for {C}hinese Zero-Shot Stance Detection,2023,ACL_2023_Full_Papers.bib
bai-etal-2023-wukong,Wukong-Reader: Multi-modal Pre-training for Fine-grained Visual Document Understanding,2023,ACL_2023_Full_Papers.bib
li-etal-2023-pace,{P}a{CE}: Unified Multi-modal Dialogue Pre-training with Progressive and Compositional Experts,2023,ACL_2023_Full_Papers.bib
huang-etal-2023-mvp,{MVP}-Tuning: Multi-View Knowledge Retrieval with Prompt Tuning for Commonsense Reasoning,2023,ACL_2023_Full_Papers.bib
zhu-etal-2023-peit,{PEIT}: Bridging the Modality Gap with Pre-trained Models for End-to-End Image Translation,2023,ACL_2023_Full_Papers.bib
liang-etal-2023-disentangled,Disentangled Phonetic Representation for {C}hinese Spelling Correction,2023,ACL_2023_Full_Papers.bib
chi-etal-2023-dissecting,Dissecting Transformer Length Extrapolation via the Lens of Receptive Field Analysis,2023,ACL_2023_Full_Papers.bib
fu-etal-2023-compositional,On the Compositional Generalization in Versatile Open-domain Dialogue,2023,ACL_2023_Full_Papers.bib
mirzaei-etal-2023-real,What is the Real Intention behind this Question? Dataset Collection and Intention Classification,2023,ACL_2023_Full_Papers.bib
maddela-etal-2023-training,"Training Models to Generate, Recognize, and Reframe Unhelpful Thoughts",2023,ACL_2023_Full_Papers.bib
yamasaki-etal-2023-holistic,Holistic Prediction on a Time-Evolving Attributed Graph,2023,ACL_2023_Full_Papers.bib
jia-etal-2023-modeling,Modeling Instance Interactions for Joint Information Extraction with Neural High-Order Conditional Random Field,2023,ACL_2023_Full_Papers.bib
xia-etal-2023-training,Training Trajectories of Language Models Across Scales,2023,ACL_2023_Full_Papers.bib
altinok-2023-diverse,A Diverse Set of Freely Available Linguistic Resources for {T}urkish,2023,ACL_2023_Full_Papers.bib
yang-etal-2023-measuring,Measuring Consistency in Text-based Financial Forecasting Models,2023,ACL_2023_Full_Papers.bib
guerreiro-etal-2023-optimal,Optimal Transport for Unsupervised Hallucination Detection in Neural Machine Translation,2023,ACL_2023_Full_Papers.bib
liu-etal-2023-rankcse,{R}ank{CSE}: Unsupervised Sentence Representations Learning via Learning to Rank,2023,ACL_2023_Full_Papers.bib
gao-etal-2023-dialogue,Dialogue Summarization with Static-Dynamic Structure Fusion Graph,2023,ACL_2023_Full_Papers.bib
lim-lauw-2023-large,Large-Scale Correlation Analysis of Automated Metrics for Topic Models,2023,ACL_2023_Full_Papers.bib
joshi-etal-2023-u,{U}-{CREAT}: Unsupervised Case Retrieval using Events extr{A}c{T}ion,2023,ACL_2023_Full_Papers.bib
sclar-etal-2023-minding,Minding Language Models' (Lack of) Theory of Mind: A Plug-and-Play Multi-Character Belief Tracker,2023,ACL_2023_Full_Papers.bib
gupta-etal-2023-dont,"Don{'}t Retrain, Just Rewrite: Countering Adversarial Perturbations by Rewriting Text",2023,ACL_2023_Full_Papers.bib
wang-etal-2023-dynamic,Dynamic Heterogeneous-Graph Reasoning with Language Models and Knowledge Representation Learning for Commonsense Question Answering,2023,ACL_2023_Full_Papers.bib
li-etal-2023-hear,Do You Hear The People Sing? Key Point Analysis via Iterative Clustering and Abstractive Summarisation,2023,ACL_2023_Full_Papers.bib
wu-etal-2023-ambiguous,Ambiguous Learning from Retrieval: Towards Zero-shot Semantic Parsing,2023,ACL_2023_Full_Papers.bib
li-etal-2023-explicit,Explicit Syntactic Guidance for Neural Text Generation,2023,ACL_2023_Full_Papers.bib
liscio-etal-2023-text,What does a Text Classifier Learn about Morality? An Explainable Method for Cross-Domain Comparison of Moral Rhetoric,2023,ACL_2023_Full_Papers.bib
liang-etal-2023-graph,Graph-based Relation Mining for Context-free Out-of-vocabulary Word Embedding Learning,2023,ACL_2023_Full_Papers.bib
jiang-etal-2023-llm,{LLM}-Blender: Ensembling Large Language Models with Pairwise Ranking and Generative Fusion,2023,ACL_2023_Full_Papers.bib
zeng-etal-2023-seen,Seen to Unseen: Exploring Compositional Generalization of Multi-Attribute Controllable Dialogue Generation,2023,ACL_2023_Full_Papers.bib
zou-etal-2023-towards,Towards Understanding Omission in Dialogue Summarization,2023,ACL_2023_Full_Papers.bib
li-etal-2023-python,Python Code Generation by Asking Clarification Questions,2023,ACL_2023_Full_Papers.bib
korakakis-vlachos-2023-improving,Improving the robustness of {NLI} models with minimax training,2023,ACL_2023_Full_Papers.bib
he-etal-2023-pad,{PAD}-Net: An Efficient Framework for Dynamic Networks,2023,ACL_2023_Full_Papers.bib
jang-etal-2023-knowledge,Knowledge Unlearning for Mitigating Privacy Risks in Language Models,2023,ACL_2023_Full_Papers.bib
zhang-etal-2023-survey-efficient,A Survey for Efficient Open Domain Question Answering,2023,ACL_2023_Full_Papers.bib
xu-etal-2023-managertower,{M}anager{T}ower: Aggregating the Insights of Uni-Modal Experts for Vision-Language Representation Learning,2023,ACL_2023_Full_Papers.bib
ni-etal-2023-finding,Finding the Pillars of Strength for Multi-Head Attention,2023,ACL_2023_Full_Papers.bib
zheng-etal-2023-jointprop,Jointprop: Joint Semi-supervised Learning for Entity and Relation Extraction with Heterogeneous Graph-based Propagation,2023,ACL_2023_Full_Papers.bib
zhang-etal-2023-reasoning,Reasoning over Hierarchical Question Decomposition Tree for Explainable Question Answering,2023,ACL_2023_Full_Papers.bib
huang-etal-2023-faking,Faking Fake News for Real Fake News Detection: Propaganda-Loaded Training Data Generation,2023,ACL_2023_Full_Papers.bib
sun-etal-2023-length,A Length-Extrapolatable Transformer,2023,ACL_2023_Full_Papers.bib
lu-etal-2023-survey,A Survey of Deep Learning for Mathematical Reasoning,2023,ACL_2023_Full_Papers.bib
jiang-etal-2023-vision,Vision Language Pre-training by Contrastive Learning with Cross-Modal Similarity Regulation,2023,ACL_2023_Full_Papers.bib
leng-etal-2023-tell2design,{T}ell2{D}esign: A Dataset for Language-Guided Floor Plan Generation,2023,ACL_2023_Full_Papers.bib
wu-etal-2023-information,Information Screening whilst Exploiting! Multimodal Relation Extraction with Feature Denoising and Multimodal Topic Modeling,2023,ACL_2023_Full_Papers.bib
shi-huang-2023-multiemo,{M}ulti{EMO}: An Attention-Based Correlation-Aware Multimodal Fusion Framework for Emotion Recognition in Conversations,2023,ACL_2023_Full_Papers.bib
pires-etal-2023-learning,Learning Language-Specific Layers for Multilingual Machine Translation,2023,ACL_2023_Full_Papers.bib
zhu-etal-2023-storytrans,{S}tory{T}rans: Non-Parallel Story Author-Style Transfer with Discourse Representations and Content Enhancing,2023,ACL_2023_Full_Papers.bib
rotem-etal-2023-finding,Finding the {SWEET} Spot: Analysis and Improvement of Adaptive Inference in Low Resource Settings,2023,ACL_2023_Full_Papers.bib
wang-etal-2023-pesco,{PESCO}: Prompt-enhanced Self Contrastive Learning for Zero-shot Text Classification,2023,ACL_2023_Full_Papers.bib
guo-etal-2023-visually,Visually-augmented pretrained language models for {NLP} tasks without images,2023,ACL_2023_Full_Papers.bib
nourbakhsh-etal-2023-using,Using counterfactual contrast to improve compositional generalization for multi-step quantitative reasoning,2023,ACL_2023_Full_Papers.bib
lin-etal-2023-tavt,{TAVT}: Towards Transferable Audio-Visual Text Generation,2023,ACL_2023_Full_Papers.bib
prasad-etal-2023-meetingqa,{M}eeting{QA}: Extractive Question-Answering on Meeting Transcripts,2023,ACL_2023_Full_Papers.bib
sivakumar-moosavi-2023-fermat,{FERMAT}: An Alternative to Accuracy for Numerical Reasoning,2023,ACL_2023_Full_Papers.bib
cui-etal-2023-decoder,Decoder Tuning: Efficient Language Understanding as Decoding,2023,ACL_2023_Full_Papers.bib
arodi-etal-2023-kitmus,The {KITMUS} Test: Evaluating Knowledge Integration from Multiple Sources,2023,ACL_2023_Full_Papers.bib
wang-etal-2023-towards-unifying,Towards Unifying Multi-Lingual and Cross-Lingual Summarization,2023,ACL_2023_Full_Papers.bib
mendelsohn-etal-2023-dogwhistles,From Dogwhistles to Bullhorns: Unveiling Coded Rhetoric with Language Models,2023,ACL_2023_Full_Papers.bib
riemenschneider-frank-2023-exploring,Exploring Large Language Models for Classical Philology,2023,ACL_2023_Full_Papers.bib
tu-etal-2023-layoutmask,{L}ayout{M}ask: Enhance Text-Layout Interaction in Multi-modal Pre-training for Document Understanding,2023,ACL_2023_Full_Papers.bib
hu-etal-2023-hearing,Hearing Lips in Noise: Universal Viseme-Phoneme Mapping and Transfer for Robust Audio-Visual Speech Recognition,2023,ACL_2023_Full_Papers.bib
huang-etal-2023-extensible,An Extensible Plug-and-Play Method for Multi-Aspect Controllable Text Generation,2023,ACL_2023_Full_Papers.bib
guo-etal-2023-dual,Dual Cache for Long Document Neural Coreference Resolution,2023,ACL_2023_Full_Papers.bib
huang-etal-2023-knowledge,Knowledge Transfer in Incremental Learning for Multilingual Neural Machine Translation,2023,ACL_2023_Full_Papers.bib
aragon-etal-2023-disorbert,{D}isor{BERT}: A Double Domain Adaptation Model for Detecting Signs of Mental Disorders in Social Media,2023,ACL_2023_Full_Papers.bib
li-etal-2023-toward,Toward Interactive Dictation,2023,ACL_2023_Full_Papers.bib
li-etal-2023-codeie,{C}ode{IE}: Large Code Generation Models are Better Few-Shot Information Extractors,2023,ACL_2023_Full_Papers.bib
patra-etal-2023-beyond,Beyond {E}nglish-Centric Bitexts for Better Multilingual Language Representation Learning,2023,ACL_2023_Full_Papers.bib
vilar-etal-2023-prompting,Prompting {P}a{LM} for Translation: Assessing Strategies and Performance,2023,ACL_2023_Full_Papers.bib
chen-etal-2023-exploring,Exploring Lottery Prompts for Pre-trained Language Models,2023,ACL_2023_Full_Papers.bib
zheng-etal-2023-facial,A Facial Expression-Aware Multimodal Multi-task Learning Framework for Emotion Recognition in Multi-party Conversations,2023,ACL_2023_Full_Papers.bib
li-etal-2023-teast,{T}e{AST}: Temporal Knowledge Graph Embedding via Archimedean Spiral Timeline,2023,ACL_2023_Full_Papers.bib
przepiorkowski-wozniak-2023-conjunct,"Conjunct Lengths in {E}nglish, Dependency Length Minimization, and Dependency Structure of Coordination",2023,ACL_2023_Full_Papers.bib
chalkidis-etal-2023-lexfiles,{L}e{XF}iles and {L}egal{LAMA}: Facilitating {E}nglish Multinational Legal Language Model Development,2023,ACL_2023_Full_Papers.bib
liu-etal-2023-revisiting-commonsense,"Revisiting Commonsense Reasoning in Machine Translation: Training, Evaluation and Challenge",2023,ACL_2023_Full_Papers.bib
mei-etal-2023-notable,{NOTABLE}: Transferable Backdoor Attacks Against Prompt-based {NLP} Models,2023,ACL_2023_Full_Papers.bib
wadhwa-etal-2023-revisiting,Revisiting Relation Extraction in the era of Large Language Models,2023,ACL_2023_Full_Papers.bib
zhao-etal-2023-pre,Pre-trained Language Models Can be Fully Zero-Shot Learners,2023,ACL_2023_Full_Papers.bib
chiang-lee-2023-large,Can Large Language Models Be an Alternative to Human Evaluations?,2023,ACL_2023_Full_Papers.bib
mai-etal-2023-hypermixer,{H}yper{M}ixer: An {MLP}-based Low Cost Alternative to Transformers,2023,ACL_2023_Full_Papers.bib
inaguma-etal-2023-unity,{U}nit{Y}: Two-pass Direct Speech-to-speech Translation with Discrete Units,2023,ACL_2023_Full_Papers.bib
xiao-etal-2023-plug,Plug-and-Play Document Modules for Pre-trained Models,2023,ACL_2023_Full_Papers.bib
seonwoo-etal-2023-ranking,Ranking-Enhanced Unsupervised Sentence Representation Learning,2023,ACL_2023_Full_Papers.bib
chanchani-huang-2023-composition,Composition-contrastive Learning for Sentence Embeddings,2023,ACL_2023_Full_Papers.bib
shaham-etal-2023-causes,Causes and Cures for Interference in Multilingual Translation,2023,ACL_2023_Full_Papers.bib
khalifa-etal-2023-shot,Few-shot Reranking for Multi-hop {QA} via Language Model Prompting,2023,ACL_2023_Full_Papers.bib
zhang-etal-2023-xsemplr,{XS}em{PLR}: Cross-Lingual Semantic Parsing in Multiple Natural Languages and Meaning Representations,2023,ACL_2023_Full_Papers.bib
zhu-etal-2023-ink,{INK}: Injecting k{NN} Knowledge in Nearest Neighbor Machine Translation,2023,ACL_2023_Full_Papers.bib
sun-etal-2023-uncertainty,Uncertainty Guided Label Denoising for Document-level Distant Relation Extraction,2023,ACL_2023_Full_Papers.bib
muennighoff-etal-2023-crosslingual,Crosslingual Generalization through Multitask Finetuning,2023,ACL_2023_Full_Papers.bib
dar-etal-2023-analyzing,Analyzing Transformers in Embedding Space,2023,ACL_2023_Full_Papers.bib
li-etal-2023-shot-data,Few-Shot Data-to-Text Generation via Unified Representation and Multi-Source Learning,2023,ACL_2023_Full_Papers.bib
kim-etal-2023-factkg,{F}act{KG}: Fact Verification via Reasoning on Knowledge Graphs,2023,ACL_2023_Full_Papers.bib
labrak-etal-2023-drbert,{D}r{BERT}: A Robust Pre-trained Model in {F}rench for Biomedical and Clinical domains,2023,ACL_2023_Full_Papers.bib
yuan-etal-2023-discriminative,Discriminative Reasoning with Sparse Event Representation for Document-level Event-Event Relation Extraction,2023,ACL_2023_Full_Papers.bib
duquenne-etal-2023-speechmatrix,{S}peech{M}atrix: A Large-Scale Mined Corpus of Multilingual Speech-to-Speech Translations,2023,ACL_2023_Full_Papers.bib
liu-etal-2023-character,Character-Aware Models Improve Visual Text Rendering,2023,ACL_2023_Full_Papers.bib
suwaileh-etal-2023-idrisi,{IDRISI}-{RA}: The First {A}rabic Location Mention Recognition Dataset of Disaster Tweets,2023,ACL_2023_Full_Papers.bib
michael-etal-2023-nlp,What Do {NLP} Researchers Believe? Results of the {NLP} Community Metasurvey,2023,ACL_2023_Full_Papers.bib
li-etal-2023-neural,A Neural Divide-and-Conquer Reasoning Framework for Image Retrieval from Linguistically Complex Text,2023,ACL_2023_Full_Papers.bib
gao-etal-2023-rarr,"{RARR}: Researching and Revising What Language Models Say, Using Language Models",2023,ACL_2023_Full_Papers.bib
